{"type":"FeatureCollection","features":[{"type":"Feature","geometry":{"type":"Point","coordinates":[144.957813,-37.816365]},"properties":{"property_id":"110095","building_name":"St James Building","street_address":"St James 555 Bourke Street MELBOURNE VIC 3000","construction_year":"1969","number_of_floors_above_ground":9,"predominant_space_use":"Office","accessibility_rating":"2","bicycle_spaces":0}},{"type":"Feature","geometry":{"type":"Point","coordinates":[144.960189,-37.815473]},"properties":{"property_id":"101152","street_address":"457-471 Bourke Street MELBOURNE VIC 3000","construction_year":"1969","number_of_floors_above_ground":21,"predominant_space_use":"Office","accessibility_rating":"2","bicycle_spaces":28}},{"type":"Feature","geometry":{"type":"Point","coordinates":[144.96011,-37.815969]},"properties":{"property_id":"105953","building_name":"Normanby Chambers","street_address":"430-436 Little Collins Street MELBOURNE VIC 3000","construction_year":"1883","number_of_floors_above_ground":4,"predominant_space_use":"Office","accessibility_rating":"2","bicycle_spaces":0}},{"type":"Feature","geometry":{"type":"Point","coordinates":[144.960637,-37.815812]},"properties":{"property_id":"108068","street_address":"111-129 Queen Street MELBOURNE VIC 3000","construction_year":"1961","number_of_floors_above_ground":17,"predominant_space_use":"Commercial Accommodation","accessibility_rating":"1","bicycle_spaces":0}},{"type":"Feature","geometry":{"type":"Point","coordinates":[144.958922,-37.816306]},"properties":{"property_id":"110147","street_address":"114-128 William Street MELBOURNE VIC 3000","construction_year":"1976","number_of_floors_above_ground":24,"predominant_space_use":"Office","accessibility_rating":"3","bicycle_spaces":50}},{"type":"Feature","geometry":{"type":"Point","coordinates":[144.962944,-37.814915]},"properties":{"property_id":"597185","street_address":"385 Bourke Street MELBOURNE VIC 3000","construction_year":"1983","number_of_floors_above_ground":42,"predominant_space_use":"Office","accessibility_rating":"2","bicycle_spaces":0}},{"type":"Feature","geometry":{"type":"Point","coordinates":[144.961472,-37.815016]},"properties":{"property_id":"101151","street_address":"423-431 Bourke Street MELBOURNE VIC 3000","construction_year":"1973","number_of_floors_above_ground":11,"predominant_space_use":"Unoccupied - Under Demolition/Condemned","accessibility_rating":"2","bicycle_spaces":8}},{"type":"Feature","geometry":{"type":"Point","coordinates":[144.961677,-37.815465]},"properties":{"property_id":"106370","street_address":"11-15 McKillop Street MELBOURNE VIC 3000","construction_year":"1860","number_of_floors_above_ground":3,"predominant_space_use":"Storage","accessibility_rating":"1","bicycle_spaces":0}},{"type":"Feature","geometry":{"type":"Point","coordinates":[144.961649,-37.815404]},"properties":{"property_id":"106371","street_address":"17 McKillop Street MELBOURNE VIC 3000","construction_year":"1860","number_of_floors_above_ground":3,"predominant_space_use":"Unoccupied - Unused","accessibility_rating":"1","bicycle_spaces":0}},{"type":"Feature","geometry":{"type":"Point","coordinates":[144.961621,-37.815342]},"properties":{"property_id":"106372","street_address":"19 McKillop Street MELBOURNE VIC 3000","construction_year":"1860","number_of_floors_above_ground":3,"predominant_space_use":"Entertainment/Recreation - Indoor","accessibility_rating":"2","bicycle_spaces":0}},{"type":"Feature","geometry":{"type":"Point","coordinates":[144.961299,-37.815654]},"properties":{"property_id":"108111","building_name":"ACA Building","street_address":"118-126 Queen Street MELBOURNE VIC 3000","construction_year":"1936","number_of_floors_above_ground":13,"predominant_space_use":"Unoccupied - Unused","accessibility_rating":"1","bicycle_spaces":0}},{"type":"Feature","geometry":{"type":"Point","coordinates":[144.961363,-37.815795]},"properties":{"property_id":"108112","street_address":"400-404 Little Collins Street MELBOURNE VIC 3000","construction_year":"1913","number_of_floors_above_ground":6,"predominant_space_use":"Residential Apartment","accessibility_rating":"1","bicycle_spaces":0}},{"type":"Feature","geometry":{"type":"Point","coordinates":[144.962534,-37.81532]},"properties":{"property_id":"566514","street_address":"362 Little Collins Street MELBOURNE VIC 3000","construction_year":"1920","number_of_floors_above_ground":4,"predominant_space_use":"Unoccupied - Unused","accessibility_rating":"3","bicycle_spaces":0}},{"type":"Feature","geometry":{"type":"Point","coordinates":[144.954815,-37.816019]},"properties":{"property_id":"101170","building_name":"QBE House","street_address":"624-634 Bourke Street MELBOURNE VIC 3000","construction_year":"1989","number_of_floors_above_ground":16,"predominant_space_use":"Office","accessibility_rating":"3","bicycle_spaces":90}},{"type":"Feature","geometry":{"type":"Point","coordinates":[144.95526,-37.816085]},"properties":{"property_id":"105300","street_address":"171-173 King Street MELBOURNE VIC 3000","construction_year":"1922","number_of_floors_above_ground":3,"predominant_space_use":"Unoccupied - Unused","accessibility_rating":"1","bicycle_spaces":0}},{"type":"Feature","geometry":{"type":"Point","coordinates":[144.955232,-37.816025]},"properties":{"property_id":"105301","street_address":"175-177 King Street MELBOURNE VIC 3000","number_of_floors_above_ground":2,"predominant_space_use":"Residential Apartment","accessibility_rating":"3","bicycle_spaces":0}},{"type":"Feature","geometry":{"type":"Point","coordinates":[144.955205,-37.815966]},"properties":{"property_id":"105302","street_address":"179 King Street MELBOURNE VIC 3000","construction_year":"1928","number_of_floors_above_ground":3,"predominant_space_use":"Entertainment/Recreation - Indoor","accessibility_rating":"1","bicycle_spaces":0}},{"type":"Feature","geometry":{"type":"Point","coordinates":[144.955697,-37.815674]},"properties":{"property_id":"105388","street_address":"186 King Street MELBOURNE VIC 3000","construction_year":"1925","number_of_floors_above_ground":2,"predominant_space_use":"Entertainment/Recreation - Indoor","accessibility_rating":"1","bicycle_spaces":0}},{"type":"Feature","geometry":{"type":"Point","coordinates":[144.957392,-37.815319]},"properties":{"property_id":"111283","building_name":"550 Bourke Street","street_address":"550 Bourke Street 550 Bourke Street MELBOURNE VIC 3000","construction_year":"2009","number_of_floors_above_ground":21,"predominant_space_use":"Unoccupied - Unused","accessibility_rating":"3","bicycle_spaces":0}},{"type":"Feature","geometry":{"type":"Point","coordinates":[144.957392,-37.815319]},"properties":{"property_id":"612820","building_name":"CGU Tower","street_address":"CGU Tower 181 William Street MELBOURNE VIC 3000","construction_year":"2008","number_of_floors_above_ground":28,"predominant_space_use":"Office","accessibility_rating":"3","bicycle_spaces":250}},{"type":"Feature","geometry":{"type":"Point","coordinates":[144.958761,-37.814949]},"properties":{"property_id":"101176","building_name":"National Bank House","street_address":"494-512 Bourke Street MELBOURNE VIC 3000","construction_year":"1978","number_of_floors_above_ground":41,"predominant_space_use":"Unoccupied - Unused","accessibility_rating":"3","bicycle_spaces":80}},{"type":"Feature","geometry":{"type":"Point","coordinates":[144.959464,-37.815066]},"properties":{"property_id":"101179","street_address":"480 Bourke Street MELBOURNE VIC 3000","construction_year":"1925","number_of_floors_above_ground":4,"predominant_space_use":"Unoccupied - Unused","accessibility_rating":"1","bicycle_spaces":0}},{"type":"Feature","geometry":{"type":"Point","coordinates":[144.959044,-37.814568]},"properties":{"property_id":"105855","building_name":"Mantra On Little Bourke","street_address":"459-475 Little Bourke Street MELBOURNE VIC 3000","construction_year":"1982","number_of_floors_above_ground":12,"predominant_space_use":"Commercial Accommodation","accessibility_rating":"3","bicycle_spaces":4}},{"type":"Feature","geometry":{"type":"Point","coordinates":[144.958228,-37.814686]},"properties":{"property_id":"105856","building_name":"Stawell Chambers","street_address":"493-495 Little Bourke Street MELBOURNE VIC 3000","construction_year":"1888","number_of_floors_above_ground":4,"predominant_space_use":"Office","accessibility_rating":"1","bicycle_spaces":0}},{"type":"Feature","geometry":{"type":"Point","coordinates":[144.959282,-37.81481]},"properties":{"property_id":"106073","street_address":"Substation 5-23 Little Queen Street MELBOURNE VIC 3000","construction_year":"1930","number_of_floors_above_ground":4,"predominant_space_use":"Equipment Installation","accessibility_rating":"0","bicycle_spaces":0}},{"type":"Feature","geometry":{"type":"Point","coordinates":[144.959986,-37.81452]},"properties":{"property_id":"108073","building_name":"Lumley House","street_address":"175-183 Queen Street MELBOURNE VIC 3000","construction_year":"1978","number_of_floors_above_ground":12,"predominant_space_use":"Office","accessibility_rating":"3","bicycle_spaces":6}},{"type":"Feature","geometry":{"type":"Point","coordinates":[144.958231,-37.814926]},"properties":{"property_id":"110145","building_name":"Quest on William","street_address":"170-176 William Street MELBOURNE VIC 3000","construction_year":"1967","number_of_floors_above_ground":16,"predominant_space_use":"Commercial Accommodation","accessibility_rating":"3","bicycle_spaces":0}},{"type":"Feature","geometry":{"type":"Point","coordinates":[144.961264,-37.814555]},"properties":{"property_id":"101183","street_address":"422-424 Bourke Street MELBOURNE VIC 3000","construction_year":"1868","number_of_floors_above_ground":2,"predominant_space_use":"Retail - Shop","accessibility_rating":"1","bicycle_spaces":0}},{"type":"Feature","geometry":{"type":"Point","coordinates":[144.961361,-37.814195]},"properties":{"property_id":"104652","building_name":"Cyclone House","street_address":"17-19 Hardware Lane MELBOURNE VIC 3000","construction_year":"1880","number_of_floors_above_ground":3,"predominant_space_use":"Office","accessibility_rating":"1","bicycle_spaces":0}},{"type":"Feature","geometry":{"type":"Point","coordinates":[144.961204,-37.813851]},"properties":{"property_id":"105851","building_name":"Kirks Building","street_address":"393-397 Little Bourke Street MELBOURNE VIC 3000","construction_year":"1920","number_of_floors_above_ground":4,"predominant_space_use":"Unoccupied - Unused","accessibility_rating":"1","bicycle_spaces":0}},{"type":"Feature","geometry":{"type":"Point","coordinates":[144.961035,-37.814032]},"properties":{"property_id":"105852","building_name":"Dawson Chambers","street_address":"401-405 Little Bourke Street MELBOURNE VIC 3000","construction_year":"1890","number_of_floors_above_ground":5,"predominant_space_use":"Office","accessibility_rating":"1","bicycle_spaces":0}},{"type":"Feature","geometry":{"type":"Point","coordinates":[144.962353,-37.813926]},"properties":{"property_id":"108146","building_name":"Rankins House","street_address":"9-15 Rankins Lane MELBOURNE VIC 3000","construction_year":"1920","number_of_floors_above_ground":4,"predominant_space_use":"Residential Apartment","accessibility_rating":"1","bicycle_spaces":0}},{"type":"Feature","geometry":{"type":"Point","coordinates":[144.962412,-37.813854]},"properties":{"property_id":"108817","street_address":"17 Somerset Place MELBOURNE VIC 3000","construction_year":"1910","number_of_floors_above_ground":3,"predominant_space_use":"House/Townhouse","accessibility_rating":"0"}},{"type":"Feature","geometry":{"type":"Point","coordinates":[144.962389,-37.813797]},"properties":{"property_id":"108818","street_address":"19 Somerset Place MELBOURNE VIC 3000","construction_year":"1920","number_of_floors_above_ground":2,"predominant_space_use":"Entertainment/Recreation - Indoor","accessibility_rating":"1","bicycle_spaces":0}},{"type":"Feature","geometry":{"type":"Point","coordinates":[144.962303,-37.813613]},"properties":{"property_id":"108820","street_address":"29-31 Somerset Place MELBOURNE VIC 3000","construction_year":"1910","number_of_floors_above_ground":3,"predominant_space_use":"Office","accessibility_rating":"1","bicycle_spaces":0}},{"type":"Feature","geometry":{"type":"Point","coordinates":[144.96124,-37.814429]},"properties":{"property_id":"631820","street_address":"3 Kirks Lane MELBOURNE VIC 3000","construction_year":"1901","number_of_floors_above_ground":4,"predominant_space_use":"Office","accessibility_rating":"3","bicycle_spaces":0}},{"type":"Feature","geometry":{"type":"Point","coordinates":[144.963288,-37.813604]},"properties":{"property_id":"101193","building_name":"GPO","street_address":"General Post Office 338-352 Bourke Street MELBOURNE VIC 3000","construction_year":"1859","number_of_floors_above_ground":4,"predominant_space_use":"Retail - Shop","accessibility_rating":"2","bicycle_spaces":0}},{"type":"Feature","geometry":{"type":"Point","coordinates":[144.965112,-37.813444]},"properties":{"property_id":"101197","street_address":"280-282 Bourke Street MELBOURNE VIC 3000","construction_year":"1913","number_of_floors_above_ground":5,"predominant_space_use":"Unoccupied - Unused","accessibility_rating":"3","bicycle_spaces":0}},{"type":"Feature","geometry":{"type":"Point","coordinates":[144.965337,-37.813399]},"properties":{"property_id":"109282","street_address":"179-183 Swanston Street MELBOURNE VIC 3000","construction_year":"1945","number_of_floors_above_ground":5,"predominant_space_use":"Retail - Shop","accessibility_rating":"1","bicycle_spaces":0}},{"type":"Feature","geometry":{"type":"Point","coordinates":[144.965101,-37.813298]},"properties":{"property_id":"109283","street_address":"185-189 Swanston Street MELBOURNE VIC 3000","construction_year":"1945","number_of_floors_above_ground":1,"predominant_space_use":"Retail - Shop","accessibility_rating":"3","bicycle_spaces":0}},{"type":"Feature","geometry":{"type":"Point","coordinates":[144.965039,-37.812897]},"properties":{"property_id":"109285","street_address":"207-209 Swanston Street MELBOURNE VIC 3000","construction_year":"1945","number_of_floors_above_ground":5,"predominant_space_use":"Office","accessibility_rating":"1","bicycle_spaces":0}},{"type":"Feature","geometry":{"type":"Point","coordinates":[144.965016,-37.812846]},"properties":{"property_id":"109286","street_address":"211-213 Swanston Street MELBOURNE VIC 3000","construction_year":"1945","number_of_floors_above_ground":4,"predominant_space_use":"Entertainment/Recreation - Indoor","accessibility_rating":"1","bicycle_spaces":0}},{"type":"Feature","geometry":{"type":"Point","coordinates":[144.964958,-37.812719]},"properties":{"property_id":"109288","street_address":"219-225 Swanston Street MELBOURNE VIC 3000","construction_year":"1928","number_of_floors_above_ground":4,"predominant_space_use":"Unoccupied - Unused","accessibility_rating":"2","bicycle_spaces":0}},{"type":"Feature","geometry":{"type":"Point","coordinates":[144.965572,-37.812702]},"properties":{"property_id":"109400","building_name":"Modok House","street_address":"216-220 Swanston Street MELBOURNE VIC 3000","construction_year":"1936","number_of_floors_above_ground":3,"predominant_space_use":"Entertainment/Recreation - Indoor","accessibility_rating":"1","bicycle_spaces":0}},{"type":"Feature","geometry":{"type":"Point","coordinates":[144.965612,-37.812789]},"properties":{"property_id":"109402","street_address":"212 Swanston Street MELBOURNE VIC 3000","construction_year":"1904","number_of_floors_above_ground":2,"predominant_space_use":"Unoccupied - Unused","accessibility_rating":"3","bicycle_spaces":0}},{"type":"Feature","geometry":{"type":"Point","coordinates":[144.954742,-37.814887]},"properties":{"property_id":"105313","building_name":"Victorian University of Technology","street_address":"225-237 King Street MELBOURNE VIC 3000","construction_year":"1990","number_of_floors_above_ground":12,"predominant_space_use":"Unoccupied - Unused","accessibility_rating":"2","bicycle_spaces":0}},{"type":"Feature","geometry":{"type":"Point","coordinates":[144.954609,-37.814699]},"properties":{"property_id":"105314","street_address":"239-241 King Street MELBOURNE VIC 3000","construction_year":"1889","number_of_floors_above_ground":2,"predominant_space_use":"Office","accessibility_rating":"1","bicycle_spaces":0}},{"type":"Feature","geometry":{"type":"Point","coordinates":[144.955385,-37.814986]},"properties":{"property_id":"105384","street_address":"570-576 Little Bourke Street MELBOURNE VIC 3000","number_of_floors_above_ground":1,"predominant_space_use":"Unoccupied - Under Construction","accessibility_rating":"0","bicycle_spaces":0}},{"type":"Feature","geometry":{"type":"Point","coordinates":[144.956643,-37.814278]},"properties":{"property_id":"105712","building_name":"Owen Dixon Chambers West","street_address":"Owen Dixon Chambers West 525-539 Lonsdale Street MELBOURNE VIC 3000","construction_year":"1987","number_of_floors_above_ground":27,"predominant_space_use":"Office","accessibility_rating":"3","bicycle_spaces":0}},{"type":"Feature","geometry":{"type":"Point","coordinates":[144.955669,-37.815017]},"properties":{"property_id":"105860","street_address":"562-566 Little Bourke Street MELBOURNE VIC 3000","construction_year":"1920","number_of_floors_above_ground":4,"predominant_space_use":"Residential Apartment","accessibility_rating":"1","bicycle_spaces":0}},{"type":"Feature","geometry":{"type":"Point","coordinates":[144.956367,-37.814779]},"properties":{"property_id":"105862","street_address":"542-546 Little Bourke Street MELBOURNE VIC 3000","construction_year":"2003","number_of_floors_above_ground":8,"predominant_space_use":"Parking - Commercial Covered","accessibility_rating":"1","bicycle_spaces":0}},{"type":"Feature","geometry":{"type":"Point","coordinates":[144.956584,-37.814885]},"properties":{"property_id":"105863","building_name":"Substation","street_address":"Substation 534-540 Little Bourke Street MELBOURNE VIC 3000","construction_year":"1945","number_of_floors_above_ground":1,"predominant_space_use":"Equipment Installation","accessibility_rating":"0","bicycle_spaces":0}},{"type":"Feature","geometry":{"type":"Point","coordinates":[144.959439,-37.813449]},"properties":{"property_id":"105709","building_name":"Lonsdale Central Apartments","street_address":"Lonsdale Central Apartments 439-445 Lonsdale Street MELBOURNE VIC 3000","construction_year":"1924","number_of_floors_above_ground":4,"predominant_space_use":"Student Accommodation","accessibility_rating":"1","bicycle_spaces":0}},{"type":"Feature","geometry":{"type":"Point","coordinates":[144.959504,-37.813983]},"properties":{"property_id":"105866","building_name":"Telstra City West Telephone Exchange","street_address":"Telstra City West Exchange Building 434-440 Little Bourke Street MELBOURNE VIC 3000","construction_year":"1925","number_of_floors_above_ground":7,"predominant_space_use":"Office","accessibility_rating":"0","bicycle_spaces":0}},{"type":"Feature","geometry":{"type":"Point","coordinates":[144.959723,-37.813924]},"properties":{"property_id":"105867","building_name":"Denmark House","street_address":"428-432 Little Bourke Street MELBOURNE VIC 3000","construction_year":"1924","number_of_floors_above_ground":4,"predominant_space_use":"Office","accessibility_rating":"3","bicycle_spaces":0}},{"type":"Feature","geometry":{"type":"Point","coordinates":[144.959952,-37.813964]},"properties":{"property_id":"108075","street_address":"203-205 Queen Street MELBOURNE VIC 3000","construction_year":"1869","number_of_floors_above_ground":2,"predominant_space_use":"Unoccupied - Unused","accessibility_rating":"1","bicycle_spaces":0}},{"type":"Feature","geometry":{"type":"Point","coordinates":[144.959874,-37.813796]},"properties":{"property_id":"108077","street_address":"215 Queen Street MELBOURNE VIC 3000","construction_year":"1928","number_of_floors_above_ground":2,"predominant_space_use":"Unoccupied - Unused","accessibility_rating":"1","bicycle_spaces":0}},{"type":"Feature","geometry":{"type":"Point","coordinates":[144.959843,-37.813731]},"properties":{"property_id":"108078","building_name":"Armstrong House","street_address":"217-219 Queen Street MELBOURNE VIC 3000","construction_year":"1907","number_of_floors_above_ground":3,"predominant_space_use":"Office","accessibility_rating":"1","bicycle_spaces":0}},{"type":"Feature","geometry":{"type":"Point","coordinates":[144.95964,-37.813313]},"properties":{"property_id":"108080","street_address":"233-243 Queen Street MELBOURNE VIC 3000","construction_year":"1968","number_of_floors_above_ground":11,"predominant_space_use":"Educational/Research","accessibility_rating":"3","bicycle_spaces":0}},{"type":"Feature","geometry":{"type":"Point","coordinates":[144.962283,-37.813214]},"properties":{"property_id":"103187","building_name":"The Nova","street_address":"Nova Apartments 219-233 Elizabeth Street MELBOURNE VIC 3000","construction_year":"1974","number_of_floors_above_ground":18,"predominant_space_use":"Residential Apartment","accessibility_rating":"3","bicycle_spaces":0}},{"type":"Feature","geometry":{"type":"Point","coordinates":[144.962225,-37.812874]},"properties":{"property_id":"103190","street_address":"245-247 Elizabeth Street MELBOURNE VIC 3000","construction_year":"1889","number_of_floors_above_ground":3,"predominant_space_use":"Retail - Shop","accessibility_rating":"1","bicycle_spaces":0}},{"type":"Feature","geometry":{"type":"Point","coordinates":[144.962202,-37.812822]},"properties":{"property_id":"103191","street_address":"249-251 Elizabeth Street MELBOURNE VIC 3000","construction_year":"1889","number_of_floors_above_ground":3,"predominant_space_use":"Retail - Shop","accessibility_rating":"3","bicycle_spaces":0}},{"type":"Feature","geometry":{"type":"Point","coordinates":[144.96211,-37.812627]},"properties":{"property_id":"103196","street_address":"261 Elizabeth Street MELBOURNE VIC 3000","construction_year":"1889","number_of_floors_above_ground":3,"predominant_space_use":"Retail - Shop","accessibility_rating":"3","bicycle_spaces":0}},{"type":"Feature","geometry":{"type":"Point","coordinates":[144.960777,-37.813386]},"properties":{"property_id":"104377","street_address":"10-12 Goldie Place MELBOURNE VIC 3000","construction_year":"1937","number_of_floors_above_ground":2,"predominant_space_use":"Entertainment/Recreation - Indoor","accessibility_rating":"1","bicycle_spaces":0}},{"type":"Feature","geometry":{"type":"Point","coordinates":[144.960949,-37.813324]},"properties":{"property_id":"104658","building_name":"Dynons Building","street_address":"63-65 Hardware Lane MELBOURNE VIC 3000","construction_year":"1889","number_of_floors_above_ground":4,"predominant_space_use":"Residential Apartment","accessibility_rating":"1","bicycle_spaces":0}},{"type":"Feature","geometry":{"type":"Point","coordinates":[144.961167,-37.813182]},"properties":{"property_id":"104666","street_address":"64-66 Hardware Lane MELBOURNE VIC 3000","construction_year":"1890","number_of_floors_above_ground":2,"predominant_space_use":"Entertainment/Recreation - Indoor","accessibility_rating":"1","bicycle_spaces":0}},{"type":"Feature","geometry":{"type":"Point","coordinates":[144.961991,-37.81274]},"properties":{"property_id":"105699","street_address":"355-357 Lonsdale Street MELBOURNE VIC 3000","construction_year":"1940","number_of_floors_above_ground":3,"predominant_space_use":"Unoccupied - Unused","accessibility_rating":"3","bicycle_spaces":0}},{"type":"Feature","geometry":{"type":"Point","coordinates":[144.961876,-37.812751]},"properties":{"property_id":"105700","street_address":"359-363 Lonsdale Street MELBOURNE VIC 3000","construction_year":"1873","number_of_floors_above_ground":2,"predominant_space_use":"Entertainment/Recreation - Indoor","accessibility_rating":"1","bicycle_spaces":0}},{"type":"Feature","geometry":{"type":"Point","coordinates":[144.961465,-37.812911]},"properties":{"property_id":"105704","street_address":"377-381 Lonsdale Street MELBOURNE VIC 3000","construction_year":"1889","number_of_floors_above_ground":4,"predominant_space_use":"Office","accessibility_rating":"2","bicycle_spaces":0}},{"type":"Feature","geometry":{"type":"Point","coordinates":[144.960681,-37.81304]},"properties":{"property_id":"105707","building_name":"Taylors House","street_address":"399-413 Lonsdale Street MELBOURNE VIC 3000","construction_year":"1986","number_of_floors_above_ground":13,"predominant_space_use":"Educational/Research","accessibility_rating":"3","bicycle_spaces":0}},{"type":"Feature","geometry":{"type":"Point","coordinates":[144.961328,-37.813543]},"properties":{"property_id":"105870","street_address":"380-384 Little Bourke Street MELBOURNE VIC 3000","construction_year":"1860","number_of_floors_above_ground":2,"predominant_space_use":"Entertainment/Recreation - Indoor","accessibility_rating":"1","bicycle_spaces":0}},{"type":"Feature","geometry":{"type":"Point","coordinates":[144.961901,-37.813229]},"properties":{"property_id":"105874","building_name":"Leo Cussen Institute","street_address":"354-360 Little Bourke Street MELBOURNE VIC 3000","construction_year":"1923","number_of_floors_above_ground":6,"predominant_space_use":"Unoccupied - Unused","accessibility_rating":"3","bicycle_spaces":0}},{"type":"Feature","geometry":{"type":"Point","coordinates":[144.961319,-37.813069]},"properties":{"property_id":"106914","building_name":"Marks Warehouse","street_address":"27 Niagara Lane MELBOURNE VIC 3000","construction_year":"1887","number_of_floors_above_ground":2,"predominant_space_use":"Unoccupied - Unused","accessibility_rating":"1","bicycle_spaces":0}},{"type":"Feature","geometry":{"type":"Point","coordinates":[144.961275,-37.81297]},"properties":{"property_id":"106916","street_address":"31 Niagara Lane MELBOURNE VIC 3000","construction_year":"1887","number_of_floors_above_ground":2,"predominant_space_use":"Office","accessibility_rating":"1","bicycle_spaces":0}},{"type":"Feature","geometry":{"type":"Point","coordinates":[144.960162,-37.813203]},"properties":{"property_id":"108101","street_address":"224-236 Queen Street MELBOURNE VIC 3000","construction_year":"1958","number_of_floors_above_ground":12,"predominant_space_use":"Office","accessibility_rating":"3","bicycle_spaces":0}},{"type":"Feature","geometry":{"type":"Point","coordinates":[144.960829,-37.813518]},"properties":{"property_id":"515538","street_address":"4-6 Goldie Place MELBOURNE VIC 3000","construction_year":"1888","number_of_floors_above_ground":2,"predominant_space_use":"Entertainment/Recreation - Indoor","accessibility_rating":"1","bicycle_spaces":0}},{"type":"Feature","geometry":{"type":"Point","coordinates":[144.96484,-37.812524]},"properties":{"property_id":"109289","building_name":"CGI Business Centre","street_address":"258-264 Little Bourke Street MELBOURNE VIC 3000","construction_year":"1961","number_of_floors_above_ground":12,"predominant_space_use":"Unoccupied - Unused","accessibility_rating":"1","bicycle_spaces":0}},{"type":"Feature","geometry":{"type":"Point","coordinates":[144.964736,-37.812301]},"properties":{"property_id":"109292","street_address":"243-249 Swanston Street MELBOURNE VIC 3000","construction_year":"1880","number_of_floors_above_ground":3,"predominant_space_use":"Entertainment/Recreation - Indoor","accessibility_rating":"1","bicycle_spaces":0}},{"type":"Feature","geometry":{"type":"Point","coordinates":[144.964625,-37.812062]},"properties":{"property_id":"109296","building_name":"Dooboo Korean Tofu House","street_address":"261-263 Swanston Street MELBOURNE VIC 3000","construction_year":"1910","number_of_floors_above_ground":2,"predominant_space_use":"Entertainment/Recreation - Indoor","accessibility_rating":"3","bicycle_spaces":0}},{"type":"Feature","geometry":{"type":"Point","coordinates":[144.964602,-37.81201]},"properties":{"property_id":"109297","street_address":"265-267 Swanston Street MELBOURNE VIC 3000","number_of_floors_above_ground":1,"predominant_space_use":"Entertainment/Recreation - Indoor","accessibility_rating":"3","bicycle_spaces":0}},{"type":"Feature","geometry":{"type":"Point","coordinates":[144.964532,-37.81186]},"properties":{"property_id":"109300","street_address":"273 Swanston Street MELBOURNE VIC 3000","construction_year":"1901","number_of_floors_above_ground":2,"predominant_space_use":"Entertainment/Recreation - Indoor","accessibility_rating":"1","bicycle_spaces":0}},{"type":"Feature","geometry":{"type":"Point","coordinates":[144.964507,-37.811808]},"properties":{"property_id":"109301","street_address":"275-279 Swanston Street MELBOURNE VIC 3000","construction_year":"1926","number_of_floors_above_ground":2,"predominant_space_use":"Entertainment/Recreation - Indoor","accessibility_rating":"2","bicycle_spaces":0}},{"type":"Feature","geometry":{"type":"Point","coordinates":[144.966357,-37.811778]},"properties":{"property_id":"101784","street_address":"18 Celestial Avenue MELBOURNE VIC 3000","construction_year":"1895","number_of_floors_above_ground":2,"predominant_space_use":"Unoccupied - Unused","accessibility_rating":"1","bicycle_spaces":0}},{"type":"Feature","geometry":{"type":"Point","coordinates":[144.966408,-37.811864]},"properties":{"property_id":"101786","street_address":"12-14 Celestial Avenue MELBOURNE VIC 3000","construction_year":"1865","number_of_floors_above_ground":1,"predominant_space_use":"Unoccupied - Unused","accessibility_rating":"1","bicycle_spaces":0}},{"type":"Feature","geometry":{"type":"Point","coordinates":[144.965887,-37.811759]},"properties":{"property_id":"105693","building_name":"Golden Square Carpark","street_address":"217-231 Lonsdale Street MELBOURNE VIC 3000","construction_year":"1953","number_of_floors_above_ground":3,"predominant_space_use":"Parking - Commercial Covered","accessibility_rating":"3","bicycle_spaces":20}},{"type":"Feature","geometry":{"type":"Point","coordinates":[144.965378,-37.811595]},"properties":{"property_id":"105695","street_address":"239 Lonsdale Street MELBOURNE VIC 3000","construction_year":"1901","number_of_floors_above_ground":3,"predominant_space_use":"Entertainment/Recreation - Indoor","accessibility_rating":"1","bicycle_spaces":0}},{"type":"Feature","geometry":{"type":"Point","coordinates":[144.965603,-37.812136]},"properties":{"property_id":"105878","building_name":"The Sun Wei Building","street_address":"242-244 Little Bourke Street MELBOURNE VIC 3000","construction_year":"1987","number_of_floors_above_ground":6,"predominant_space_use":"Unoccupied - Unused","accessibility_rating":"1","bicycle_spaces":0}},{"type":"Feature","geometry":{"type":"Point","coordinates":[144.966279,-37.812036]},"properties":{"property_id":"105882","street_address":"212 Little Bourke Street MELBOURNE VIC 3000","construction_year":"1883","number_of_floors_above_ground":2,"predominant_space_use":"Entertainment/Recreation - Indoor","accessibility_rating":"1","bicycle_spaces":0}},{"type":"Feature","geometry":{"type":"Point","coordinates":[144.966418,-37.812028]},"properties":{"property_id":"105883","street_address":"208-210 Little Bourke Street MELBOURNE VIC 3000","construction_year":"1984","number_of_floors_above_ground":3,"predominant_space_use":"Entertainment/Recreation - Indoor","accessibility_rating":"1","bicycle_spaces":0}},{"type":"Feature","geometry":{"type":"Point","coordinates":[144.966541,-37.811992]},"properties":{"property_id":"105885","street_address":"204 Little Bourke Street MELBOURNE VIC 3000","construction_year":"1901","number_of_floors_above_ground":2,"predominant_space_use":"Unoccupied - Unused","accessibility_rating":"1","bicycle_spaces":0}},{"type":"Feature","geometry":{"type":"Point","coordinates":[144.967087,-37.811235]},"properties":{"property_id":"108554","street_address":"231-233 Russell Street MELBOURNE VIC 3000","construction_year":"1923","number_of_floors_above_ground":3,"predominant_space_use":"Retail - Shop","accessibility_rating":"1","bicycle_spaces":0}},{"type":"Feature","geometry":{"type":"Point","coordinates":[144.967037,-37.811119]},"properties":{"property_id":"108555","street_address":"235-241 Russell Street MELBOURNE VIC 3000","construction_year":"1880","number_of_floors_above_ground":2,"predominant_space_use":"Entertainment/Recreation - Indoor","accessibility_rating":"1","bicycle_spaces":0}},{"type":"Feature","geometry":{"type":"Point","coordinates":[144.965171,-37.811862]},"properties":{"property_id":"109391","street_address":"260-262 Swanston Street MELBOURNE VIC 3000","construction_year":"1957","number_of_floors_above_ground":2,"predominant_space_use":"Unoccupied - Unused","accessibility_rating":"3","bicycle_spaces":0}},{"type":"Feature","geometry":{"type":"Point","coordinates":[144.965324,-37.812108]},"properties":{"property_id":"109393","street_address":"246 Swanston Street MELBOURNE VIC 3000","construction_year":"1859","number_of_floors_above_ground":2,"predominant_space_use":"Office","accessibility_rating":"1","bicycle_spaces":0}},{"type":"Feature","geometry":{"type":"Point","coordinates":[144.965359,-37.812185]},"properties":{"property_id":"109395","street_address":"242 Swanston Street MELBOURNE VIC 3000","construction_year":"1859","number_of_floors_above_ground":2,"predominant_space_use":"Retail - Shop","accessibility_rating":"3","bicycle_spaces":0}},{"type":"Feature","geometry":{"type":"Point","coordinates":[144.965377,-37.812223]},"properties":{"property_id":"109396","street_address":"240 Swanston Street MELBOURNE VIC 3000","construction_year":"1859","number_of_floors_above_ground":2,"predominant_space_use":"Entertainment/Recreation - Indoor","accessibility_rating":"1","bicycle_spaces":0}},{"type":"Feature","geometry":{"type":"Point","coordinates":[144.965439,-37.811866]},"properties":{"property_id":"109435","street_address":"23-25 Tattersalls Lane MELBOURNE VIC 3000","construction_year":"1894","number_of_floors_above_ground":4,"predominant_space_use":"Residential Apartment","accessibility_rating":"1","bicycle_spaces":0}},{"type":"Feature","geometry":{"type":"Point","coordinates":[144.965781,-37.812249]},"properties":{"property_id":"520595","street_address":"238 Little Bourke Street MELBOURNE VIC 3000","construction_year":"1895","number_of_floors_above_ground":2,"predominant_space_use":"Entertainment/Recreation - Indoor","accessibility_rating":"1","bicycle_spaces":0}},{"type":"Feature","geometry":{"type":"Point","coordinates":[144.965919,-37.81221]},"properties":{"property_id":"520598","street_address":"232 Little Bourke Street MELBOURNE VIC 3000","construction_year":"1895","number_of_floors_above_ground":2,"predominant_space_use":"Unoccupied - Unused","accessibility_rating":"1","bicycle_spaces":0}},{"type":"Feature","geometry":{"type":"Point","coordinates":[144.967136,-37.811343]},"properties":{"property_id":"659717","street_address":"225 Russell Street MELBOURNE VIC 3000","construction_year":"2014","number_of_floors_above_ground":1,"predominant_space_use":"Entertainment/Recreation - Indoor","accessibility_rating":"3","bicycle_spaces":0}},{"type":"Feature","geometry":{"type":"Point","coordinates":[144.95428,-37.813848]},"properties":{"property_id":"105316","street_address":"273 King Street MELBOURNE VIC 3000","construction_year":"1953","number_of_floors_above_ground":2,"predominant_space_use":"Entertainment/Recreation - Indoor","accessibility_rating":"1","bicycle_spaces":0}},{"type":"Feature","geometry":{"type":"Point","coordinates":[144.9542,-37.813675]},"properties":{"property_id":"105318","building_name":"Hotel Sophia","street_address":"Hotel Sophia 277-287 King Street MELBOURNE VIC 3000","construction_year":"1955","number_of_floors_above_ground":7,"predominant_space_use":"Commercial Accommodation","accessibility_rating":"2","bicycle_spaces":0}},{"type":"Feature","geometry":{"type":"Point","coordinates":[144.953829,-37.81381]},"properties":{"property_id":"106028","street_address":"Australis Apartments 593-611 Little Lonsdale Street MELBOURNE VIC 3000","construction_year":"2016","number_of_floors_above_ground":46,"predominant_space_use":"Residential Apartment","accessibility_rating":"3","bicycle_spaces":0}},{"type":"Feature","geometry":{"type":"Point","coordinates":[144.952669,-37.814446]},"properties":{"property_id":"711415","building_name":"Tower 1 (West)","street_address":"244-262 Spencer Street MELBOURNE VIC 3000","construction_year":"2021","number_of_floors_above_ground":82,"predominant_space_use":"Residential Apartment","accessibility_rating":"3","bicycle_spaces":584}},{"type":"Feature","geometry":{"type":"Point","coordinates":[144.955141,-37.814067]},"properties":{"property_id":"105378","building_name":"Kilkenny Inn","street_address":"248-250 King Street MELBOURNE VIC 3000","construction_year":"1915","number_of_floors_above_ground":3,"predominant_space_use":"Unoccupied - Under Construction","accessibility_rating":"1","bicycle_spaces":0}},{"type":"Feature","geometry":{"type":"Point","coordinates":[144.955381,-37.814027]},"properties":{"property_id":"105721","building_name":"Universal Chambers","street_address":"572-574 Lonsdale Street MELBOURNE VIC 3000","construction_year":"1918","number_of_floors_above_ground":2,"predominant_space_use":"Unoccupied - Unused","accessibility_rating":"1","bicycle_spaces":0}},{"type":"Feature","geometry":{"type":"Point","coordinates":[144.955772,-37.813868]},"properties":{"property_id":"105724","street_address":"556-558 Lonsdale Street MELBOURNE VIC 3000","construction_year":"1855","number_of_floors_above_ground":3,"predominant_space_use":"Unoccupied - Unused","accessibility_rating":"1","bicycle_spaces":0}},{"type":"Feature","geometry":{"type":"Point","coordinates":[144.955878,-37.81385]},"properties":{"property_id":"105725","building_name":"College House","street_address":"552-554 Lonsdale Street MELBOURNE VIC 3000","construction_year":"1991","number_of_floors_above_ground":12,"predominant_space_use":"Office","accessibility_rating":"1","bicycle_spaces":0}},{"type":"Feature","geometry":{"type":"Point","coordinates":[144.956397,-37.813112]},"properties":{"property_id":"106021","street_address":"523-525 Little Lonsdale Street MELBOURNE VIC 3000","construction_year":"1855","number_of_floors_above_ground":1,"predominant_space_use":"Entertainment/Recreation - Indoor","accessibility_rating":"1","bicycle_spaces":0}},{"type":"Feature","geometry":{"type":"Point","coordinates":[144.95631,-37.81323]},"properties":{"property_id":"106022","building_name":"The Dominion Building","street_address":"527-533 Little Lonsdale Street MELBOURNE VIC 3000","construction_year":"1992","number_of_floors_above_ground":14,"predominant_space_use":"Office","accessibility_rating":"2","bicycle_spaces":20}},{"type":"Feature","geometry":{"type":"Point","coordinates":[144.955155,-37.813371]},"properties":{"property_id":"106025","street_address":"563-567 Little Lonsdale Street MELBOURNE VIC 3000","construction_year":"1923","number_of_floors_above_ground":2,"predominant_space_use":"Unoccupied - Unused","accessibility_rating":"1","bicycle_spaces":0}},{"type":"Feature","geometry":{"type":"Point","coordinates":[144.95664,-37.813049]},"properties":{"property_id":"110104","street_address":"259 William Street MELBOURNE VIC 3000","construction_year":"1889","number_of_floors_above_ground":3,"predominant_space_use":"Office","accessibility_rating":"1","bicycle_spaces":0}},{"type":"Feature","geometry":{"type":"Point","coordinates":[144.956017,-37.813477]},"properties":{"property_id":"105726","building_name":"Joan Rosanove Chambers","street_address":"Joan Rosanove Chambers 550 Lonsdale Street MELBOURNE VIC 3000","construction_year":"1986","number_of_floors_above_ground":8,"predominant_space_use":"Office","accessibility_rating":"3","bicycle_spaces":0}},{"type":"Feature","geometry":{"type":"Point","coordinates":[144.956017,-37.813477]},"properties":{"property_id":"110708","building_name":"Flagstaff Carpark","street_address":"535 Little Lonsdale Street MELBOURNE VIC 3000","construction_year":"1986","number_of_floors_above_ground":13,"predominant_space_use":"Parking - Commercial Covered","accessibility_rating":"3","bicycle_spaces":0}},{"type":"Feature","geometry":{"type":"Point","coordinates":[144.957658,-37.813019]},"properties":{"property_id":"559300","building_name":"Victorian County Court","street_address":"Victorian County Court 240-278 William Street MELBOURNE VIC 3000","construction_year":"2002","number_of_floors_above_ground":11,"predominant_space_use":"Office","accessibility_rating":"3","bicycle_spaces":0}},{"type":"Feature","geometry":{"type":"Point","coordinates":[144.96165,-37.811909]},"properties":{"property_id":"103200","street_address":"287-289 Elizabeth Street MELBOURNE VIC 3000","construction_year":"1895","number_of_floors_above_ground":2,"predominant_space_use":"Retail - Shop","accessibility_rating":"3","bicycle_spaces":0}},{"type":"Feature","geometry":{"type":"Point","coordinates":[144.961709,-37.811792]},"properties":{"property_id":"103201","street_address":"291-293 Elizabeth Street MELBOURNE VIC 3000","construction_year":"1895","number_of_floors_above_ground":2,"predominant_space_use":"Entertainment/Recreation - Indoor","accessibility_rating":"3","bicycle_spaces":0}},{"type":"Feature","geometry":{"type":"Point","coordinates":[144.961627,-37.811611]},"properties":{"property_id":"103204","street_address":"301 Elizabeth Street MELBOURNE VIC 3000","construction_year":"1900","number_of_floors_above_ground":2,"predominant_space_use":"Entertainment/Recreation - Indoor","accessibility_rating":"3","bicycle_spaces":0}},{"type":"Feature","geometry":{"type":"Point","coordinates":[144.961599,-37.811551]},"properties":{"property_id":"103205","street_address":"303-305 Elizabeth Street MELBOURNE VIC 3000","construction_year":"1930","number_of_floors_above_ground":2,"predominant_space_use":"Entertainment/Recreation - Indoor","accessibility_rating":"3","bicycle_spaces":0}},{"type":"Feature","geometry":{"type":"Point","coordinates":[144.960394,-37.812107]},"properties":{"property_id":"104661","building_name":"Bianca Apartments","street_address":"115-123 Hardware Street MELBOURNE VIC 3000","construction_year":"1910","number_of_floors_above_ground":5,"predominant_space_use":"Residential Apartment","accessibility_rating":"1","bicycle_spaces":0}},{"type":"Feature","geometry":{"type":"Point","coordinates":[144.96068,-37.812136]},"properties":{"property_id":"104662","building_name":"Hardware Court","street_address":"106-112 Hardware Street MELBOURNE VIC 3000","construction_year":"1890","number_of_floors_above_ground":4,"predominant_space_use":"Office","accessibility_rating":"1","bicycle_spaces":0}},{"type":"Feature","geometry":{"type":"Point","coordinates":[144.960846,-37.812091]},"properties":{"property_id":"104663","building_name":"Atrium Building","street_address":"114 Hardware Street MELBOURNE VIC 3000","construction_year":"1989","number_of_floors_above_ground":5,"predominant_space_use":"Residential Apartment","accessibility_rating":"3","bicycle_spaces":0}},{"type":"Feature","geometry":{"type":"Point","coordinates":[144.960703,-37.811948]},"properties":{"property_id":"104664","building_name":"The Forecourt","street_address":"116-122 Hardware Street MELBOURNE VIC 3000","construction_year":"1989","number_of_floors_above_ground":5,"predominant_space_use":"Office","accessibility_rating":"3","bicycle_spaces":0}},{"type":"Feature","geometry":{"type":"Point","coordinates":[144.960129,-37.812643]},"properties":{"property_id":"105735","street_address":"414-416 Lonsdale Street MELBOURNE VIC 3000","construction_year":"1956","number_of_floors_above_ground":8,"predominant_space_use":"Office","accessibility_rating":"1","bicycle_spaces":0}},{"type":"Feature","geometry":{"type":"Point","coordinates":[144.960722,-37.811762]},"properties":{"property_id":"106015","building_name":"Portico Building","street_address":"377-383 Little Lonsdale Street MELBOURNE VIC 3000","construction_year":"1989","number_of_floors_above_ground":5,"predominant_space_use":"Unoccupied - Unused","accessibility_rating":"1","bicycle_spaces":0}},{"type":"Feature","geometry":{"type":"Point","coordinates":[144.960341,-37.811874]},"properties":{"property_id":"106017","street_address":"391-393 Little Lonsdale Street MELBOURNE VIC 3000","construction_year":"1938","number_of_floors_above_ground":2,"predominant_space_use":"Entertainment/Recreation - Indoor","accessibility_rating":"1","bicycle_spaces":0}},{"type":"Feature","geometry":{"type":"Point","coordinates":[144.959854,-37.81227]},"properties":{"property_id":"108095","building_name":"Bank Of China","street_address":"266-270 Queen Street MELBOURNE VIC 3000","construction_year":"1932","number_of_floors_above_ground":3,"predominant_space_use":"Unoccupied - Unused","accessibility_rating":"3","bicycle_spaces":0}},{"type":"Feature","geometry":{"type":"Point","coordinates":[144.959947,-37.812478]},"properties":{"property_id":"108097","building_name":"256 Queen Street","street_address":"254-258 Queen Street MELBOURNE VIC 3000","construction_year":"1990","number_of_floors_above_ground":14,"predominant_space_use":"Office","accessibility_rating":"1","bicycle_spaces":0}},{"type":"Feature","geometry":{"type":"Point","coordinates":[144.959964,-37.81269]},"properties":{"property_id":"108103","building_name":"Cecil House","street_address":"244-250 Queen Street MELBOURNE VIC 3000","construction_year":"1990","number_of_floors_above_ground":12,"predominant_space_use":"Office","accessibility_rating":"3","bicycle_spaces":0}},{"type":"Feature","geometry":{"type":"Point","coordinates":[144.96737,-37.810567]},"properties":{"property_id":"105751","building_name":"The Greek Centre","street_address":"166-170 Lonsdale Street MELBOURNE VIC 3000","construction_year":"2014","number_of_floors_above_ground":13,"predominant_space_use":"Office","accessibility_rating":"3","bicycle_spaces":0}},{"type":"Feature","geometry":{"type":"Point","coordinates":[144.96707,-37.809922]},"properties":{"property_id":"108570","building_name":"Rido House","street_address":"276-284 Russell Street MELBOURNE VIC 3000","construction_year":"1967","number_of_floors_above_ground":4,"predominant_space_use":"Unoccupied - Under Construction","accessibility_rating":"1","bicycle_spaces":0}},{"type":"Feature","geometry":{"type":"Point","coordinates":[144.967137,-37.810072]},"properties":{"property_id":"108572","street_address":"272 Russell Street MELBOURNE VIC 3000","construction_year":"1873","number_of_floors_above_ground":2,"predominant_space_use":"Unoccupied - Unused","accessibility_rating":"1","bicycle_spaces":0}},{"type":"Feature","geometry":{"type":"Point","coordinates":[144.967159,-37.810111]},"properties":{"property_id":"108573","street_address":"270 Russell Street MELBOURNE VIC 3000","construction_year":"1965","number_of_floors_above_ground":2,"predominant_space_use":"Entertainment/Recreation - Indoor","accessibility_rating":"3","bicycle_spaces":0}},{"type":"Feature","geometry":{"type":"Point","coordinates":[144.967176,-37.810154]},"properties":{"property_id":"108574","street_address":"268 Russell Street MELBOURNE VIC 3000","construction_year":"1961","number_of_floors_above_ground":2,"predominant_space_use":"Office","accessibility_rating":"1","bicycle_spaces":0}},{"type":"Feature","geometry":{"type":"Point","coordinates":[144.967251,-37.810312]},"properties":{"property_id":"108577","street_address":"256-258 Russell Street MELBOURNE VIC 3000","construction_year":"1910","number_of_floors_above_ground":1,"predominant_space_use":"Unoccupied - Unused","accessibility_rating":"1","bicycle_spaces":0}},{"type":"Feature","geometry":{"type":"Point","coordinates":[144.967301,-37.81042]},"properties":{"property_id":"108579","street_address":"248-250 Russell Street MELBOURNE VIC 3000","construction_year":"1851","number_of_floors_above_ground":2,"predominant_space_use":"Unoccupied - Unused","accessibility_rating":"2","bicycle_spaces":0}},{"type":"Feature","geometry":{"type":"Point","coordinates":[144.967574,-37.810127]},"properties":{"property_id":"110710","street_address":"149-163 Little Lonsdale Street MELBOURNE VIC 3000","construction_year":"2022","number_of_floors_above_ground":22,"predominant_space_use":"Unoccupied - Under Construction","accessibility_rating":"3","bicycle_spaces":100}},{"type":"Feature","geometry":{"type":"Point","coordinates":[144.953234,-37.813593]},"properties":{"property_id":"106029","building_name":"Dockside Tower","street_address":"536-548 Little Lonsdale Street MELBOURNE VIC 3000","construction_year":"2000","number_of_floors_above_ground":26,"predominant_space_use":"Residential Apartment","accessibility_rating":"3","bicycle_spaces":0}},{"type":"Feature","geometry":{"type":"Point","coordinates":[144.952167,-37.813952]},"properties":{"property_id":"108961","building_name":"Mondriane Tower","street_address":"Mondriane Tower 278-282 Spencer Street MELBOURNE VIC 3000","construction_year":"2005","number_of_floors_above_ground":26,"predominant_space_use":"Residential Apartment","accessibility_rating":"3","bicycle_spaces":0}},{"type":"Feature","geometry":{"type":"Point","coordinates":[144.954247,-37.812554]},"properties":{"property_id":"105369","street_address":"328-330 King Street MELBOURNE VIC 3000","construction_year":"1850","number_of_floors_above_ground":2,"predominant_space_use":"Unoccupied - Unused","accessibility_rating":"1","bicycle_spaces":0}},{"type":"Feature","geometry":{"type":"Point","coordinates":[144.955413,-37.813017]},"properties":{"property_id":"106032","street_address":"474 Little Lonsdale Street MELBOURNE VIC 3000","construction_year":"1920","number_of_floors_above_ground":2,"predominant_space_use":"Retail - Shop","accessibility_rating":"1","bicycle_spaces":0}},{"type":"Feature","geometry":{"type":"Point","coordinates":[144.95866,-37.811451]},"properties":{"property_id":"105456","building_name":"Republic Tower","street_address":"299-319 Queen Street MELBOURNE VIC 3000","construction_year":"1999","number_of_floors_above_ground":36,"predominant_space_use":"Residential Apartment","accessibility_rating":"3","bicycle_spaces":0}},{"type":"Feature","geometry":{"type":"Point","coordinates":[144.958131,-37.811637]},"properties":{"property_id":"105457","building_name":"Royal Mint Centre","street_address":"371-389 La Trobe Street MELBOURNE VIC 3000","construction_year":"1987","number_of_floors_above_ground":6,"predominant_space_use":"Office","accessibility_rating":"3","bicycle_spaces":0}},{"type":"Feature","geometry":{"type":"Point","coordinates":[144.957361,-37.81209]},"properties":{"property_id":"110758","building_name":"Southern Guardhouse","street_address":"Southern Guardhouse Royal Mint 280 William Street MELBOURNE VIC 3000","construction_year":"1872","number_of_floors_above_ground":1,"predominant_space_use":"Office","accessibility_rating":"1","bicycle_spaces":0}},{"type":"Feature","geometry":{"type":"Point","coordinates":[144.96003,-37.811411]},"properties":{"property_id":"104558","street_address":"29 Guildford Lane MELBOURNE VIC 3000","construction_year":"1910","number_of_floors_above_ground":4,"predominant_space_use":"House/Townhouse","accessibility_rating":"0"}},{"type":"Feature","geometry":{"type":"Point","coordinates":[144.959954,-37.811433]},"properties":{"property_id":"104559","street_address":"31 Guildford Lane MELBOURNE VIC 3000","construction_year":"1910","number_of_floors_above_ground":3,"predominant_space_use":"House/Townhouse","accessibility_rating":"0"}},{"type":"Feature","geometry":{"type":"Point","coordinates":[144.960439,-37.811048]},"properties":{"property_id":"104566","street_address":"8-10 Guildford Lane MELBOURNE VIC 3000","construction_year":"1999","number_of_floors_above_ground":4,"predominant_space_use":"Residential Apartment","accessibility_rating":"3","bicycle_spaces":0}},{"type":"Feature","geometry":{"type":"Point","coordinates":[144.960168,-37.810915]},"properties":{"property_id":"105451","building_name":"Kosciusko Centre","street_address":"305-313 La Trobe Street MELBOURNE VIC 3000","construction_year":"1991","number_of_floors_above_ground":14,"predominant_space_use":"Office","accessibility_rating":"3","bicycle_spaces":0}},{"type":"Feature","geometry":{"type":"Point","coordinates":[144.960635,-37.811478]},"properties":{"property_id":"106041","building_name":"Merlin Apartments","street_address":"296-300 Little Lonsdale Street MELBOURNE VIC 3000","number_of_floors_above_ground":37,"predominant_space_use":"Residential Apartment","accessibility_rating":"3","bicycle_spaces":55}},{"type":"Feature","geometry":{"type":"Point","coordinates":[144.960948,-37.811316]},"properties":{"property_id":"650594","building_name":"Melbourne Sky Apartments","street_address":"Melbourne Sky Apartments 5 Sutherland Street MELBOURNE VIC 3000","construction_year":"2013","number_of_floors_above_ground":37,"predominant_space_use":"Residential Apartment","accessibility_rating":"3","bicycle_spaces":40}},{"type":"Feature","geometry":{"type":"Point","coordinates":[144.960122,-37.811428]},"properties":{"property_id":"106377","street_address":"28 McLean Alley MELBOURNE VIC 3000","construction_year":"1910","number_of_floors_above_ground":3,"predominant_space_use":"House/Townhouse","accessibility_rating":"0"}},{"type":"Feature","geometry":{"type":"Point","coordinates":[144.960644,-37.811004]},"properties":{"property_id":"109252","street_address":"25-31 Sutherland Street MELBOURNE VIC 3000","construction_year":"1901","number_of_floors_above_ground":2,"predominant_space_use":"Unoccupied - Unused","accessibility_rating":"1","bicycle_spaces":0}},{"type":"Feature","geometry":{"type":"Point","coordinates":[144.960887,-37.810973]},"properties":{"property_id":"109253","street_address":"22-28 Sutherland Street MELBOURNE VIC 3000","construction_year":"1910","number_of_floors_above_ground":2,"predominant_space_use":"Entertainment/Recreation - Indoor","accessibility_rating":"1","bicycle_spaces":0}},{"type":"Feature","geometry":{"type":"Point","coordinates":[144.96397,-37.811303]},"properties":{"property_id":"102597","building_name":"Harstel House","street_address":"2-20 Drewery Place MELBOURNE VIC 3000","construction_year":"1901","number_of_floors_above_ground":4,"predominant_space_use":"Office","accessibility_rating":"1","bicycle_spaces":0}},{"type":"Feature","geometry":{"type":"Point","coordinates":[144.964145,-37.811485]},"properties":{"property_id":"105748","building_name":"Pacific House","street_address":"268-270 Lonsdale Street MELBOURNE VIC 3000","construction_year":"1910","number_of_floors_above_ground":5,"predominant_space_use":"Entertainment/Recreation - Indoor","accessibility_rating":"1","bicycle_spaces":0}},{"type":"Feature","geometry":{"type":"Point","coordinates":[144.964264,-37.811227]},"properties":{"property_id":"109303","building_name":"Legacy House","street_address":"289-299 Swanston Street MELBOURNE VIC 3000","construction_year":"1920","number_of_floors_above_ground":4,"predominant_space_use":"Office","accessibility_rating":"3","bicycle_spaces":0}},{"type":"Feature","geometry":{"type":"Point","coordinates":[144.964194,-37.811078]},"properties":{"property_id":"109304","street_address":"301-303 Swanston Street MELBOURNE VIC 3000","construction_year":"1922","number_of_floors_above_ground":3,"predominant_space_use":"Entertainment/Recreation - Indoor","accessibility_rating":"1","bicycle_spaces":0}},{"type":"Feature","geometry":{"type":"Point","coordinates":[144.964145,-37.810969]},"properties":{"property_id":"532170","street_address":"309 Swanston Street MELBOURNE VIC 3000","construction_year":"1870","number_of_floors_above_ground":2,"predominant_space_use":"Retail - Shop","accessibility_rating":"3","bicycle_spaces":0}},{"type":"Feature","geometry":{"type":"Point","coordinates":[144.967594,-37.808974]},"properties":{"property_id":"101022","street_address":"23 Bennetts Lane MELBOURNE VIC 3000","construction_year":"1920","number_of_floors_above_ground":1,"predominant_space_use":"Unoccupied - Under Construction","accessibility_rating":"2","bicycle_spaces":0}},{"type":"Feature","geometry":{"type":"Point","coordinates":[144.967813,-37.808816]},"properties":{"property_id":"101026","street_address":"22-24 Bennetts Lane MELBOURNE VIC 3000","number_of_floors_above_ground":2,"predominant_space_use":"Unoccupied - Unused","accessibility_rating":"0","bicycle_spaces":0}},{"type":"Feature","geometry":{"type":"Point","coordinates":[144.967873,-37.808946]},"properties":{"property_id":"101027","street_address":"16-18 Bennetts Lane MELBOURNE VIC 3000","construction_year":"1970","number_of_floors_above_ground":5,"predominant_space_use":"Residential Apartment","accessibility_rating":"2","bicycle_spaces":0}},{"type":"Feature","geometry":{"type":"Point","coordinates":[144.967518,-37.809255]},"properties":{"property_id":"102425","street_address":"14-18 Davisons Place MELBOURNE VIC 3000","construction_year":"1930","number_of_floors_above_ground":2,"predominant_space_use":"Residential Apartment","accessibility_rating":"0","bicycle_spaces":0}},{"type":"Feature","geometry":{"type":"Point","coordinates":[144.966987,-37.80911]},"properties":{"property_id":"104778","street_address":"62-68 Hayward Lane MELBOURNE VIC 3000","construction_year":"2001","number_of_floors_above_ground":6,"predominant_space_use":"Residential Apartment","accessibility_rating":"1","bicycle_spaces":0}},{"type":"Feature","geometry":{"type":"Point","coordinates":[144.967866,-37.808717]},"properties":{"property_id":"105440","building_name":"La Trobe Terrace","street_address":"123-139 La Trobe Street MELBOURNE VIC 3000","construction_year":"1935","number_of_floors_above_ground":4,"predominant_space_use":"Residential Apartment","accessibility_rating":"1","bicycle_spaces":0}},{"type":"Feature","geometry":{"type":"Point","coordinates":[144.967187,-37.809541]},"properties":{"property_id":"106047","street_address":"158-162 Little Lonsdale Street MELBOURNE VIC 3000","construction_year":"2004","number_of_floors_above_ground":10,"predominant_space_use":"Residential Apartment","accessibility_rating":"3","bicycle_spaces":0}},{"type":"Feature","geometry":{"type":"Point","coordinates":[144.967742,-37.809405]},"properties":{"property_id":"106050","street_address":"134-144 Little Lonsdale Street MELBOURNE VIC 3000","number_of_floors_above_ground":1,"predominant_space_use":"Unoccupied - Under Demolition/Condemned","accessibility_rating":"0","bicycle_spaces":0}},{"type":"Feature","geometry":{"type":"Point","coordinates":[144.966805,-37.809302]},"properties":{"property_id":"108566","building_name":"Adobe 318 Apartments","street_address":"302-324 Russell Street MELBOURNE VIC 3000","construction_year":"2014","number_of_floors_above_ground":58,"predominant_space_use":"Residential Apartment","accessibility_rating":"3","bicycle_spaces":146}},{"type":"Feature","geometry":{"type":"Point","coordinates":[144.966904,-37.809517]},"properties":{"property_id":"108567","street_address":"300 Russell Street MELBOURNE VIC 3000","construction_year":"1925","number_of_floors_above_ground":3,"predominant_space_use":"Unoccupied - Unused","accessibility_rating":"1","bicycle_spaces":0}},{"type":"Feature","geometry":{"type":"Point","coordinates":[144.966929,-37.809572]},"properties":{"property_id":"108568","street_address":"296-298 Russell Street MELBOURNE VIC 3000","construction_year":"1874","number_of_floors_above_ground":3,"predominant_space_use":"Entertainment/Recreation - Indoor","accessibility_rating":"1","bicycle_spaces":0}},{"type":"Feature","geometry":{"type":"Point","coordinates":[144.966972,-37.809664]},"properties":{"property_id":"108569","building_name":"Alexandra Building","street_address":"288-294 Russell Street MELBOURNE VIC 3000","construction_year":"1855","number_of_floors_above_ground":2,"predominant_space_use":"Unoccupied - Under Renovation","accessibility_rating":"1","bicycle_spaces":0}},{"type":"Feature","geometry":{"type":"Point","coordinates":[144.967062,-37.809269]},"properties":{"property_id":"516673","street_address":"58 Hayward Lane MELBOURNE VIC 3000","construction_year":"1950","number_of_floors_above_ground":2,"predominant_space_use":"House/Townhouse","accessibility_rating":"0"}},{"type":"Feature","geometry":{"type":"Point","coordinates":[144.951472,-37.81215]},"properties":{"property_id":"105107","street_address":"67-73 Jeffcott Street WEST MELBOURNE VIC 3003","number_of_floors_above_ground":2,"predominant_space_use":"Educational/Research","accessibility_rating":"3","bicycle_spaces":0}},{"type":"Feature","geometry":{"type":"Point","coordinates":[144.951591,-37.812879]},"properties":{"property_id":"105464","street_address":"524-530 La Trobe Street WEST MELBOURNE VIC 3003","construction_year":"1920","number_of_floors_above_ground":3,"predominant_space_use":"Office","accessibility_rating":"1","bicycle_spaces":0}},{"type":"Feature","geometry":{"type":"Point","coordinates":[144.951767,-37.81283]},"properties":{"property_id":"105465","street_address":"518-522 La Trobe Street WEST MELBOURNE VIC 3003","construction_year":"1920","number_of_floors_above_ground":2,"predominant_space_use":"Wholesale","accessibility_rating":"1","bicycle_spaces":0}},{"type":"Feature","geometry":{"type":"Point","coordinates":[144.951945,-37.812779]},"properties":{"property_id":"105466","street_address":"510-516 La Trobe Street WEST MELBOURNE VIC 3003","construction_year":"1920","number_of_floors_above_ground":2,"predominant_space_use":"Unoccupied - Unused","accessibility_rating":"1","bicycle_spaces":0}},{"type":"Feature","geometry":{"type":"Point","coordinates":[144.953346,-37.812377]},"properties":{"property_id":"105470","street_address":"456-458 La Trobe Street WEST MELBOURNE VIC 3003","construction_year":"1891","number_of_floors_above_ground":2,"predominant_space_use":"Retail - Shop","accessibility_rating":"3","bicycle_spaces":0}},{"type":"Feature","geometry":{"type":"Point","coordinates":[144.951275,-37.812218]},"properties":{"property_id":"108956","street_address":"350-358 Spencer Street WEST MELBOURNE VIC 3003","construction_year":"1922","number_of_floors_above_ground":1,"predominant_space_use":"Workshop/Studio","accessibility_rating":"1","bicycle_spaces":0}},{"type":"Feature","geometry":{"type":"Point","coordinates":[144.957114,-37.811237]},"properties":{"property_id":"105473","street_address":"410-420 La Trobe Street MELBOURNE VIC 3000","construction_year":"1990","number_of_floors_above_ground":18,"predominant_space_use":"Office","accessibility_rating":"3","bicycle_spaces":30}},{"type":"Feature","geometry":{"type":"Point","coordinates":[144.95847,-37.810776]},"properties":{"property_id":"105478","street_address":"321-339 Queen Street MELBOURNE VIC 3000","construction_year":"1986","number_of_floors_above_ground":7,"predominant_space_use":"Office","accessibility_rating":"2","bicycle_spaces":11}},{"type":"Feature","geometry":{"type":"Point","coordinates":[144.957162,-37.810716]},"properties":{"property_id":"573454","building_name":"Wills Tower","street_address":"Wills Tower 28 Wills Street MELBOURNE VIC 3000","construction_year":"2002","number_of_floors_above_ground":27,"predominant_space_use":"Residential Apartment","accessibility_rating":"3","bicycle_spaces":0}},{"type":"Feature","geometry":{"type":"Point","coordinates":[144.957162,-37.810716]},"properties":{"property_id":"578981","building_name":"Wills Court","street_address":"Wills Court 25 Wills Street MELBOURNE VIC 3000","construction_year":"2002","number_of_floors_above_ground":26,"predominant_space_use":"Residential Apartment","accessibility_rating":"3","bicycle_spaces":0}},{"type":"Feature","geometry":{"type":"Point","coordinates":[144.960186,-37.809746]},"properties":{"property_id":"100156","street_address":"111-125 A'Beckett Street MELBOURNE VIC 3000","number_of_floors_above_ground":52,"predominant_space_use":"Unoccupied - Under Construction","accessibility_rating":"0","bicycle_spaces":0}},{"type":"Feature","geometry":{"type":"Point","coordinates":[144.96064,-37.809558]},"properties":{"property_id":"103218","building_name":"City Edge Apartment Hotel","street_address":"399-411 Elizabeth Street MELBOURNE VIC 3000","construction_year":"1934","number_of_floors_above_ground":6,"predominant_space_use":"Commercial Accommodation","accessibility_rating":"2","bicycle_spaces":0}},{"type":"Feature","geometry":{"type":"Point","coordinates":[144.959278,-37.81068]},"properties":{"property_id":"105481","building_name":"Centro Apartments","street_address":"Centro Apartments 348-358 La Trobe Street MELBOURNE VIC 3000","construction_year":"1968","number_of_floors_above_ground":13,"predominant_space_use":"Residential Apartment","accessibility_rating":"1","bicycle_spaces":0}},{"type":"Feature","geometry":{"type":"Point","coordinates":[144.959763,-37.809889]},"properties":{"property_id":"639236","building_name":"EQ Tower","street_address":"127-141 A'Beckett Street MELBOURNE VIC 3000","construction_year":"2017","number_of_floors_above_ground":64,"predominant_space_use":"Residential Apartment","accessibility_rating":"3","bicycle_spaces":212}},{"type":"Feature","geometry":{"type":"Point","coordinates":[144.962151,-37.809075]},"properties":{"property_id":"100152","street_address":"47-49 A'Beckett Street MELBOURNE VIC 3000","construction_year":"1923","number_of_floors_above_ground":3,"predominant_space_use":"Office","accessibility_rating":"1","bicycle_spaces":0}},{"type":"Feature","geometry":{"type":"Point","coordinates":[144.961582,-37.809242]},"properties":{"property_id":"100155","building_name":"Victorian Spiritualist Union","street_address":"71-73 A'Beckett Street MELBOURNE VIC 3000","construction_year":"1854","number_of_floors_above_ground":2,"predominant_space_use":"Retail - Shop","accessibility_rating":"1","bicycle_spaces":0}},{"type":"Feature","geometry":{"type":"Point","coordinates":[144.961491,-37.809857]},"properties":{"property_id":"103307","street_address":"380 Elizabeth Street MELBOURNE VIC 3000","construction_year":"1875","number_of_floors_above_ground":2,"predominant_space_use":"Unoccupied - Unused","accessibility_rating":"3","bicycle_spaces":0}},{"type":"Feature","geometry":{"type":"Point","coordinates":[144.961677,-37.809733]},"properties":{"property_id":"105980","street_address":"65-69 Little La Trobe Street MELBOURNE VIC 3000","construction_year":"1994","number_of_floors_above_ground":2,"predominant_space_use":"House/Townhouse","accessibility_rating":"0","bicycle_spaces":0}},{"type":"Feature","geometry":{"type":"Point","coordinates":[144.96189,-37.809402]},"properties":{"property_id":"105983","street_address":"62-64 Little La Trobe Street MELBOURNE VIC 3000","construction_year":"1910","number_of_floors_above_ground":3,"predominant_space_use":"Entertainment/Recreation - Indoor","accessibility_rating":"1","bicycle_spaces":0}},{"type":"Feature","geometry":{"type":"Point","coordinates":[144.962516,-37.809218]},"properties":{"property_id":"105988","street_address":"34-36 Little La Trobe Street MELBOURNE VIC 3000","construction_year":"1929","number_of_floors_above_ground":2,"predominant_space_use":"Entertainment/Recreation - Indoor","accessibility_rating":"3","bicycle_spaces":0}},{"type":"Feature","geometry":{"type":"Point","coordinates":[144.963016,-37.809072]},"properties":{"property_id":"105992","street_address":"12-14 Little La Trobe Street MELBOURNE VIC 3000","number_of_floors_above_ground":1,"predominant_space_use":"Unoccupied - Under Construction","accessibility_rating":"0","bicycle_spaces":0}},{"type":"Feature","geometry":{"type":"Point","coordinates":[144.963217,-37.809043]},"properties":{"property_id":"109314","street_address":"401-405 Swanston Street MELBOURNE VIC 3000","construction_year":"1890","number_of_floors_above_ground":3,"predominant_space_use":"Entertainment/Recreation - Indoor","accessibility_rating":"1","bicycle_spaces":0}},{"type":"Feature","geometry":{"type":"Point","coordinates":[144.96318,-37.808956]},"properties":{"property_id":"109315","building_name":"Druids House","street_address":"407-409 Swanston Street MELBOURNE VIC 3000","construction_year":"1926","number_of_floors_above_ground":7,"predominant_space_use":"Entertainment/Recreation - Indoor","accessibility_rating":"1","bicycle_spaces":0}},{"type":"Feature","geometry":{"type":"Point","coordinates":[144.963043,-37.808837]},"properties":{"property_id":"109316","building_name":"RMIT Building 37","street_address":"RMIT Building 37 411-423 Swanston Street MELBOURNE VIC 3000","construction_year":"1925","number_of_floors_above_ground":5,"predominant_space_use":"Educational/Research","accessibility_rating":"3","bicycle_spaces":0}},{"type":"Feature","geometry":{"type":"Point","coordinates":[144.962366,-37.809012]},"properties":{"property_id":"500322","street_address":"39 A'Beckett Street MELBOURNE VIC 3000","construction_year":"1970","number_of_floors_above_ground":3,"predominant_space_use":"Office","accessibility_rating":"1","bicycle_spaces":0}},{"type":"Feature","geometry":{"type":"Point","coordinates":[144.96261,-37.808941]},"properties":{"property_id":"500323","building_name":"ABeckett Tower","street_address":"A'Beckett Tower 19-37 A'Beckett Street MELBOURNE VIC 3000","construction_year":"2010","number_of_floors_above_ground":34,"predominant_space_use":"Residential Apartment","accessibility_rating":"1","bicycle_spaces":160}},{"type":"Feature","geometry":{"type":"Point","coordinates":[144.963073,-37.809494]},"properties":{"property_id":"694605","building_name":"State Library Rail Station","street_address":"State Library Rail Station 188-222 La Trobe Street MELBOURNE VIC 3000","number_of_floors_above_ground":1,"predominant_space_use":"Unoccupied - Under Construction","accessibility_rating":"0","bicycle_spaces":0}},{"type":"Feature","geometry":{"type":"Point","coordinates":[144.964544,-37.808182]},"properties":{"property_id":"529337","building_name":"Building 13 (Emily McPherson)","street_address":"Building 13 Emily McPherson Building RMIT University 379-405 Russell Street MELBOURNE VIC 3000","construction_year":"1926","number_of_floors_above_ground":3,"predominant_space_use":"Educational/Research","accessibility_rating":"3","bicycle_spaces":0}},{"type":"Feature","geometry":{"type":"Point","coordinates":[144.964544,-37.808182]},"properties":{"property_id":"606638","building_name":"Building 1 (Francis Ormond)","street_address":"Building 1, Francis Ormond 124 La Trobe Street MELBOURNE VIC 3000","construction_year":"1883","number_of_floors_above_ground":4,"predominant_space_use":"Office","accessibility_rating":"2","bicycle_spaces":0}},{"type":"Feature","geometry":{"type":"Point","coordinates":[144.964544,-37.808182]},"properties":{"property_id":"606641","building_name":"Building 4","street_address":"Building 4 RMIT University 124 La Trobe Street MELBOURNE VIC 3000","construction_year":"1890","number_of_floors_above_ground":4,"predominant_space_use":"Educational/Research","accessibility_rating":"2","bicycle_spaces":0}},{"type":"Feature","geometry":{"type":"Point","coordinates":[144.964544,-37.808182]},"properties":{"property_id":"606648","building_name":"Building 10","street_address":"Building 10 RMIT University 392 Swanston Street MELBOURNE VIC 3000","construction_year":"1968","number_of_floors_above_ground":14,"predominant_space_use":"Educational/Research","accessibility_rating":"2","bicycle_spaces":0}},{"type":"Feature","geometry":{"type":"Point","coordinates":[144.968027,-37.80786]},"properties":{"property_id":"103615","building_name":"Mantra 100 Exhibition Melbourne","street_address":"333-351 Exhibition Street MELBOURNE VIC 3000","construction_year":"1988","number_of_floors_above_ground":19,"predominant_space_use":"Parking - Commercial Covered","accessibility_rating":"3","bicycle_spaces":0}},{"type":"Feature","geometry":{"type":"Point","coordinates":[144.968134,-37.807639]},"properties":{"property_id":"103616","street_address":"353 Exhibition Street MELBOURNE VIC 3000","construction_year":"1926","number_of_floors_above_ground":3,"predominant_space_use":"Office","accessibility_rating":"1","bicycle_spaces":0}},{"type":"Feature","geometry":{"type":"Point","coordinates":[144.966943,-37.808297]},"properties":{"property_id":"105491","building_name":"La Trobe Apartments","street_address":"58-66 La Trobe Street MELBOURNE VIC 3000","construction_year":"1957","number_of_floors_above_ground":4,"predominant_space_use":"Residential Apartment","accessibility_rating":"3","bicycle_spaces":0}},{"type":"Feature","geometry":{"type":"Point","coordinates":[144.967247,-37.808286]},"properties":{"property_id":"105493","street_address":"52 La Trobe Street MELBOURNE VIC 3000","construction_year":"1964","number_of_floors_above_ground":3,"predominant_space_use":"Entertainment/Recreation - Indoor","accessibility_rating":"3","bicycle_spaces":0}},{"type":"Feature","geometry":{"type":"Point","coordinates":[144.967575,-37.80813]},"properties":{"property_id":"105496","building_name":"The Trillium","street_address":"36-40 La Trobe Street MELBOURNE VIC 3000","construction_year":"2018","number_of_floors_above_ground":39,"predominant_space_use":"Residential Apartment","accessibility_rating":"0","bicycle_spaces":77}},{"type":"Feature","geometry":{"type":"Point","coordinates":[144.967395,-37.807682]},"properties":{"property_id":"106367","building_name":"Conservatory","street_address":"9-23 MacKenzie Street MELBOURNE VIC 3000","number_of_floors_above_ground":39,"predominant_space_use":"Residential Apartment","accessibility_rating":"3","bicycle_spaces":523}},{"type":"Feature","geometry":{"type":"Point","coordinates":[144.966953,-37.807811]},"properties":{"property_id":"106368","building_name":"Mackenzie Tower","street_address":"MacKenzie Tower 27-39 MacKenzie Street MELBOURNE VIC 3000","construction_year":"2011","number_of_floors_above_ground":32,"predominant_space_use":"Residential Apartment","accessibility_rating":"3","bicycle_spaces":100}},{"type":"Feature","geometry":{"type":"Point","coordinates":[144.966458,-37.808224]},"properties":{"property_id":"588500","building_name":"Deco Tower","street_address":"Deco Tower 336 Russell Street MELBOURNE VIC 3000","construction_year":"1940","number_of_floors_above_ground":13,"predominant_space_use":"Residential Apartment","accessibility_rating":"1","bicycle_spaces":0}},{"type":"Feature","geometry":{"type":"Point","coordinates":[144.968079,-37.807421]},"properties":{"property_id":"109676","street_address":"11-17 Victoria Street MELBOURNE VIC 3000","construction_year":"1880","number_of_floors_above_ground":2,"predominant_space_use":"Office","accessibility_rating":"3","bicycle_spaces":0}},{"type":"Feature","geometry":{"type":"Point","coordinates":[144.952725,-37.810684]},"properties":{"property_id":"105327","street_address":"407-415 King Street WEST MELBOURNE VIC 3003","number_of_floors_above_ground":1,"predominant_space_use":"Unoccupied - Under Construction","accessibility_rating":"0","bicycle_spaces":0}},{"type":"Feature","geometry":{"type":"Point","coordinates":[144.951108,-37.811542]},"properties":{"property_id":"108952","building_name":"GAA House","street_address":"378-382 Spencer Street WEST MELBOURNE VIC 3003","construction_year":"1930","number_of_floors_above_ground":2,"predominant_space_use":"Educational/Research","accessibility_rating":"1","bicycle_spaces":0}},{"type":"Feature","geometry":{"type":"Point","coordinates":[144.95199,-37.811662]},"properties":{"property_id":"623961","street_address":"46-48 Jeffcott Street WEST MELBOURNE VIC 3003","construction_year":"2009","number_of_floors_above_ground":4,"predominant_space_use":"House/Townhouse","accessibility_rating":"1","bicycle_spaces":0}},{"type":"Feature","geometry":{"type":"Point","coordinates":[144.951948,-37.811575]},"properties":{"property_id":"623962","street_address":"4 Boughton Place WEST MELBOURNE VIC 3003","construction_year":"2009","number_of_floors_above_ground":4,"predominant_space_use":"House/Townhouse","accessibility_rating":"1","bicycle_spaces":0}},{"type":"Feature","geometry":{"type":"Point","coordinates":[144.951908,-37.811489]},"properties":{"property_id":"623963","street_address":"6 Boughton Place WEST MELBOURNE VIC 3003","construction_year":"2009","number_of_floors_above_ground":4,"predominant_space_use":"House/Townhouse","accessibility_rating":"1"}},{"type":"Feature","geometry":{"type":"Point","coordinates":[144.957416,-37.809993]},"properties":{"property_id":"100160","street_address":"192-204 A'Beckett Street MELBOURNE VIC 3000","number_of_floors_above_ground":1,"predominant_space_use":"Unoccupied - Under Construction","accessibility_rating":"0","bicycle_spaces":0}},{"type":"Feature","geometry":{"type":"Point","coordinates":[144.957976,-37.809757]},"properties":{"property_id":"108085","building_name":"Carlyon House","street_address":"373 Queen Street MELBOURNE VIC 3000","construction_year":"1900","number_of_floors_above_ground":2,"predominant_space_use":"Retail - Shop","accessibility_rating":"1","bicycle_spaces":0}},{"type":"Feature","geometry":{"type":"Point","coordinates":[144.95612,-37.810323]},"properties":{"property_id":"110139","building_name":"Radisson on Flagstaff Gardens Hotel","street_address":"Radisson on Flagstaff Gardens 370-384 William Street MELBOURNE VIC 3000","construction_year":"1974","number_of_floors_above_ground":12,"predominant_space_use":"Commercial Accommodation","accessibility_rating":"3","bicycle_spaces":0}},{"type":"Feature","geometry":{"type":"Point","coordinates":[144.956663,-37.80967]},"properties":{"property_id":"554417","building_name":"Infinity 8 & Infinity 88 & Grand 8","street_address":"Infinity 8 Apartments 243-263 Franklin Street MELBOURNE VIC 3000","construction_year":"2011","number_of_floors_above_ground":19,"predominant_space_use":"Residential Apartment","accessibility_rating":"3","bicycle_spaces":0}},{"type":"Feature","geometry":{"type":"Point","coordinates":[144.956601,-37.810159]},"properties":{"property_id":"621414","building_name":"The Istana Apartments","street_address":"218-236 A'Beckett Street MELBOURNE VIC 3000","construction_year":"2015","number_of_floors_above_ground":26,"predominant_space_use":"Residential Apartment","accessibility_rating":"3","bicycle_spaces":40}},{"type":"Feature","geometry":{"type":"Point","coordinates":[144.958971,-37.809596]},"properties":{"property_id":"100163","street_address":"150-154 A'Beckett Street MELBOURNE VIC 3000","construction_year":"1945","number_of_floors_above_ground":3,"predominant_space_use":"Educational/Research","accessibility_rating":"1","bicycle_spaces":0}},{"type":"Feature","geometry":{"type":"Point","coordinates":[144.960246,-37.80917]},"properties":{"property_id":"100168","building_name":"MCC Childcare","street_address":"100-104 A'Beckett Street MELBOURNE VIC 3000","construction_year":"1901","number_of_floors_above_ground":2,"predominant_space_use":"Unoccupied - Unused","accessibility_rating":"3","bicycle_spaces":0}},{"type":"Feature","geometry":{"type":"Point","coordinates":[144.959293,-37.809235]},"properties":{"property_id":"100446","building_name":"Swinnerton Bros & Co","street_address":"14-16 Anthony Street MELBOURNE VIC 3000","construction_year":"1924","number_of_floors_above_ground":3,"predominant_space_use":"Student Accommodation","accessibility_rating":"1","bicycle_spaces":0}},{"type":"Feature","geometry":{"type":"Point","coordinates":[144.960471,-37.809081]},"properties":{"property_id":"103221","street_address":"421 Elizabeth Street MELBOURNE VIC 3000","construction_year":"1872","number_of_floors_above_ground":2,"predominant_space_use":"Unoccupied - Unused","accessibility_rating":"1","bicycle_spaces":0}},{"type":"Feature","geometry":{"type":"Point","coordinates":[144.960424,-37.808975]},"properties":{"property_id":"103223","street_address":"427 Elizabeth Street MELBOURNE VIC 3000","construction_year":"1872","number_of_floors_above_ground":2,"predominant_space_use":"Entertainment/Recreation - Indoor","accessibility_rating":"1","bicycle_spaces":0}},{"type":"Feature","geometry":{"type":"Point","coordinates":[144.960115,-37.808732]},"properties":{"property_id":"103227","street_address":"441-447 Elizabeth Street MELBOURNE VIC 3000","construction_year":"1859","number_of_floors_above_ground":3,"predominant_space_use":"Student Accommodation","accessibility_rating":"1","bicycle_spaces":0}},{"type":"Feature","geometry":{"type":"Point","coordinates":[144.960216,-37.808564]},"properties":{"property_id":"103228","street_address":"449-451 Elizabeth Street MELBOURNE VIC 3000","construction_year":"1901","number_of_floors_above_ground":2,"predominant_space_use":"Residential Apartment","accessibility_rating":"1","bicycle_spaces":0}},{"type":"Feature","geometry":{"type":"Point","coordinates":[144.95997,-37.808565]},"properties":{"property_id":"104082","street_address":"139-141 Franklin Street MELBOURNE VIC 3000","construction_year":"1901","number_of_floors_above_ground":3,"predominant_space_use":"Unoccupied - Unused","accessibility_rating":"1","bicycle_spaces":0}},{"type":"Feature","geometry":{"type":"Point","coordinates":[144.959793,-37.808649]},"properties":{"property_id":"104083","building_name":"Vosti House","street_address":"143-149 Franklin Street MELBOURNE VIC 3000","construction_year":"1970","number_of_floors_above_ground":5,"predominant_space_use":"Residential Apartment","accessibility_rating":"1","bicycle_spaces":0}},{"type":"Feature","geometry":{"type":"Point","coordinates":[144.959154,-37.80896]},"properties":{"property_id":"104085","street_address":"167-175 Franklin Street MELBOURNE VIC 3000","construction_year":"1928","number_of_floors_above_ground":5,"predominant_space_use":"Commercial Accommodation","accessibility_rating":"1","bicycle_spaces":0}},{"type":"Feature","geometry":{"type":"Point","coordinates":[144.958512,-37.808979]},"properties":{"property_id":"108087","building_name":"Melbourne Terrace Apartments","street_address":"Melbourne Terrace Apartments 408-416 Queen Street MELBOURNE VIC 3000","construction_year":"1994","number_of_floors_above_ground":10,"predominant_space_use":"Residential Apartment","accessibility_rating":"1","bicycle_spaces":0}},{"type":"Feature","geometry":{"type":"Point","coordinates":[144.961007,-37.808629]},"properties":{"property_id":"103302","street_address":"422-440 Elizabeth Street MELBOURNE VIC 3000","construction_year":"1990","number_of_floors_above_ground":11,"predominant_space_use":"Unoccupied - Unused","accessibility_rating":"3","bicycle_spaces":19}},{"type":"Feature","geometry":{"type":"Point","coordinates":[144.96206,-37.808083]},"properties":{"property_id":"104079","building_name":"Currie and Richards Building","street_address":"79-81 Franklin Street MELBOURNE VIC 3000","construction_year":"1875","number_of_floors_above_ground":3,"predominant_space_use":"Residential Apartment","accessibility_rating":"1","bicycle_spaces":0}},{"type":"Feature","geometry":{"type":"Point","coordinates":[144.961335,-37.808293]},"properties":{"property_id":"104081","street_address":"97-111 Franklin Street MELBOURNE VIC 3000","construction_year":"2021","number_of_floors_above_ground":55,"predominant_space_use":"Student Accommodation","accessibility_rating":"3","bicycle_spaces":280}},{"type":"Feature","geometry":{"type":"Point","coordinates":[144.962693,-37.808263]},"properties":{"property_id":"109318","building_name":"RMIT Building 80","street_address":"427-457 Swanston Street MELBOURNE VIC 3000","construction_year":"2011","number_of_floors_above_ground":13,"predominant_space_use":"Educational/Research","accessibility_rating":"3","bicycle_spaces":85}},{"type":"Feature","geometry":{"type":"Point","coordinates":[144.966431,-37.807362]},"properties":{"property_id":"109680","building_name":"Horticultural Hall","street_address":"Horticultural Hall 31-33 Victoria Street MELBOURNE VIC 3000","construction_year":"1874","number_of_floors_above_ground":2,"predominant_space_use":"Performances, Conferences, Ceremonies","accessibility_rating":"1","bicycle_spaces":0}},{"type":"Feature","geometry":{"type":"Point","coordinates":[144.950847,-37.810601]},"properties":{"property_id":"100856","street_address":"66-68 Batman Street WEST MELBOURNE VIC 3003","construction_year":"1967","number_of_floors_above_ground":2,"predominant_space_use":"Unoccupied - Unused","accessibility_rating":"1","bicycle_spaces":0}},{"type":"Feature","geometry":{"type":"Point","coordinates":[144.951011,-37.810551]},"properties":{"property_id":"100857","building_name":"Metropolitan Fire Brigade Station No.2","street_address":"58-64 Batman Street WEST MELBOURNE VIC 3003","construction_year":"1964","number_of_floors_above_ground":3,"predominant_space_use":"Community Use","accessibility_rating":"3","bicycle_spaces":0}},{"type":"Feature","geometry":{"type":"Point","coordinates":[144.952297,-37.810142]},"properties":{"property_id":"100862","building_name":"St James Anglican Old Cathedral","street_address":"2-24 Batman Street WEST MELBOURNE VIC 3003","construction_year":"1839","number_of_floors_above_ground":3,"predominant_space_use":"Unoccupied - Unused","accessibility_rating":"1","bicycle_spaces":0}},{"type":"Feature","geometry":{"type":"Point","coordinates":[144.951835,-37.809814]},"properties":{"property_id":"102946","building_name":"Star Apartments","street_address":"13-25 Dudley Street WEST MELBOURNE VIC 3003","construction_year":"1957","number_of_floors_above_ground":5,"predominant_space_use":"Residential Apartment","accessibility_rating":"1","bicycle_spaces":0}},{"type":"Feature","geometry":{"type":"Point","coordinates":[144.951408,-37.809977]},"properties":{"property_id":"102948","street_address":"33-35 Dudley Street WEST MELBOURNE VIC 3003","construction_year":"1962","number_of_floors_above_ground":2,"predominant_space_use":"Public Display Area","accessibility_rating":"3","bicycle_spaces":0}},{"type":"Feature","geometry":{"type":"Point","coordinates":[144.95126,-37.810025]},"properties":{"property_id":"102949","street_address":"37-43 Dudley Street WEST MELBOURNE VIC 3003","construction_year":"1959","number_of_floors_above_ground":1,"predominant_space_use":"Retail - Shop","accessibility_rating":"1","bicycle_spaces":0}},{"type":"Feature","geometry":{"type":"Point","coordinates":[144.951028,-37.810107]},"properties":{"property_id":"102950","street_address":"Flagstaff City Inn 45-55 Dudley Street WEST MELBOURNE VIC 3003","number_of_floors_above_ground":1,"predominant_space_use":"Unoccupied - Under Construction","accessibility_rating":"0","bicycle_spaces":0}},{"type":"Feature","geometry":{"type":"Point","coordinates":[144.952319,-37.809864]},"properties":{"property_id":"105328","street_address":"439 King Street WEST MELBOURNE VIC 3003","construction_year":"1870","number_of_floors_above_ground":2,"predominant_space_use":"Unoccupied - Unused","accessibility_rating":"1","bicycle_spaces":0}},{"type":"Feature","geometry":{"type":"Point","coordinates":[144.952195,-37.809624]},"properties":{"property_id":"111180","building_name":"445 King Street","street_address":"445 King Street WEST MELBOURNE VIC 3003","construction_year":"1998","number_of_floors_above_ground":3,"predominant_space_use":"House/Townhouse","accessibility_rating":"1","bicycle_spaces":0}},{"type":"Feature","geometry":{"type":"Point","coordinates":[144.952195,-37.809624]},"properties":{"property_id":"111185","building_name":"455 King Street","street_address":"455 King Street WEST MELBOURNE VIC 3003","construction_year":"1998","number_of_floors_above_ground":3,"predominant_space_use":"House/Townhouse","accessibility_rating":"1","bicycle_spaces":0}},{"type":"Feature","geometry":{"type":"Point","coordinates":[144.952195,-37.809624]},"properties":{"property_id":"111186","building_name":"457 King Street","street_address":"457 King Street WEST MELBOURNE VIC 3003","construction_year":"1998","number_of_floors_above_ground":3,"predominant_space_use":"House/Townhouse","accessibility_rating":"1","bicycle_spaces":0}},{"type":"Feature","geometry":{"type":"Point","coordinates":[144.952195,-37.809624]},"properties":{"property_id":"111187","building_name":"459 King Street","street_address":"459 King Street WEST MELBOURNE VIC 3003","construction_year":"1998","number_of_floors_above_ground":3,"predominant_space_use":"House/Townhouse","accessibility_rating":"1","bicycle_spaces":0}},{"type":"Feature","geometry":{"type":"Point","coordinates":[144.957206,-37.807657]},"properties":{"property_id":"110675","building_name":"VICTORIA MARKET SHED B","street_address":"Shed B Queen Victoria Market 84 Peel Street MELBOURNE VIC 3000","construction_year":"1878","number_of_floors_above_ground":1,"predominant_space_use":"Retail - Stall","accessibility_rating":"0","bicycle_spaces":0}},{"type":"Feature","geometry":{"type":"Point","coordinates":[144.957206,-37.807657]},"properties":{"property_id":"110676","building_name":"VICTORIA MARKET SHED C","street_address":"Shed C Queen Victoria Market 80 Peel Street MELBOURNE VIC 3000","construction_year":"1878","number_of_floors_above_ground":1,"predominant_space_use":"Unoccupied - Under Renovation","accessibility_rating":"0","bicycle_spaces":0}},{"type":"Feature","geometry":{"type":"Point","coordinates":[144.957206,-37.807657]},"properties":{"property_id":"110686","building_name":"VICTORIA MARKET","street_address":"180-196 Franklin Street MELBOURNE VIC 3000","construction_year":"1930","number_of_floors_above_ground":1,"predominant_space_use":"Storage","accessibility_rating":"0","bicycle_spaces":0}},{"type":"Feature","geometry":{"type":"Point","coordinates":[144.957206,-37.807657]},"properties":{"property_id":"110687","building_name":"VICTORIA MARKET","street_address":"160-176 Franklin Street MELBOURNE VIC 3000","construction_year":"1930","number_of_floors_above_ground":1,"predominant_space_use":"Storage","accessibility_rating":"0","bicycle_spaces":0}},{"type":"Feature","geometry":{"type":"Point","coordinates":[144.957206,-37.807657]},"properties":{"property_id":"110689","building_name":"MEAT HALL","street_address":"Meat Hall Queen Victoria Market 525 Elizabeth Street MELBOURNE VIC 3000","construction_year":"1890","number_of_floors_above_ground":1,"predominant_space_use":"Retail - Stall","accessibility_rating":"3","bicycle_spaces":0}},{"type":"Feature","geometry":{"type":"Point","coordinates":[144.957206,-37.807657]},"properties":{"property_id":"110694","building_name":"VICTORIA MARKET SHED H","street_address":"Shed H Queen Victoria Market Therry Street MELBOURNE VIC 3000","construction_year":"1878","number_of_floors_above_ground":1,"predominant_space_use":"Retail - Stall","accessibility_rating":"0","bicycle_spaces":0}},{"type":"Feature","geometry":{"type":"Point","coordinates":[144.957206,-37.807657]},"properties":{"property_id":"111423","building_name":"Public Toilets","street_address":"465 Queen Street MELBOURNE VIC 3000","construction_year":"1959","number_of_floors_above_ground":1,"predominant_space_use":"Community Use","accessibility_rating":"3","bicycle_spaces":0}},{"type":"Feature","geometry":{"type":"Point","coordinates":[144.957206,-37.807657]},"properties":{"property_id":"580058","street_address":"76 Therry Street MELBOURNE VIC 3000","number_of_floors_above_ground":1,"predominant_space_use":"Entertainment/Recreation - Indoor","accessibility_rating":"3","bicycle_spaces":0}},{"type":"Feature","geometry":{"type":"Point","coordinates":[144.959793,-37.807666]},"properties":{"property_id":"103232","building_name":"London & American Supply Stores","street_address":"483-485 Elizabeth Street MELBOURNE VIC 3000","construction_year":"1937","number_of_floors_above_ground":4,"predominant_space_use":"Residential Apartment","accessibility_rating":"3","bicycle_spaces":0}},{"type":"Feature","geometry":{"type":"Point","coordinates":[144.959553,-37.807353]},"properties":{"property_id":"103235","street_address":"501-503 Elizabeth Street MELBOURNE VIC 3000","construction_year":"1901","number_of_floors_above_ground":3,"predominant_space_use":"Entertainment/Recreation - Indoor","accessibility_rating":"3","bicycle_spaces":0}},{"type":"Feature","geometry":{"type":"Point","coordinates":[144.958116,-37.808613]},"properties":{"property_id":"104090","street_address":"422-428 Queen Street MELBOURNE VIC 3000","construction_year":"1964","number_of_floors_above_ground":2,"predominant_space_use":"Unoccupied - Unused","accessibility_rating":"3","bicycle_spaces":0}},{"type":"Feature","geometry":{"type":"Point","coordinates":[144.958584,-37.808176]},"properties":{"property_id":"104094","street_address":"25-27 Kulinbulok Lane MELBOURNE VIC 3000","construction_year":"1945","number_of_floors_above_ground":2,"predominant_space_use":"Office","accessibility_rating":"1","bicycle_spaces":0}},{"type":"Feature","geometry":{"type":"Point","coordinates":[144.958266,-37.808287]},"properties":{"property_id":"108099","street_address":"440-444 Queen Street MELBOURNE VIC 3000","construction_year":"1956","number_of_floors_above_ground":2,"predominant_space_use":"Retail - Shop","accessibility_rating":"3","bicycle_spaces":0}},{"type":"Feature","geometry":{"type":"Point","coordinates":[144.959951,-37.807941]},"properties":{"property_id":"511518","street_address":"471 Elizabeth Street MELBOURNE VIC 3000","construction_year":"1854","number_of_floors_above_ground":2,"predominant_space_use":"Entertainment/Recreation - Indoor","accessibility_rating":"3","bicycle_spaces":0}},{"type":"Feature","geometry":{"type":"Point","coordinates":[144.960426,-37.80736]},"properties":{"property_id":"103295","street_address":"490-494 Elizabeth Street MELBOURNE VIC 3000","construction_year":"1900","number_of_floors_above_ground":4,"predominant_space_use":"Commercial Accommodation","accessibility_rating":"3","bicycle_spaces":0}},{"type":"Feature","geometry":{"type":"Point","coordinates":[144.960492,-37.807554]},"properties":{"property_id":"103296","street_address":"478-488 Elizabeth Street MELBOURNE VIC 3000","construction_year":"2022","number_of_floors_above_ground":53,"predominant_space_use":"Student Accommodation","accessibility_rating":"3","bicycle_spaces":200}},{"type":"Feature","geometry":{"type":"Point","coordinates":[144.960625,-37.807837]},"properties":{"property_id":"103300","street_address":"452-472 Elizabeth Street MELBOURNE VIC 3000","construction_year":"2017","number_of_floors_above_ground":79,"predominant_space_use":"Residential Apartment","accessibility_rating":"1","bicycle_spaces":242}},{"type":"Feature","geometry":{"type":"Point","coordinates":[144.961613,-37.807523]},"properties":{"property_id":"104103","building_name":"Macs Hotel","street_address":"Mac's Hotel 34-38 Franklin Street MELBOURNE VIC 3000","construction_year":"1853","number_of_floors_above_ground":2,"predominant_space_use":"Entertainment/Recreation - Indoor","accessibility_rating":"1","bicycle_spaces":0}},{"type":"Feature","geometry":{"type":"Point","coordinates":[144.961406,-37.807138]},"properties":{"property_id":"109491","building_name":"Hotel Ibis","street_address":"Hotel Ibis 15-21 Therry Street MELBOURNE VIC 3000","construction_year":"1990","number_of_floors_above_ground":12,"predominant_space_use":"Commercial Accommodation","accessibility_rating":"3","bicycle_spaces":0}},{"type":"Feature","geometry":{"type":"Point","coordinates":[144.962091,-37.80729]},"properties":{"property_id":"604778","building_name":"Verve 501","street_address":"Verve501 Apartments 483 Swanston Street MELBOURNE VIC 3000","construction_year":"2007","number_of_floors_above_ground":41,"predominant_space_use":"Residential Apartment","accessibility_rating":"3","bicycle_spaces":0}},{"type":"Feature","geometry":{"type":"Point","coordinates":[144.962091,-37.80729]},"properties":{"property_id":"604779","building_name":"Milano Apartments","street_address":"Milano Apartments 8 Franklin Street MELBOURNE VIC 3000","construction_year":"2007","number_of_floors_above_ground":37,"predominant_space_use":"Parking - Private Covered","accessibility_rating":"3","bicycle_spaces":0}},{"type":"Feature","geometry":{"type":"Point","coordinates":[144.961032,-37.807097]},"properties":{"property_id":"624495","building_name":"ZEN Tower","street_address":"Zen Apartments 23-39 Therry Street MELBOURNE VIC 3000","construction_year":"2011","number_of_floors_above_ground":49,"predominant_space_use":"Residential Apartment","accessibility_rating":"3","bicycle_spaces":0}},{"type":"Feature","geometry":{"type":"Point","coordinates":[144.960183,-37.806715]},"properties":{"property_id":"103292","street_address":"Multicultural Hub 506-516 Elizabeth Street MELBOURNE VIC 3000","construction_year":"1930","number_of_floors_above_ground":2,"predominant_space_use":"Performances, Conferences, Ceremonies","accessibility_rating":"0","bicycle_spaces":0}},{"type":"Feature","geometry":{"type":"Point","coordinates":[144.95841,-37.800411]},"properties":{"property_id":"101048","street_address":"213-221 Berkeley Street MELBOURNE VIC 3000","construction_year":"1930","number_of_floors_above_ground":1,"predominant_space_use":"Storage","accessibility_rating":"3","bicycle_spaces":0}},{"type":"Feature","geometry":{"type":"Point","coordinates":[144.95819,-37.800555]},"properties":{"property_id":"103259","building_name":"MU Building 222","street_address":"766-772 Elizabeth Street MELBOURNE VIC 3000","construction_year":"1974","number_of_floors_above_ground":12,"predominant_space_use":"Office","accessibility_rating":"2","bicycle_spaces":0}},{"type":"Feature","geometry":{"type":"Point","coordinates":[144.958186,-37.801678]},"properties":{"property_id":"107546","street_address":"228 Pelham Street MELBOURNE VIC 3000","number_of_floors_above_ground":2,"predominant_space_use":"House/Townhouse","accessibility_rating":"0"}},{"type":"Feature","geometry":{"type":"Point","coordinates":[144.958329,-37.801695]},"properties":{"property_id":"107548","street_address":"222-224 Pelham Street MELBOURNE VIC 3000","construction_year":"1920","number_of_floors_above_ground":2,"predominant_space_use":"Entertainment/Recreation - Indoor","accessibility_rating":"1","bicycle_spaces":0}},{"type":"Feature","geometry":{"type":"Point","coordinates":[144.959408,-37.800646]},"properties":{"property_id":"100838","street_address":"141 Barry Street CARLTON VIC 3053","construction_year":"1900","number_of_floors_above_ground":2,"predominant_space_use":"House/Townhouse","accessibility_rating":"0"}},{"type":"Feature","geometry":{"type":"Point","coordinates":[144.959374,-37.800831]},"properties":{"property_id":"502486","building_name":"The University of Melbourne - Building 337","street_address":"131-137 Barry Street CARLTON VIC 3053","construction_year":"1901","number_of_floors_above_ground":2,"predominant_space_use":"Office","accessibility_rating":"1","bicycle_spaces":0}},{"type":"Feature","geometry":{"type":"Point","coordinates":[144.962132,-37.800761]},"properties":{"property_id":"101257","street_address":"243-245 Bouverie Street CARLTON VIC 3053","construction_year":"1935","number_of_floors_above_ground":2,"predominant_space_use":"Educational/Research","accessibility_rating":"1","bicycle_spaces":0}},{"type":"Feature","geometry":{"type":"Point","coordinates":[144.962019,-37.800516]},"properties":{"property_id":"104462","building_name":"Building 274","street_address":"199-203 Grattan Street CARLTON VIC 3053","construction_year":"1984","number_of_floors_above_ground":2,"predominant_space_use":"Entertainment/Recreation - Indoor","accessibility_rating":"3","bicycle_spaces":0}},{"type":"Feature","geometry":{"type":"Point","coordinates":[144.961807,-37.800587]},"properties":{"property_id":"106384","street_address":"8-14 Malvina Place CARLTON VIC 3053","construction_year":"1919","number_of_floors_above_ground":2,"predominant_space_use":"Office","accessibility_rating":"3","bicycle_spaces":0}},{"type":"Feature","geometry":{"type":"Point","coordinates":[144.962738,-37.800758]},"properties":{"property_id":"101261","building_name":"Building 254","street_address":"172 Bouverie Street CARLTON VIC 3053","construction_year":"1901","number_of_floors_above_ground":2,"predominant_space_use":"Office","accessibility_rating":"1","bicycle_spaces":0}},{"type":"Feature","geometry":{"type":"Point","coordinates":[144.962712,-37.801058]},"properties":{"property_id":"101263","building_name":"Building 384","street_address":"158-164 Bouverie Street CARLTON VIC 3053","construction_year":"1954","number_of_floors_above_ground":2,"predominant_space_use":"Office","accessibility_rating":"1","bicycle_spaces":0}},{"type":"Feature","geometry":{"type":"Point","coordinates":[144.962985,-37.80085]},"properties":{"property_id":"101995","street_address":"20-24 Church Street CARLTON VIC 3053","construction_year":"1965","number_of_floors_above_ground":1,"predominant_space_use":"Unoccupied - Unused","accessibility_rating":"0","bicycle_spaces":0}},{"type":"Feature","geometry":{"type":"Point","coordinates":[144.963359,-37.800591]},"properties":{"property_id":"104454","street_address":"165 Grattan Street CARLTON VIC 3053","number_of_floors_above_ground":2,"predominant_space_use":"House/Townhouse","accessibility_rating":"0"}},{"type":"Feature","geometry":{"type":"Point","coordinates":[144.963059,-37.800571]},"properties":{"property_id":"104458","street_address":"175 Grattan Street CARLTON VIC 3053","construction_year":"1900","number_of_floors_above_ground":1,"predominant_space_use":"House/Townhouse","accessibility_rating":"0"}},{"type":"Feature","geometry":{"type":"Point","coordinates":[144.963,-37.800566]},"properties":{"property_id":"104459","street_address":"177 Grattan Street CARLTON VIC 3053","construction_year":"1880","number_of_floors_above_ground":2,"predominant_space_use":"House/Townhouse","accessibility_rating":"0"}},{"type":"Feature","geometry":{"type":"Point","coordinates":[144.96305,-37.801382]},"properties":{"property_id":"105655","street_address":"18-20 Lincoln Square North CARLTON VIC 3053","construction_year":"2021","number_of_floors_above_ground":15,"predominant_space_use":"Residential Apartment","accessibility_rating":"1","bicycle_spaces":20}},{"type":"Feature","geometry":{"type":"Point","coordinates":[144.963405,-37.80115]},"properties":{"property_id":"109328","building_name":"Building 243","street_address":"715-721 Swanston Street CARLTON VIC 3053","construction_year":"1987","number_of_floors_above_ground":3,"predominant_space_use":"Educational/Research","accessibility_rating":"1","bicycle_spaces":0}},{"type":"Feature","geometry":{"type":"Point","coordinates":[144.964876,-37.8021]},"properties":{"property_id":"505263","street_address":"199 Cardigan Street CARLTON VIC 3053","construction_year":"1885","number_of_floors_above_ground":2,"predominant_space_use":"House/Townhouse","accessibility_rating":"1","bicycle_spaces":0}},{"type":"Feature","geometry":{"type":"Point","coordinates":[144.964312,-37.801886]},"properties":{"property_id":"581310","building_name":"Building C","street_address":"Building C 640 Swanston Street CARLTON VIC 3053","construction_year":"2003","number_of_floors_above_ground":3,"predominant_space_use":"Residential Apartment","accessibility_rating":"1","bicycle_spaces":0}},{"type":"Feature","geometry":{"type":"Point","coordinates":[144.964312,-37.801886]},"properties":{"property_id":"581508","building_name":"Building D - Seasons Apartments","street_address":"Building D Seasons Apartments 604 Swanston Street CARLTON VIC 3053","construction_year":"2004","number_of_floors_above_ground":14,"predominant_space_use":"Residential Apartment","accessibility_rating":"3","bicycle_spaces":0}},{"type":"Feature","geometry":{"type":"Point","coordinates":[144.96677,-37.803442]},"properties":{"property_id":"106244","street_address":"160-162 Lygon Street CARLTON VIC 3053","construction_year":"1905","number_of_floors_above_ground":3,"predominant_space_use":"Entertainment/Recreation - Indoor","accessibility_rating":"3","bicycle_spaces":0}},{"type":"Feature","geometry":{"type":"Point","coordinates":[144.966693,-37.803958]},"properties":{"property_id":"106248","street_address":"132-136 Lygon Street CARLTON VIC 3053","construction_year":"1882","number_of_floors_above_ground":2,"predominant_space_use":"Unoccupied - Unused","accessibility_rating":"1","bicycle_spaces":0}},{"type":"Feature","geometry":{"type":"Point","coordinates":[144.966683,-37.804034]},"properties":{"property_id":"106249","street_address":"128-130 Lygon Street CARLTON VIC 3053","construction_year":"1885","number_of_floors_above_ground":2,"predominant_space_use":"Entertainment/Recreation - Indoor","accessibility_rating":"1","bicycle_spaces":0}},{"type":"Feature","geometry":{"type":"Point","coordinates":[144.966699,-37.804438]},"properties":{"property_id":"111065","street_address":"112 Lygon Street CARLTON VIC 3053","construction_year":"1890","number_of_floors_above_ground":3,"predominant_space_use":"Residential Apartment","accessibility_rating":"1","bicycle_spaces":0}},{"type":"Feature","geometry":{"type":"Point","coordinates":[144.966699,-37.804438]},"properties":{"property_id":"111066","street_address":"110 Lygon Street CARLTON VIC 3053","construction_year":"1890","number_of_floors_above_ground":3,"predominant_space_use":"Entertainment/Recreation - Indoor","accessibility_rating":"1","bicycle_spaces":0}},{"type":"Feature","geometry":{"type":"Point","coordinates":[144.966699,-37.804438]},"properties":{"property_id":"574431","street_address":"118 Lygon Street CARLTON VIC 3053","construction_year":"1888","number_of_floors_above_ground":2,"predominant_space_use":"Residential Apartment","accessibility_rating":"1","bicycle_spaces":0}},{"type":"Feature","geometry":{"type":"Point","coordinates":[144.967001,-37.80366]},"properties":{"property_id":"557293","street_address":"26 Drummond Place CARLTON VIC 3053","construction_year":"2009","number_of_floors_above_ground":5,"predominant_space_use":"House/Townhouse","accessibility_rating":"0","bicycle_spaces":0}},{"type":"Feature","geometry":{"type":"Point","coordinates":[144.965813,-37.80375]},"properties":{"property_id":"100563","street_address":"11-15 Argyle Place South CARLTON VIC 3053","construction_year":"1981","number_of_floors_above_ground":2,"predominant_space_use":"Office","accessibility_rating":"1","bicycle_spaces":0}},{"type":"Feature","geometry":{"type":"Point","coordinates":[144.965188,-37.803628]},"properties":{"property_id":"100569","building_name":"Ailsa Craig","street_address":"35 Argyle Place South CARLTON VIC 3053","construction_year":"1870","number_of_floors_above_ground":2,"predominant_space_use":"House/Townhouse","accessibility_rating":"0"}},{"type":"Feature","geometry":{"type":"Point","coordinates":[144.965974,-37.804492]},"properties":{"property_id":"106084","street_address":"99-109 Lygon Street CARLTON VIC 3053","construction_year":"1901","number_of_floors_above_ground":3,"predominant_space_use":"Residential Apartment","accessibility_rating":"3","bicycle_spaces":0}},{"type":"Feature","geometry":{"type":"Point","coordinates":[144.965973,-37.804251]},"properties":{"property_id":"106085","building_name":"Carlton South Post Office","street_address":"Carlton South Post Office 113-119 Lygon Street CARLTON VIC 3053","construction_year":"1975","number_of_floors_above_ground":2,"predominant_space_use":"Unoccupied - Unused","accessibility_rating":"3","bicycle_spaces":0}},{"type":"Feature","geometry":{"type":"Point","coordinates":[144.966024,-37.80415]},"properties":{"property_id":"106086","street_address":"121 Lygon Street CARLTON VIC 3053","construction_year":"1906","number_of_floors_above_ground":2,"predominant_space_use":"Entertainment/Recreation - Indoor","accessibility_rating":"3","bicycle_spaces":0}},{"type":"Feature","geometry":{"type":"Point","coordinates":[144.966034,-37.80409]},"properties":{"property_id":"106087","street_address":"123-125 Lygon Street CARLTON VIC 3053","construction_year":"1909","number_of_floors_above_ground":2,"predominant_space_use":"House/Townhouse","accessibility_rating":"3","bicycle_spaces":0}},{"type":"Feature","geometry":{"type":"Point","coordinates":[144.966044,-37.80403]},"properties":{"property_id":"106088","street_address":"127-129 Lygon Street CARLTON VIC 3053","construction_year":"1870","number_of_floors_above_ground":2,"predominant_space_use":"Retail - Shop","accessibility_rating":"1","bicycle_spaces":0}},{"type":"Feature","geometry":{"type":"Point","coordinates":[144.966087,-37.803848]},"properties":{"property_id":"106091","street_address":"139-141 Lygon Street CARLTON VIC 3053","construction_year":"1920","number_of_floors_above_ground":2,"predominant_space_use":"Entertainment/Recreation - Indoor","accessibility_rating":"1","bicycle_spaces":0}},{"type":"Feature","geometry":{"type":"Point","coordinates":[144.966118,-37.803662]},"properties":{"property_id":"106096","street_address":"151 Lygon Street CARLTON VIC 3053","construction_year":"1880","number_of_floors_above_ground":2,"predominant_space_use":"Unoccupied - Under Renovation","accessibility_rating":"1","bicycle_spaces":0}},{"type":"Feature","geometry":{"type":"Point","coordinates":[144.965611,-37.80421]},"properties":{"property_id":"106381","street_address":"12 Magenta Place CARLTON VIC 3053","construction_year":"1900","number_of_floors_above_ground":3,"predominant_space_use":"House/Townhouse","accessibility_rating":"0"}},{"type":"Feature","geometry":{"type":"Point","coordinates":[144.965743,-37.804222]},"properties":{"property_id":"106383","street_address":"8 Magenta Place CARLTON VIC 3053","number_of_floors_above_ground":1,"predominant_space_use":"House/Townhouse","accessibility_rating":"0"}},{"type":"Feature","geometry":{"type":"Point","coordinates":[144.965673,-37.804516]},"properties":{"property_id":"108039","building_name":"Cento Apartments","street_address":"Cento Apartments 96-104 Queensberry Street CARLTON VIC 3053","construction_year":"2001","number_of_floors_above_ground":4,"predominant_space_use":"Residential Apartment","accessibility_rating":"3","bicycle_spaces":0}},{"type":"Feature","geometry":{"type":"Point","coordinates":[144.965177,-37.804024]},"properties":{"property_id":"565101","street_address":"112 Cardigan Street CARLTON VIC 3053","number_of_floors_above_ground":1,"predominant_space_use":"House/Townhouse","accessibility_rating":"0"}},{"type":"Feature","geometry":{"type":"Point","coordinates":[144.96456,-37.804048]},"properties":{"property_id":"101600","street_address":"111 Cardigan Street CARLTON VIC 3053","number_of_floors_above_ground":2,"predominant_space_use":"House/Townhouse","accessibility_rating":"0"}},{"type":"Feature","geometry":{"type":"Point","coordinates":[144.964555,-37.803997]},"properties":{"property_id":"101601","street_address":"113 Cardigan Street CARLTON VIC 3053","construction_year":"1930","number_of_floors_above_ground":1,"predominant_space_use":"House/Townhouse","accessibility_rating":"1","bicycle_spaces":0}},{"type":"Feature","geometry":{"type":"Point","coordinates":[144.964458,-37.803628]},"properties":{"property_id":"101604","street_address":"121-131 Cardigan Street CARLTON VIC 3053","construction_year":"1989","number_of_floors_above_ground":2,"predominant_space_use":"Unoccupied - Unused","accessibility_rating":"3","bicycle_spaces":0}},{"type":"Feature","geometry":{"type":"Point","coordinates":[144.96439,-37.803081]},"properties":{"property_id":"101606","building_name":"Solo House","street_address":"143-157 Cardigan Street CARLTON VIC 3053","construction_year":"1970","number_of_floors_above_ground":2,"predominant_space_use":"Office","accessibility_rating":"1","bicycle_spaces":0}},{"type":"Feature","geometry":{"type":"Point","coordinates":[144.964793,-37.802862]},"properties":{"property_id":"101607","street_address":"89-93 Pelham Street CARLTON VIC 3053","construction_year":"2016","number_of_floors_above_ground":7,"predominant_space_use":"Residential Apartment","accessibility_rating":"3","bicycle_spaces":0}},{"type":"Feature","geometry":{"type":"Point","coordinates":[144.964449,-37.803348]},"properties":{"property_id":"105077","street_address":"10-16 Ievers Terrace CARLTON VIC 3053","construction_year":"1987","number_of_floors_above_ground":4,"predominant_space_use":"Unoccupied - Unused","accessibility_rating":"1","bicycle_spaces":0}},{"type":"Feature","geometry":{"type":"Point","coordinates":[144.964422,-37.802822]},"properties":{"property_id":"107541","street_address":"95-125 Pelham Street CARLTON VIC 3053","construction_year":"2014","number_of_floors_above_ground":12,"predominant_space_use":"Residential Apartment","accessibility_rating":"3","bicycle_spaces":0}},{"type":"Feature","geometry":{"type":"Point","coordinates":[144.964054,-37.803173]},"properties":{"property_id":"109367","street_address":"578-584 Swanston Street CARLTON VIC 3053","construction_year":"2007","number_of_floors_above_ground":3,"predominant_space_use":"Hospital/Clinic","accessibility_rating":"2","bicycle_spaces":0}},{"type":"Feature","geometry":{"type":"Point","coordinates":[144.963909,-37.803554]},"properties":{"property_id":"109370","street_address":"558-566 Swanston Street CARLTON VIC 3053","construction_year":"2021","number_of_floors_above_ground":14,"predominant_space_use":"Student Accommodation","accessibility_rating":"3","bicycle_spaces":184}},{"type":"Feature","geometry":{"type":"Point","coordinates":[144.963936,-37.803874]},"properties":{"property_id":"109373","building_name":"Building 246","street_address":"546-552 Swanston Street CARLTON VIC 3053","construction_year":"1987","number_of_floors_above_ground":3,"predominant_space_use":"Educational/Research","accessibility_rating":"3","bicycle_spaces":0}},{"type":"Feature","geometry":{"type":"Point","coordinates":[144.964295,-37.804446]},"properties":{"property_id":"111305","street_address":"138 Queensberry Street CARLTON VIC 3053","construction_year":"1880","number_of_floors_above_ground":2,"predominant_space_use":"Entertainment/Recreation - Indoor","accessibility_rating":"1","bicycle_spaces":0}},{"type":"Feature","geometry":{"type":"Point","coordinates":[144.964307,-37.80424]},"properties":{"property_id":"625434","street_address":"12 Little Queensberry Street CARLTON VIC 3053","number_of_floors_above_ground":3,"predominant_space_use":"House/Townhouse","accessibility_rating":"0","bicycle_spaces":0}},{"type":"Feature","geometry":{"type":"Point","coordinates":[144.9643,-37.804199]},"properties":{"property_id":"625436","street_address":"10 Little Queensberry Street CARLTON VIC 3053","number_of_floors_above_ground":3,"predominant_space_use":"House/Townhouse","accessibility_rating":"0","bicycle_spaces":0}},{"type":"Feature","geometry":{"type":"Point","coordinates":[144.962268,-37.803403]},"properties":{"property_id":"101265","building_name":"Building 223","street_address":"33-41 Lincoln Square South CARLTON VIC 3053","construction_year":"1992","number_of_floors_above_ground":5,"predominant_space_use":"Office","accessibility_rating":"3","bicycle_spaces":4}},{"type":"Feature","geometry":{"type":"Point","coordinates":[144.962199,-37.803691]},"properties":{"property_id":"101266","building_name":"Bouverie Residence","street_address":"116-120 Bouverie Street CARLTON VIC 3053","construction_year":"1950","number_of_floors_above_ground":4,"predominant_space_use":"Student Accommodation","accessibility_rating":"1","bicycle_spaces":0}},{"type":"Feature","geometry":{"type":"Point","coordinates":[144.962542,-37.803434]},"properties":{"property_id":"105653","building_name":"Sanro House","street_address":"23-31 Lincoln Square South CARLTON VIC 3053","construction_year":"1920","number_of_floors_above_ground":5,"predominant_space_use":"Unoccupied - Unused","accessibility_rating":"1","bicycle_spaces":0}},{"type":"Feature","geometry":{"type":"Point","coordinates":[144.962303,-37.804244]},"properties":{"property_id":"108028","street_address":"198-202 Queensberry Street CARLTON VIC 3053","construction_year":"1930","number_of_floors_above_ground":3,"predominant_space_use":"Unoccupied - Unused","accessibility_rating":"1","bicycle_spaces":0}},{"type":"Feature","geometry":{"type":"Point","coordinates":[144.963003,-37.803595]},"properties":{"property_id":"109326","street_address":"1-13 Lincoln Square South CARLTON VIC 3053","construction_year":"2021","number_of_floors_above_ground":15,"predominant_space_use":"Student Accommodation","accessibility_rating":"3","bicycle_spaces":172}},{"type":"Feature","geometry":{"type":"Point","coordinates":[144.962654,-37.80393]},"properties":{"property_id":"111247","street_address":"19 Lincoln Place CARLTON VIC 3053","construction_year":"1930","number_of_floors_above_ground":4,"predominant_space_use":"Residential Apartment","accessibility_rating":"1","bicycle_spaces":0}},{"type":"Feature","geometry":{"type":"Point","coordinates":[144.961631,-37.803447]},"properties":{"property_id":"101247","street_address":"129-135 Bouverie Street CARLTON VIC 3053","construction_year":"2019","number_of_floors_above_ground":15,"predominant_space_use":"Student Accommodation","accessibility_rating":"3","bicycle_spaces":34}},{"type":"Feature","geometry":{"type":"Point","coordinates":[144.961742,-37.802972]},"properties":{"property_id":"101251","street_address":"155 Bouverie Street CARLTON VIC 3053","number_of_floors_above_ground":1,"predominant_space_use":"Unoccupied - Unused","accessibility_rating":"0","bicycle_spaces":0}},{"type":"Feature","geometry":{"type":"Point","coordinates":[144.961772,-37.802614]},"properties":{"property_id":"101253","building_name":"Pelham House","street_address":"163-175 Bouverie Street CARLTON VIC 3053","construction_year":"1985","number_of_floors_above_ground":3,"predominant_space_use":"Parking - Private Covered","accessibility_rating":"3","bicycle_spaces":10}},{"type":"Feature","geometry":{"type":"Point","coordinates":[144.961184,-37.802751]},"properties":{"property_id":"105507","street_address":"4-12 Leicester Place CARLTON VIC 3053","construction_year":"1930","number_of_floors_above_ground":1,"predominant_space_use":"Unoccupied - Unused","accessibility_rating":"3","bicycle_spaces":0}},{"type":"Feature","geometry":{"type":"Point","coordinates":[144.960876,-37.802674]},"properties":{"property_id":"105519","street_address":"148 Leicester Street CARLTON VIC 3053","number_of_floors_above_ground":2,"predominant_space_use":"House/Townhouse","accessibility_rating":"0"}},{"type":"Feature","geometry":{"type":"Point","coordinates":[144.960972,-37.803353]},"properties":{"property_id":"105523","street_address":"108-128 Leicester Street CARLTON VIC 3053","construction_year":"2016","number_of_floors_above_ground":14,"predominant_space_use":"Student Accommodation","accessibility_rating":"3","bicycle_spaces":0}},{"type":"Feature","geometry":{"type":"Point","coordinates":[144.960859,-37.803708]},"properties":{"property_id":"105524","building_name":"Building 278","street_address":"100-106 Leicester Street CARLTON VIC 3053","construction_year":"2010","number_of_floors_above_ground":10,"predominant_space_use":"Office","accessibility_rating":"3","bicycle_spaces":32}},{"type":"Feature","geometry":{"type":"Point","coordinates":[144.961002,-37.803957]},"properties":{"property_id":"108024","building_name":"Bldg 263 - Kwong Lee Dow","street_address":"Melbourne University 224-252 Queensberry Street CARLTON VIC 3053","construction_year":"1881","number_of_floors_above_ground":7,"predominant_space_use":"Educational/Research","accessibility_rating":"0","bicycle_spaces":20}},{"type":"Feature","geometry":{"type":"Point","coordinates":[144.961261,-37.802413]},"properties":{"property_id":"525991","street_address":"159 Pelham Street CARLTON VIC 3053","construction_year":"1940","number_of_floors_above_ground":3,"predominant_space_use":"Residential Apartment","accessibility_rating":"1","bicycle_spaces":0}},{"type":"Feature","geometry":{"type":"Point","coordinates":[144.961062,-37.802488]},"properties":{"property_id":"525993","street_address":"9 Leicester Place CARLTON VIC 3053","number_of_floors_above_ground":4,"predominant_space_use":"House/Townhouse","accessibility_rating":"0"}},{"type":"Feature","geometry":{"type":"Point","coordinates":[144.961248,-37.80251]},"properties":{"property_id":"525996","street_address":"15 Leicester Place CARLTON VIC 3053","number_of_floors_above_ground":3,"predominant_space_use":"House/Townhouse","accessibility_rating":"0"}},{"type":"Feature","geometry":{"type":"Point","coordinates":[144.961318,-37.802518]},"properties":{"property_id":"525997","street_address":"17 Leicester Place CARLTON VIC 3053","number_of_floors_above_ground":3,"predominant_space_use":"House/Townhouse","accessibility_rating":"0"}},{"type":"Feature","geometry":{"type":"Point","coordinates":[144.959984,-37.80279]},"properties":{"property_id":"100842","street_address":"52-54 Barry Street CARLTON VIC 3053","construction_year":"1930","number_of_floors_above_ground":2,"predominant_space_use":"Office","accessibility_rating":"1","bicycle_spaces":0}},{"type":"Feature","geometry":{"type":"Point","coordinates":[144.960196,-37.803368]},"properties":{"property_id":"105509","building_name":"Trinity","street_address":"97-113 Leicester Street CARLTON VIC 3053","construction_year":"2007","number_of_floors_above_ground":8,"predominant_space_use":"Residential Apartment","accessibility_rating":"3","bicycle_spaces":0}},{"type":"Feature","geometry":{"type":"Point","coordinates":[144.960271,-37.802743]},"properties":{"property_id":"105512","street_address":"135-139 Leicester Street CARLTON VIC 3053","construction_year":"1935","number_of_floors_above_ground":1,"predominant_space_use":"Workshop/Studio","accessibility_rating":"1","bicycle_spaces":0}},{"type":"Feature","geometry":{"type":"Point","coordinates":[144.96027,-37.802638]},"properties":{"property_id":"105513","street_address":"141-143 Leicester Street CARLTON VIC 3053","construction_year":"1930","number_of_floors_above_ground":2,"predominant_space_use":"Office","accessibility_rating":"3","bicycle_spaces":0}},{"type":"Feature","geometry":{"type":"Point","coordinates":[144.960242,-37.8032]},"properties":{"property_id":"558654","street_address":"115 Leicester Street CARLTON VIC 3053","construction_year":"1999","number_of_floors_above_ground":3,"predominant_space_use":"House/Townhouse","accessibility_rating":"0"}},{"type":"Feature","geometry":{"type":"Point","coordinates":[144.960034,-37.80241]},"properties":{"property_id":"568077","building_name":"Building 106 Law Building","street_address":"Melbourne University Building C 179-201 Pelham Street CARLTON VIC 3053","construction_year":"2001","number_of_floors_above_ground":11,"predominant_space_use":"Educational/Research","accessibility_rating":"3","bicycle_spaces":0}},{"type":"Feature","geometry":{"type":"Point","coordinates":[144.959442,-37.80298]},"properties":{"property_id":"100829","street_address":"49-53 Barry Street CARLTON VIC 3053","construction_year":"2002","number_of_floors_above_ground":4,"predominant_space_use":"Residential Apartment","accessibility_rating":"1","bicycle_spaces":0}},{"type":"Feature","geometry":{"type":"Point","coordinates":[144.959373,-37.802837]},"properties":{"property_id":"100830","street_address":"55-61 Barry Street CARLTON VIC 3053","construction_year":"1986","number_of_floors_above_ground":2,"predominant_space_use":"Office","accessibility_rating":"1","bicycle_spaces":4}},{"type":"Feature","geometry":{"type":"Point","coordinates":[144.959059,-37.802731]},"properties":{"property_id":"101060","street_address":"116-118 Berkeley Street CARLTON VIC 3053","construction_year":"2009","number_of_floors_above_ground":3,"predominant_space_use":"House/Townhouse","accessibility_rating":"0","bicycle_spaces":0}},{"type":"Feature","geometry":{"type":"Point","coordinates":[144.959686,-37.803753]},"properties":{"property_id":"108023","building_name":"Building 266","street_address":"1-29 Barry Street CARLTON VIC 3053","construction_year":"1928","number_of_floors_above_ground":4,"predominant_space_use":"Office","accessibility_rating":"3","bicycle_spaces":40}},{"type":"Feature","geometry":{"type":"Point","coordinates":[144.95922,-37.802482]},"properties":{"property_id":"111521","street_address":"75-79 Barry Street CARLTON VIC 3053","number_of_floors_above_ground":1,"predominant_space_use":"House/Townhouse","accessibility_rating":"0"}},{"type":"Feature","geometry":{"type":"Point","coordinates":[144.95824,-37.802193]},"properties":{"property_id":"103262","building_name":"Royal Elizabeth","street_address":"149-155 Berkeley Street MELBOURNE VIC 3000","construction_year":"2017","number_of_floors_above_ground":19,"predominant_space_use":"Residential Apartment","accessibility_rating":"3","bicycle_spaces":0}},{"type":"Feature","geometry":{"type":"Point","coordinates":[144.958304,-37.802366]},"properties":{"property_id":"103264","street_address":"141-147 Berkeley Street MELBOURNE VIC 3000","construction_year":"2019","number_of_floors_above_ground":20,"predominant_space_use":"Student Accommodation","accessibility_rating":"3","bicycle_spaces":134}},{"type":"Feature","geometry":{"type":"Point","coordinates":[144.9584,-37.802578]},"properties":{"property_id":"103266","street_address":"676-678 Elizabeth Street MELBOURNE VIC 3000","construction_year":"1914","number_of_floors_above_ground":2,"predominant_space_use":"Unoccupied - Unused","accessibility_rating":"1","bicycle_spaces":0}},{"type":"Feature","geometry":{"type":"Point","coordinates":[144.958495,-37.802788]},"properties":{"property_id":"103268","building_name":"Common Ground Supportive Housing","street_address":"660-674 Elizabeth Street MELBOURNE VIC 3000","construction_year":"2010","number_of_floors_above_ground":11,"predominant_space_use":"Institutional Accommodation","accessibility_rating":"3","bicycle_spaces":12}},{"type":"Feature","geometry":{"type":"Point","coordinates":[144.958614,-37.803287]},"properties":{"property_id":"103272","street_address":"642-644 Elizabeth Street MELBOURNE VIC 3000","construction_year":"1920","number_of_floors_above_ground":2,"predominant_space_use":"Entertainment/Recreation - Indoor","accessibility_rating":"2","bicycle_spaces":0}},{"type":"Feature","geometry":{"type":"Point","coordinates":[144.958905,-37.80367]},"properties":{"property_id":"103273","street_address":"618-630 Elizabeth Street MELBOURNE VIC 3000","construction_year":"1920","number_of_floors_above_ground":2,"predominant_space_use":"Office","accessibility_rating":"1","bicycle_spaces":0}},{"type":"Feature","geometry":{"type":"Point","coordinates":[144.958771,-37.803384]},"properties":{"property_id":"103275","building_name":"Elan Apartments","street_address":"Elan Apartments 634-640 Elizabeth Street MELBOURNE VIC 3000","construction_year":"2011","number_of_floors_above_ground":12,"predominant_space_use":"Residential Apartment","accessibility_rating":"1","bicycle_spaces":55}},{"type":"Feature","geometry":{"type":"Point","coordinates":[144.959067,-37.804301]},"properties":{"property_id":"103277","street_address":"600-608 Elizabeth Street MELBOURNE VIC 3000","construction_year":"1940","number_of_floors_above_ground":2,"predominant_space_use":"Retail - Shop","accessibility_rating":"3","bicycle_spaces":0}},{"type":"Feature","geometry":{"type":"Point","coordinates":[144.959459,-37.80487]},"properties":{"property_id":"103282","street_address":"568-574 Elizabeth Street MELBOURNE VIC 3000","construction_year":"1920","number_of_floors_above_ground":2,"predominant_space_use":"Retail - Shop","accessibility_rating":"3","bicycle_spaces":4}},{"type":"Feature","geometry":{"type":"Point","coordinates":[144.959554,-37.805069]},"properties":{"property_id":"103284","street_address":"556-562 Elizabeth Street MELBOURNE VIC 3000","construction_year":"1909","number_of_floors_above_ground":1,"predominant_space_use":"Retail - Shop","accessibility_rating":"3","bicycle_spaces":0}},{"type":"Feature","geometry":{"type":"Point","coordinates":[144.959591,-37.805154]},"properties":{"property_id":"103285","street_address":"550-554 Elizabeth Street MELBOURNE VIC 3000","construction_year":"1909","number_of_floors_above_ground":1,"predominant_space_use":"Unoccupied - Unused","accessibility_rating":"3","bicycle_spaces":0}},{"type":"Feature","geometry":{"type":"Point","coordinates":[144.959735,-37.805581]},"properties":{"property_id":"103288","street_address":"532-534 Elizabeth Street MELBOURNE VIC 3000","construction_year":"2004","number_of_floors_above_ground":2,"predominant_space_use":"Office","accessibility_rating":"1","bicycle_spaces":0}},{"type":"Feature","geometry":{"type":"Point","coordinates":[144.959774,-37.805928]},"properties":{"property_id":"103291","street_address":"518 Elizabeth Street MELBOURNE VIC 3000","construction_year":"1889","number_of_floors_above_ground":3,"predominant_space_use":"Unoccupied - Unused","accessibility_rating":"1","bicycle_spaces":0}},{"type":"Feature","geometry":{"type":"Point","coordinates":[144.95933,-37.804335]},"properties":{"property_id":"107877","street_address":"277-283 Queensberry Street MELBOURNE VIC 3000","construction_year":"1950","number_of_floors_above_ground":2,"predominant_space_use":"Office","accessibility_rating":"3","bicycle_spaces":0}},{"type":"Feature","geometry":{"type":"Point","coordinates":[144.959275,-37.804476]},"properties":{"property_id":"567656","street_address":"592 Elizabeth Street MELBOURNE VIC 3000","construction_year":"1910","number_of_floors_above_ground":2,"predominant_space_use":"Retail - Shop","accessibility_rating":"3","bicycle_spaces":0}},{"type":"Feature","geometry":{"type":"Point","coordinates":[144.961319,-37.80523]},"properties":{"property_id":"101241","street_address":"Substation BQ, 43-61 Bouverie Street CARLTON VIC 3053","construction_year":"2012","number_of_floors_above_ground":1,"predominant_space_use":"Equipment Installation","accessibility_rating":"0","bicycle_spaces":0}},{"type":"Feature","geometry":{"type":"Point","coordinates":[144.961441,-37.804599]},"properties":{"property_id":"101244","street_address":"81-89 Bouverie Street CARLTON VIC 3053","construction_year":"1930","number_of_floors_above_ground":2,"predominant_space_use":"Unoccupied - Unused","accessibility_rating":"3","bicycle_spaces":0}},{"type":"Feature","geometry":{"type":"Point","coordinates":[144.961078,-37.804792]},"properties":{"property_id":"105428","street_address":"23-37 Lansdowne Place CARLTON VIC 3053","construction_year":"1910","number_of_floors_above_ground":2,"predominant_space_use":"Equipment Installation","accessibility_rating":"0","bicycle_spaces":0}},{"type":"Feature","geometry":{"type":"Point","coordinates":[144.961216,-37.804532]},"properties":{"property_id":"107870","street_address":"225-227 Queensberry Street CARLTON VIC 3053","construction_year":"1910","number_of_floors_above_ground":2,"predominant_space_use":"Unoccupied - Unused","accessibility_rating":"1","bicycle_spaces":0}},{"type":"Feature","geometry":{"type":"Point","coordinates":[144.960696,-37.804609]},"properties":{"property_id":"107873","street_address":"233-251 Queensberry Street CARLTON VIC 3053","construction_year":"1950","number_of_floors_above_ground":4,"predominant_space_use":"Office","accessibility_rating":"2","bicycle_spaces":0}},{"type":"Feature","geometry":{"type":"Point","coordinates":[144.9603,-37.806043]},"properties":{"property_id":"533992","building_name":"The Vic","street_address":"2-14 Leicester Street CARLTON VIC 3053","construction_year":"2014","number_of_floors_above_ground":19,"predominant_space_use":"Residential Apartment","accessibility_rating":"3","bicycle_spaces":50}},{"type":"Feature","geometry":{"type":"Point","coordinates":[144.960667,-37.806071]},"properties":{"property_id":"563936","street_address":"194-208 Victoria Street CARLTON VIC 3053","construction_year":"1960","number_of_floors_above_ground":7,"predominant_space_use":"Office","accessibility_rating":"3","bicycle_spaces":5}},{"type":"Feature","geometry":{"type":"Point","coordinates":[144.962512,-37.806195]},"properties":{"property_id":"619111","building_name":"Building 100 - RMIT Design Hub and Archive","street_address":"136-154 Victoria Street CARLTON VIC 3053","construction_year":"2011","number_of_floors_above_ground":9,"predominant_space_use":"Educational/Research","accessibility_rating":"3","bicycle_spaces":100}},{"type":"Feature","geometry":{"type":"Point","coordinates":[144.961941,-37.806146]},"properties":{"property_id":"644814","street_address":"156-172 Victoria Street CARLTON VIC 3053","construction_year":"2020","number_of_floors_above_ground":72,"predominant_space_use":"Residential Apartment","accessibility_rating":"3","bicycle_spaces":470}},{"type":"Feature","geometry":{"type":"Point","coordinates":[144.962508,-37.805696]},"properties":{"property_id":"661676","building_name":"Maltstore Building","street_address":"551 Swanston Street CARLTON VIC 3053","construction_year":"2016","number_of_floors_above_ground":4,"predominant_space_use":"Unoccupied - Unused","accessibility_rating":"3","bicycle_spaces":0}},{"type":"Feature","geometry":{"type":"Point","coordinates":[144.963994,-37.805435]},"properties":{"property_id":"101579","street_address":"25 Queensberry Place CARLTON VIC 3053","construction_year":"1900","number_of_floors_above_ground":2,"predominant_space_use":"Residential Apartment","accessibility_rating":"3","bicycle_spaces":0}},{"type":"Feature","geometry":{"type":"Point","coordinates":[144.964325,-37.805261]},"properties":{"property_id":"101585","building_name":"George's Terrace","street_address":"63 Cardigan Street CARLTON VIC 3053","number_of_floors_above_ground":2,"predominant_space_use":"House/Townhouse","accessibility_rating":"0"}},{"type":"Feature","geometry":{"type":"Point","coordinates":[144.964322,-37.804905]},"properties":{"property_id":"107865","street_address":"133 Queensberry Street CARLTON VIC 3053","number_of_floors_above_ground":2,"predominant_space_use":"House/Townhouse","accessibility_rating":"0"}},{"type":"Feature","geometry":{"type":"Point","coordinates":[144.963717,-37.805218]},"properties":{"property_id":"109380","street_address":"498-504 Swanston Street CARLTON VIC 3053","construction_year":"2020","number_of_floors_above_ground":17,"predominant_space_use":"Student Accommodation","accessibility_rating":"3","bicycle_spaces":80}},{"type":"Feature","geometry":{"type":"Point","coordinates":[144.964176,-37.806497]},"properties":{"property_id":"109848","street_address":"96-100 Victoria Street CARLTON VIC 3053","construction_year":"1913","number_of_floors_above_ground":3,"predominant_space_use":"Entertainment/Recreation - Indoor","accessibility_rating":"3","bicycle_spaces":0}},{"type":"Feature","geometry":{"type":"Point","coordinates":[144.964109,-37.80567]},"properties":{"property_id":"664023","building_name":"RMIT Building 70","street_address":"39-49 Cardigan Street CARLTON VIC 3053","number_of_floors_above_ground":3,"predominant_space_use":"Educational/Research","accessibility_rating":"3","bicycle_spaces":0}},{"type":"Feature","geometry":{"type":"Point","coordinates":[144.965027,-37.805392]},"properties":{"property_id":"101705","building_name":"RMIT - Building 69 (Marys Terrace)","street_address":"50 Cardigan Street CARLTON VIC 3053","construction_year":"1885","number_of_floors_above_ground":2,"predominant_space_use":"Office","accessibility_rating":"1","bicycle_spaces":0}},{"type":"Feature","geometry":{"type":"Point","coordinates":[144.965634,-37.806583]},"properties":{"property_id":"106078","street_address":"11 Lygon Street CARLTON VIC 3053","construction_year":"1960","number_of_floors_above_ground":1,"predominant_space_use":"Performances, Conferences, Ceremonies","accessibility_rating":"1","bicycle_spaces":0}},{"type":"Feature","geometry":{"type":"Point","coordinates":[144.964971,-37.806362]},"properties":{"property_id":"107083","building_name":"RMIT Building 50 - Art Studio","street_address":"11-13 Orr Street CARLTON VIC 3053","construction_year":"1920","number_of_floors_above_ground":2,"predominant_space_use":"Workshop/Studio","accessibility_rating":"1","bicycle_spaces":0}},{"type":"Feature","geometry":{"type":"Point","coordinates":[144.965369,-37.806514]},"properties":{"property_id":"107087","building_name":"Danaher House","street_address":"8-14 Orr Street CARLTON VIC 3053","construction_year":"1910","number_of_floors_above_ground":2,"predominant_space_use":"Storage","accessibility_rating":"1","bicycle_spaces":0}},{"type":"Feature","geometry":{"type":"Point","coordinates":[144.965267,-37.806691]},"properties":{"property_id":"109850","street_address":"76-78 Victoria Street CARLTON VIC 3053","construction_year":"1940","number_of_floors_above_ground":2,"predominant_space_use":"Retail - Shop","accessibility_rating":"1","bicycle_spaces":0}},{"type":"Feature","geometry":{"type":"Point","coordinates":[144.964752,-37.806312]},"properties":{"property_id":"664003","building_name":"RMIT Building 75","street_address":"20 Cardigan Street CARLTON VIC 3053","number_of_floors_above_ground":2,"predominant_space_use":"Office","accessibility_rating":"1","bicycle_spaces":0}},{"type":"Feature","geometry":{"type":"Point","coordinates":[144.964772,-37.806203]},"properties":{"property_id":"664005","building_name":"RMIT Bldg 89","street_address":"24 Cardigan Street CARLTON VIC 3053","number_of_floors_above_ground":2,"predominant_space_use":"Office","accessibility_rating":"1","bicycle_spaces":0}},{"type":"Feature","geometry":{"type":"Point","coordinates":[144.964974,-37.805887]},"properties":{"property_id":"664009","building_name":"RMIT building 42,71 & 95","street_address":"20-36 Earl Street CARLTON VIC 3053","number_of_floors_above_ground":3,"predominant_space_use":"Workshop/Studio","accessibility_rating":"0","bicycle_spaces":0}},{"type":"Feature","geometry":{"type":"Point","coordinates":[144.96707,-37.806736]},"properties":{"property_id":"102605","building_name":"Melbournia Terrace","street_address":"9 Drummond Street CARLTON VIC 3053","construction_year":"1877","number_of_floors_above_ground":2,"predominant_space_use":"House/Townhouse","accessibility_rating":"0"}},{"type":"Feature","geometry":{"type":"Point","coordinates":[144.967008,-37.806508]},"properties":{"property_id":"102609","street_address":"17 Drummond Street CARLTON VIC 3053","construction_year":"1880","number_of_floors_above_ground":2,"predominant_space_use":"Unoccupied - Unused","accessibility_rating":"1","bicycle_spaces":0}},{"type":"Feature","geometry":{"type":"Point","coordinates":[144.967021,-37.806446]},"properties":{"property_id":"102610","street_address":"19 Drummond Street CARLTON VIC 3053","construction_year":"1880","number_of_floors_above_ground":2,"predominant_space_use":"House/Townhouse","accessibility_rating":"1","bicycle_spaces":0}},{"type":"Feature","geometry":{"type":"Point","coordinates":[144.967006,-37.806162]},"properties":{"property_id":"102613","street_address":"31 Drummond Street CARLTON VIC 3053","construction_year":"1870","number_of_floors_above_ground":3,"predominant_space_use":"Unoccupied - Unused","accessibility_rating":"1","bicycle_spaces":0}},{"type":"Feature","geometry":{"type":"Point","coordinates":[144.967077,-37.805947]},"properties":{"property_id":"102616","street_address":"37-39 Drummond Street CARLTON VIC 3053","construction_year":"1866","number_of_floors_above_ground":2,"predominant_space_use":"House/Townhouse","accessibility_rating":"0"}},{"type":"Feature","geometry":{"type":"Point","coordinates":[144.967093,-37.805851]},"properties":{"property_id":"102617","street_address":"41-43 Drummond Street CARLTON VIC 3053","construction_year":"1866","number_of_floors_above_ground":2,"predominant_space_use":"Residential Apartment","accessibility_rating":"1","bicycle_spaces":0}},{"type":"Feature","geometry":{"type":"Point","coordinates":[144.966575,-37.805303]},"properties":{"property_id":"106251","building_name":"Zagame\u2019s Hotel","street_address":"66-88 Lygon Street CARLTON VIC 3053","construction_year":"1966","number_of_floors_above_ground":4,"predominant_space_use":"Commercial Accommodation","accessibility_rating":"3","bicycle_spaces":0}},{"type":"Feature","geometry":{"type":"Point","coordinates":[144.966441,-37.80567]},"properties":{"property_id":"106252","street_address":"56-62 Lygon Street CARLTON VIC 3053","construction_year":"1994","number_of_floors_above_ground":4,"predominant_space_use":"Office","accessibility_rating":"3","bicycle_spaces":0}},{"type":"Feature","geometry":{"type":"Point","coordinates":[144.966576,-37.805837]},"properties":{"property_id":"106253","building_name":"Church Of Christ","street_address":"Lygon Street Church Of Christ 42-54 Lygon Street CARLTON VIC 3053","construction_year":"1864","number_of_floors_above_ground":1,"predominant_space_use":"Performances, Conferences, Ceremonies","accessibility_rating":"1","bicycle_spaces":0}},{"type":"Feature","geometry":{"type":"Point","coordinates":[144.966411,-37.806439]},"properties":{"property_id":"106254","building_name":"Trades Hall","street_address":"Trades Hall 2-40 Lygon Street CARLTON VIC 3053","construction_year":"1873","number_of_floors_above_ground":6,"predominant_space_use":"Office","accessibility_rating":"1","bicycle_spaces":0}},{"type":"Feature","geometry":{"type":"Point","coordinates":[144.96676,-37.806769]},"properties":{"property_id":"109854","street_address":"50-52 Victoria Street CARLTON VIC 3053","construction_year":"1970","number_of_floors_above_ground":3,"predominant_space_use":"Office","accessibility_rating":"1","bicycle_spaces":0}},{"type":"Feature","geometry":{"type":"Point","coordinates":[144.966848,-37.806778]},"properties":{"property_id":"109855","street_address":"48 Victoria Street CARLTON VIC 3053","construction_year":"1900","number_of_floors_above_ground":2,"predominant_space_use":"House/Townhouse","accessibility_rating":"0"}},{"type":"Feature","geometry":{"type":"Point","coordinates":[144.967974,-37.806883]},"properties":{"property_id":"109856","street_address":"24-30 Victoria Street CARLTON VIC 3053","construction_year":"1980","number_of_floors_above_ground":2,"predominant_space_use":"Office","accessibility_rating":"1","bicycle_spaces":0}},{"type":"Feature","geometry":{"type":"Point","coordinates":[144.958781,-37.799576]},"properties":{"property_id":"695892","street_address":"Parkville Rail Station 292 Grattan Street PARKVILLE VIC 3010","number_of_floors_above_ground":1,"predominant_space_use":"Unoccupied - Under Construction","accessibility_rating":"0","bicycle_spaces":0}},{"type":"Feature","geometry":{"type":"Point","coordinates":[144.948037,-37.801932]},"properties":{"property_id":"102345","street_address":"85-87 Curzon Street NORTH MELBOURNE VIC 3051","number_of_floors_above_ground":2,"predominant_space_use":"Office","accessibility_rating":"1","bicycle_spaces":0}},{"type":"Feature","geometry":{"type":"Point","coordinates":[144.947789,-37.802312]},"properties":{"property_id":"106069","street_address":"1 Little Provost Street NORTH MELBOURNE VIC 3051","number_of_floors_above_ground":2,"predominant_space_use":"House/Townhouse","accessibility_rating":"0"}},{"type":"Feature","geometry":{"type":"Point","coordinates":[144.947647,-37.802607]},"properties":{"property_id":"107983","street_address":"590 Queensberry Street NORTH MELBOURNE VIC 3051","construction_year":"1880","number_of_floors_above_ground":2,"predominant_space_use":"House/Townhouse","accessibility_rating":"0"}},{"type":"Feature","geometry":{"type":"Point","coordinates":[144.947707,-37.802614]},"properties":{"property_id":"107984","street_address":"588 Queensberry Street NORTH MELBOURNE VIC 3051","construction_year":"1880","number_of_floors_above_ground":2,"predominant_space_use":"House/Townhouse","accessibility_rating":"0"}},{"type":"Feature","geometry":{"type":"Point","coordinates":[144.947908,-37.802554]},"properties":{"property_id":"107985","street_address":"578-586 Queensberry Street NORTH MELBOURNE VIC 3051","number_of_floors_above_ground":2,"predominant_space_use":"Educational/Research","accessibility_rating":"1","bicycle_spaces":0}},{"type":"Feature","geometry":{"type":"Point","coordinates":[144.947968,-37.802314]},"properties":{"property_id":"562214","street_address":"79 Curzon Street NORTH MELBOURNE VIC 3051","construction_year":"2000","number_of_floors_above_ground":3,"predominant_space_use":"House/Townhouse","accessibility_rating":"0"}},{"type":"Feature","geometry":{"type":"Point","coordinates":[144.947549,-37.803481]},"properties":{"property_id":"102343","building_name":"Union Memorial Church","street_address":"49-57 Curzon Street NORTH MELBOURNE VIC 3051","number_of_floors_above_ground":1,"predominant_space_use":"Performances, Conferences, Ceremonies","accessibility_rating":"1","bicycle_spaces":0}},{"type":"Feature","geometry":{"type":"Point","coordinates":[144.947458,-37.80308]},"properties":{"property_id":"107928","street_address":"591-599 Queensberry Street NORTH MELBOURNE VIC 3051","number_of_floors_above_ground":1,"predominant_space_use":"House/Townhouse","accessibility_rating":"0","bicycle_spaces":0}},{"type":"Feature","geometry":{"type":"Point","coordinates":[144.947531,-37.804248]},"properties":{"property_id":"102337","street_address":"37 Curzon Street NORTH MELBOURNE VIC 3051","number_of_floors_above_ground":1,"predominant_space_use":"House/Townhouse","accessibility_rating":"0"}},{"type":"Feature","geometry":{"type":"Point","coordinates":[144.94756,-37.804076]},"properties":{"property_id":"102340","street_address":"43 Curzon Street NORTH MELBOURNE VIC 3051","number_of_floors_above_ground":1,"predominant_space_use":"House/Townhouse","accessibility_rating":"0"}},{"type":"Feature","geometry":{"type":"Point","coordinates":[144.947267,-37.804111]},"properties":{"property_id":"103336","street_address":"1 Elm Street NORTH MELBOURNE VIC 3051","number_of_floors_above_ground":2,"predominant_space_use":"House/Townhouse","accessibility_rating":"0"}},{"type":"Feature","geometry":{"type":"Point","coordinates":[144.947188,-37.804104]},"properties":{"property_id":"103337","street_address":"3 Elm Street NORTH MELBOURNE VIC 3051","number_of_floors_above_ground":1,"predominant_space_use":"House/Townhouse","accessibility_rating":"0"}},{"type":"Feature","geometry":{"type":"Point","coordinates":[144.946808,-37.804057]},"properties":{"property_id":"103340","building_name":"Arcadia","street_address":"13-15 Elm Street NORTH MELBOURNE VIC 3051","number_of_floors_above_ground":1,"predominant_space_use":"House/Townhouse","accessibility_rating":"0"}},{"type":"Feature","geometry":{"type":"Point","coordinates":[144.946566,-37.804028]},"properties":{"property_id":"103343","street_address":"21 Elm Street NORTH MELBOURNE VIC 3051","number_of_floors_above_ground":1,"predominant_space_use":"House/Townhouse","accessibility_rating":"0"}},{"type":"Feature","geometry":{"type":"Point","coordinates":[144.946397,-37.804007]},"properties":{"property_id":"103345","street_address":"25 Elm Street NORTH MELBOURNE VIC 3051","number_of_floors_above_ground":2,"predominant_space_use":"House/Townhouse","accessibility_rating":"0"}},{"type":"Feature","geometry":{"type":"Point","coordinates":[144.946483,-37.804475]},"properties":{"property_id":"109779","street_address":"594-596 Victoria Street NORTH MELBOURNE VIC 3051","number_of_floors_above_ground":1,"predominant_space_use":"House/Townhouse","accessibility_rating":"0"}},{"type":"Feature","geometry":{"type":"Point","coordinates":[144.947069,-37.80454]},"properties":{"property_id":"109785","building_name":"Loco Hall","street_address":"570-578 Victoria Street NORTH MELBOURNE VIC 3051","construction_year":"1914","number_of_floors_above_ground":3,"predominant_space_use":"Entertainment/Recreation - Indoor","accessibility_rating":"1","bicycle_spaces":0}},{"type":"Feature","geometry":{"type":"Point","coordinates":[144.948327,-37.803104]},"properties":{"property_id":"102380","street_address":"62 Curzon Street NORTH MELBOURNE VIC 3051","number_of_floors_above_ground":2,"predominant_space_use":"Office","accessibility_rating":"1","bicycle_spaces":0}},{"type":"Feature","geometry":{"type":"Point","coordinates":[144.948347,-37.803669]},"properties":{"property_id":"102381","street_address":"2 Atkin Street NORTH MELBOURNE VIC 3051","construction_year":"2014","number_of_floors_above_ground":3,"predominant_space_use":"House/Townhouse","accessibility_rating":"1","bicycle_spaces":0}},{"type":"Feature","geometry":{"type":"Point","coordinates":[144.948184,-37.803993]},"properties":{"property_id":"102385","street_address":"30-36 Curzon Street NORTH MELBOURNE VIC 3051","construction_year":"1970","number_of_floors_above_ground":2,"predominant_space_use":"House/Townhouse","accessibility_rating":"0","bicycle_spaces":0}},{"type":"Feature","geometry":{"type":"Point","coordinates":[144.948124,-37.80474]},"properties":{"property_id":"102394","street_address":"2-4 Curzon Street NORTH MELBOURNE VIC 3051","construction_year":"1930","number_of_floors_above_ground":1,"predominant_space_use":"Workshop/Studio","accessibility_rating":"3","bicycle_spaces":0}},{"type":"Feature","geometry":{"type":"Point","coordinates":[144.949032,-37.804702]},"properties":{"property_id":"103395","street_address":"11 Errol Street NORTH MELBOURNE VIC 3051","construction_year":"1880","number_of_floors_above_ground":2,"predominant_space_use":"Retail - Shop","accessibility_rating":"1","bicycle_spaces":0}},{"type":"Feature","geometry":{"type":"Point","coordinates":[144.949015,-37.804477]},"properties":{"property_id":"103397","street_address":"19-23 Errol Street NORTH MELBOURNE VIC 3051","construction_year":"1888","number_of_floors_above_ground":3,"predominant_space_use":"Entertainment/Recreation - Indoor","accessibility_rating":"3","bicycle_spaces":0}},{"type":"Feature","geometry":{"type":"Point","coordinates":[144.949036,-37.804391]},"properties":{"property_id":"103398","street_address":"25 Errol Street NORTH MELBOURNE VIC 3051","construction_year":"1881","number_of_floors_above_ground":2,"predominant_space_use":"Retail - Shop","accessibility_rating":"2","bicycle_spaces":0}},{"type":"Feature","geometry":{"type":"Point","coordinates":[144.949079,-37.804303]},"properties":{"property_id":"103400","street_address":"29 Errol Street NORTH MELBOURNE VIC 3051","construction_year":"1881","number_of_floors_above_ground":2,"predominant_space_use":"Retail - Shop","accessibility_rating":"3","bicycle_spaces":0}},{"type":"Feature","geometry":{"type":"Point","coordinates":[144.949085,-37.804124]},"properties":{"property_id":"103403","street_address":"37 Errol Street NORTH MELBOURNE VIC 3051","construction_year":"1960","number_of_floors_above_ground":1,"predominant_space_use":"Entertainment/Recreation - Indoor","accessibility_rating":"1","bicycle_spaces":0}},{"type":"Feature","geometry":{"type":"Point","coordinates":[144.949048,-37.803908]},"properties":{"property_id":"103407","street_address":"47 Errol Street NORTH MELBOURNE VIC 3051","construction_year":"1870","number_of_floors_above_ground":2,"predominant_space_use":"Entertainment/Recreation - Indoor","accessibility_rating":"1","bicycle_spaces":0}},{"type":"Feature","geometry":{"type":"Point","coordinates":[144.949031,-37.803798]},"properties":{"property_id":"103409","street_address":"51-53 Errol Street NORTH MELBOURNE VIC 3051","construction_year":"1925","number_of_floors_above_ground":1,"predominant_space_use":"Retail - Shop","accessibility_rating":"3","bicycle_spaces":0}},{"type":"Feature","geometry":{"type":"Point","coordinates":[144.949256,-37.803411]},"properties":{"property_id":"103416","street_address":"73 Errol Street NORTH MELBOURNE VIC 3051","construction_year":"1910","number_of_floors_above_ground":2,"predominant_space_use":"Retail - Shop","accessibility_rating":"1","bicycle_spaces":0}},{"type":"Feature","geometry":{"type":"Point","coordinates":[144.949297,-37.803182]},"properties":{"property_id":"103420","street_address":"83 Errol Street NORTH MELBOURNE VIC 3051","construction_year":"1960","number_of_floors_above_ground":1,"predominant_space_use":"Retail - Shop","accessibility_rating":"3","bicycle_spaces":0}},{"type":"Feature","geometry":{"type":"Point","coordinates":[144.948674,-37.804277]},"properties":{"property_id":"105975","street_address":"18-22 Little Curzon Street NORTH MELBOURNE VIC 3051","construction_year":"1930","number_of_floors_above_ground":2,"predominant_space_use":"Storage","accessibility_rating":"1","bicycle_spaces":0}},{"type":"Feature","geometry":{"type":"Point","coordinates":[144.948398,-37.8031]},"properties":{"property_id":"107926","street_address":"571-573 Queensberry Street NORTH MELBOURNE VIC 3051","construction_year":"1856","number_of_floors_above_ground":2,"predominant_space_use":"House/Townhouse","accessibility_rating":"0","bicycle_spaces":0}},{"type":"Feature","geometry":{"type":"Point","coordinates":[144.948548,-37.8042]},"properties":{"property_id":"602915","street_address":"24 Little Curzon Street NORTH MELBOURNE VIC 3051","construction_year":"1990","number_of_floors_above_ground":2,"predominant_space_use":"House/Townhouse","accessibility_rating":"0"}},{"type":"Feature","geometry":{"type":"Point","coordinates":[144.948536,-37.804001]},"properties":{"property_id":"621971","street_address":"8-10 Curzon Place NORTH MELBOURNE VIC 3051","number_of_floors_above_ground":1,"predominant_space_use":"Unoccupied - Under Demolition/Condemned","accessibility_rating":"0","bicycle_spaces":0}},{"type":"Feature","geometry":{"type":"Point","coordinates":[144.948471,-37.803728]},"properties":{"property_id":"627648","street_address":"4 Atkin Street NORTH MELBOURNE VIC 3051","construction_year":"2013","number_of_floors_above_ground":3,"predominant_space_use":"Residential Apartment","accessibility_rating":"1","bicycle_spaces":0}},{"type":"Feature","geometry":{"type":"Point","coordinates":[144.948523,-37.803848]},"properties":{"property_id":"631631","street_address":"9 Curzon Place NORTH MELBOURNE VIC 3051","construction_year":"2011","number_of_floors_above_ground":4,"predominant_space_use":"House/Townhouse","accessibility_rating":"0"}},{"type":"Feature","geometry":{"type":"Point","coordinates":[144.948581,-37.803854]},"properties":{"property_id":"631632","street_address":"11 Curzon Place NORTH MELBOURNE VIC 3051","construction_year":"2011","number_of_floors_above_ground":4,"predominant_space_use":"House/Townhouse","accessibility_rating":"1","bicycle_spaces":0}},{"type":"Feature","geometry":{"type":"Point","coordinates":[144.948638,-37.803861]},"properties":{"property_id":"631633","street_address":"13 Curzon Place NORTH MELBOURNE VIC 3051","construction_year":"2011","number_of_floors_above_ground":4,"predominant_space_use":"House/Townhouse","accessibility_rating":"1","bicycle_spaces":0}},{"type":"Feature","geometry":{"type":"Point","coordinates":[144.948696,-37.803867]},"properties":{"property_id":"631634","street_address":"15 Curzon Place NORTH MELBOURNE VIC 3051","construction_year":"2011","number_of_floors_above_ground":4,"predominant_space_use":"House/Townhouse","accessibility_rating":"0","bicycle_spaces":0}},{"type":"Feature","geometry":{"type":"Point","coordinates":[144.948262,-37.804059]},"properties":{"property_id":"636916","street_address":"34 Little Curzon Street NORTH MELBOURNE VIC 3051","construction_year":"2013","number_of_floors_above_ground":3,"predominant_space_use":"House/Townhouse","accessibility_rating":"3","bicycle_spaces":0}},{"type":"Feature","geometry":{"type":"Point","coordinates":[144.948569,-37.802283]},"properties":{"property_id":"102372","street_address":"82 Curzon Street NORTH MELBOURNE VIC 3051","number_of_floors_above_ground":1,"predominant_space_use":"House/Townhouse","accessibility_rating":"0"}},{"type":"Feature","geometry":{"type":"Point","coordinates":[144.948521,-37.802451]},"properties":{"property_id":"102375","street_address":"74-76 Curzon Street NORTH MELBOURNE VIC 3051","number_of_floors_above_ground":2,"predominant_space_use":"House/Townhouse","accessibility_rating":"0"}},{"type":"Feature","geometry":{"type":"Point","coordinates":[144.948495,-37.802601]},"properties":{"property_id":"102378","street_address":"68 Curzon Street NORTH MELBOURNE VIC 3051","number_of_floors_above_ground":2,"predominant_space_use":"House/Townhouse","accessibility_rating":"0"}},{"type":"Feature","geometry":{"type":"Point","coordinates":[144.949461,-37.802457]},"properties":{"property_id":"103426","street_address":"103-107 Errol Street NORTH MELBOURNE VIC 3051","construction_year":"1850","number_of_floors_above_ground":1,"predominant_space_use":"Entertainment/Recreation - Indoor","accessibility_rating":"2","bicycle_spaces":0}},{"type":"Feature","geometry":{"type":"Point","coordinates":[144.94897,-37.802106]},"properties":{"property_id":"107845","street_address":"16 Purcell Street NORTH MELBOURNE VIC 3051","number_of_floors_above_ground":3,"predominant_space_use":"House/Townhouse","accessibility_rating":"0"}},{"type":"Feature","geometry":{"type":"Point","coordinates":[144.949023,-37.802112]},"properties":{"property_id":"107846","street_address":"14 Purcell Street NORTH MELBOURNE VIC 3051","number_of_floors_above_ground":3,"predominant_space_use":"House/Townhouse","accessibility_rating":"2","bicycle_spaces":0}},{"type":"Feature","geometry":{"type":"Point","coordinates":[144.948774,-37.802086]},"properties":{"property_id":"107852","street_address":"24 Purcell Street NORTH MELBOURNE VIC 3051","number_of_floors_above_ground":2,"predominant_space_use":"House/Townhouse","accessibility_rating":"0"}},{"type":"Feature","geometry":{"type":"Point","coordinates":[144.948717,-37.80208]},"properties":{"property_id":"107853","street_address":"26 Purcell Street NORTH MELBOURNE VIC 3051","number_of_floors_above_ground":2,"predominant_space_use":"House/Townhouse","accessibility_rating":"0"}},{"type":"Feature","geometry":{"type":"Point","coordinates":[144.948806,-37.80258]},"properties":{"property_id":"107857","street_address":"3 Queensberry Place NORTH MELBOURNE VIC 3051","construction_year":"1989","number_of_floors_above_ground":2,"predominant_space_use":"Unoccupied - Unused","accessibility_rating":"3","bicycle_spaces":0}},{"type":"Feature","geometry":{"type":"Point","coordinates":[144.948815,-37.802531]},"properties":{"property_id":"107858","street_address":"5 Queensberry Place NORTH MELBOURNE VIC 3051","construction_year":"1870","number_of_floors_above_ground":2,"predominant_space_use":"House/Townhouse","accessibility_rating":"0"}},{"type":"Feature","geometry":{"type":"Point","coordinates":[144.948476,-37.802713]},"properties":{"property_id":"107986","street_address":"566-574 Queensberry Street NORTH MELBOURNE VIC 3051","construction_year":"1885","number_of_floors_above_ground":3,"predominant_space_use":"Residential Apartment","accessibility_rating":"1","bicycle_spaces":0}},{"type":"Feature","geometry":{"type":"Point","coordinates":[144.948713,-37.80272]},"properties":{"property_id":"107987","street_address":"562-564 Queensberry Street NORTH MELBOURNE VIC 3051","construction_year":"1920","number_of_floors_above_ground":2,"predominant_space_use":"Entertainment/Recreation - Indoor","accessibility_rating":"1","bicycle_spaces":0}},{"type":"Feature","geometry":{"type":"Point","coordinates":[144.949067,-37.802755]},"properties":{"property_id":"107992","street_address":"548 Queensberry Street NORTH MELBOURNE VIC 3051","construction_year":"1890","number_of_floors_above_ground":2,"predominant_space_use":"Retail - Shop","accessibility_rating":"1","bicycle_spaces":0}},{"type":"Feature","geometry":{"type":"Point","coordinates":[144.949122,-37.802751]},"properties":{"property_id":"107993","street_address":"546 Queensberry Street NORTH MELBOURNE VIC 3051","construction_year":"1890","number_of_floors_above_ground":2,"predominant_space_use":"Residential Apartment","accessibility_rating":"1","bicycle_spaces":0}},{"type":"Feature","geometry":{"type":"Point","coordinates":[144.949181,-37.802761]},"properties":{"property_id":"107994","street_address":"544 Queensberry Street NORTH MELBOURNE VIC 3051","construction_year":"1880","number_of_floors_above_ground":2,"predominant_space_use":"Retail - Shop","accessibility_rating":"1","bicycle_spaces":0}},{"type":"Feature","geometry":{"type":"Point","coordinates":[144.949061,-37.802367]},"properties":{"property_id":"576888","street_address":"9 Purcell Street NORTH MELBOURNE VIC 3051","construction_year":"2002","number_of_floors_above_ground":3,"predominant_space_use":"House/Townhouse","accessibility_rating":"0"}},{"type":"Feature","geometry":{"type":"Point","coordinates":[144.949122,-37.802374]},"properties":{"property_id":"576889","street_address":"7 Purcell Street NORTH MELBOURNE VIC 3051","construction_year":"2002","number_of_floors_above_ground":3,"predominant_space_use":"House/Townhouse","accessibility_rating":"0"}},{"type":"Feature","geometry":{"type":"Point","coordinates":[144.949184,-37.80238]},"properties":{"property_id":"576890","street_address":"5 Purcell Street NORTH MELBOURNE VIC 3051","construction_year":"2002","number_of_floors_above_ground":3,"predominant_space_use":"House/Townhouse","accessibility_rating":"0"}},{"type":"Feature","geometry":{"type":"Point","coordinates":[144.949192,-37.802129]},"properties":{"property_id":"611181","street_address":"8 Purcell Street NORTH MELBOURNE VIC 3051","number_of_floors_above_ground":1,"predominant_space_use":"House/Townhouse","accessibility_rating":"0"}},{"type":"Feature","geometry":{"type":"Point","coordinates":[144.949248,-37.802135]},"properties":{"property_id":"611182","street_address":"6 Purcell Street NORTH MELBOURNE VIC 3051","number_of_floors_above_ground":1,"predominant_space_use":"House/Townhouse","accessibility_rating":"0"}},{"type":"Feature","geometry":{"type":"Point","coordinates":[144.948872,-37.802301]},"properties":{"property_id":"681459","street_address":"15 Purcell Street NORTH MELBOURNE VIC 3051","construction_year":"2017","number_of_floors_above_ground":3,"predominant_space_use":"House/Townhouse","accessibility_rating":"1","bicycle_spaces":0}},{"type":"Feature","geometry":{"type":"Point","coordinates":[144.948968,-37.801086]},"properties":{"property_id":"100468","street_address":"61-63 Arden Street NORTH MELBOURNE VIC 3051","construction_year":"1920","number_of_floors_above_ground":2,"predominant_space_use":"Residential Apartment","accessibility_rating":"3","bicycle_spaces":0}},{"type":"Feature","geometry":{"type":"Point","coordinates":[144.948606,-37.801805]},"properties":{"property_id":"102370","street_address":"90-98 Curzon Street NORTH MELBOURNE VIC 3051","construction_year":"2014","number_of_floors_above_ground":3,"predominant_space_use":"Residential Apartment","accessibility_rating":"1","bicycle_spaces":12}},{"type":"Feature","geometry":{"type":"Point","coordinates":[144.949545,-37.801972]},"properties":{"property_id":"103431","street_address":"121-123 Errol Street NORTH MELBOURNE VIC 3051","construction_year":"1950","number_of_floors_above_ground":2,"predominant_space_use":"Residential Apartment","accessibility_rating":"1","bicycle_spaces":0}},{"type":"Feature","geometry":{"type":"Point","coordinates":[144.949519,-37.80156]},"properties":{"property_id":"103436","street_address":"141 Errol Street NORTH MELBOURNE VIC 3051","number_of_floors_above_ground":2,"predominant_space_use":"House/Townhouse","accessibility_rating":"0"}},{"type":"Feature","geometry":{"type":"Point","coordinates":[144.949343,-37.801401]},"properties":{"property_id":"108689","street_address":"4 Scotia Street NORTH MELBOURNE VIC 3051","construction_year":"1960","number_of_floors_above_ground":1,"predominant_space_use":"House/Townhouse","accessibility_rating":"0"}},{"type":"Feature","geometry":{"type":"Point","coordinates":[144.949568,-37.801686]},"properties":{"property_id":"110664","street_address":"135 Errol Street NORTH MELBOURNE VIC 3051","number_of_floors_above_ground":2,"predominant_space_use":"House/Townhouse","accessibility_rating":"0"}},{"type":"Feature","geometry":{"type":"Point","coordinates":[144.949654,-37.801388]},"properties":{"property_id":"512136","building_name":"Errol Mews","street_address":"149 Errol Street NORTH MELBOURNE VIC 3051","number_of_floors_above_ground":1,"predominant_space_use":"House/Townhouse","accessibility_rating":"0"}},{"type":"Feature","geometry":{"type":"Point","coordinates":[144.94966,-37.801349]},"properties":{"property_id":"512137","building_name":"Errol Mews","street_address":"151 Errol Street NORTH MELBOURNE VIC 3051","number_of_floors_above_ground":1,"predominant_space_use":"House/Townhouse","accessibility_rating":"0"}},{"type":"Feature","geometry":{"type":"Point","coordinates":[144.94882,-37.801194]},"properties":{"property_id":"554326","street_address":"65-67 Arden Street NORTH MELBOURNE VIC 3051","construction_year":"1930","number_of_floors_above_ground":1,"predominant_space_use":"Unoccupied - Under Construction","accessibility_rating":"0","bicycle_spaces":0}},{"type":"Feature","geometry":{"type":"Point","coordinates":[144.948691,-37.801379]},"properties":{"property_id":"633943","street_address":"24 Scotia Street NORTH MELBOURNE VIC 3051","construction_year":"2012","number_of_floors_above_ground":2,"predominant_space_use":"House/Townhouse","accessibility_rating":"1","bicycle_spaces":0}},{"type":"Feature","geometry":{"type":"Point","coordinates":[144.94902,-37.801357]},"properties":{"property_id":"633948","street_address":"14 Scotia Street NORTH MELBOURNE VIC 3051","construction_year":"2012","number_of_floors_above_ground":2,"predominant_space_use":"House/Townhouse","accessibility_rating":"2","bicycle_spaces":0}},{"type":"Feature","geometry":{"type":"Point","coordinates":[144.949073,-37.801363]},"properties":{"property_id":"633949","street_address":"12 Scotia Street NORTH MELBOURNE VIC 3051","construction_year":"2012","number_of_floors_above_ground":2,"predominant_space_use":"House/Townhouse","accessibility_rating":"2","bicycle_spaces":0}},{"type":"Feature","geometry":{"type":"Point","coordinates":[144.94983,-37.800714]},"properties":{"property_id":"103440","street_address":"167-175 Errol Street NORTH MELBOURNE VIC 3051","number_of_floors_above_ground":1,"predominant_space_use":"House/Townhouse","accessibility_rating":"1","bicycle_spaces":0}},{"type":"Feature","geometry":{"type":"Point","coordinates":[144.950046,-37.80346]},"properties":{"property_id":"103508","building_name":"North Melbourne Town Hall","street_address":"North Melbourne Town Hall 513-531 Queensberry Street NORTH MELBOURNE VIC 3051","construction_year":"1876","number_of_floors_above_ground":2,"predominant_space_use":"Performances, Conferences, Ceremonies","accessibility_rating":"2","bicycle_spaces":0}},{"type":"Feature","geometry":{"type":"Point","coordinates":[144.949808,-37.803824]},"properties":{"property_id":"103515","street_address":"56 Errol Street NORTH MELBOURNE VIC 3051","construction_year":"1883","number_of_floors_above_ground":2,"predominant_space_use":"House/Townhouse","accessibility_rating":"3","bicycle_spaces":0}},{"type":"Feature","geometry":{"type":"Point","coordinates":[144.949832,-37.803866]},"properties":{"property_id":"103516","street_address":"54 Errol Street NORTH MELBOURNE VIC 3051","construction_year":"1883","number_of_floors_above_ground":2,"predominant_space_use":"House/Townhouse","accessibility_rating":"3","bicycle_spaces":0}},{"type":"Feature","geometry":{"type":"Point","coordinates":[144.950044,-37.80411]},"properties":{"property_id":"103518","building_name":"Lithuanian House","street_address":"44-50 Errol Street NORTH MELBOURNE VIC 3051","construction_year":"1900","number_of_floors_above_ground":2,"predominant_space_use":"Entertainment/Recreation - Indoor","accessibility_rating":"3","bicycle_spaces":0}},{"type":"Feature","geometry":{"type":"Point","coordinates":[144.949918,-37.804593]},"properties":{"property_id":"103523","street_address":"20-26 Errol Street NORTH MELBOURNE VIC 3051","construction_year":"1923","number_of_floors_above_ground":2,"predominant_space_use":"Entertainment/Recreation - Indoor","accessibility_rating":"3","bicycle_spaces":0}},{"type":"Feature","geometry":{"type":"Point","coordinates":[144.949581,-37.804894]},"properties":{"property_id":"103526","street_address":"8 Errol Street NORTH MELBOURNE VIC 3051","construction_year":"1850","number_of_floors_above_ground":2,"predominant_space_use":"Entertainment/Recreation - Indoor","accessibility_rating":"3","bicycle_spaces":0}},{"type":"Feature","geometry":{"type":"Point","coordinates":[144.950636,-37.804015]},"properties":{"property_id":"105609","street_address":"37 Leveson Street NORTH MELBOURNE VIC 3051","construction_year":"1880","number_of_floors_above_ground":2,"predominant_space_use":"Office","accessibility_rating":"1","bicycle_spaces":0}},{"type":"Feature","geometry":{"type":"Point","coordinates":[144.950286,-37.804477]},"properties":{"property_id":"108126","street_address":"5 Raglan Street NORTH MELBOURNE VIC 3051","construction_year":"1910","number_of_floors_above_ground":4,"predominant_space_use":"Residential Apartment","accessibility_rating":"1","bicycle_spaces":0}},{"type":"Feature","geometry":{"type":"Point","coordinates":[144.950145,-37.804461]},"properties":{"property_id":"108127","street_address":"7-9 Raglan Street NORTH MELBOURNE VIC 3051","number_of_floors_above_ground":1,"predominant_space_use":"House/Townhouse","accessibility_rating":"0"}},{"type":"Feature","geometry":{"type":"Point","coordinates":[144.949729,-37.804926]},"properties":{"property_id":"109791","street_address":"498 Victoria Street NORTH MELBOURNE VIC 3051","construction_year":"1880","number_of_floors_above_ground":2,"predominant_space_use":"Office","accessibility_rating":"2","bicycle_spaces":0}},{"type":"Feature","geometry":{"type":"Point","coordinates":[144.950145,-37.804967]},"properties":{"property_id":"109794","street_address":"478-484 Victoria Street NORTH MELBOURNE VIC 3051","construction_year":"1880","number_of_floors_above_ground":3,"predominant_space_use":"Residential Apartment","accessibility_rating":"1","bicycle_spaces":0}},{"type":"Feature","geometry":{"type":"Point","coordinates":[144.950309,-37.804985]},"properties":{"property_id":"109795","street_address":"474-476 Victoria Street NORTH MELBOURNE VIC 3051","construction_year":"1890","number_of_floors_above_ground":2,"predominant_space_use":"Residential Apartment","accessibility_rating":"1","bicycle_spaces":0}},{"type":"Feature","geometry":{"type":"Point","coordinates":[144.950391,-37.804994]},"properties":{"property_id":"109796","street_address":"472 Victoria Street NORTH MELBOURNE VIC 3051","construction_year":"1880","number_of_floors_above_ground":2,"predominant_space_use":"House/Townhouse","accessibility_rating":"3","bicycle_spaces":0}},{"type":"Feature","geometry":{"type":"Point","coordinates":[144.950445,-37.804999]},"properties":{"property_id":"109797","street_address":"470 Victoria Street NORTH MELBOURNE VIC 3051","construction_year":"1880","number_of_floors_above_ground":2,"predominant_space_use":"Entertainment/Recreation - Indoor","accessibility_rating":"3","bicycle_spaces":0}},{"type":"Feature","geometry":{"type":"Point","coordinates":[144.950541,-37.805009]},"properties":{"property_id":"109798","street_address":"464-468 Victoria Street NORTH MELBOURNE VIC 3051","construction_year":"1880","number_of_floors_above_ground":3,"predominant_space_use":"Entertainment/Recreation - Indoor","accessibility_rating":"2","bicycle_spaces":0}},{"type":"Feature","geometry":{"type":"Point","coordinates":[144.950091,-37.803916]},"properties":{"property_id":"111306","street_address":"29-33 Little Errol Street NORTH MELBOURNE VIC 3051","construction_year":"1850","number_of_floors_above_ground":2,"predominant_space_use":"Workshop/Studio","accessibility_rating":"2","bicycle_spaces":0}},{"type":"Feature","geometry":{"type":"Point","coordinates":[144.950756,-37.803688]},"properties":{"property_id":"556120","street_address":"47-59 Leveson Street NORTH MELBOURNE VIC 3051","construction_year":"2000","number_of_floors_above_ground":3,"predominant_space_use":"House/Townhouse","accessibility_rating":"0"}},{"type":"Feature","geometry":{"type":"Point","coordinates":[144.950406,-37.804318]},"properties":{"property_id":"590038","street_address":"4A Raglan Street NORTH MELBOURNE VIC 3051","number_of_floors_above_ground":2,"predominant_space_use":"House/Townhouse"}},{"type":"Feature","geometry":{"type":"Point","coordinates":[144.950691,-37.804352]},"properties":{"property_id":"590042","street_address":"23-25 Leveson Street NORTH MELBOURNE VIC 3051","number_of_floors_above_ground":2,"predominant_space_use":"House/Townhouse"}},{"type":"Feature","geometry":{"type":"Point","coordinates":[144.950453,-37.804781]},"properties":{"property_id":"614210","street_address":"8 Trafalgar Place NORTH MELBOURNE VIC 3051","number_of_floors_above_ground":1,"predominant_space_use":"House/Townhouse","accessibility_rating":"0"}},{"type":"Feature","geometry":{"type":"Point","coordinates":[144.951232,-37.804413]},"properties":{"property_id":"105645","street_address":"16 Leveson Street NORTH MELBOURNE VIC 3051","number_of_floors_above_ground":2,"predominant_space_use":"House/Townhouse","accessibility_rating":"0"}},{"type":"Feature","geometry":{"type":"Point","coordinates":[144.951308,-37.804517]},"properties":{"property_id":"105646","street_address":"12-14 Leveson Street NORTH MELBOURNE VIC 3051","construction_year":"1980","number_of_floors_above_ground":2,"predominant_space_use":"Office","accessibility_rating":"3","bicycle_spaces":0}},{"type":"Feature","geometry":{"type":"Point","coordinates":[144.951903,-37.803902]},"properties":{"property_id":"105999","street_address":"32-36 Little Leveson Street NORTH MELBOURNE VIC 3051","construction_year":"1910","number_of_floors_above_ground":2,"predominant_space_use":"Residential Apartment","accessibility_rating":"1","bicycle_spaces":0}},{"type":"Feature","geometry":{"type":"Point","coordinates":[144.952202,-37.803574]},"properties":{"property_id":"107905","street_address":"455 Queensberry Street NORTH MELBOURNE VIC 3051","number_of_floors_above_ground":2,"predominant_space_use":"House/Townhouse","accessibility_rating":"0"}},{"type":"Feature","geometry":{"type":"Point","coordinates":[144.95194,-37.803552]},"properties":{"property_id":"107909","street_address":"465 Queensberry Street NORTH MELBOURNE VIC 3051","number_of_floors_above_ground":2,"predominant_space_use":"House/Townhouse","accessibility_rating":"0"}},{"type":"Feature","geometry":{"type":"Point","coordinates":[144.951669,-37.803534]},"properties":{"property_id":"107912","street_address":"475 Queensberry Street NORTH MELBOURNE VIC 3051","number_of_floors_above_ground":2,"predominant_space_use":"House/Townhouse","accessibility_rating":"0"}},{"type":"Feature","geometry":{"type":"Point","coordinates":[144.951609,-37.803528]},"properties":{"property_id":"107913","street_address":"477 Queensberry Street NORTH MELBOURNE VIC 3051","number_of_floors_above_ground":2,"predominant_space_use":"House/Townhouse","accessibility_rating":"0"}},{"type":"Feature","geometry":{"type":"Point","coordinates":[144.951461,-37.803542]},"properties":{"property_id":"107916","street_address":"483 Queensberry Street NORTH MELBOURNE VIC 3051","number_of_floors_above_ground":2,"predominant_space_use":"House/Townhouse","accessibility_rating":"0"}},{"type":"Feature","geometry":{"type":"Point","coordinates":[144.95131,-37.803501]},"properties":{"property_id":"107917","street_address":"485-489 Queensberry Street NORTH MELBOURNE VIC 3051","number_of_floors_above_ground":2,"predominant_space_use":"House/Townhouse","accessibility_rating":"0"}},{"type":"Feature","geometry":{"type":"Point","coordinates":[144.951433,-37.805066]},"properties":{"property_id":"109804","building_name":"Victoria Crescent","street_address":"444-446 Victoria Street NORTH MELBOURNE VIC 3051","construction_year":"1873","number_of_floors_above_ground":2,"predominant_space_use":"Office","accessibility_rating":"1","bicycle_spaces":0}},{"type":"Feature","geometry":{"type":"Point","coordinates":[144.951636,-37.805088]},"properties":{"property_id":"109807","building_name":"Blackburn House","street_address":"438 Victoria Street NORTH MELBOURNE VIC 3051","construction_year":"1870","number_of_floors_above_ground":2,"predominant_space_use":"Commercial Accommodation","accessibility_rating":"1","bicycle_spaces":0}},{"type":"Feature","geometry":{"type":"Point","coordinates":[144.951813,-37.804083]},"properties":{"property_id":"111191","street_address":"24-26 Little Leveson Street NORTH MELBOURNE VIC 3051","number_of_floors_above_ground":2,"predominant_space_use":"House/Townhouse","accessibility_rating":"0"}},{"type":"Feature","geometry":{"type":"Point","coordinates":[144.9519,-37.803719]},"properties":{"property_id":"593689","street_address":"4 Stedeford Lane NORTH MELBOURNE VIC 3051","number_of_floors_above_ground":1,"predominant_space_use":"House/Townhouse"}},{"type":"Feature","geometry":{"type":"Point","coordinates":[144.951981,-37.804786]},"properties":{"property_id":"601915","street_address":"55-57 Chetwynd Street NORTH MELBOURNE VIC 3051","number_of_floors_above_ground":2,"predominant_space_use":"House/Townhouse","accessibility_rating":"0"}},{"type":"Feature","geometry":{"type":"Point","coordinates":[144.951556,-37.803806]},"properties":{"property_id":"612508","street_address":"45 Little Leveson Street NORTH MELBOURNE VIC 3051","construction_year":"2015","number_of_floors_above_ground":3,"predominant_space_use":"House/Townhouse","accessibility_rating":"0","bicycle_spaces":0}},{"type":"Feature","geometry":{"type":"Point","coordinates":[144.951559,-37.803881]},"properties":{"property_id":"612511","street_address":"41-43 Little Leveson Street NORTH MELBOURNE VIC 3051","construction_year":"2013","number_of_floors_above_ground":3,"predominant_space_use":"House/Townhouse","accessibility_rating":"0","bicycle_spaces":0}},{"type":"Feature","geometry":{"type":"Point","coordinates":[144.951673,-37.8038]},"properties":{"property_id":"669134","street_address":"47 Little Leveson Street NORTH MELBOURNE VIC 3051","construction_year":"2015","number_of_floors_above_ground":3,"predominant_space_use":"House/Townhouse","accessibility_rating":"3","bicycle_spaces":0}},{"type":"Feature","geometry":{"type":"Point","coordinates":[144.952789,-37.803688]},"properties":{"property_id":"101950","street_address":"172-174 Chetwynd Street NORTH MELBOURNE VIC 3051","construction_year":"1853","number_of_floors_above_ground":2,"predominant_space_use":"Office","accessibility_rating":"1","bicycle_spaces":0}},{"type":"Feature","geometry":{"type":"Point","coordinates":[144.952684,-37.804326]},"properties":{"property_id":"101954","street_address":"142 Chetwynd Street NORTH MELBOURNE VIC 3051","number_of_floors_above_ground":1,"predominant_space_use":"House/Townhouse","accessibility_rating":"0"}},{"type":"Feature","geometry":{"type":"Point","coordinates":[144.953074,-37.804602]},"properties":{"property_id":"104121","street_address":"13-15 Gardiner Street NORTH MELBOURNE VIC 3051","number_of_floors_above_ground":2,"predominant_space_use":"House/Townhouse","accessibility_rating":"0"}},{"type":"Feature","geometry":{"type":"Point","coordinates":[144.953184,-37.804385]},"properties":{"property_id":"104124","street_address":"6-10 Gardiner Street NORTH MELBOURNE VIC 3051","number_of_floors_above_ground":2,"predominant_space_use":"Unoccupied - Under Construction","accessibility_rating":"0","bicycle_spaces":0}},{"type":"Feature","geometry":{"type":"Point","coordinates":[144.95334,-37.80505]},"properties":{"property_id":"105015","street_address":"83 Howard Street NORTH MELBOURNE VIC 3051","number_of_floors_above_ground":2,"predominant_space_use":"House/Townhouse","accessibility_rating":"0"}},{"type":"Feature","geometry":{"type":"Point","coordinates":[144.953466,-37.805002]},"properties":{"property_id":"105016","street_address":"85 Howard Street NORTH MELBOURNE VIC 3051","number_of_floors_above_ground":2,"predominant_space_use":"House/Townhouse","accessibility_rating":"0"}},{"type":"Feature","geometry":{"type":"Point","coordinates":[144.953674,-37.804226]},"properties":{"property_id":"105024","street_address":"119-121 Howard Street NORTH MELBOURNE VIC 3051","construction_year":"1920","number_of_floors_above_ground":1,"predominant_space_use":"Entertainment/Recreation - Indoor","accessibility_rating":"1","bicycle_spaces":0}},{"type":"Feature","geometry":{"type":"Point","coordinates":[144.953171,-37.804758]},"properties":{"property_id":"106796","street_address":"Unit 2, 5 Moss Place NORTH MELBOURNE VIC 3051","number_of_floors_above_ground":1,"predominant_space_use":"House/Townhouse","accessibility_rating":"0"}},{"type":"Feature","geometry":{"type":"Point","coordinates":[144.953205,-37.804941]},"properties":{"property_id":"106797","street_address":"2-4 Moss Place NORTH MELBOURNE VIC 3051","construction_year":"1990","number_of_floors_above_ground":4,"predominant_space_use":"House/Townhouse","accessibility_rating":"0"}},{"type":"Feature","geometry":{"type":"Point","coordinates":[144.953739,-37.803764]},"properties":{"property_id":"107892","street_address":"411-413 Queensberry Street NORTH MELBOURNE VIC 3051","number_of_floors_above_ground":2,"predominant_space_use":"House/Townhouse","accessibility_rating":"0"}},{"type":"Feature","geometry":{"type":"Point","coordinates":[144.953667,-37.803744]},"properties":{"property_id":"107893","street_address":"415 Queensberry Street NORTH MELBOURNE VIC 3051","number_of_floors_above_ground":1,"predominant_space_use":"House/Townhouse","accessibility_rating":"0"}},{"type":"Feature","geometry":{"type":"Point","coordinates":[144.953604,-37.803737]},"properties":{"property_id":"107894","street_address":"417 Queensberry Street NORTH MELBOURNE VIC 3051","number_of_floors_above_ground":1,"predominant_space_use":"House/Townhouse","accessibility_rating":"0"}},{"type":"Feature","geometry":{"type":"Point","coordinates":[144.953511,-37.803726]},"properties":{"property_id":"107895","street_address":"419-421 Queensberry Street NORTH MELBOURNE VIC 3051","number_of_floors_above_ground":2,"predominant_space_use":"House/Townhouse","accessibility_rating":"0"}},{"type":"Feature","geometry":{"type":"Point","coordinates":[144.953341,-37.803709]},"properties":{"property_id":"107896","street_address":"425-427 Queensberry Street NORTH MELBOURNE VIC 3051","construction_year":"2011","number_of_floors_above_ground":2,"predominant_space_use":"House/Townhouse","accessibility_rating":"0","bicycle_spaces":0}},{"type":"Feature","geometry":{"type":"Point","coordinates":[144.952777,-37.803572]},"properties":{"property_id":"107902","street_address":"445-447 Queensberry Street NORTH MELBOURNE VIC 3051","construction_year":"1899","number_of_floors_above_ground":2,"predominant_space_use":"Entertainment/Recreation - Indoor","accessibility_rating":"1","bicycle_spaces":0}},{"type":"Feature","geometry":{"type":"Point","coordinates":[144.952953,-37.804096]},"properties":{"property_id":"108601","street_address":"13 St Andrews Street NORTH MELBOURNE VIC 3051","construction_year":"1890","number_of_floors_above_ground":2,"predominant_space_use":"House/Townhouse","accessibility_rating":"0"}},{"type":"Feature","geometry":{"type":"Point","coordinates":[144.952905,-37.804368]},"properties":{"property_id":"108603","street_address":"3 St Andrews Street NORTH MELBOURNE VIC 3051","construction_year":"1950","number_of_floors_above_ground":1,"predominant_space_use":"House/Townhouse","accessibility_rating":"0"}},{"type":"Feature","geometry":{"type":"Point","coordinates":[144.952572,-37.80518]},"properties":{"property_id":"109814","street_address":"406-416 Victoria Street NORTH MELBOURNE VIC 3051","construction_year":"1930","number_of_floors_above_ground":1,"predominant_space_use":"Retail - Cars","accessibility_rating":"2","bicycle_spaces":0}},{"type":"Feature","geometry":{"type":"Point","coordinates":[144.952964,-37.805242]},"properties":{"property_id":"109816","street_address":"392-398 Victoria Street NORTH MELBOURNE VIC 3051","construction_year":"2016","number_of_floors_above_ground":4,"predominant_space_use":"Residential Apartment","accessibility_rating":"1","bicycle_spaces":0}},{"type":"Feature","geometry":{"type":"Point","coordinates":[144.953258,-37.805326]},"properties":{"property_id":"109818","street_address":"384-386 Victoria Street NORTH MELBOURNE VIC 3051","construction_year":"1920","number_of_floors_above_ground":1,"predominant_space_use":"Workshop/Studio","accessibility_rating":"1","bicycle_spaces":0}},{"type":"Feature","geometry":{"type":"Point","coordinates":[144.953488,-37.80409]},"properties":{"property_id":"109959","street_address":"18-20 Warwick Street NORTH MELBOURNE VIC 3051","number_of_floors_above_ground":1,"predominant_space_use":"House/Townhouse","accessibility_rating":"0"}},{"type":"Feature","geometry":{"type":"Point","coordinates":[144.953488,-37.804154]},"properties":{"property_id":"109960","street_address":"8 Warwick Street NORTH MELBOURNE VIC 3051","construction_year":"1990","number_of_floors_above_ground":2,"predominant_space_use":"House/Townhouse","accessibility_rating":"0"}},{"type":"Feature","geometry":{"type":"Point","coordinates":[144.953453,-37.804347]},"properties":{"property_id":"109963","street_address":"2 Warwick Street NORTH MELBOURNE VIC 3051","number_of_floors_above_ground":3,"predominant_space_use":"House/Townhouse","accessibility_rating":"0"}},{"type":"Feature","geometry":{"type":"Point","coordinates":[144.952921,-37.804571]},"properties":{"property_id":"110653","street_address":"21-23 Gardiner Street NORTH MELBOURNE VIC 3051","number_of_floors_above_ground":2,"predominant_space_use":"House/Townhouse","accessibility_rating":"0"}},{"type":"Feature","geometry":{"type":"Point","coordinates":[144.953639,-37.804424]},"properties":{"property_id":"607042","street_address":"111 Howard Street NORTH MELBOURNE VIC 3051","number_of_floors_above_ground":2,"predominant_space_use":"House/Townhouse","accessibility_rating":"0","bicycle_spaces":0}},{"type":"Feature","geometry":{"type":"Point","coordinates":[144.953623,-37.804508]},"properties":{"property_id":"621951","street_address":"107 Howard Street NORTH MELBOURNE VIC 3051","number_of_floors_above_ground":2,"predominant_space_use":"House/Townhouse","accessibility_rating":"0"}},{"type":"Feature","geometry":{"type":"Point","coordinates":[144.953813,-37.803758]},"properties":{"property_id":"637703","street_address":"141 Howard Street NORTH MELBOURNE VIC 3051","number_of_floors_above_ground":2,"predominant_space_use":"House/Townhouse","accessibility_rating":"1","bicycle_spaces":0}},{"type":"Feature","geometry":{"type":"Point","coordinates":[144.95476,-37.805042]},"properties":{"property_id":"101528","street_address":"117-131 Capel Street NORTH MELBOURNE VIC 3051","number_of_floors_above_ground":4,"predominant_space_use":"Unoccupied - Unused","accessibility_rating":"3","bicycle_spaces":0}},{"type":"Feature","geometry":{"type":"Point","coordinates":[144.95428,-37.804123]},"properties":{"property_id":"105032","street_address":"50-52 Howard Street NORTH MELBOURNE VIC 3051","construction_year":"1990","number_of_floors_above_ground":2,"predominant_space_use":"Office","accessibility_rating":"1","bicycle_spaces":0}},{"type":"Feature","geometry":{"type":"Point","coordinates":[144.954309,-37.804718]},"properties":{"property_id":"105037","street_address":"22-26 Howard Street NORTH MELBOURNE VIC 3051","construction_year":"2003","number_of_floors_above_ground":4,"predominant_space_use":"Residential Apartment","accessibility_rating":"1","bicycle_spaces":0}},{"type":"Feature","geometry":{"type":"Point","coordinates":[144.954243,-37.805092]},"properties":{"property_id":"105039","street_address":"8-14 Howard Street NORTH MELBOURNE VIC 3051","construction_year":"1880","number_of_floors_above_ground":2,"predominant_space_use":"Entertainment/Recreation - Indoor","accessibility_rating":"3","bicycle_spaces":0}},{"type":"Feature","geometry":{"type":"Point","coordinates":[144.954434,-37.80436]},"properties":{"property_id":"105977","street_address":"3-9 Little Howard Street NORTH MELBOURNE VIC 3051","construction_year":"1940","number_of_floors_above_ground":1,"predominant_space_use":"Wholesale","accessibility_rating":"0","bicycle_spaces":0}},{"type":"Feature","geometry":{"type":"Point","coordinates":[144.954339,-37.805378]},"properties":{"property_id":"109824","building_name":"Ramsden apartments","street_address":"Ramsden Apartments 352-362 Victoria Street NORTH MELBOURNE VIC 3051","construction_year":"2009","number_of_floors_above_ground":4,"predominant_space_use":"Residential Apartment","accessibility_rating":"1","bicycle_spaces":0}},{"type":"Feature","geometry":{"type":"Point","coordinates":[144.954465,-37.804246]},"properties":{"property_id":"556745","street_address":"21 Capel Place NORTH MELBOURNE VIC 3051","construction_year":"2000","number_of_floors_above_ground":3,"predominant_space_use":"House/Townhouse","accessibility_rating":"0"}},{"type":"Feature","geometry":{"type":"Point","coordinates":[144.954678,-37.80427]},"properties":{"property_id":"556746","street_address":"15 Capel Place NORTH MELBOURNE VIC 3051","construction_year":"2000","number_of_floors_above_ground":3,"predominant_space_use":"House/Townhouse","accessibility_rating":"0"}},{"type":"Feature","geometry":{"type":"Point","coordinates":[144.954944,-37.804184]},"properties":{"property_id":"557197","street_address":"8 Capel Place NORTH MELBOURNE VIC 3051","number_of_floors_above_ground":1,"predominant_space_use":"House/Townhouse","accessibility_rating":"0"}},{"type":"Feature","geometry":{"type":"Point","coordinates":[144.955699,-37.804315]},"properties":{"property_id":"101542","street_address":"160 Capel Street NORTH MELBOURNE VIC 3051","number_of_floors_above_ground":2,"predominant_space_use":"House/Townhouse","accessibility_rating":"0"}},{"type":"Feature","geometry":{"type":"Point","coordinates":[144.955691,-37.804359]},"properties":{"property_id":"101543","street_address":"158 Capel Street NORTH MELBOURNE VIC 3051","number_of_floors_above_ground":2,"predominant_space_use":"House/Townhouse","accessibility_rating":"0"}},{"type":"Feature","geometry":{"type":"Point","coordinates":[144.955667,-37.804493]},"properties":{"property_id":"101546","street_address":"152 Capel Street NORTH MELBOURNE VIC 3051","number_of_floors_above_ground":2,"predominant_space_use":"House/Townhouse","accessibility_rating":"0"}},{"type":"Feature","geometry":{"type":"Point","coordinates":[144.955653,-37.804582]},"properties":{"property_id":"101548","street_address":"148 Capel Street NORTH MELBOURNE VIC 3051","number_of_floors_above_ground":2,"predominant_space_use":"House/Townhouse","accessibility_rating":"0"}},{"type":"Feature","geometry":{"type":"Point","coordinates":[144.955588,-37.804944]},"properties":{"property_id":"101553","street_address":"130-134 Capel Street NORTH MELBOURNE VIC 3051","number_of_floors_above_ground":2,"predominant_space_use":"House/Townhouse","accessibility_rating":"0","bicycle_spaces":0}},{"type":"Feature","geometry":{"type":"Point","coordinates":[144.955564,-37.805076]},"properties":{"property_id":"101555","street_address":"126 Capel Street NORTH MELBOURNE VIC 3051","number_of_floors_above_ground":2,"predominant_space_use":"House/Townhouse","accessibility_rating":"0"}},{"type":"Feature","geometry":{"type":"Point","coordinates":[144.955562,-37.805123]},"properties":{"property_id":"101556","street_address":"124 Capel Street NORTH MELBOURNE VIC 3051","number_of_floors_above_ground":2,"predominant_space_use":"House/Townhouse","accessibility_rating":"0"}},{"type":"Feature","geometry":{"type":"Point","coordinates":[144.95554,-37.805203]},"properties":{"property_id":"101558","street_address":"120 Capel Street NORTH MELBOURNE VIC 3051","number_of_floors_above_ground":1,"predominant_space_use":"House/Townhouse","accessibility_rating":"0"}},{"type":"Feature","geometry":{"type":"Point","coordinates":[144.955501,-37.805411]},"properties":{"property_id":"101560","street_address":"108-112 Capel Street NORTH MELBOURNE VIC 3051","construction_year":"2009","number_of_floors_above_ground":4,"predominant_space_use":"Student Accommodation","accessibility_rating":"1","bicycle_spaces":0}},{"type":"Feature","geometry":{"type":"Point","coordinates":[144.955722,-37.80548]},"properties":{"property_id":"107487","street_address":"107-109 Peel Street NORTH MELBOURNE VIC 3051","construction_year":"1950","number_of_floors_above_ground":2,"predominant_space_use":"Workshop/Studio","accessibility_rating":"1","bicycle_spaces":0}},{"type":"Feature","geometry":{"type":"Point","coordinates":[144.955789,-37.805044]},"properties":{"property_id":"107493","street_address":"123-133 Peel Street NORTH MELBOURNE VIC 3051","construction_year":"1970","number_of_floors_above_ground":3,"predominant_space_use":"Educational/Research","accessibility_rating":"1","bicycle_spaces":0}},{"type":"Feature","geometry":{"type":"Point","coordinates":[144.955817,-37.804833]},"properties":{"property_id":"107495","street_address":"137 Peel Street NORTH MELBOURNE VIC 3051","number_of_floors_above_ground":2,"predominant_space_use":"House/Townhouse","accessibility_rating":"0"}},{"type":"Feature","geometry":{"type":"Point","coordinates":[144.955838,-37.804788]},"properties":{"property_id":"107496","street_address":"139 Peel Street NORTH MELBOURNE VIC 3051","number_of_floors_above_ground":1,"predominant_space_use":"House/Townhouse","accessibility_rating":"0"}},{"type":"Feature","geometry":{"type":"Point","coordinates":[144.95585,-37.804742]},"properties":{"property_id":"107497","street_address":"141 Peel Street NORTH MELBOURNE VIC 3051","number_of_floors_above_ground":1,"predominant_space_use":"House/Townhouse","accessibility_rating":"0"}},{"type":"Feature","geometry":{"type":"Point","coordinates":[144.955879,-37.80461]},"properties":{"property_id":"107500","street_address":"147 Peel Street NORTH MELBOURNE VIC 3051","number_of_floors_above_ground":2,"predominant_space_use":"House/Townhouse","accessibility_rating":"0"}},{"type":"Feature","geometry":{"type":"Point","coordinates":[144.95591,-37.80444]},"properties":{"property_id":"107503","street_address":"153 Peel Street NORTH MELBOURNE VIC 3051","construction_year":"1870","number_of_floors_above_ground":2,"predominant_space_use":"House/Townhouse","accessibility_rating":"0"}},{"type":"Feature","geometry":{"type":"Point","coordinates":[144.955923,-37.804369]},"properties":{"property_id":"107505","street_address":"155-157 Peel Street NORTH MELBOURNE VIC 3051","number_of_floors_above_ground":2,"predominant_space_use":"House/Townhouse","accessibility_rating":"0"}},{"type":"Feature","geometry":{"type":"Point","coordinates":[144.955935,-37.804296]},"properties":{"property_id":"107506","street_address":"159 Peel Street NORTH MELBOURNE VIC 3051","number_of_floors_above_ground":1,"predominant_space_use":"House/Townhouse","accessibility_rating":"0"}},{"type":"Feature","geometry":{"type":"Point","coordinates":[144.955842,-37.804167]},"properties":{"property_id":"107507","street_address":"161-167 Peel Street NORTH MELBOURNE VIC 3051","number_of_floors_above_ground":2,"predominant_space_use":"Performances, Conferences, Ceremonies","accessibility_rating":"3","bicycle_spaces":0}},{"type":"Feature","geometry":{"type":"Point","coordinates":[144.955953,-37.803955]},"properties":{"property_id":"107887","building_name":"Sir Robert Peel Hotel","street_address":"351-359 Queensberry Street NORTH MELBOURNE VIC 3051","number_of_floors_above_ground":2,"predominant_space_use":"Entertainment/Recreation - Indoor","accessibility_rating":"1","bicycle_spaces":0}},{"type":"Feature","geometry":{"type":"Point","coordinates":[144.955745,-37.80397]},"properties":{"property_id":"107888","street_address":"361-363 Queensberry Street NORTH MELBOURNE VIC 3051","construction_year":"1890","number_of_floors_above_ground":2,"predominant_space_use":"Unoccupied - Under Renovation","accessibility_rating":"2","bicycle_spaces":0}},{"type":"Feature","geometry":{"type":"Point","coordinates":[144.955495,-37.805609]},"properties":{"property_id":"109827","street_address":"320-322 Victoria Street NORTH MELBOURNE VIC 3051","number_of_floors_above_ground":2,"predominant_space_use":"Unoccupied - Unused","accessibility_rating":"1","bicycle_spaces":0}},{"type":"Feature","geometry":{"type":"Point","coordinates":[144.955621,-37.804875]},"properties":{"property_id":"625765","street_address":"136 Capel Street NORTH MELBOURNE VIC 3051","construction_year":"1870","number_of_floors_above_ground":2,"predominant_space_use":"House/Townhouse","accessibility_rating":"1","bicycle_spaces":0}},{"type":"Feature","geometry":{"type":"Point","coordinates":[144.957064,-37.804791]},"properties":{"property_id":"102038","building_name":"Avion Place","street_address":"17-27 Cobden Street NORTH MELBOURNE VIC 3051","construction_year":"1996","number_of_floors_above_ground":3,"predominant_space_use":"House/Townhouse","accessibility_rating":"0","bicycle_spaces":0}},{"type":"Feature","geometry":{"type":"Point","coordinates":[144.957086,-37.804421]},"properties":{"property_id":"102041","street_address":"35 Cobden Street NORTH MELBOURNE VIC 3051","construction_year":"1870","number_of_floors_above_ground":2,"predominant_space_use":"Office","accessibility_rating":"2","bicycle_spaces":0}},{"type":"Feature","geometry":{"type":"Point","coordinates":[144.957168,-37.804284]},"properties":{"property_id":"102043","street_address":"41-43 Cobden Street NORTH MELBOURNE VIC 3051","construction_year":"1865","number_of_floors_above_ground":2,"predominant_space_use":"Office","accessibility_rating":"1","bicycle_spaces":0}},{"type":"Feature","geometry":{"type":"Point","coordinates":[144.956662,-37.804448]},"properties":{"property_id":"107528","street_address":"140-164 Peel Street NORTH MELBOURNE VIC 3051","construction_year":"2005","number_of_floors_above_ground":4,"predominant_space_use":"Residential Apartment","accessibility_rating":"3","bicycle_spaces":0}},{"type":"Feature","geometry":{"type":"Point","coordinates":[144.956697,-37.804823]},"properties":{"property_id":"107729","street_address":"6 Princess Street NORTH MELBOURNE VIC 3051","number_of_floors_above_ground":1,"predominant_space_use":"House/Townhouse","accessibility_rating":"0"}},{"type":"Feature","geometry":{"type":"Point","coordinates":[144.956753,-37.804828]},"properties":{"property_id":"107730","street_address":"4 Princess Street NORTH MELBOURNE VIC 3051","number_of_floors_above_ground":1,"predominant_space_use":"House/Townhouse","accessibility_rating":"0"}},{"type":"Feature","geometry":{"type":"Point","coordinates":[144.956658,-37.804056]},"properties":{"property_id":"107886","street_address":"341-347 Queensberry Street NORTH MELBOURNE VIC 3051","number_of_floors_above_ground":2,"predominant_space_use":"Unoccupied - Unused","accessibility_rating":"1","bicycle_spaces":0}},{"type":"Feature","geometry":{"type":"Point","coordinates":[144.956624,-37.804803]},"properties":{"property_id":"572115","street_address":"8 Princess Street NORTH MELBOURNE VIC 3051","number_of_floors_above_ground":2,"predominant_space_use":"House/Townhouse","accessibility_rating":"0"}},{"type":"Feature","geometry":{"type":"Point","coordinates":[144.95646,-37.805199]},"properties":{"property_id":"107531","street_address":"122-124 Peel Street NORTH MELBOURNE VIC 3051","construction_year":"1901","number_of_floors_above_ground":1,"predominant_space_use":"Entertainment/Recreation - Indoor","accessibility_rating":"2","bicycle_spaces":0}},{"type":"Feature","geometry":{"type":"Point","coordinates":[144.956571,-37.805506]},"properties":{"property_id":"107536","street_address":"112 Peel Street NORTH MELBOURNE VIC 3051","construction_year":"1890","number_of_floors_above_ground":2,"predominant_space_use":"Educational/Research","accessibility_rating":"3","bicycle_spaces":0}},{"type":"Feature","geometry":{"type":"Point","coordinates":[144.956993,-37.805207]},"properties":{"property_id":"107723","street_address":"3 Princess Street NORTH MELBOURNE VIC 3051","number_of_floors_above_ground":2,"predominant_space_use":"House/Townhouse","accessibility_rating":"0"}},{"type":"Feature","geometry":{"type":"Point","coordinates":[144.956882,-37.805193]},"properties":{"property_id":"107725","street_address":"7 Princess Street NORTH MELBOURNE VIC 3051","number_of_floors_above_ground":2,"predominant_space_use":"House/Townhouse","accessibility_rating":"0"}},{"type":"Feature","geometry":{"type":"Point","coordinates":[144.956826,-37.805187]},"properties":{"property_id":"107726","street_address":"9 Princess Street NORTH MELBOURNE VIC 3051","number_of_floors_above_ground":1,"predominant_space_use":"House/Townhouse","accessibility_rating":"0"}},{"type":"Feature","geometry":{"type":"Point","coordinates":[144.956767,-37.805186]},"properties":{"property_id":"107727","street_address":"11 Princess Street NORTH MELBOURNE VIC 3051","number_of_floors_above_ground":1,"predominant_space_use":"House/Townhouse","accessibility_rating":"0"}},{"type":"Feature","geometry":{"type":"Point","coordinates":[144.956391,-37.805631]},"properties":{"property_id":"109830","building_name":"Royal Exchange Hotel","street_address":"300-308 Victoria Street NORTH MELBOURNE VIC 3051","construction_year":"1870","number_of_floors_above_ground":2,"predominant_space_use":"Unoccupied - Unused","accessibility_rating":"1","bicycle_spaces":0}},{"type":"Feature","geometry":{"type":"Point","coordinates":[144.956575,-37.805719]},"properties":{"property_id":"109831","street_address":"294-298 Victoria Street NORTH MELBOURNE VIC 3051","construction_year":"1960","number_of_floors_above_ground":2,"predominant_space_use":"Unoccupied - Unused","accessibility_rating":"1","bicycle_spaces":0}},{"type":"Feature","geometry":{"type":"Point","coordinates":[144.956812,-37.805745]},"properties":{"property_id":"109834","street_address":"286-288 Victoria Street NORTH MELBOURNE VIC 3051","construction_year":"1940","number_of_floors_above_ground":2,"predominant_space_use":"Unoccupied - Unused","accessibility_rating":"1","bicycle_spaces":0}},{"type":"Feature","geometry":{"type":"Point","coordinates":[144.956897,-37.805754]},"properties":{"property_id":"109835","street_address":"284 Victoria Street NORTH MELBOURNE VIC 3051","construction_year":"1890","number_of_floors_above_ground":1,"predominant_space_use":"Unoccupied - Unused","accessibility_rating":"1","bicycle_spaces":0}},{"type":"Feature","geometry":{"type":"Point","coordinates":[144.956982,-37.805764]},"properties":{"property_id":"109836","street_address":"280-282 Victoria Street NORTH MELBOURNE VIC 3051","construction_year":"1890","number_of_floors_above_ground":2,"predominant_space_use":"Unoccupied - Unused","accessibility_rating":"1","bicycle_spaces":0}},{"type":"Feature","geometry":{"type":"Point","coordinates":[144.956896,-37.805433]},"properties":{"property_id":"506301","street_address":"9 Cobden Street NORTH MELBOURNE VIC 3051","construction_year":"1910","number_of_floors_above_ground":1,"predominant_space_use":"Unoccupied - Unused","accessibility_rating":"1","bicycle_spaces":0}},{"type":"Feature","geometry":{"type":"Point","coordinates":[144.956912,-37.805343]},"properties":{"property_id":"506302","street_address":"11 Cobden Street NORTH MELBOURNE VIC 3051","construction_year":"1910","number_of_floors_above_ground":1,"predominant_space_use":"Wholesale","accessibility_rating":"2","bicycle_spaces":0}},{"type":"Feature","geometry":{"type":"Point","coordinates":[144.956441,-37.805312]},"properties":{"property_id":"592842","street_address":"116-120 Peel Street NORTH MELBOURNE VIC 3051","number_of_floors_above_ground":3,"predominant_space_use":"Residential Apartment","accessibility_rating":"1","bicycle_spaces":0}},{"type":"Feature","geometry":{"type":"Point","coordinates":[144.95783,-37.80543]},"properties":{"property_id":"106990","building_name":"O'Connell Residence","street_address":"15-19 O'Connell Street NORTH MELBOURNE VIC 3051","construction_year":"1889","number_of_floors_above_ground":4,"predominant_space_use":"Student Accommodation","accessibility_rating":"1","bicycle_spaces":0}},{"type":"Feature","geometry":{"type":"Point","coordinates":[144.957597,-37.804884]},"properties":{"property_id":"524579","street_address":"37 O'Connell Street NORTH MELBOURNE VIC 3051","construction_year":"1870","number_of_floors_above_ground":2,"predominant_space_use":"Office","accessibility_rating":"1","bicycle_spaces":0}},{"type":"Feature","geometry":{"type":"Point","coordinates":[144.957597,-37.804884]},"properties":{"property_id":"585170","street_address":"39 O'Connell Street NORTH MELBOURNE VIC 3051","number_of_floors_above_ground":2,"predominant_space_use":"Office","accessibility_rating":"1","bicycle_spaces":0}},{"type":"Feature","geometry":{"type":"Point","coordinates":[144.957597,-37.804884]},"properties":{"property_id":"585171","street_address":"41 O'Connell Street NORTH MELBOURNE VIC 3051","number_of_floors_above_ground":2,"predominant_space_use":"House/Townhouse","accessibility_rating":"1","bicycle_spaces":0}},{"type":"Feature","geometry":{"type":"Point","coordinates":[144.957804,-37.805872]},"properties":{"property_id":"109840","street_address":"256-258 Victoria Street NORTH MELBOURNE VIC 3051","number_of_floors_above_ground":2,"predominant_space_use":"Unoccupied - Unused","accessibility_rating":"2","bicycle_spaces":0}},{"type":"Feature","geometry":{"type":"Point","coordinates":[144.95794,-37.805888]},"properties":{"property_id":"109841","street_address":"250-254 Victoria Street NORTH MELBOURNE VIC 3051","construction_year":"1880","number_of_floors_above_ground":2,"predominant_space_use":"Retail - Shop","accessibility_rating":"3","bicycle_spaces":0}},{"type":"Feature","geometry":{"type":"Point","coordinates":[144.958126,-37.805914]},"properties":{"property_id":"109842","building_name":"Central Club Hotel","street_address":"240-248 Victoria Street NORTH MELBOURNE VIC 3051","number_of_floors_above_ground":2,"predominant_space_use":"Unoccupied - Under Demolition/Condemned","accessibility_rating":"3","bicycle_spaces":0}},{"type":"Feature","geometry":{"type":"Point","coordinates":[144.958478,-37.805381]},"properties":{"property_id":"103239","street_address":"547-549 Elizabeth Street MELBOURNE VIC 3000","construction_year":"1920","number_of_floors_above_ground":3,"predominant_space_use":"Unoccupied - Under Demolition/Condemned","accessibility_rating":"1","bicycle_spaces":0}},{"type":"Feature","geometry":{"type":"Point","coordinates":[144.958123,-37.804607]},"properties":{"property_id":"103244","street_address":"587-589 Elizabeth Street MELBOURNE VIC 3000","construction_year":"2013","number_of_floors_above_ground":10,"predominant_space_use":"Residential Apartment","accessibility_rating":"1","bicycle_spaces":20}},{"type":"Feature","geometry":{"type":"Point","coordinates":[144.958143,-37.804394]},"properties":{"property_id":"103247","street_address":"597 Elizabeth Street MELBOURNE VIC 3000","construction_year":"1890","number_of_floors_above_ground":2,"predominant_space_use":"Entertainment/Recreation - Indoor","accessibility_rating":"1","bicycle_spaces":0}},{"type":"Feature","geometry":{"type":"Point","coordinates":[144.957868,-37.80435]},"properties":{"property_id":"106998","street_address":"66 O'Connell Street MELBOURNE VIC 3000","number_of_floors_above_ground":2,"predominant_space_use":"House/Townhouse","accessibility_rating":"0"}},{"type":"Feature","geometry":{"type":"Point","coordinates":[144.957796,-37.804162]},"properties":{"property_id":"107878","street_address":"309-317 Queensberry Street MELBOURNE VIC 3000","number_of_floors_above_ground":2,"predominant_space_use":"Retail - Showroom","accessibility_rating":"1","bicycle_spaces":0}},{"type":"Feature","geometry":{"type":"Point","coordinates":[144.957485,-37.803205]},"properties":{"property_id":"103251","street_address":"611-669 Elizabeth Street MELBOURNE VIC 3000","construction_year":"2021","number_of_floors_above_ground":9,"predominant_space_use":"Unoccupied - Unused","accessibility_rating":"0","bicycle_spaces":145}},{"type":"Feature","geometry":{"type":"Point","coordinates":[144.957031,-37.802111]},"properties":{"property_id":"103255","street_address":"687-699 Elizabeth Street MELBOURNE VIC 3000","construction_year":"1970","number_of_floors_above_ground":1,"predominant_space_use":"Workshop/Studio","accessibility_rating":"1","bicycle_spaces":0}},{"type":"Feature","geometry":{"type":"Point","coordinates":[144.95698,-37.80336]},"properties":{"property_id":"106996","street_address":"83-85 O'Connell Street NORTH MELBOURNE VIC 3051","number_of_floors_above_ground":1,"predominant_space_use":"House/Townhouse","accessibility_rating":"0"}},{"type":"Feature","geometry":{"type":"Point","coordinates":[144.956774,-37.803412]},"properties":{"property_id":"107524","street_address":"184 Peel Street NORTH MELBOURNE VIC 3051","number_of_floors_above_ground":2,"predominant_space_use":"House/Townhouse","accessibility_rating":"0"}},{"type":"Feature","geometry":{"type":"Point","coordinates":[144.95677,-37.803457]},"properties":{"property_id":"107525","street_address":"182 Peel Street NORTH MELBOURNE VIC 3051","number_of_floors_above_ground":2,"predominant_space_use":"House/Townhouse","accessibility_rating":"0"}},{"type":"Feature","geometry":{"type":"Point","coordinates":[144.956068,-37.802472]},"properties":{"property_id":"100954","street_address":"12-16 Bedford Street NORTH MELBOURNE VIC 3051","number_of_floors_above_ground":3,"predominant_space_use":"House/Townhouse","accessibility_rating":"0","bicycle_spaces":0}},{"type":"Feature","geometry":{"type":"Point","coordinates":[144.956008,-37.8026]},"properties":{"property_id":"101533","street_address":"210 Capel Street NORTH MELBOURNE VIC 3051","number_of_floors_above_ground":2,"predominant_space_use":"House/Townhouse","accessibility_rating":"0"}},{"type":"Feature","geometry":{"type":"Point","coordinates":[144.955966,-37.802791]},"properties":{"property_id":"101535","street_address":"204 Capel Street NORTH MELBOURNE VIC 3051","number_of_floors_above_ground":2,"predominant_space_use":"House/Townhouse","accessibility_rating":"0"}},{"type":"Feature","geometry":{"type":"Point","coordinates":[144.955958,-37.802839]},"properties":{"property_id":"101536","street_address":"202 Capel Street NORTH MELBOURNE VIC 3051","number_of_floors_above_ground":2,"predominant_space_use":"House/Townhouse","accessibility_rating":"0"}},{"type":"Feature","geometry":{"type":"Point","coordinates":[144.956109,-37.803259]},"properties":{"property_id":"107510","building_name":"BPG House","street_address":"187-189 Peel Street NORTH MELBOURNE VIC 3051","construction_year":"1910","number_of_floors_above_ground":3,"predominant_space_use":"Office","accessibility_rating":"1","bicycle_spaces":0}},{"type":"Feature","geometry":{"type":"Point","coordinates":[144.954971,-37.803257]},"properties":{"property_id":"676735","street_address":"5 Courtney Street NORTH MELBOURNE VIC 3051","construction_year":"2017","number_of_floors_above_ground":4,"predominant_space_use":"Parking - Private Covered","accessibility_rating":"3","bicycle_spaces":0}},{"type":"Feature","geometry":{"type":"Point","coordinates":[144.95452,-37.802758]},"properties":{"property_id":"102202","street_address":"7-9 Courtney Street NORTH MELBOURNE VIC 3051","construction_year":"1910","number_of_floors_above_ground":2,"predominant_space_use":"House/Townhouse","accessibility_rating":"1","bicycle_spaces":0}},{"type":"Feature","geometry":{"type":"Point","coordinates":[144.954497,-37.803048]},"properties":{"property_id":"105028","building_name":"YHA Melbourne Metro","street_address":"YHA Melbourne Metro 76-86 Howard Street NORTH MELBOURNE VIC 3051","construction_year":"1960","number_of_floors_above_ground":4,"predominant_space_use":"Commercial Accommodation","accessibility_rating":"3","bicycle_spaces":2}},{"type":"Feature","geometry":{"type":"Point","coordinates":[144.953078,-37.802779]},"properties":{"property_id":"101947","street_address":"200 Chetwynd Street NORTH MELBOURNE VIC 3051","number_of_floors_above_ground":1,"predominant_space_use":"House/Townhouse","accessibility_rating":"0"}},{"type":"Feature","geometry":{"type":"Point","coordinates":[144.953469,-37.802247]},"properties":{"property_id":"638786","street_address":"Unit 20-46, 27 Courtney Street NORTH MELBOURNE VIC 3051","construction_year":"1960","number_of_floors_above_ground":4,"predominant_space_use":"Residential Apartment","accessibility_rating":"1","bicycle_spaces":0}},{"type":"Feature","geometry":{"type":"Point","coordinates":[144.952997,-37.803065]},"properties":{"property_id":"108016","street_address":"180-196 Chetwynd Street NORTH MELBOURNE VIC 3051","construction_year":"1960","number_of_floors_above_ground":3,"predominant_space_use":"Unoccupied - Unused","accessibility_rating":"1","bicycle_spaces":0}},{"type":"Feature","geometry":{"type":"Point","coordinates":[144.953559,-37.802965]},"properties":{"property_id":"517100","building_name":"St. Mary's Anglican Church","street_address":"St Marys Anglican Church 428 Queensberry Street NORTH MELBOURNE VIC 3051","number_of_floors_above_ground":1,"predominant_space_use":"Performances, Conferences, Ceremonies","accessibility_rating":"2","bicycle_spaces":0}},{"type":"Feature","geometry":{"type":"Point","coordinates":[144.953559,-37.802965]},"properties":{"property_id":"517101","street_address":"163-169 Howard Street NORTH MELBOURNE VIC 3051","number_of_floors_above_ground":1,"predominant_space_use":"House/Townhouse","accessibility_rating":"0","bicycle_spaces":0}},{"type":"Feature","geometry":{"type":"Point","coordinates":[144.953559,-37.802965]},"properties":{"property_id":"517102","street_address":"171-177 Howard Street NORTH MELBOURNE VIC 3051","number_of_floors_above_ground":2,"predominant_space_use":"Residential Apartment","accessibility_rating":"0","bicycle_spaces":0}},{"type":"Feature","geometry":{"type":"Point","coordinates":[144.953559,-37.802965]},"properties":{"property_id":"527139","street_address":"430-434 Queensberry Street NORTH MELBOURNE VIC 3051","number_of_floors_above_ground":1,"predominant_space_use":"Performances, Conferences, Ceremonies","accessibility_rating":"2","bicycle_spaces":0}},{"type":"Feature","geometry":{"type":"Point","coordinates":[144.952158,-37.80158]},"properties":{"property_id":"100458","building_name":"Arden Motel","street_address":"Arden Motel 7-15 Arden Street NORTH MELBOURNE VIC 3051","construction_year":"1967","number_of_floors_above_ground":3,"predominant_space_use":"Commercial Accommodation","accessibility_rating":"3","bicycle_spaces":0}},{"type":"Feature","geometry":{"type":"Point","coordinates":[144.952456,-37.802194]},"properties":{"property_id":"101938","street_address":"151 Chetwynd Street NORTH MELBOURNE VIC 3051","number_of_floors_above_ground":2,"predominant_space_use":"House/Townhouse","accessibility_rating":"0"}},{"type":"Feature","geometry":{"type":"Point","coordinates":[144.952562,-37.801814]},"properties":{"property_id":"101943","street_address":"169 Chetwynd Street NORTH MELBOURNE VIC 3051","number_of_floors_above_ground":2,"predominant_space_use":"House/Townhouse","accessibility_rating":"0"}},{"type":"Feature","geometry":{"type":"Point","coordinates":[144.95171,-37.801463]},"properties":{"property_id":"105625","street_address":"114 Leveson Street NORTH MELBOURNE VIC 3051","number_of_floors_above_ground":1,"predominant_space_use":"House/Townhouse","accessibility_rating":"0"}},{"type":"Feature","geometry":{"type":"Point","coordinates":[144.951703,-37.801507]},"properties":{"property_id":"105626","street_address":"112 Leveson Street NORTH MELBOURNE VIC 3051","number_of_floors_above_ground":1,"predominant_space_use":"House/Townhouse","accessibility_rating":"0"}},{"type":"Feature","geometry":{"type":"Point","coordinates":[144.951694,-37.801552]},"properties":{"property_id":"105627","street_address":"110 Leveson Street NORTH MELBOURNE VIC 3051","number_of_floors_above_ground":1,"predominant_space_use":"House/Townhouse","accessibility_rating":"0"}},{"type":"Feature","geometry":{"type":"Point","coordinates":[144.951819,-37.80176]},"properties":{"property_id":"105628","street_address":"98-104 Leveson Street NORTH MELBOURNE VIC 3051","construction_year":"2003","number_of_floors_above_ground":3,"predominant_space_use":"Residential Apartment","accessibility_rating":"1","bicycle_spaces":0}},{"type":"Feature","geometry":{"type":"Point","coordinates":[144.951711,-37.802478]},"properties":{"property_id":"105632","street_address":"68-82 Leveson Street NORTH MELBOURNE VIC 3051","construction_year":"2015","number_of_floors_above_ground":5,"predominant_space_use":"Residential Apartment","accessibility_rating":"1","bicycle_spaces":0}},{"type":"Feature","geometry":{"type":"Point","coordinates":[144.95138,-37.803034]},"properties":{"property_id":"108006","street_address":"484-488 Queensberry Street NORTH MELBOURNE VIC 3051","construction_year":"1900","number_of_floors_above_ground":1,"predominant_space_use":"Unoccupied - Unused","accessibility_rating":"3","bicycle_spaces":0}},{"type":"Feature","geometry":{"type":"Point","coordinates":[144.951487,-37.803046]},"properties":{"property_id":"108007","street_address":"482 Queensberry Street NORTH MELBOURNE VIC 3051","number_of_floors_above_ground":2,"predominant_space_use":"House/Townhouse","accessibility_rating":"0"}},{"type":"Feature","geometry":{"type":"Point","coordinates":[144.952,-37.803023]},"properties":{"property_id":"108011","street_address":"466 Queensberry Street NORTH MELBOURNE VIC 3051","construction_year":"1870","number_of_floors_above_ground":2,"predominant_space_use":"House/Townhouse","accessibility_rating":"0"}},{"type":"Feature","geometry":{"type":"Point","coordinates":[144.952065,-37.80303]},"properties":{"property_id":"108012","street_address":"462-464 Queensberry Street NORTH MELBOURNE VIC 3051","construction_year":"1880","number_of_floors_above_ground":2,"predominant_space_use":"Residential Apartment","accessibility_rating":"1","bicycle_spaces":0}},{"type":"Feature","geometry":{"type":"Point","coordinates":[144.952378,-37.803065]},"properties":{"property_id":"108015","street_address":"109-119 Chetwynd Street NORTH MELBOURNE VIC 3051","construction_year":"2019","number_of_floors_above_ground":4,"predominant_space_use":"Commercial Accommodation","accessibility_rating":"3","bicycle_spaces":10}},{"type":"Feature","geometry":{"type":"Point","coordinates":[144.952402,-37.802669]},"properties":{"property_id":"110810","street_address":"131 Chetwynd Street NORTH MELBOURNE VIC 3051","number_of_floors_above_ground":2,"predominant_space_use":"House/Townhouse","accessibility_rating":"0"}},{"type":"Feature","geometry":{"type":"Point","coordinates":[144.952409,-37.802628]},"properties":{"property_id":"110811","street_address":"133 Chetwynd Street NORTH MELBOURNE VIC 3051","number_of_floors_above_ground":2,"predominant_space_use":"House/Townhouse","accessibility_rating":"0"}},{"type":"Feature","geometry":{"type":"Point","coordinates":[144.952602,-37.801902]},"properties":{"property_id":"111349","street_address":"2 Byron Street NORTH MELBOURNE VIC 3051","construction_year":"1870","number_of_floors_above_ground":2,"predominant_space_use":"House/Townhouse","accessibility_rating":"0"}},{"type":"Feature","geometry":{"type":"Point","coordinates":[144.952286,-37.802389]},"properties":{"property_id":"602731","street_address":"139-145 Chetwynd Street NORTH MELBOURNE VIC 3051","construction_year":"2015","number_of_floors_above_ground":5,"predominant_space_use":"Residential Apartment","accessibility_rating":"3","bicycle_spaces":0}},{"type":"Feature","geometry":{"type":"Point","coordinates":[144.952106,-37.8025]},"properties":{"property_id":"611681","street_address":"13 Chetwynd Place NORTH MELBOURNE VIC 3051","construction_year":"2011","number_of_floors_above_ground":3,"predominant_space_use":"House/Townhouse","accessibility_rating":"0","bicycle_spaces":0}},{"type":"Feature","geometry":{"type":"Point","coordinates":[144.952063,-37.802745]},"properties":{"property_id":"611686","street_address":"3 Chetwynd Place NORTH MELBOURNE VIC 3051","construction_year":"2009","number_of_floors_above_ground":3,"predominant_space_use":"House/Townhouse","accessibility_rating":"0"}},{"type":"Feature","geometry":{"type":"Point","coordinates":[144.950008,-37.802575]},"properties":{"property_id":"103503","street_address":"100-102 Errol Street NORTH MELBOURNE VIC 3051","construction_year":"1880","number_of_floors_above_ground":2,"predominant_space_use":"Residential Apartment","accessibility_rating":"3","bicycle_spaces":0}},{"type":"Feature","geometry":{"type":"Point","coordinates":[144.949999,-37.802633]},"properties":{"property_id":"103504","street_address":"98 Errol Street NORTH MELBOURNE VIC 3051","construction_year":"1883","number_of_floors_above_ground":2,"predominant_space_use":"House/Townhouse","accessibility_rating":"0","bicycle_spaces":0}},{"type":"Feature","geometry":{"type":"Point","coordinates":[144.949987,-37.802699]},"properties":{"property_id":"103505","street_address":"94-96 Errol Street NORTH MELBOURNE VIC 3051","number_of_floors_above_ground":2,"predominant_space_use":"Unoccupied - Unused","accessibility_rating":"2","bicycle_spaces":0}},{"type":"Feature","geometry":{"type":"Point","coordinates":[144.949974,-37.802773]},"properties":{"property_id":"103506","street_address":"92 Errol Street NORTH MELBOURNE VIC 3051","construction_year":"1850","number_of_floors_above_ground":2,"predominant_space_use":"Residential Apartment","accessibility_rating":"1","bicycle_spaces":0}},{"type":"Feature","geometry":{"type":"Point","coordinates":[144.950841,-37.802867]},"properties":{"property_id":"105612","street_address":"65 Leveson Street NORTH MELBOURNE VIC 3051","number_of_floors_above_ground":1,"predominant_space_use":"House/Townhouse","accessibility_rating":"0"}},{"type":"Feature","geometry":{"type":"Point","coordinates":[144.950835,-37.802827]},"properties":{"property_id":"105613","street_address":"67 Leveson Street NORTH MELBOURNE VIC 3051","number_of_floors_above_ground":1,"predominant_space_use":"House/Townhouse","accessibility_rating":"0"}},{"type":"Feature","geometry":{"type":"Point","coordinates":[144.950845,-37.802792]},"properties":{"property_id":"105614","street_address":"69 Leveson Street NORTH MELBOURNE VIC 3051","number_of_floors_above_ground":1,"predominant_space_use":"House/Townhouse","accessibility_rating":"0"}},{"type":"Feature","geometry":{"type":"Point","coordinates":[144.950875,-37.802748]},"properties":{"property_id":"105615","street_address":"71 Leveson Street NORTH MELBOURNE VIC 3051","number_of_floors_above_ground":2,"predominant_space_use":"House/Townhouse","accessibility_rating":"0"}},{"type":"Feature","geometry":{"type":"Point","coordinates":[144.950782,-37.80258]},"properties":{"property_id":"105616","street_address":"73-77 Leveson Street NORTH MELBOURNE VIC 3051","construction_year":"1920","number_of_floors_above_ground":2,"predominant_space_use":"Residential Apartment","accessibility_rating":"1","bicycle_spaces":0}},{"type":"Feature","geometry":{"type":"Point","coordinates":[144.950441,-37.802794]},"properties":{"property_id":"107998","street_address":"508-512 Queensberry Street NORTH MELBOURNE VIC 3051","construction_year":"1946","number_of_floors_above_ground":2,"predominant_space_use":"Office","accessibility_rating":"1","bicycle_spaces":0}},{"type":"Feature","geometry":{"type":"Point","coordinates":[144.950532,-37.802853]},"properties":{"property_id":"107999","street_address":"506 Queensberry Street NORTH MELBOURNE VIC 3051","construction_year":"1890","number_of_floors_above_ground":2,"predominant_space_use":"Retail - Shop","accessibility_rating":"2","bicycle_spaces":0}},{"type":"Feature","geometry":{"type":"Point","coordinates":[144.950597,-37.802858]},"properties":{"property_id":"108000","street_address":"504 Queensberry Street NORTH MELBOURNE VIC 3051","construction_year":"1890","number_of_floors_above_ground":2,"predominant_space_use":"House/Townhouse","accessibility_rating":"3","bicycle_spaces":0}},{"type":"Feature","geometry":{"type":"Point","coordinates":[144.950725,-37.802955]},"properties":{"property_id":"108002","street_address":"498-500 Queensberry Street NORTH MELBOURNE VIC 3051","construction_year":"1880","number_of_floors_above_ground":2,"predominant_space_use":"Unoccupied - Unused","accessibility_rating":"1","bicycle_spaces":0}},{"type":"Feature","geometry":{"type":"Point","coordinates":[144.950927,-37.802989]},"properties":{"property_id":"108005","street_address":"492 Queensberry Street NORTH MELBOURNE VIC 3051","number_of_floors_above_ground":2,"predominant_space_use":"House/Townhouse","accessibility_rating":"1","bicycle_spaces":0}},{"type":"Feature","geometry":{"type":"Point","coordinates":[144.950816,-37.802325]},"properties":{"property_id":"556343","street_address":"1 Bendigo Street NORTH MELBOURNE VIC 3051","construction_year":"1870","number_of_floors_above_ground":2,"predominant_space_use":"Office","accessibility_rating":"1","bicycle_spaces":0}},{"type":"Feature","geometry":{"type":"Point","coordinates":[144.950718,-37.802322]},"properties":{"property_id":"560416","street_address":"3-5 Bendigo Street NORTH MELBOURNE VIC 3051","number_of_floors_above_ground":2,"predominant_space_use":"House/Townhouse","accessibility_rating":"0"}},{"type":"Feature","geometry":{"type":"Point","coordinates":[144.95069,-37.801298]},"properties":{"property_id":"579247","street_address":"31 Arden Street NORTH MELBOURNE VIC 3051","construction_year":"1910","number_of_floors_above_ground":1,"predominant_space_use":"Unoccupied - Unused","accessibility_rating":"1","bicycle_spaces":10}},{"type":"Feature","geometry":{"type":"Point","coordinates":[144.950518,-37.801365]},"properties":{"property_id":"579248","street_address":"33-35 Arden Street NORTH MELBOURNE VIC 3051","construction_year":"2017","number_of_floors_above_ground":4,"predominant_space_use":"Residential Apartment","accessibility_rating":"3","bicycle_spaces":36}},{"type":"Feature","geometry":{"type":"Point","coordinates":[144.951118,-37.801325]},"properties":{"property_id":"592682","street_address":"23A Arden Street NORTH MELBOURNE VIC 3051","number_of_floors_above_ground":3,"predominant_space_use":"House/Townhouse"}},{"type":"Feature","geometry":{"type":"Point","coordinates":[144.951064,-37.801302]},"properties":{"property_id":"592683","street_address":"25 Arden Street NORTH MELBOURNE VIC 3051","number_of_floors_above_ground":3,"predominant_space_use":"House/Townhouse"}},{"type":"Feature","geometry":{"type":"Point","coordinates":[144.951173,-37.801454]},"properties":{"property_id":"592685","street_address":"119 Leveson Street NORTH MELBOURNE VIC 3051","number_of_floors_above_ground":3,"predominant_space_use":"House/Townhouse"}},{"type":"Feature","geometry":{"type":"Point","coordinates":[144.951151,-37.801581]},"properties":{"property_id":"592687","street_address":"115 Leveson Street NORTH MELBOURNE VIC 3051","number_of_floors_above_ground":3,"predominant_space_use":"House/Townhouse"}},{"type":"Feature","geometry":{"type":"Point","coordinates":[144.951027,-37.801437]},"properties":{"property_id":"592688","street_address":"10 Loughmore Lane NORTH MELBOURNE VIC 3051","number_of_floors_above_ground":3,"predominant_space_use":"House/Townhouse"}},{"type":"Feature","geometry":{"type":"Point","coordinates":[144.951015,-37.801501]},"properties":{"property_id":"592689","street_address":"8 Loughmore Lane NORTH MELBOURNE VIC 3051","number_of_floors_above_ground":3,"predominant_space_use":"House/Townhouse"}},{"type":"Feature","geometry":{"type":"Point","coordinates":[144.951004,-37.801564]},"properties":{"property_id":"592690","street_address":"6 Loughmore Lane NORTH MELBOURNE VIC 3051","number_of_floors_above_ground":3,"predominant_space_use":"House/Townhouse"}},{"type":"Feature","geometry":{"type":"Point","coordinates":[144.951137,-37.801727]},"properties":{"property_id":"592692","street_address":"36 Byron Street NORTH MELBOURNE VIC 3051","number_of_floors_above_ground":3,"predominant_space_use":"House/Townhouse"}},{"type":"Feature","geometry":{"type":"Point","coordinates":[144.950956,-37.801689]},"properties":{"property_id":"592694","street_address":"40 Byron Street NORTH MELBOURNE VIC 3051","number_of_floors_above_ground":3,"predominant_space_use":"House/Townhouse"}},{"type":"Feature","geometry":{"type":"Point","coordinates":[144.950548,-37.80162]},"properties":{"property_id":"603138","street_address":"50-56 Byron Street NORTH MELBOURNE VIC 3051","construction_year":"2006","number_of_floors_above_ground":4,"predominant_space_use":"House/Townhouse","accessibility_rating":"1","bicycle_spaces":0}},{"type":"Feature","geometry":{"type":"Point","coordinates":[144.951137,-37.801636]},"properties":{"property_id":"627799","street_address":"113 Leveson Street NORTH MELBOURNE VIC 3051","construction_year":"2010","number_of_floors_above_ground":3,"predominant_space_use":"House/Townhouse","accessibility_rating":"1","bicycle_spaces":0}},{"type":"Feature","geometry":{"type":"Point","coordinates":[144.950711,-37.800862]},"properties":{"property_id":"100531","street_address":"46 Arden Street NORTH MELBOURNE VIC 3051","number_of_floors_above_ground":2,"predominant_space_use":"House/Townhouse","accessibility_rating":"0"}},{"type":"Feature","geometry":{"type":"Point","coordinates":[144.950897,-37.800834]},"properties":{"property_id":"100535","street_address":"40 Arden Street NORTH MELBOURNE VIC 3051","number_of_floors_above_ground":2,"predominant_space_use":"House/Townhouse","accessibility_rating":"0"}},{"type":"Feature","geometry":{"type":"Point","coordinates":[144.951008,-37.800844]},"properties":{"property_id":"100537","street_address":"36 Arden Street NORTH MELBOURNE VIC 3051","number_of_floors_above_ground":1,"predominant_space_use":"House/Townhouse","accessibility_rating":"0"}},{"type":"Feature","geometry":{"type":"Point","coordinates":[144.95037,-37.800481]},"properties":{"property_id":"103481","street_address":"184-188 Errol Street NORTH MELBOURNE VIC 3051","construction_year":"2005","number_of_floors_above_ground":2,"predominant_space_use":"Residential Apartment","accessibility_rating":"0","bicycle_spaces":0}},{"type":"Feature","geometry":{"type":"Point","coordinates":[144.950665,-37.800562]},"properties":{"property_id":"107093","street_address":"17 O'Shanassy Street NORTH MELBOURNE VIC 3051","number_of_floors_above_ground":1,"predominant_space_use":"House/Townhouse","accessibility_rating":"0"}},{"type":"Feature","geometry":{"type":"Point","coordinates":[144.950344,-37.800639]},"properties":{"property_id":"111475","street_address":"178 Errol Street NORTH MELBOURNE VIC 3051","number_of_floors_above_ground":1,"predominant_space_use":"House/Townhouse","accessibility_rating":"0"}},{"type":"Feature","geometry":{"type":"Point","coordinates":[144.950337,-37.80068]},"properties":{"property_id":"111476","street_address":"176 Errol Street NORTH MELBOURNE VIC 3051","number_of_floors_above_ground":1,"predominant_space_use":"House/Townhouse","accessibility_rating":"0"}},{"type":"Feature","geometry":{"type":"Point","coordinates":[144.950334,-37.800723]},"properties":{"property_id":"111477","street_address":"174 Errol Street NORTH MELBOURNE VIC 3051","number_of_floors_above_ground":1,"predominant_space_use":"House/Townhouse","accessibility_rating":"0"}},{"type":"Feature","geometry":{"type":"Point","coordinates":[144.951207,-37.800924]},"properties":{"property_id":"518809","street_address":"127 Leveson Street NORTH MELBOURNE VIC 3051","construction_year":"2011","number_of_floors_above_ground":2,"predominant_space_use":"House/Townhouse","accessibility_rating":"0","bicycle_spaces":0}},{"type":"Feature","geometry":{"type":"Point","coordinates":[144.951156,-37.800096]},"properties":{"property_id":"102222","street_address":"85 Courtney Street NORTH MELBOURNE VIC 3051","number_of_floors_above_ground":2,"predominant_space_use":"House/Townhouse","accessibility_rating":"0"}},{"type":"Feature","geometry":{"type":"Point","coordinates":[144.951046,-37.800005]},"properties":{"property_id":"102225","street_address":"91 Courtney Street NORTH MELBOURNE VIC 3051","number_of_floors_above_ground":2,"predominant_space_use":"House/Townhouse","accessibility_rating":"0"}},{"type":"Feature","geometry":{"type":"Point","coordinates":[144.950705,-37.800099]},"properties":{"property_id":"107118","street_address":"6-16 O'Shanassy Street NORTH MELBOURNE VIC 3051","number_of_floors_above_ground":2,"predominant_space_use":"House/Townhouse","accessibility_rating":"0","bicycle_spaces":0}},{"type":"Feature","geometry":{"type":"Point","coordinates":[144.951237,-37.800153]},"properties":{"property_id":"508930","street_address":"81 Courtney Street NORTH MELBOURNE VIC 3051","number_of_floors_above_ground":2,"predominant_space_use":"House/Townhouse","accessibility_rating":"0"}},{"type":"Feature","geometry":{"type":"Point","coordinates":[144.951807,-37.800933]},"properties":{"property_id":"100540","street_address":"22 Arden Street NORTH MELBOURNE VIC 3051","number_of_floors_above_ground":2,"predominant_space_use":"House/Townhouse","accessibility_rating":"0"}},{"type":"Feature","geometry":{"type":"Point","coordinates":[144.95186,-37.800943]},"properties":{"property_id":"100541","street_address":"20 Arden Street NORTH MELBOURNE VIC 3051","number_of_floors_above_ground":2,"predominant_space_use":"House/Townhouse","accessibility_rating":"0"}},{"type":"Feature","geometry":{"type":"Point","coordinates":[144.951966,-37.80097]},"properties":{"property_id":"100543","street_address":"16 Arden Street NORTH MELBOURNE VIC 3051","number_of_floors_above_ground":2,"predominant_space_use":"House/Townhouse","accessibility_rating":"0"}},{"type":"Feature","geometry":{"type":"Point","coordinates":[144.952239,-37.801031]},"properties":{"property_id":"100547","street_address":"8 Arden Street NORTH MELBOURNE VIC 3051","number_of_floors_above_ground":2,"predominant_space_use":"House/Townhouse","accessibility_rating":"0"}},{"type":"Feature","geometry":{"type":"Point","coordinates":[144.952476,-37.801061]},"properties":{"property_id":"102210","street_address":"Unit 1, 57 Courtney Street NORTH MELBOURNE VIC 3051","number_of_floors_above_ground":2,"predominant_space_use":"House/Townhouse","accessibility_rating":"0"}},{"type":"Feature","geometry":{"type":"Point","coordinates":[144.952398,-37.800978]},"properties":{"property_id":"102212","street_address":"59 Courtney Street NORTH MELBOURNE VIC 3051","number_of_floors_above_ground":1,"predominant_space_use":"House/Townhouse","accessibility_rating":"0"}},{"type":"Feature","geometry":{"type":"Point","coordinates":[144.951979,-37.800736]},"properties":{"property_id":"102219","street_address":"73 Courtney Street NORTH MELBOURNE VIC 3051","number_of_floors_above_ground":1,"predominant_space_use":"House/Townhouse","accessibility_rating":"0"}},{"type":"Feature","geometry":{"type":"Point","coordinates":[144.955598,-37.802049]},"properties":{"property_id":"100951","street_address":"13-21 Bedford Street NORTH MELBOURNE VIC 3051","number_of_floors_above_ground":3,"predominant_space_use":"Office","accessibility_rating":"3","bicycle_spaces":0}},{"type":"Feature","geometry":{"type":"Point","coordinates":[144.955394,-37.80156]},"properties":{"property_id":"101094","street_address":"22-24 Blackwood Street NORTH MELBOURNE VIC 3051","construction_year":"1980","number_of_floors_above_ground":2,"predominant_space_use":"Unoccupied - Unused","accessibility_rating":"1","bicycle_spaces":3}},{"type":"Feature","geometry":{"type":"Point","coordinates":[144.955158,-37.801751]},"properties":{"property_id":"101095","street_address":"14-20 Blackwood Street NORTH MELBOURNE VIC 3051","construction_year":"1990","number_of_floors_above_ground":9,"predominant_space_use":"Parking - Commercial Covered","accessibility_rating":"3","bicycle_spaces":7}},{"type":"Feature","geometry":{"type":"Point","coordinates":[144.954747,-37.801914]},"properties":{"property_id":"101096","building_name":"BMDI House","street_address":"4-12 Blackwood Street NORTH MELBOURNE VIC 3051","construction_year":"2003","number_of_floors_above_ground":4,"predominant_space_use":"Residential Apartment","accessibility_rating":"3","bicycle_spaces":0}},{"type":"Feature","geometry":{"type":"Point","coordinates":[144.954461,-37.802042]},"properties":{"property_id":"102238","street_address":"34 Courtney Street NORTH MELBOURNE VIC 3051","number_of_floors_above_ground":2,"predominant_space_use":"Unoccupied - Unused","accessibility_rating":"3","bicycle_spaces":0}},{"type":"Feature","geometry":{"type":"Point","coordinates":[144.954563,-37.802123]},"properties":{"property_id":"102239","street_address":"30-32 Courtney Street NORTH MELBOURNE VIC 3051","construction_year":"1930","number_of_floors_above_ground":2,"predominant_space_use":"Unoccupied - Unused","accessibility_rating":"2","bicycle_spaces":0}},{"type":"Feature","geometry":{"type":"Point","coordinates":[144.955871,-37.8014]},"properties":{"property_id":"103810","building_name":"RMIT Village","street_address":"RMIT Village 5-17 Flemington Road NORTH MELBOURNE VIC 3051","construction_year":"1971","number_of_floors_above_ground":13,"predominant_space_use":"Student Accommodation","accessibility_rating":"2","bicycle_spaces":123}},{"type":"Feature","geometry":{"type":"Point","coordinates":[144.9552,-37.800678]},"properties":{"property_id":"103811","street_address":"19-35 Flemington Road NORTH MELBOURNE VIC 3051","construction_year":"2016","number_of_floors_above_ground":19,"predominant_space_use":"Residential Apartment","accessibility_rating":"3","bicycle_spaces":0}},{"type":"Feature","geometry":{"type":"Point","coordinates":[144.954362,-37.800914]},"properties":{"property_id":"109554","street_address":"12-24 Tyrone Street NORTH MELBOURNE VIC 3051","construction_year":"2005","number_of_floors_above_ground":4,"predominant_space_use":"Residential Apartment","accessibility_rating":"1","bicycle_spaces":0}},{"type":"Feature","geometry":{"type":"Point","coordinates":[144.954773,-37.800377]},"properties":{"property_id":"110259","building_name":"North Melbourne Police Station","street_address":"36-48 Wreckyn Street NORTH MELBOURNE VIC 3051","construction_year":"2010","number_of_floors_above_ground":3,"predominant_space_use":"Office","accessibility_rating":"3","bicycle_spaces":5}},{"type":"Feature","geometry":{"type":"Point","coordinates":[144.954541,-37.800536]},"properties":{"property_id":"110260","building_name":"W30","street_address":"30-34 Wreckyn Street NORTH MELBOURNE VIC 3051","construction_year":"2004","number_of_floors_above_ground":6,"predominant_space_use":"Residential Apartment","accessibility_rating":"3","bicycle_spaces":0}},{"type":"Feature","geometry":{"type":"Point","coordinates":[144.954018,-37.801395]},"properties":{"property_id":"508976","building_name":"Metropolitan Hotel","street_address":"Metropolitan Hotel 42 Courtney Street NORTH MELBOURNE VIC 3051","number_of_floors_above_ground":2,"predominant_space_use":"Unoccupied - Unused","accessibility_rating":"1","bicycle_spaces":0}},{"type":"Feature","geometry":{"type":"Point","coordinates":[144.953166,-37.79978]},"properties":{"property_id":"109865","street_address":"36-38 Villiers Street NORTH MELBOURNE VIC 3051","construction_year":"1930","number_of_floors_above_ground":1,"predominant_space_use":"Hospital/Clinic","accessibility_rating":"3","bicycle_spaces":0}},{"type":"Feature","geometry":{"type":"Point","coordinates":[144.953583,-37.800379]},"properties":{"property_id":"110257","street_address":"15-27 Wreckyn Street NORTH MELBOURNE VIC 3051","number_of_floors_above_ground":9,"predominant_space_use":"Student Accommodation","accessibility_rating":"0","bicycle_spaces":92}},{"type":"Feature","geometry":{"type":"Point","coordinates":[144.954132,-37.800034]},"properties":{"property_id":"110258","street_address":"29-35 Wreckyn Street NORTH MELBOURNE VIC 3051","construction_year":"2004","number_of_floors_above_ground":6,"predominant_space_use":"Residential Apartment","accessibility_rating":"1","bicycle_spaces":0}},{"type":"Feature","geometry":{"type":"Point","coordinates":[144.952789,-37.800706]},"properties":{"property_id":"568407","street_address":"64 Courtney Street NORTH MELBOURNE VIC 3051","construction_year":"1890","number_of_floors_above_ground":2,"predominant_space_use":"House/Townhouse","accessibility_rating":"0"}},{"type":"Feature","geometry":{"type":"Point","coordinates":[144.953068,-37.800517]},"properties":{"property_id":"573797","street_address":"9 Hotham Place NORTH MELBOURNE VIC 3051","construction_year":"2002","number_of_floors_above_ground":2,"predominant_space_use":"House/Townhouse","accessibility_rating":"0"}},{"type":"Feature","geometry":{"type":"Point","coordinates":[144.953133,-37.800466]},"properties":{"property_id":"573799","street_address":"13 Hotham Place NORTH MELBOURNE VIC 3051","construction_year":"2002","number_of_floors_above_ground":2,"predominant_space_use":"House/Townhouse","accessibility_rating":"0"}},{"type":"Feature","geometry":{"type":"Point","coordinates":[144.952582,-37.800292]},"properties":{"property_id":"576943","street_address":"10 Villiers Street NORTH MELBOURNE VIC 3051","construction_year":"1890","number_of_floors_above_ground":1,"predominant_space_use":"House/Townhouse","accessibility_rating":"0"}},{"type":"Feature","geometry":{"type":"Point","coordinates":[144.952482,-37.800301]},"properties":{"property_id":"578361","street_address":"8 Villiers Street NORTH MELBOURNE VIC 3051","construction_year":"2002","number_of_floors_above_ground":2,"predominant_space_use":"House/Townhouse","accessibility_rating":"0"}},{"type":"Feature","geometry":{"type":"Point","coordinates":[144.952375,-37.800385]},"properties":{"property_id":"578363","street_address":"4 Villiers Street NORTH MELBOURNE VIC 3051","construction_year":"2002","number_of_floors_above_ground":2,"predominant_space_use":"House/Townhouse","accessibility_rating":"0"}},{"type":"Feature","geometry":{"type":"Point","coordinates":[144.952505,-37.800446]},"properties":{"property_id":"578365","street_address":"76 Courtney Street NORTH MELBOURNE VIC 3051","construction_year":"2002","number_of_floors_above_ground":2,"predominant_space_use":"House/Townhouse","accessibility_rating":"0"}},{"type":"Feature","geometry":{"type":"Point","coordinates":[144.952795,-37.800799]},"properties":{"property_id":"596467","street_address":"1A Hotham Place NORTH MELBOURNE VIC 3051","number_of_floors_above_ground":3,"predominant_space_use":"House/Townhouse","accessibility_rating":"0","bicycle_spaces":0}},{"type":"Feature","geometry":{"type":"Point","coordinates":[144.952882,-37.800731]},"properties":{"property_id":"596469","street_address":"1C Hotham Place NORTH MELBOURNE VIC 3051","number_of_floors_above_ground":1,"predominant_space_use":"House/Townhouse"}},{"type":"Feature","geometry":{"type":"Point","coordinates":[144.952937,-37.80062]},"properties":{"property_id":"623918","street_address":"1E Hotham Place NORTH MELBOURNE VIC 3051","construction_year":"2010","number_of_floors_above_ground":3,"predominant_space_use":"House/Townhouse","accessibility_rating":"1","bicycle_spaces":0}},{"type":"Feature","geometry":{"type":"Point","coordinates":[144.953034,-37.800542]},"properties":{"property_id":"623921","street_address":"7 Hotham Place NORTH MELBOURNE VIC 3051","construction_year":"2010","number_of_floors_above_ground":3,"predominant_space_use":"House/Townhouse","accessibility_rating":"1","bicycle_spaces":0}},{"type":"Feature","geometry":{"type":"Point","coordinates":[144.953709,-37.799726]},"properties":{"property_id":"633355","street_address":"1A High Street NORTH MELBOURNE VIC 3051","construction_year":"2011","number_of_floors_above_ground":4,"predominant_space_use":"House/Townhouse","accessibility_rating":"1","bicycle_spaces":0}},{"type":"Feature","geometry":{"type":"Point","coordinates":[144.951772,-37.799889]},"properties":{"property_id":"102233","street_address":"86-92 Courtney Street NORTH MELBOURNE VIC 3051","number_of_floors_above_ground":2,"predominant_space_use":"House/Townhouse","accessibility_rating":"0","bicycle_spaces":0}},{"type":"Feature","geometry":{"type":"Point","coordinates":[144.952034,-37.79989]},"properties":{"property_id":"109857","street_address":"1-9 Villiers Street NORTH MELBOURNE VIC 3051","construction_year":"1930","number_of_floors_above_ground":4,"predominant_space_use":"Residential Apartment","accessibility_rating":"0","bicycle_spaces":0}},{"type":"Feature","geometry":{"type":"Point","coordinates":[144.952252,-37.799593]},"properties":{"property_id":"109859","street_address":"11-21A Villiers Street NORTH MELBOURNE VIC 3051","construction_year":"2004","number_of_floors_above_ground":3,"predominant_space_use":"Residential Apartment","accessibility_rating":"0","bicycle_spaces":0}},{"type":"Feature","geometry":{"type":"Point","coordinates":[144.947347,-37.805622]},"properties":{"property_id":"102332","street_address":"17 Curzon Street WEST MELBOURNE VIC 3003","number_of_floors_above_ground":1,"predominant_space_use":"House/Townhouse","accessibility_rating":"0"}},{"type":"Feature","geometry":{"type":"Point","coordinates":[144.945908,-37.805435]},"properties":{"property_id":"106607","street_address":"56 Miller Street WEST MELBOURNE VIC 3003","number_of_floors_above_ground":1,"predominant_space_use":"House/Townhouse","accessibility_rating":"0"}},{"type":"Feature","geometry":{"type":"Point","coordinates":[144.946695,-37.805517]},"properties":{"property_id":"106615","building_name":"Relwof","street_address":"26-30 Miller Street WEST MELBOURNE VIC 3003","number_of_floors_above_ground":1,"predominant_space_use":"House/Townhouse","accessibility_rating":"0"}},{"type":"Feature","geometry":{"type":"Point","coordinates":[144.947279,-37.805211]},"properties":{"property_id":"109724","street_address":"381 Victoria Street WEST MELBOURNE VIC 3003","number_of_floors_above_ground":1,"predominant_space_use":"House/Townhouse","accessibility_rating":"0"}},{"type":"Feature","geometry":{"type":"Point","coordinates":[144.947042,-37.805189]},"properties":{"property_id":"109726","street_address":"385 Victoria Street WEST MELBOURNE VIC 3003","number_of_floors_above_ground":1,"predominant_space_use":"House/Townhouse","accessibility_rating":"0"}},{"type":"Feature","geometry":{"type":"Point","coordinates":[144.946779,-37.805164]},"properties":{"property_id":"109729","street_address":"391 Victoria Street WEST MELBOURNE VIC 3003","number_of_floors_above_ground":1,"predominant_space_use":"House/Townhouse","accessibility_rating":"0"}},{"type":"Feature","geometry":{"type":"Point","coordinates":[144.946571,-37.805145]},"properties":{"property_id":"109731","street_address":"417 Victoria Street WEST MELBOURNE VIC 3003","number_of_floors_above_ground":1,"predominant_space_use":"House/Townhouse","accessibility_rating":"0"}},{"type":"Feature","geometry":{"type":"Point","coordinates":[144.946458,-37.805135]},"properties":{"property_id":"109732","street_address":"419 Victoria Street WEST MELBOURNE VIC 3003","number_of_floors_above_ground":1,"predominant_space_use":"House/Townhouse","accessibility_rating":"0"}},{"type":"Feature","geometry":{"type":"Point","coordinates":[144.946342,-37.805123]},"properties":{"property_id":"109733","street_address":"421 Victoria Street WEST MELBOURNE VIC 3003","number_of_floors_above_ground":1,"predominant_space_use":"House/Townhouse","accessibility_rating":"0"}},{"type":"Feature","geometry":{"type":"Point","coordinates":[144.946027,-37.805096]},"properties":{"property_id":"109736","street_address":"427 Victoria Street WEST MELBOURNE VIC 3003","number_of_floors_above_ground":1,"predominant_space_use":"House/Townhouse","accessibility_rating":"0"}},{"type":"Feature","geometry":{"type":"Point","coordinates":[144.947259,-37.80652]},"properties":{"property_id":"102327","street_address":"1 Curzon Street WEST MELBOURNE VIC 3003","number_of_floors_above_ground":2,"predominant_space_use":"Residential Apartment","accessibility_rating":"1","bicycle_spaces":0}},{"type":"Feature","geometry":{"type":"Point","coordinates":[144.94698,-37.806653]},"properties":{"property_id":"104774","street_address":"12 Hawke Street WEST MELBOURNE VIC 3003","number_of_floors_above_ground":1,"predominant_space_use":"House/Townhouse","accessibility_rating":"0"}},{"type":"Feature","geometry":{"type":"Point","coordinates":[144.947011,-37.806614]},"properties":{"property_id":"104775","street_address":"10 Hawke Street WEST MELBOURNE VIC 3003","number_of_floors_above_ground":1,"predominant_space_use":"House/Townhouse","accessibility_rating":"0"}},{"type":"Feature","geometry":{"type":"Point","coordinates":[144.94708,-37.806545]},"properties":{"property_id":"104776","street_address":"4-8 Hawke Street WEST MELBOURNE VIC 3003","number_of_floors_above_ground":1,"predominant_space_use":"House/Townhouse","accessibility_rating":"1","bicycle_spaces":0}},{"type":"Feature","geometry":{"type":"Point","coordinates":[144.946916,-37.806358]},"properties":{"property_id":"106562","street_address":"11 Austin Place WEST MELBOURNE VIC 3003","number_of_floors_above_ground":2,"predominant_space_use":"House/Townhouse","accessibility_rating":"1","bicycle_spaces":0}},{"type":"Feature","geometry":{"type":"Point","coordinates":[144.947306,-37.806163]},"properties":{"property_id":"106563","street_address":"3 Miller Street WEST MELBOURNE VIC 3003","number_of_floors_above_ground":2,"predominant_space_use":"House/Townhouse","accessibility_rating":"0"}},{"type":"Feature","geometry":{"type":"Point","coordinates":[144.947131,-37.806144]},"properties":{"property_id":"106566","street_address":"9 Miller Street WEST MELBOURNE VIC 3003","number_of_floors_above_ground":2,"predominant_space_use":"House/Townhouse","accessibility_rating":"0"}},{"type":"Feature","geometry":{"type":"Point","coordinates":[144.946962,-37.806127]},"properties":{"property_id":"106569","street_address":"15 Miller Street WEST MELBOURNE VIC 3003","number_of_floors_above_ground":1,"predominant_space_use":"House/Townhouse","accessibility_rating":"0"}},{"type":"Feature","geometry":{"type":"Point","coordinates":[144.946779,-37.806174]},"properties":{"property_id":"106572","street_address":"21 Miller Street WEST MELBOURNE VIC 3003","number_of_floors_above_ground":1,"predominant_space_use":"House/Townhouse","accessibility_rating":"0"}},{"type":"Feature","geometry":{"type":"Point","coordinates":[144.946722,-37.806161]},"properties":{"property_id":"106573","street_address":"23 Miller Street WEST MELBOURNE VIC 3003","number_of_floors_above_ground":1,"predominant_space_use":"House/Townhouse","accessibility_rating":"0"}},{"type":"Feature","geometry":{"type":"Point","coordinates":[144.946659,-37.80606]},"properties":{"property_id":"106574","street_address":"25 Miller Street WEST MELBOURNE VIC 3003","number_of_floors_above_ground":1,"predominant_space_use":"House/Townhouse","accessibility_rating":"0"}},{"type":"Feature","geometry":{"type":"Point","coordinates":[144.946627,-37.80625]},"properties":{"property_id":"106575","street_address":"2 Miller Place WEST MELBOURNE VIC 3003","number_of_floors_above_ground":2,"predominant_space_use":"House/Townhouse","accessibility_rating":"0"}},{"type":"Feature","geometry":{"type":"Point","coordinates":[144.946343,-37.806092]},"properties":{"property_id":"106578","building_name":"Allandale","street_address":"37 Miller Street WEST MELBOURNE VIC 3003","number_of_floors_above_ground":2,"predominant_space_use":"House/Townhouse","accessibility_rating":"0"}},{"type":"Feature","geometry":{"type":"Point","coordinates":[144.946153,-37.806058]},"properties":{"property_id":"106581","street_address":"43 Miller Street WEST MELBOURNE VIC 3003","number_of_floors_above_ground":1,"predominant_space_use":"House/Townhouse","accessibility_rating":"0"}},{"type":"Feature","geometry":{"type":"Point","coordinates":[144.945877,-37.806105]},"properties":{"property_id":"106584","street_address":"53 Miller Street WEST MELBOURNE VIC 3003","number_of_floors_above_ground":1,"predominant_space_use":"House/Townhouse","accessibility_rating":"0"}},{"type":"Feature","geometry":{"type":"Point","coordinates":[144.945866,-37.806004]},"properties":{"property_id":"106585","street_address":"55 Miller Street WEST MELBOURNE VIC 3003","number_of_floors_above_ground":1,"predominant_space_use":"House/Townhouse","accessibility_rating":"0"}},{"type":"Feature","geometry":{"type":"Point","coordinates":[144.945608,-37.80596]},"properties":{"property_id":"106589","street_address":"63 Miller Street WEST MELBOURNE VIC 3003","number_of_floors_above_ground":1,"predominant_space_use":"House/Townhouse","accessibility_rating":"0"}},{"type":"Feature","geometry":{"type":"Point","coordinates":[144.945708,-37.806245]},"properties":{"property_id":"108908","street_address":"632 Spencer Street WEST MELBOURNE VIC 3003","number_of_floors_above_ground":1,"predominant_space_use":"House/Townhouse","accessibility_rating":"0"}},{"type":"Feature","geometry":{"type":"Point","coordinates":[144.945758,-37.806259]},"properties":{"property_id":"108909","street_address":"630 Spencer Street WEST MELBOURNE VIC 3003","number_of_floors_above_ground":1,"predominant_space_use":"House/Townhouse","accessibility_rating":"0"}},{"type":"Feature","geometry":{"type":"Point","coordinates":[144.94589,-37.806287]},"properties":{"property_id":"108911","street_address":"624 Spencer Street WEST MELBOURNE VIC 3003","number_of_floors_above_ground":1,"predominant_space_use":"House/Townhouse","accessibility_rating":"0"}},{"type":"Feature","geometry":{"type":"Point","coordinates":[144.946031,-37.806343]},"properties":{"property_id":"108913","street_address":"618 Spencer Street WEST MELBOURNE VIC 3003","number_of_floors_above_ground":1,"predominant_space_use":"House/Townhouse","accessibility_rating":"0"}},{"type":"Feature","geometry":{"type":"Point","coordinates":[144.946254,-37.80644]},"properties":{"property_id":"108917","street_address":"608 Spencer Street WEST MELBOURNE VIC 3003","number_of_floors_above_ground":1,"predominant_space_use":"House/Townhouse","accessibility_rating":"0"}},{"type":"Feature","geometry":{"type":"Point","coordinates":[144.946311,-37.806433]},"properties":{"property_id":"108918","street_address":"606 Spencer Street WEST MELBOURNE VIC 3003","number_of_floors_above_ground":1,"predominant_space_use":"House/Townhouse","accessibility_rating":"0"}},{"type":"Feature","geometry":{"type":"Point","coordinates":[144.946381,-37.806471]},"properties":{"property_id":"108919","street_address":"602-604 Spencer Street WEST MELBOURNE VIC 3003","number_of_floors_above_ground":2,"predominant_space_use":"House/Townhouse","accessibility_rating":"0"}},{"type":"Feature","geometry":{"type":"Point","coordinates":[144.946473,-37.806589]},"properties":{"property_id":"108921","street_address":"598 Spencer Street WEST MELBOURNE VIC 3003","number_of_floors_above_ground":2,"predominant_space_use":"House/Townhouse","accessibility_rating":"0"}},{"type":"Feature","geometry":{"type":"Point","coordinates":[144.946639,-37.806633]},"properties":{"property_id":"108924","street_address":"592 Spencer Street WEST MELBOURNE VIC 3003","number_of_floors_above_ground":2,"predominant_space_use":"House/Townhouse","accessibility_rating":"0"}},{"type":"Feature","geometry":{"type":"Point","coordinates":[144.946785,-37.806729]},"properties":{"property_id":"108928","building_name":"Annach Terrace","street_address":"586 Spencer Street WEST MELBOURNE VIC 3003","number_of_floors_above_ground":2,"predominant_space_use":"House/Townhouse","accessibility_rating":"0"}},{"type":"Feature","geometry":{"type":"Point","coordinates":[144.946901,-37.806788]},"properties":{"property_id":"108930","building_name":"Annach Terrace","street_address":"582 Spencer Street WEST MELBOURNE VIC 3003","number_of_floors_above_ground":2,"predominant_space_use":"House/Townhouse","accessibility_rating":"0"}},{"type":"Feature","geometry":{"type":"Point","coordinates":[144.945898,-37.807736]},"properties":{"property_id":"104765","street_address":"62-66 Hawke Street WEST MELBOURNE VIC 3003","construction_year":"1980","number_of_floors_above_ground":2,"predominant_space_use":"House/Townhouse","accessibility_rating":"0","bicycle_spaces":0}},{"type":"Feature","geometry":{"type":"Point","coordinates":[144.945965,-37.807669]},"properties":{"property_id":"104766","street_address":"60 Hawke Street WEST MELBOURNE VIC 3003","number_of_floors_above_ground":1,"predominant_space_use":"House/Townhouse","accessibility_rating":"0"}},{"type":"Feature","geometry":{"type":"Point","coordinates":[144.946038,-37.807583]},"properties":{"property_id":"104768","street_address":"54-56 Hawke Street WEST MELBOURNE VIC 3003","number_of_floors_above_ground":2,"predominant_space_use":"House/Townhouse","accessibility_rating":"0"}},{"type":"Feature","geometry":{"type":"Point","coordinates":[144.946078,-37.807536]},"properties":{"property_id":"104769","street_address":"52 Hawke Street WEST MELBOURNE VIC 3003","number_of_floors_above_ground":2,"predominant_space_use":"House/Townhouse","accessibility_rating":"0"}},{"type":"Feature","geometry":{"type":"Point","coordinates":[144.946113,-37.807495]},"properties":{"property_id":"104770","street_address":"50 Hawke Street WEST MELBOURNE VIC 3003","number_of_floors_above_ground":1,"predominant_space_use":"House/Townhouse","accessibility_rating":"0"}},{"type":"Feature","geometry":{"type":"Point","coordinates":[144.945738,-37.807381]},"properties":{"property_id":"105102","street_address":"10-24 Ireland Street WEST MELBOURNE VIC 3003","number_of_floors_above_ground":2,"predominant_space_use":"Residential Apartment","accessibility_rating":"1","bicycle_spaces":0}},{"type":"Feature","geometry":{"type":"Point","coordinates":[144.946579,-37.807186]},"properties":{"property_id":"108877","street_address":"583-585 Spencer Street WEST MELBOURNE VIC 3003","construction_year":"1901","number_of_floors_above_ground":2,"predominant_space_use":"Institutional Accommodation","accessibility_rating":"0","bicycle_spaces":0}},{"type":"Feature","geometry":{"type":"Point","coordinates":[144.946412,-37.807127]},"properties":{"property_id":"108879","street_address":"591 Spencer Street WEST MELBOURNE VIC 3003","construction_year":"1901","number_of_floors_above_ground":1,"predominant_space_use":"House/Townhouse","accessibility_rating":"1","bicycle_spaces":0}},{"type":"Feature","geometry":{"type":"Point","coordinates":[144.946024,-37.806988]},"properties":{"property_id":"111162","building_name":"599 Spencer Street","street_address":"599 Spencer Street WEST MELBOURNE VIC 3003","construction_year":"1901","number_of_floors_above_ground":1,"predominant_space_use":"House/Townhouse","accessibility_rating":"0"}},{"type":"Feature","geometry":{"type":"Point","coordinates":[144.946024,-37.806988]},"properties":{"property_id":"111167","building_name":"609 Spencer Street","street_address":"609 Spencer Street WEST MELBOURNE VIC 3003","construction_year":"1901","number_of_floors_above_ground":1,"predominant_space_use":"House/Townhouse","accessibility_rating":"0"}},{"type":"Feature","geometry":{"type":"Point","coordinates":[144.946024,-37.806988]},"properties":{"property_id":"111169","building_name":"613 Spencer Street","street_address":"613 Spencer Street WEST MELBOURNE VIC 3003","construction_year":"1901","number_of_floors_above_ground":1,"predominant_space_use":"House/Townhouse","accessibility_rating":"0"}},{"type":"Feature","geometry":{"type":"Point","coordinates":[144.945536,-37.808044]},"properties":{"property_id":"104761","building_name":"Nyora","street_address":"74 Hawke Street WEST MELBOURNE VIC 3003","number_of_floors_above_ground":2,"predominant_space_use":"House/Townhouse","accessibility_rating":"0"}},{"type":"Feature","geometry":{"type":"Point","coordinates":[144.945615,-37.807967]},"properties":{"property_id":"104763","street_address":"70 Hawke Street WEST MELBOURNE VIC 3003","number_of_floors_above_ground":1,"predominant_space_use":"House/Townhouse","accessibility_rating":"0"}},{"type":"Feature","geometry":{"type":"Point","coordinates":[144.945657,-37.807939]},"properties":{"property_id":"104764","street_address":"68 Hawke Street WEST MELBOURNE VIC 3003","number_of_floors_above_ground":1,"predominant_space_use":"House/Townhouse","accessibility_rating":"0"}},{"type":"Feature","geometry":{"type":"Point","coordinates":[144.945838,-37.809033]},"properties":{"property_id":"100201","street_address":"189 Adderley Street WEST MELBOURNE VIC 3003","construction_year":"2018","number_of_floors_above_ground":3,"predominant_space_use":"House/Townhouse","accessibility_rating":"0","bicycle_spaces":0}},{"type":"Feature","geometry":{"type":"Point","coordinates":[144.945697,-37.809059]},"properties":{"property_id":"100202","street_address":"191 Adderley Street WEST MELBOURNE VIC 3003","number_of_floors_above_ground":2,"predominant_space_use":"House/Townhouse","accessibility_rating":"0"}},{"type":"Feature","geometry":{"type":"Point","coordinates":[144.945794,-37.809066]},"properties":{"property_id":"707412","street_address":"188 Roden Street WEST MELBOURNE VIC 3003","construction_year":"2018","number_of_floors_above_ground":4,"predominant_space_use":"House/Townhouse","accessibility_rating":"0","bicycle_spaces":0}},{"type":"Feature","geometry":{"type":"Point","coordinates":[144.946761,-37.807711]},"properties":{"property_id":"104727","building_name":"Mighty Apollo Apartments","street_address":"101-107 Hawke Street WEST MELBOURNE VIC 3003","construction_year":"2012","number_of_floors_above_ground":5,"predominant_space_use":"Residential Apartment","accessibility_rating":"1","bicycle_spaces":0}},{"type":"Feature","geometry":{"type":"Point","coordinates":[144.946343,-37.808097]},"properties":{"property_id":"104731","street_address":"129 Hawke Street WEST MELBOURNE VIC 3003","number_of_floors_above_ground":1,"predominant_space_use":"House/Townhouse","accessibility_rating":"0"}},{"type":"Feature","geometry":{"type":"Point","coordinates":[144.946064,-37.808543]},"properties":{"property_id":"108367","street_address":"172-184 Roden Street WEST MELBOURNE VIC 3003","number_of_floors_above_ground":1,"predominant_space_use":"Unoccupied - Under Construction","accessibility_rating":"1","bicycle_spaces":0}},{"type":"Feature","geometry":{"type":"Point","coordinates":[144.9466,-37.808323]},"properties":{"property_id":"108369","street_address":"158-162 Roden Street WEST MELBOURNE VIC 3003","construction_year":"1970","number_of_floors_above_ground":1,"predominant_space_use":"Workshop/Studio","accessibility_rating":"3","bicycle_spaces":0}},{"type":"Feature","geometry":{"type":"Point","coordinates":[144.947404,-37.807792]},"properties":{"property_id":"108873","street_address":"551-557 Spencer Street WEST MELBOURNE VIC 3003","construction_year":"1920","number_of_floors_above_ground":2,"predominant_space_use":"Office","accessibility_rating":"1","bicycle_spaces":0}},{"type":"Feature","geometry":{"type":"Point","coordinates":[144.946838,-37.807541]},"properties":{"property_id":"559228","street_address":"95-99 Hawke Street WEST MELBOURNE VIC 3003","construction_year":"2001","number_of_floors_above_ground":3,"predominant_space_use":"Residential Apartment","accessibility_rating":"1","bicycle_spaces":0}},{"type":"Feature","geometry":{"type":"Point","coordinates":[144.947108,-37.807552]},"properties":{"property_id":"559229","street_address":"567-571 Spencer Street WEST MELBOURNE VIC 3003","construction_year":"2000","number_of_floors_above_ground":3,"predominant_space_use":"Residential Apartment","accessibility_rating":"2","bicycle_spaces":0}},{"type":"Feature","geometry":{"type":"Point","coordinates":[144.948707,-37.8058]},"properties":{"property_id":"104710","street_address":"611-617 King Street WEST MELBOURNE VIC 3003","construction_year":"1920","number_of_floors_above_ground":2,"predominant_space_use":"Office","accessibility_rating":"1","bicycle_spaces":0}},{"type":"Feature","geometry":{"type":"Point","coordinates":[144.948394,-37.806267]},"properties":{"property_id":"104713","street_address":"29 Hawke Street WEST MELBOURNE VIC 3003","number_of_floors_above_ground":1,"predominant_space_use":"House/Townhouse","accessibility_rating":"0"}},{"type":"Feature","geometry":{"type":"Point","coordinates":[144.948272,-37.806372]},"properties":{"property_id":"104716","street_address":"35 Hawke Street WEST MELBOURNE VIC 3003","number_of_floors_above_ground":2,"predominant_space_use":"House/Townhouse","accessibility_rating":"0"}},{"type":"Feature","geometry":{"type":"Point","coordinates":[144.948237,-37.806407]},"properties":{"property_id":"104717","street_address":"37 Hawke Street WEST MELBOURNE VIC 3003","number_of_floors_above_ground":2,"predominant_space_use":"House/Townhouse","accessibility_rating":"0"}},{"type":"Feature","geometry":{"type":"Point","coordinates":[144.948162,-37.806473]},"properties":{"property_id":"104719","street_address":"41 Hawke Street WEST MELBOURNE VIC 3003","number_of_floors_above_ground":2,"predominant_space_use":"House/Townhouse","accessibility_rating":"0"}},{"type":"Feature","geometry":{"type":"Point","coordinates":[144.948082,-37.806543]},"properties":{"property_id":"104721","street_address":"45 Hawke Street WEST MELBOURNE VIC 3003","number_of_floors_above_ground":2,"predominant_space_use":"House/Townhouse","accessibility_rating":"0"}},{"type":"Feature","geometry":{"type":"Point","coordinates":[144.947999,-37.806621]},"properties":{"property_id":"104723","street_address":"49 Hawke Street WEST MELBOURNE VIC 3003","number_of_floors_above_ground":2,"predominant_space_use":"House/Townhouse","accessibility_rating":"0"}},{"type":"Feature","geometry":{"type":"Point","coordinates":[144.947954,-37.806654]},"properties":{"property_id":"104724","street_address":"51 Hawke Street WEST MELBOURNE VIC 3003","number_of_floors_above_ground":1,"predominant_space_use":"House/Townhouse","accessibility_rating":"0"}},{"type":"Feature","geometry":{"type":"Point","coordinates":[144.947917,-37.806689]},"properties":{"property_id":"104725","street_address":"53 Hawke Street WEST MELBOURNE VIC 3003","number_of_floors_above_ground":1,"predominant_space_use":"House/Townhouse","accessibility_rating":"0"}},{"type":"Feature","geometry":{"type":"Point","coordinates":[144.949358,-37.806314]},"properties":{"property_id":"105349","building_name":"Greenock House","street_address":"583 King Street WEST MELBOURNE VIC 3003","number_of_floors_above_ground":2,"predominant_space_use":"House/Townhouse","accessibility_rating":"0"}},{"type":"Feature","geometry":{"type":"Point","coordinates":[144.949261,-37.806238]},"properties":{"property_id":"105351","street_address":"587 King Street WEST MELBOURNE VIC 3003","construction_year":"1883","number_of_floors_above_ground":2,"predominant_space_use":"House/Townhouse","accessibility_rating":"1","bicycle_spaces":0}},{"type":"Feature","geometry":{"type":"Point","coordinates":[144.949182,-37.806217]},"properties":{"property_id":"105352","street_address":"589 King Street WEST MELBOURNE VIC 3003","number_of_floors_above_ground":2,"predominant_space_use":"House/Townhouse","accessibility_rating":"0"}},{"type":"Feature","geometry":{"type":"Point","coordinates":[144.949002,-37.806125]},"properties":{"property_id":"105355","street_address":"597 King Street WEST MELBOURNE VIC 3003","number_of_floors_above_ground":2,"predominant_space_use":"House/Townhouse","accessibility_rating":"0"}},{"type":"Feature","geometry":{"type":"Point","coordinates":[144.948235,-37.807035]},"properties":{"property_id":"108382","street_address":"88 Roden Street WEST MELBOURNE VIC 3003","number_of_floors_above_ground":2,"predominant_space_use":"House/Townhouse","accessibility_rating":"0"}},{"type":"Feature","geometry":{"type":"Point","coordinates":[144.948422,-37.80689]},"properties":{"property_id":"108386","street_address":"80 Roden Street WEST MELBOURNE VIC 3003","number_of_floors_above_ground":2,"predominant_space_use":"House/Townhouse","accessibility_rating":"0"}},{"type":"Feature","geometry":{"type":"Point","coordinates":[144.948726,-37.806642]},"properties":{"property_id":"108393","street_address":"66 Roden Street WEST MELBOURNE VIC 3003","number_of_floors_above_ground":1,"predominant_space_use":"House/Townhouse","accessibility_rating":"0"}},{"type":"Feature","geometry":{"type":"Point","coordinates":[144.948812,-37.806582]},"properties":{"property_id":"108395","street_address":"62 Roden Street WEST MELBOURNE VIC 3003","number_of_floors_above_ground":1,"predominant_space_use":"House/Townhouse","accessibility_rating":"0"}},{"type":"Feature","geometry":{"type":"Point","coordinates":[144.948908,-37.806582]},"properties":{"property_id":"108397","street_address":"60 Roden Street WEST MELBOURNE VIC 3003","number_of_floors_above_ground":1,"predominant_space_use":"House/Townhouse","accessibility_rating":"0"}},{"type":"Feature","geometry":{"type":"Point","coordinates":[144.948997,-37.806531]},"properties":{"property_id":"108399","street_address":"56 Roden Street WEST MELBOURNE VIC 3003","number_of_floors_above_ground":1,"predominant_space_use":"House/Townhouse","accessibility_rating":"0"}},{"type":"Feature","geometry":{"type":"Point","coordinates":[144.949139,-37.80645]},"properties":{"property_id":"108402","street_address":"50 Roden Street WEST MELBOURNE VIC 3003","construction_year":"1881","number_of_floors_above_ground":2,"predominant_space_use":"House/Townhouse","accessibility_rating":"1","bicycle_spaces":0}},{"type":"Feature","geometry":{"type":"Point","coordinates":[144.949182,-37.80642]},"properties":{"property_id":"108403","street_address":"48 Roden Street WEST MELBOURNE VIC 3003","number_of_floors_above_ground":2,"predominant_space_use":"House/Townhouse","accessibility_rating":"0"}},{"type":"Feature","geometry":{"type":"Point","coordinates":[144.947626,-37.806946]},"properties":{"property_id":"108932","street_address":"562-576 Spencer Street WEST MELBOURNE VIC 3003","construction_year":"1950","number_of_floors_above_ground":7,"predominant_space_use":"Storage","accessibility_rating":"1","bicycle_spaces":0}},{"type":"Feature","geometry":{"type":"Point","coordinates":[144.948882,-37.806323]},"properties":{"property_id":"110917","street_address":"61 Jones Place WEST MELBOURNE VIC 3003","number_of_floors_above_ground":1,"predominant_space_use":"House/Townhouse","accessibility_rating":"0"}},{"type":"Feature","geometry":{"type":"Point","coordinates":[144.949599,-37.80565]},"properties":{"property_id":"105359","street_address":"438-442 King Street WEST MELBOURNE VIC 3003","number_of_floors_above_ground":1,"predominant_space_use":"House/Townhouse","accessibility_rating":"0"}},{"type":"Feature","geometry":{"type":"Point","coordinates":[144.949817,-37.805905]},"properties":{"property_id":"105362","street_address":"420-430 King Street WEST MELBOURNE VIC 3003","construction_year":"1970","number_of_floors_above_ground":1,"predominant_space_use":"Retail - Shop","accessibility_rating":"1","bicycle_spaces":0}},{"type":"Feature","geometry":{"type":"Point","coordinates":[144.950026,-37.805478]},"properties":{"property_id":"109713","building_name":"Victoria Buildings","street_address":"343 Victoria Street WEST MELBOURNE VIC 3003","construction_year":"1887","number_of_floors_above_ground":2,"predominant_space_use":"Entertainment/Recreation - Indoor","accessibility_rating":"1","bicycle_spaces":0}},{"type":"Feature","geometry":{"type":"Point","coordinates":[144.950038,-37.805732]},"properties":{"property_id":"110949","street_address":"14-20 Roden Street WEST MELBOURNE VIC 3003","construction_year":"2017","number_of_floors_above_ground":4,"predominant_space_use":"House/Townhouse","accessibility_rating":"0","bicycle_spaces":0}},{"type":"Feature","geometry":{"type":"Point","coordinates":[144.951736,-37.806256]},"properties":{"property_id":"101914","street_address":"5 Chetwynd Street WEST MELBOURNE VIC 3003","number_of_floors_above_ground":1,"predominant_space_use":"House/Townhouse","accessibility_rating":"0"}},{"type":"Feature","geometry":{"type":"Point","coordinates":[144.951874,-37.80581]},"properties":{"property_id":"101920","street_address":"25 Chetwynd Street WEST MELBOURNE VIC 3003","number_of_floors_above_ground":2,"predominant_space_use":"House/Townhouse","accessibility_rating":"0"}},{"type":"Feature","geometry":{"type":"Point","coordinates":[144.95131,-37.805872]},"properties":{"property_id":"103017","street_address":"30 Eades Place WEST MELBOURNE VIC 3003","number_of_floors_above_ground":2,"predominant_space_use":"House/Townhouse","accessibility_rating":"0"}},{"type":"Feature","geometry":{"type":"Point","coordinates":[144.951352,-37.806016]},"properties":{"property_id":"103020","street_address":"24 Eades Place WEST MELBOURNE VIC 3003","number_of_floors_above_ground":1,"predominant_space_use":"House/Townhouse","accessibility_rating":"0"}},{"type":"Feature","geometry":{"type":"Point","coordinates":[144.951368,-37.806108]},"properties":{"property_id":"103022","street_address":"20 Eades Place WEST MELBOURNE VIC 3003","number_of_floors_above_ground":1,"predominant_space_use":"House/Townhouse","accessibility_rating":"0"}},{"type":"Feature","geometry":{"type":"Point","coordinates":[144.95139,-37.806148]},"properties":{"property_id":"103023","street_address":"18 Eades Place WEST MELBOURNE VIC 3003","number_of_floors_above_ground":2,"predominant_space_use":"House/Townhouse","accessibility_rating":"0"}},{"type":"Feature","geometry":{"type":"Point","coordinates":[144.951406,-37.806291]},"properties":{"property_id":"103026","street_address":"12 Eades Place WEST MELBOURNE VIC 3003","number_of_floors_above_ground":2,"predominant_space_use":"House/Townhouse","accessibility_rating":"0"}},{"type":"Feature","geometry":{"type":"Point","coordinates":[144.951463,-37.806413]},"properties":{"property_id":"103028","street_address":"6 Eades Place WEST MELBOURNE VIC 3003","number_of_floors_above_ground":1,"predominant_space_use":"House/Townhouse","accessibility_rating":"0"}},{"type":"Feature","geometry":{"type":"Point","coordinates":[144.951495,-37.806481]},"properties":{"property_id":"103029","street_address":"4 Eades Place WEST MELBOURNE VIC 3003","number_of_floors_above_ground":1,"predominant_space_use":"House/Townhouse","accessibility_rating":"0"}},{"type":"Feature","geometry":{"type":"Point","coordinates":[144.951808,-37.805651]},"properties":{"property_id":"109702","street_address":"285 Victoria Street WEST MELBOURNE VIC 3003","construction_year":"1881","number_of_floors_above_ground":2,"predominant_space_use":"Retail - Shop","accessibility_rating":"2","bicycle_spaces":0}},{"type":"Feature","geometry":{"type":"Point","coordinates":[144.950975,-37.80554]},"properties":{"property_id":"109711","street_address":"317-319 Victoria Street WEST MELBOURNE VIC 3003","construction_year":"1869","number_of_floors_above_ground":2,"predominant_space_use":"Retail - Shop","accessibility_rating":"1","bicycle_spaces":0}},{"type":"Feature","geometry":{"type":"Point","coordinates":[144.951127,-37.805757]},"properties":{"property_id":"511008","street_address":"36 Eades Place WEST MELBOURNE VIC 3003","construction_year":"1884","number_of_floors_above_ground":2,"predominant_space_use":"House/Townhouse","accessibility_rating":"0"}},{"type":"Feature","geometry":{"type":"Point","coordinates":[144.951125,-37.805797]},"properties":{"property_id":"511009","street_address":"34 Eades Place WEST MELBOURNE VIC 3003","construction_year":"1879","number_of_floors_above_ground":2,"predominant_space_use":"House/Townhouse","accessibility_rating":"0"}},{"type":"Feature","geometry":{"type":"Point","coordinates":[144.951639,-37.805833]},"properties":{"property_id":"533748","street_address":"12 Prout Lane WEST MELBOURNE VIC 3003","construction_year":"2001","number_of_floors_above_ground":3,"predominant_space_use":"House/Townhouse","accessibility_rating":"0","bicycle_spaces":0}},{"type":"Feature","geometry":{"type":"Point","coordinates":[144.950638,-37.806438]},"properties":{"property_id":"105363","street_address":"1-37 Roden Street WEST MELBOURNE VIC 3003","construction_year":"1890","number_of_floors_above_ground":2,"predominant_space_use":"Institutional Accommodation","accessibility_rating":"2","bicycle_spaces":0}},{"type":"Feature","geometry":{"type":"Point","coordinates":[144.950198,-37.807022]},"properties":{"property_id":"105344","street_address":"549-553 King Street WEST MELBOURNE VIC 3003","construction_year":"1990","number_of_floors_above_ground":3,"predominant_space_use":"Unoccupied - Unused","accessibility_rating":"1","bicycle_spaces":0}},{"type":"Feature","geometry":{"type":"Point","coordinates":[144.94926,-37.807796]},"properties":{"property_id":"109049","street_address":"82-86 Stanley Street WEST MELBOURNE VIC 3003","construction_year":"1930","number_of_floors_above_ground":1,"predominant_space_use":"Workshop/Studio","accessibility_rating":"1","bicycle_spaces":0}},{"type":"Feature","geometry":{"type":"Point","coordinates":[144.946843,-37.809187]},"properties":{"property_id":"100239","street_address":"162-164 Adderley Street WEST MELBOURNE VIC 3003","construction_year":"1875","number_of_floors_above_ground":2,"predominant_space_use":"Unoccupied - Unused","accessibility_rating":"1","bicycle_spaces":2}},{"type":"Feature","geometry":{"type":"Point","coordinates":[144.947387,-37.80851]},"properties":{"property_id":"108345","building_name":"Tivoli Apartments","street_address":"141-149 Roden Street WEST MELBOURNE VIC 3003","construction_year":"2013","number_of_floors_above_ground":6,"predominant_space_use":"Residential Apartment","accessibility_rating":"3","bicycle_spaces":26}},{"type":"Feature","geometry":{"type":"Point","coordinates":[144.947177,-37.808663]},"properties":{"property_id":"108346","street_address":"151-157 Roden Street WEST MELBOURNE VIC 3003","construction_year":"1989","number_of_floors_above_ground":2,"predominant_space_use":"Unoccupied - Unused","accessibility_rating":"1","bicycle_spaces":0}},{"type":"Feature","geometry":{"type":"Point","coordinates":[144.947046,-37.808759]},"properties":{"property_id":"108347","street_address":"159-161 Roden Street WEST MELBOURNE VIC 3003","number_of_floors_above_ground":1,"predominant_space_use":"House/Townhouse","accessibility_rating":"0"}},{"type":"Feature","geometry":{"type":"Point","coordinates":[144.946875,-37.808875]},"properties":{"property_id":"108349","street_address":"167-169 Roden Street WEST MELBOURNE VIC 3003","construction_year":"1965","number_of_floors_above_ground":1,"predominant_space_use":"Workshop/Studio","accessibility_rating":"1","bicycle_spaces":0}},{"type":"Feature","geometry":{"type":"Point","coordinates":[144.946807,-37.808923]},"properties":{"property_id":"108350","street_address":"171 Roden Street WEST MELBOURNE VIC 3003","construction_year":"1900","number_of_floors_above_ground":1,"predominant_space_use":"House/Townhouse","accessibility_rating":"0"}},{"type":"Feature","geometry":{"type":"Point","coordinates":[144.946743,-37.80897]},"properties":{"property_id":"108351","street_address":"173-175 Roden Street WEST MELBOURNE VIC 3003","construction_year":"1900","number_of_floors_above_ground":1,"predominant_space_use":"House/Townhouse","accessibility_rating":"2","bicycle_spaces":0}},{"type":"Feature","geometry":{"type":"Point","coordinates":[144.946672,-37.809018]},"properties":{"property_id":"108352","street_address":"177 Roden Street WEST MELBOURNE VIC 3003","number_of_floors_above_ground":1,"predominant_space_use":"House/Townhouse","accessibility_rating":"0"}},{"type":"Feature","geometry":{"type":"Point","coordinates":[144.946622,-37.809056]},"properties":{"property_id":"108353","street_address":"179 Roden Street WEST MELBOURNE VIC 3003","number_of_floors_above_ground":1,"predominant_space_use":"House/Townhouse","accessibility_rating":"0"}},{"type":"Feature","geometry":{"type":"Point","coordinates":[144.948273,-37.808448]},"properties":{"property_id":"108867","building_name":"Royal Mail Hotel","street_address":"Royal Mail Hotel 515-523 Spencer Street WEST MELBOURNE VIC 3003","construction_year":"1920","number_of_floors_above_ground":2,"predominant_space_use":"Unoccupied - Unused","accessibility_rating":"2","bicycle_spaces":1}},{"type":"Feature","geometry":{"type":"Point","coordinates":[144.947724,-37.80869]},"properties":{"property_id":"109046","street_address":"138-140 Stanley Street WEST MELBOURNE VIC 3003","construction_year":"1910","number_of_floors_above_ground":1,"predominant_space_use":"Unoccupied - Unused","accessibility_rating":"3","bicycle_spaces":0}},{"type":"Feature","geometry":{"type":"Point","coordinates":[144.946922,-37.809293]},"properties":{"property_id":"580237","street_address":"180 Stanley Street WEST MELBOURNE VIC 3003","construction_year":"2003","number_of_floors_above_ground":3,"predominant_space_use":"House/Townhouse","accessibility_rating":"1","bicycle_spaces":0}},{"type":"Feature","geometry":{"type":"Point","coordinates":[144.946876,-37.809321]},"properties":{"property_id":"580238","street_address":"182 Stanley Street WEST MELBOURNE VIC 3003","number_of_floors_above_ground":3,"predominant_space_use":"House/Townhouse","accessibility_rating":"1","bicycle_spaces":0}},{"type":"Feature","geometry":{"type":"Point","coordinates":[144.946242,-37.809533]},"properties":{"property_id":"100197","street_address":"169-171 Adderley Street WEST MELBOURNE VIC 3003","number_of_floors_above_ground":1,"predominant_space_use":"House/Townhouse","accessibility_rating":"0"}},{"type":"Feature","geometry":{"type":"Point","coordinates":[144.946068,-37.809362]},"properties":{"property_id":"100200","street_address":"179-183 Adderley Street WEST MELBOURNE VIC 3003","construction_year":"1889","number_of_floors_above_ground":1,"predominant_space_use":"Unoccupied - Unused","accessibility_rating":"2","bicycle_spaces":0}},{"type":"Feature","geometry":{"type":"Point","coordinates":[144.945816,-37.809774]},"properties":{"property_id":"108358","street_address":"205-211 Roden Street WEST MELBOURNE VIC 3003","number_of_floors_above_ground":1,"predominant_space_use":"Unoccupied - Under Demolition/Condemned","accessibility_rating":"0","bicycle_spaces":0}},{"type":"Feature","geometry":{"type":"Point","coordinates":[144.946129,-37.809716]},"properties":{"property_id":"109037","street_address":"202-204 Stanley Street WEST MELBOURNE VIC 3003","construction_year":"1940","number_of_floors_above_ground":1,"predominant_space_use":"Unoccupied - Unused","accessibility_rating":"1","bicycle_spaces":0}},{"type":"Feature","geometry":{"type":"Point","coordinates":[144.946112,-37.810591]},"properties":{"property_id":"108417","street_address":"276-278 Rosslyn Street WEST MELBOURNE VIC 3003","construction_year":"1950","number_of_floors_above_ground":1,"predominant_space_use":"Unoccupied - Unused","accessibility_rating":"1","bicycle_spaces":0}},{"type":"Feature","geometry":{"type":"Point","coordinates":[144.946585,-37.810349]},"properties":{"property_id":"108422","street_address":"252-258 Rosslyn Street WEST MELBOURNE VIC 3003","construction_year":"1930","number_of_floors_above_ground":2,"predominant_space_use":"House/Townhouse","accessibility_rating":"1","bicycle_spaces":0}},{"type":"Feature","geometry":{"type":"Point","coordinates":[144.946422,-37.810165]},"properties":{"property_id":"109016","street_address":"175-177 Stanley Street WEST MELBOURNE VIC 3003","construction_year":"1960","number_of_floors_above_ground":2,"predominant_space_use":"Storage","accessibility_rating":"1","bicycle_spaces":0}},{"type":"Feature","geometry":{"type":"Point","coordinates":[144.946331,-37.810218]},"properties":{"property_id":"109017","street_address":"179-181 Stanley Street WEST MELBOURNE VIC 3003","construction_year":"1920","number_of_floors_above_ground":1,"predominant_space_use":"Workshop/Studio","accessibility_rating":"1","bicycle_spaces":0}},{"type":"Feature","geometry":{"type":"Point","coordinates":[144.946024,-37.810387]},"properties":{"property_id":"109021","street_address":"193 Stanley Street WEST MELBOURNE VIC 3003","number_of_floors_above_ground":2,"predominant_space_use":"House/Townhouse","accessibility_rating":"0"}},{"type":"Feature","geometry":{"type":"Point","coordinates":[144.946393,-37.810448]},"properties":{"property_id":"528905","street_address":"264-266 Rosslyn Street WEST MELBOURNE VIC 3003","number_of_floors_above_ground":2,"predominant_space_use":"Office","accessibility_rating":"1","bicycle_spaces":0}},{"type":"Feature","geometry":{"type":"Point","coordinates":[144.947278,-37.809754]},"properties":{"property_id":"100241","street_address":"144 Adderley Street WEST MELBOURNE VIC 3003","number_of_floors_above_ground":2,"predominant_space_use":"House/Townhouse","accessibility_rating":"0"}},{"type":"Feature","geometry":{"type":"Point","coordinates":[144.94879,-37.808971]},"properties":{"property_id":"108861","street_address":"495-497 Spencer Street WEST MELBOURNE VIC 3003","construction_year":"1886","number_of_floors_above_ground":1,"predominant_space_use":"Entertainment/Recreation - Indoor","accessibility_rating":"1","bicycle_spaces":0}},{"type":"Feature","geometry":{"type":"Point","coordinates":[144.948554,-37.808753]},"properties":{"property_id":"108866","street_address":"511 Spencer Street WEST MELBOURNE VIC 3003","construction_year":"1901","number_of_floors_above_ground":2,"predominant_space_use":"Unoccupied - Unused","accessibility_rating":"1","bicycle_spaces":0}},{"type":"Feature","geometry":{"type":"Point","coordinates":[144.948472,-37.808955]},"properties":{"property_id":"109007","street_address":"95 Stanley Street WEST MELBOURNE VIC 3003","number_of_floors_above_ground":1,"predominant_space_use":"House/Townhouse","accessibility_rating":"0"}},{"type":"Feature","geometry":{"type":"Point","coordinates":[144.948372,-37.809018]},"properties":{"property_id":"109009","street_address":"99 Stanley Street WEST MELBOURNE VIC 3003","number_of_floors_above_ground":1,"predominant_space_use":"House/Townhouse","accessibility_rating":"0"}},{"type":"Feature","geometry":{"type":"Point","coordinates":[144.947948,-37.809287]},"properties":{"property_id":"109013","street_address":"115-121 Stanley Street WEST MELBOURNE VIC 3003","construction_year":"2007","number_of_floors_above_ground":3,"predominant_space_use":"Residential Apartment","accessibility_rating":"0","bicycle_spaces":0}},{"type":"Feature","geometry":{"type":"Point","coordinates":[144.947794,-37.809376]},"properties":{"property_id":"109014","street_address":"123-125 Stanley Street WEST MELBOURNE VIC 3003","construction_year":"2007","number_of_floors_above_ground":3,"predominant_space_use":"House/Townhouse","accessibility_rating":"1","bicycle_spaces":0}},{"type":"Feature","geometry":{"type":"Point","coordinates":[144.950657,-37.807586]},"properties":{"property_id":"105341","building_name":"Challenge House","street_address":"529-537 King Street WEST MELBOURNE VIC 3003","construction_year":"1980","number_of_floors_above_ground":1,"predominant_space_use":"Office","accessibility_rating":"3","bicycle_spaces":0}},{"type":"Feature","geometry":{"type":"Point","coordinates":[144.950012,-37.808422]},"properties":{"property_id":"108427","street_address":"Substation Rear 126 Rosslyn Street, WEST MELBOURNE VIC 3003","construction_year":"1938","number_of_floors_above_ground":2,"predominant_space_use":"Equipment Installation","accessibility_rating":"0","bicycle_spaces":0}},{"type":"Feature","geometry":{"type":"Point","coordinates":[144.950324,-37.808428]},"properties":{"property_id":"108430","street_address":"116-118 Rosslyn Street WEST MELBOURNE VIC 3003","construction_year":"1924","number_of_floors_above_ground":3,"predominant_space_use":"House/Townhouse","accessibility_rating":"0","bicycle_spaces":0}},{"type":"Feature","geometry":{"type":"Point","coordinates":[144.950425,-37.80839]},"properties":{"property_id":"108431","street_address":"112-114 Rosslyn Street WEST MELBOURNE VIC 3003","construction_year":"2000","number_of_floors_above_ground":2,"predominant_space_use":"Unoccupied - Unused","accessibility_rating":"1","bicycle_spaces":0}},{"type":"Feature","geometry":{"type":"Point","coordinates":[144.950682,-37.808327]},"properties":{"property_id":"108432","street_address":"96-110 Rosslyn Street WEST MELBOURNE VIC 3003","construction_year":"1930","number_of_floors_above_ground":1,"predominant_space_use":"Manufacturing","accessibility_rating":"1","bicycle_spaces":0}},{"type":"Feature","geometry":{"type":"Point","coordinates":[144.949041,-37.808487]},"properties":{"property_id":"108937","street_address":"506-508 Spencer Street WEST MELBOURNE VIC 3003","construction_year":"1900","number_of_floors_above_ground":1,"predominant_space_use":"Retail - Showroom","accessibility_rating":"1","bicycle_spaces":0}},{"type":"Feature","geometry":{"type":"Point","coordinates":[144.949128,-37.808577]},"properties":{"property_id":"108939","street_address":"502 Spencer Street WEST MELBOURNE VIC 3003","construction_year":"1882","number_of_floors_above_ground":2,"predominant_space_use":"House/Townhouse","accessibility_rating":"0","bicycle_spaces":0}},{"type":"Feature","geometry":{"type":"Point","coordinates":[144.950385,-37.807733]},"properties":{"property_id":"108997","street_address":"17 Stanley Street WEST MELBOURNE VIC 3003","construction_year":"1930","number_of_floors_above_ground":1,"predominant_space_use":"Unoccupied - Unused","accessibility_rating":"1","bicycle_spaces":0}},{"type":"Feature","geometry":{"type":"Point","coordinates":[144.950157,-37.807872]},"properties":{"property_id":"109000","street_address":"25-29 Stanley Street WEST MELBOURNE VIC 3003","construction_year":"1970","number_of_floors_above_ground":1,"predominant_space_use":"Entertainment/Recreation - Indoor","accessibility_rating":"1","bicycle_spaces":0}},{"type":"Feature","geometry":{"type":"Point","coordinates":[144.949379,-37.808448]},"properties":{"property_id":"109005","street_address":"67-69 Stanley Street WEST MELBOURNE VIC 3003","construction_year":"1950","number_of_floors_above_ground":1,"predominant_space_use":"Entertainment/Recreation - Indoor","accessibility_rating":"1","bicycle_spaces":0}},{"type":"Feature","geometry":{"type":"Point","coordinates":[144.949237,-37.808425]},"properties":{"property_id":"109006","street_address":"71-73 Stanley Street WEST MELBOURNE VIC 3003","construction_year":"1930","number_of_floors_above_ground":2,"predominant_space_use":"House/Townhouse","accessibility_rating":"1","bicycle_spaces":0}},{"type":"Feature","geometry":{"type":"Point","coordinates":[144.949381,-37.808827]},"properties":{"property_id":"530925","street_address":"Suite 1-2, 490 Spencer Street WEST MELBOURNE VIC 3003","construction_year":"1988","number_of_floors_above_ground":2,"predominant_space_use":"Unoccupied - Unused","accessibility_rating":"1","bicycle_spaces":0}},{"type":"Feature","geometry":{"type":"Point","coordinates":[144.952979,-37.807015]},"properties":{"property_id":"105010","street_address":"3-11 Howard Street WEST MELBOURNE VIC 3003","construction_year":"2020","number_of_floors_above_ground":4,"predominant_space_use":"House/Townhouse","accessibility_rating":"3","bicycle_spaces":11}},{"type":"Feature","geometry":{"type":"Point","coordinates":[144.953009,-37.806852]},"properties":{"property_id":"105011","street_address":"13 Howard Street WEST MELBOURNE VIC 3003","number_of_floors_above_ground":2,"predominant_space_use":"House/Townhouse","accessibility_rating":"0"}},{"type":"Feature","geometry":{"type":"Point","coordinates":[144.952039,-37.807756]},"properties":{"property_id":"108434","street_address":"70-74 Rosslyn Street WEST MELBOURNE VIC 3003","construction_year":"1901","number_of_floors_above_ground":1,"predominant_space_use":"Entertainment/Recreation - Indoor","accessibility_rating":"1","bicycle_spaces":0}},{"type":"Feature","geometry":{"type":"Point","coordinates":[144.952152,-37.807695]},"properties":{"property_id":"108436","street_address":"68 Rosslyn Street WEST MELBOURNE VIC 3003","number_of_floors_above_ground":1,"predominant_space_use":"House/Townhouse","accessibility_rating":"0"}},{"type":"Feature","geometry":{"type":"Point","coordinates":[144.952303,-37.807617]},"properties":{"property_id":"108439","street_address":"62 Rosslyn Street WEST MELBOURNE VIC 3003","number_of_floors_above_ground":1,"predominant_space_use":"House/Townhouse","accessibility_rating":"0"}},{"type":"Feature","geometry":{"type":"Point","coordinates":[144.952404,-37.807518]},"properties":{"property_id":"108441","street_address":"56 Rosslyn Street WEST MELBOURNE VIC 3003","number_of_floors_above_ground":1,"predominant_space_use":"Unoccupied - Unused","accessibility_rating":"1","bicycle_spaces":0}},{"type":"Feature","geometry":{"type":"Point","coordinates":[144.952573,-37.807398]},"properties":{"property_id":"108443","building_name":"Mondrian","street_address":"42-50 Rosslyn Street WEST MELBOURNE VIC 3003","construction_year":"2011","number_of_floors_above_ground":5,"predominant_space_use":"Residential Apartment","accessibility_rating":"1","bicycle_spaces":0}},{"type":"Feature","geometry":{"type":"Point","coordinates":[144.952097,-37.807585]},"properties":{"property_id":"506140","street_address":"14 Chetwynd Street WEST MELBOURNE VIC 3003","number_of_floors_above_ground":1,"predominant_space_use":"House/Townhouse","accessibility_rating":"0"}},{"type":"Feature","geometry":{"type":"Point","coordinates":[144.952132,-37.807469]},"properties":{"property_id":"715720","street_address":"18-20 Chetwynd Street WEST MELBOURNE VIC 3003","number_of_floors_above_ground":1,"predominant_space_use":"House/Townhouse","accessibility_rating":"0","bicycle_spaces":0}},{"type":"Feature","geometry":{"type":"Point","coordinates":[144.953786,-37.806816]},"properties":{"property_id":"110117","street_address":"369-381 William Street WEST MELBOURNE VIC 3003","construction_year":"1950","number_of_floors_above_ground":2,"predominant_space_use":"Unoccupied - Unused","accessibility_rating":"3","bicycle_spaces":0}},{"type":"Feature","geometry":{"type":"Point","coordinates":[144.9547,-37.806741]},"properties":{"property_id":"101517","street_address":"57 Capel Street WEST MELBOURNE VIC 3003","number_of_floors_above_ground":1,"predominant_space_use":"House/Townhouse","accessibility_rating":"0"}},{"type":"Feature","geometry":{"type":"Point","coordinates":[144.954698,-37.806586]},"properties":{"property_id":"101520","street_address":"65 Capel Street WEST MELBOURNE VIC 3003","construction_year":"1880","number_of_floors_above_ground":1,"predominant_space_use":"House/Townhouse","accessibility_rating":"0"}},{"type":"Feature","geometry":{"type":"Point","coordinates":[144.954697,-37.806529]},"properties":{"property_id":"101521","street_address":"67-69 Capel Street WEST MELBOURNE VIC 3003","construction_year":"1950","number_of_floors_above_ground":1,"predominant_space_use":"Unoccupied - Unused","accessibility_rating":"1","bicycle_spaces":0}},{"type":"Feature","geometry":{"type":"Point","coordinates":[144.954704,-37.806297]},"properties":{"property_id":"101523","street_address":"77-79 Capel Street WEST MELBOURNE VIC 3003","number_of_floors_above_ground":2,"predominant_space_use":"Unoccupied - Unused","accessibility_rating":"3","bicycle_spaces":0}},{"type":"Feature","geometry":{"type":"Point","coordinates":[144.954736,-37.806219]},"properties":{"property_id":"101524","street_address":"81 Capel Street WEST MELBOURNE VIC 3003","number_of_floors_above_ground":1,"predominant_space_use":"House/Townhouse","accessibility_rating":"0"}},{"type":"Feature","geometry":{"type":"Point","coordinates":[144.954759,-37.806174]},"properties":{"property_id":"101525","street_address":"83 Capel Street WEST MELBOURNE VIC 3003","construction_year":"1870","number_of_floors_above_ground":1,"predominant_space_use":"House/Townhouse","accessibility_rating":"0"}},{"type":"Feature","geometry":{"type":"Point","coordinates":[144.954768,-37.805998]},"properties":{"property_id":"109687","street_address":"199 Victoria Street WEST MELBOURNE VIC 3003","construction_year":"1901","number_of_floors_above_ground":2,"predominant_space_use":"Unoccupied - Unused","accessibility_rating":"1","bicycle_spaces":0}},{"type":"Feature","geometry":{"type":"Point","coordinates":[144.954168,-37.80591]},"properties":{"property_id":"109695","street_address":"217-219 Victoria Street WEST MELBOURNE VIC 3003","number_of_floors_above_ground":2,"predominant_space_use":"House/Townhouse","accessibility_rating":"0"}},{"type":"Feature","geometry":{"type":"Point","coordinates":[144.954135,-37.806068]},"properties":{"property_id":"110118","street_address":"484-490 William Street WEST MELBOURNE VIC 3003","construction_year":"1994","number_of_floors_above_ground":2,"predominant_space_use":"Performances, Conferences, Ceremonies","accessibility_rating":"1","bicycle_spaces":0}},{"type":"Feature","geometry":{"type":"Point","coordinates":[144.954231,-37.806155]},"properties":{"property_id":"110119","street_address":"482 William Street WEST MELBOURNE VIC 3003","construction_year":"1930","number_of_floors_above_ground":1,"predominant_space_use":"House/Townhouse","accessibility_rating":"1","bicycle_spaces":0}},{"type":"Feature","geometry":{"type":"Point","coordinates":[144.954283,-37.806258]},"properties":{"property_id":"110121","street_address":"478 William Street WEST MELBOURNE VIC 3003","construction_year":"1901","number_of_floors_above_ground":2,"predominant_space_use":"House/Townhouse","accessibility_rating":"1","bicycle_spaces":0}},{"type":"Feature","geometry":{"type":"Point","coordinates":[144.95432,-37.806395]},"properties":{"property_id":"110123","street_address":"472 William Street WEST MELBOURNE VIC 3003","construction_year":"1901","number_of_floors_above_ground":2,"predominant_space_use":"House/Townhouse","accessibility_rating":"0","bicycle_spaces":0}},{"type":"Feature","geometry":{"type":"Point","coordinates":[144.954466,-37.806831]},"properties":{"property_id":"110128","street_address":"454 William Street WEST MELBOURNE VIC 3003","construction_year":"1870","number_of_floors_above_ground":2,"predominant_space_use":"House/Townhouse","accessibility_rating":"0"}},{"type":"Feature","geometry":{"type":"Point","coordinates":[144.954476,-37.806864]},"properties":{"property_id":"110129","street_address":"452 William Street WEST MELBOURNE VIC 3003","construction_year":"1920","number_of_floors_above_ground":2,"predominant_space_use":"Unoccupied - Unused","accessibility_rating":"1","bicycle_spaces":0}},{"type":"Feature","geometry":{"type":"Point","coordinates":[144.954613,-37.807075]},"properties":{"property_id":"110133","street_address":"438-444 William Street WEST MELBOURNE VIC 3003","construction_year":"1990","number_of_floors_above_ground":1,"predominant_space_use":"Office","accessibility_rating":"1","bicycle_spaces":3}},{"type":"Feature","geometry":{"type":"Point","coordinates":[144.954637,-37.807259]},"properties":{"property_id":"110135","street_address":"432-434 William Street WEST MELBOURNE VIC 3003","construction_year":"1970","number_of_floors_above_ground":3,"predominant_space_use":"House/Townhouse","accessibility_rating":"1","bicycle_spaces":0}},{"type":"Feature","geometry":{"type":"Point","coordinates":[144.954837,-37.805977]},"properties":{"property_id":"573406","street_address":"197 Victoria Street WEST MELBOURNE VIC 3003","construction_year":"1901","number_of_floors_above_ground":3,"predominant_space_use":"Residential Apartment","accessibility_rating":"1","bicycle_spaces":0}},{"type":"Feature","geometry":{"type":"Point","coordinates":[144.95486,-37.806093]},"properties":{"property_id":"573407","street_address":"87 Capel Street WEST MELBOURNE VIC 3003","construction_year":"1910","number_of_floors_above_ground":2,"predominant_space_use":"Unoccupied - Unused","accessibility_rating":"2","bicycle_spaces":0}},{"type":"Feature","geometry":{"type":"Point","coordinates":[144.955367,-37.806227]},"properties":{"property_id":"101562","street_address":"80-86 Capel Street WEST MELBOURNE VIC 3003","construction_year":"1867","number_of_floors_above_ground":2,"predominant_space_use":"Institutional Accommodation","accessibility_rating":"1","bicycle_spaces":0}},{"type":"Feature","geometry":{"type":"Point","coordinates":[144.955286,-37.806643]},"properties":{"property_id":"101564","building_name":"Mason","street_address":"64 Capel Street WEST MELBOURNE VIC 3003","number_of_floors_above_ground":2,"predominant_space_use":"House/Townhouse","accessibility_rating":"0"}},{"type":"Feature","geometry":{"type":"Point","coordinates":[144.955235,-37.806968]},"properties":{"property_id":"101566","street_address":"40-60 Capel Street WEST MELBOURNE VIC 3003","construction_year":"1990","number_of_floors_above_ground":3,"predominant_space_use":"House/Townhouse","accessibility_rating":"1","bicycle_spaces":0}},{"type":"Feature","geometry":{"type":"Point","coordinates":[144.95516,-37.807347]},"properties":{"property_id":"101570","street_address":"32-34 Capel Street WEST MELBOURNE VIC 3003","number_of_floors_above_ground":2,"predominant_space_use":"House/Townhouse","accessibility_rating":"0"}},{"type":"Feature","geometry":{"type":"Point","coordinates":[144.955148,-37.807494]},"properties":{"property_id":"101572","street_address":"24 Capel Street WEST MELBOURNE VIC 3003","number_of_floors_above_ground":2,"predominant_space_use":"House/Townhouse","accessibility_rating":"0"}},{"type":"Feature","geometry":{"type":"Point","coordinates":[144.955218,-37.808207]},"properties":{"property_id":"102977","street_address":"4 Dudley Street WEST MELBOURNE VIC 3003","construction_year":"1910","number_of_floors_above_ground":3,"predominant_space_use":"House/Townhouse","accessibility_rating":"1","bicycle_spaces":0}},{"type":"Feature","geometry":{"type":"Point","coordinates":[144.955172,-37.807948]},"properties":{"property_id":"107471","street_address":"5-19 Peel Street WEST MELBOURNE VIC 3003","construction_year":"1990","number_of_floors_above_ground":2,"predominant_space_use":"House/Townhouse","accessibility_rating":"1","bicycle_spaces":0}},{"type":"Feature","geometry":{"type":"Point","coordinates":[144.955423,-37.807184]},"properties":{"property_id":"107475","street_address":"39-47 Peel Street WEST MELBOURNE VIC 3003","construction_year":"2008","number_of_floors_above_ground":4,"predominant_space_use":"Residential Apartment","accessibility_rating":"3","bicycle_spaces":0}},{"type":"Feature","geometry":{"type":"Point","coordinates":[144.955461,-37.807005]},"properties":{"property_id":"107478","street_address":"49-51 Peel Street WEST MELBOURNE VIC 3003","construction_year":"1901","number_of_floors_above_ground":2,"predominant_space_use":"Residential Apartment","accessibility_rating":"1","bicycle_spaces":0}},{"type":"Feature","geometry":{"type":"Point","coordinates":[144.955496,-37.806811]},"properties":{"property_id":"107479","building_name":"Peel Terrace 1868","street_address":"57-61 Peel Street WEST MELBOURNE VIC 3003","construction_year":"1865","number_of_floors_above_ground":4,"predominant_space_use":"Residential Apartment","accessibility_rating":"3","bicycle_spaces":5}},{"type":"Feature","geometry":{"type":"Point","coordinates":[144.955498,-37.806667]},"properties":{"property_id":"107481","street_address":"65-67 Peel Street WEST MELBOURNE VIC 3003","construction_year":"1901","number_of_floors_above_ground":2,"predominant_space_use":"Entertainment/Recreation - Indoor","accessibility_rating":"1","bicycle_spaces":0}},{"type":"Feature","geometry":{"type":"Point","coordinates":[144.955518,-37.806576]},"properties":{"property_id":"107482","street_address":"69-71 Peel Street WEST MELBOURNE VIC 3003","construction_year":"1940","number_of_floors_above_ground":1,"predominant_space_use":"Unoccupied - Unused","accessibility_rating":"1","bicycle_spaces":0}},{"type":"Feature","geometry":{"type":"Point","coordinates":[144.955536,-37.806461]},"properties":{"property_id":"107483","street_address":"73-75 Peel Street WEST MELBOURNE VIC 3003","construction_year":"1930","number_of_floors_above_ground":2,"predominant_space_use":"Entertainment/Recreation - Indoor","accessibility_rating":"1","bicycle_spaces":0}},{"type":"Feature","geometry":{"type":"Point","coordinates":[144.955574,-37.806287]},"properties":{"property_id":"107485","street_address":"81-83 Peel Street WEST MELBOURNE VIC 3003","construction_year":"1920","number_of_floors_above_ground":2,"predominant_space_use":"Residential Apartment","accessibility_rating":"3","bicycle_spaces":0}},{"type":"Feature","geometry":{"type":"Point","coordinates":[144.955604,-37.806066]},"properties":{"property_id":"109682","building_name":"Victoria Buildings","street_address":"173-181 Victoria Street WEST MELBOURNE VIC 3003","construction_year":"1901","number_of_floors_above_ground":2,"predominant_space_use":"House/Townhouse","accessibility_rating":"1","bicycle_spaces":0}},{"type":"Feature","geometry":{"type":"Point","coordinates":[144.955345,-37.806039]},"properties":{"property_id":"109684","street_address":"187-189 Victoria Street WEST MELBOURNE VIC 3003","construction_year":"1871","number_of_floors_above_ground":2,"predominant_space_use":"Community Use","accessibility_rating":"3","bicycle_spaces":0}},{"type":"Feature","geometry":{"type":"Point","coordinates":[144.954374,-37.808364]},"properties":{"property_id":"110110","street_address":"14-34 Dudley Street WEST MELBOURNE VIC 3003","construction_year":"1995","number_of_floors_above_ground":6,"predominant_space_use":"Residential Apartment","accessibility_rating":"1","bicycle_spaces":0}},{"type":"Feature","geometry":{"type":"Point","coordinates":[144.954087,-37.808206]},"properties":{"property_id":"535385","street_address":"17 Walsh Street WEST MELBOURNE VIC 3003","construction_year":"1995","number_of_floors_above_ground":4,"predominant_space_use":"House/Townhouse","accessibility_rating":"0","bicycle_spaces":0}},{"type":"Feature","geometry":{"type":"Point","coordinates":[144.954141,-37.80819]},"properties":{"property_id":"535386","street_address":"15 Walsh Street WEST MELBOURNE VIC 3003","construction_year":"1995","number_of_floors_above_ground":4,"predominant_space_use":"House/Townhouse","accessibility_rating":"0","bicycle_spaces":0}},{"type":"Feature","geometry":{"type":"Point","coordinates":[144.954301,-37.808144]},"properties":{"property_id":"535389","street_address":"9 Walsh Street WEST MELBOURNE VIC 3003","construction_year":"1995","number_of_floors_above_ground":4,"predominant_space_use":"House/Townhouse","accessibility_rating":"0","bicycle_spaces":0}},{"type":"Feature","geometry":{"type":"Point","coordinates":[144.954354,-37.808128]},"properties":{"property_id":"535390","street_address":"7 Walsh Street WEST MELBOURNE VIC 3003","construction_year":"1995","number_of_floors_above_ground":4,"predominant_space_use":"House/Townhouse","accessibility_rating":"0","bicycle_spaces":0}},{"type":"Feature","geometry":{"type":"Point","coordinates":[144.954408,-37.808112]},"properties":{"property_id":"535391","street_address":"5 Walsh Street WEST MELBOURNE VIC 3003","construction_year":"1995","number_of_floors_above_ground":4,"predominant_space_use":"House/Townhouse","accessibility_rating":"0","bicycle_spaces":0}},{"type":"Feature","geometry":{"type":"Point","coordinates":[144.953904,-37.807718]},"properties":{"property_id":"106676","street_address":"34 Milton Street WEST MELBOURNE VIC 3003","construction_year":"1901","number_of_floors_above_ground":1,"predominant_space_use":"House/Townhouse","accessibility_rating":"0","bicycle_spaces":0}},{"type":"Feature","geometry":{"type":"Point","coordinates":[144.954172,-37.807644]},"properties":{"property_id":"110113","street_address":"343 William Street WEST MELBOURNE VIC 3003","construction_year":"1865","number_of_floors_above_ground":2,"predominant_space_use":"House/Townhouse","accessibility_rating":"0","bicycle_spaces":0}},{"type":"Feature","geometry":{"type":"Point","coordinates":[144.954137,-37.807508]},"properties":{"property_id":"535402","street_address":"349 William Street WEST MELBOURNE VIC 3003","construction_year":"2001","number_of_floors_above_ground":2,"predominant_space_use":"House/Townhouse","accessibility_rating":"0"}},{"type":"Feature","geometry":{"type":"Point","coordinates":[144.952409,-37.808072]},"properties":{"property_id":"108407","street_address":"69 Rosslyn Street WEST MELBOURNE VIC 3003","construction_year":"1901","number_of_floors_above_ground":1,"predominant_space_use":"Office","accessibility_rating":"2","bicycle_spaces":0}},{"type":"Feature","geometry":{"type":"Point","coordinates":[144.952617,-37.808236]},"properties":{"property_id":"109948","street_address":"58-60 Walsh Street WEST MELBOURNE VIC 3003","construction_year":"2018","number_of_floors_above_ground":4,"predominant_space_use":"House/Townhouse","accessibility_rating":"0","bicycle_spaces":0}},{"type":"Feature","geometry":{"type":"Point","coordinates":[144.952928,-37.808136]},"properties":{"property_id":"109949","building_name":"Walsh Residence","street_address":"42-52 Walsh Street WEST MELBOURNE VIC 3003","construction_year":"2001","number_of_floors_above_ground":3,"predominant_space_use":"Student Accommodation","accessibility_rating":"1","bicycle_spaces":0}},{"type":"Feature","geometry":{"type":"Point","coordinates":[144.952902,-37.807886]},"properties":{"property_id":"558814","street_address":"49-51 Rosslyn Street WEST MELBOURNE VIC 3003","construction_year":"1901","number_of_floors_above_ground":2,"predominant_space_use":"House/Townhouse","accessibility_rating":"1","bicycle_spaces":0}},{"type":"Feature","geometry":{"type":"Point","coordinates":[144.953096,-37.807788]},"properties":{"property_id":"568042","street_address":"37-47 Rosslyn Street WEST MELBOURNE VIC 3003","construction_year":"2005","number_of_floors_above_ground":4,"predominant_space_use":"Residential Apartment","accessibility_rating":"1","bicycle_spaces":0}},{"type":"Feature","geometry":{"type":"Point","coordinates":[144.952309,-37.808055]},"properties":{"property_id":"578028","street_address":"71 Rosslyn Street WEST MELBOURNE VIC 3003","number_of_floors_above_ground":3,"predominant_space_use":"House/Townhouse","accessibility_rating":"0"}},{"type":"Feature","geometry":{"type":"Point","coordinates":[144.952669,-37.807972]},"properties":{"property_id":"600448","street_address":"57-63 Rosslyn Street WEST MELBOURNE VIC 3003","construction_year":"2010","number_of_floors_above_ground":4,"predominant_space_use":"Residential Apartment","accessibility_rating":"1","bicycle_spaces":0}},{"type":"Feature","geometry":{"type":"Point","coordinates":[144.952636,-37.808902]},"properties":{"property_id":"102962","street_address":"78-86 Dudley Street WEST MELBOURNE VIC 3003","number_of_floors_above_ground":2,"predominant_space_use":"Entertainment/Recreation - Indoor","accessibility_rating":"1","bicycle_spaces":0}},{"type":"Feature","geometry":{"type":"Point","coordinates":[144.953018,-37.808793]},"properties":{"property_id":"102966","street_address":"70 Dudley Street WEST MELBOURNE VIC 3003","construction_year":"1901","number_of_floors_above_ground":2,"predominant_space_use":"Office","accessibility_rating":"1","bicycle_spaces":0}},{"type":"Feature","geometry":{"type":"Point","coordinates":[144.953281,-37.808669]},"properties":{"property_id":"102969","building_name":"Richhill Terrace","street_address":"60 Dudley Street WEST MELBOURNE VIC 3003","construction_year":"1862","number_of_floors_above_ground":2,"predominant_space_use":"Entertainment/Recreation - Indoor","accessibility_rating":"1","bicycle_spaces":0}},{"type":"Feature","geometry":{"type":"Point","coordinates":[144.953339,-37.808653]},"properties":{"property_id":"102970","building_name":"Richhill Terrace","street_address":"58 Dudley Street WEST MELBOURNE VIC 3003","construction_year":"1862","number_of_floors_above_ground":3,"predominant_space_use":"Entertainment/Recreation - Indoor","accessibility_rating":"3","bicycle_spaces":0}},{"type":"Feature","geometry":{"type":"Point","coordinates":[144.953642,-37.808493]},"properties":{"property_id":"102974","street_address":"42-48 Dudley Street WEST MELBOURNE VIC 3003","construction_year":"1976","number_of_floors_above_ground":5,"predominant_space_use":"Equipment Installation","accessibility_rating":"0","bicycle_spaces":0}},{"type":"Feature","geometry":{"type":"Point","coordinates":[144.952495,-37.808681]},"properties":{"property_id":"105368","street_address":"346-352 King Street WEST MELBOURNE VIC 3003","construction_year":"1981","number_of_floors_above_ground":2,"predominant_space_use":"Office","accessibility_rating":"1","bicycle_spaces":0}},{"type":"Feature","geometry":{"type":"Point","coordinates":[144.953778,-37.808323]},"properties":{"property_id":"109940","street_address":"23 Walsh Street WEST MELBOURNE VIC 3003","construction_year":"1901","number_of_floors_above_ground":2,"predominant_space_use":"Unoccupied - Unused","accessibility_rating":"1","bicycle_spaces":0}},{"type":"Feature","geometry":{"type":"Point","coordinates":[144.953737,-37.808356]},"properties":{"property_id":"109941","street_address":"25 Walsh Street WEST MELBOURNE VIC 3003","number_of_floors_above_ground":2,"predominant_space_use":"House/Townhouse","accessibility_rating":"0"}},{"type":"Feature","geometry":{"type":"Point","coordinates":[144.95279,-37.808597]},"properties":{"property_id":"109946","street_address":"51-63 Walsh Street WEST MELBOURNE VIC 3003","construction_year":"1972","number_of_floors_above_ground":3,"predominant_space_use":"Office","accessibility_rating":"1","bicycle_spaces":0}},{"type":"Feature","geometry":{"type":"Point","coordinates":[144.950604,-37.809517]},"properties":{"property_id":"679271","building_name":"Sayuri","street_address":"130-132 Dudley Street WEST MELBOURNE VIC 3003","construction_year":"2016","number_of_floors_above_ground":8,"predominant_space_use":"Residential Apartment","accessibility_rating":"3","bicycle_spaces":0}},{"type":"Feature","geometry":{"type":"Point","coordinates":[144.950604,-37.809517]},"properties":{"property_id":"679272","building_name":"Keshi","street_address":"140-142 Dudley Street WEST MELBOURNE VIC 3003","construction_year":"2016","number_of_floors_above_ground":10,"predominant_space_use":"Residential Apartment","accessibility_rating":"3","bicycle_spaces":0}},{"type":"Feature","geometry":{"type":"Point","coordinates":[144.950604,-37.809517]},"properties":{"property_id":"679273","building_name":"Sakura","street_address":"150-154 Dudley Street WEST MELBOURNE VIC 3003","construction_year":"2016","number_of_floors_above_ground":8,"predominant_space_use":"Residential Apartment","accessibility_rating":"3","bicycle_spaces":0}},{"type":"Feature","geometry":{"type":"Point","coordinates":[144.95128,-37.809259]},"properties":{"property_id":"102960","building_name":"Market Square","street_address":"104-128 Dudley Street WEST MELBOURNE VIC 3003","construction_year":"2005","number_of_floors_above_ground":8,"predominant_space_use":"Residential Apartment","accessibility_rating":"3","bicycle_spaces":0}},{"type":"Feature","geometry":{"type":"Point","coordinates":[144.951685,-37.80886]},"properties":{"property_id":"105333","street_address":"477 King Street WEST MELBOURNE VIC 3003","construction_year":"1960","number_of_floors_above_ground":1,"predominant_space_use":"Entertainment/Recreation - Indoor","accessibility_rating":"3","bicycle_spaces":0}},{"type":"Feature","geometry":{"type":"Point","coordinates":[144.951492,-37.808508]},"properties":{"property_id":"105337","street_address":"491-495 King Street WEST MELBOURNE VIC 3003","construction_year":"1990","number_of_floors_above_ground":3,"predominant_space_use":"Office","accessibility_rating":"1","bicycle_spaces":0}},{"type":"Feature","geometry":{"type":"Point","coordinates":[144.951291,-37.808563]},"properties":{"property_id":"108408","street_address":"89 Rosslyn Street WEST MELBOURNE VIC 3003","number_of_floors_above_ground":1,"predominant_space_use":"House/Townhouse","accessibility_rating":"0"}},{"type":"Feature","geometry":{"type":"Point","coordinates":[144.951192,-37.808855]},"properties":{"property_id":"108409","building_name":"Ken Shi Kan","street_address":"93-99 Rosslyn Street WEST MELBOURNE VIC 3003","number_of_floors_above_ground":1,"predominant_space_use":"Entertainment/Recreation - Indoor","accessibility_rating":"1","bicycle_spaces":0}},{"type":"Feature","geometry":{"type":"Point","coordinates":[144.950171,-37.809183]},"properties":{"property_id":"108412","street_address":"135-141 Rosslyn Street WEST MELBOURNE VIC 3003","number_of_floors_above_ground":1,"predominant_space_use":"Unoccupied - Under Construction","accessibility_rating":"0","bicycle_spaces":0}},{"type":"Feature","geometry":{"type":"Point","coordinates":[144.949751,-37.809313]},"properties":{"property_id":"108943","street_address":"468-470 Spencer Street WEST MELBOURNE VIC 3003","number_of_floors_above_ground":2,"predominant_space_use":"Unoccupied - Unused","accessibility_rating":"1","bicycle_spaces":0}},{"type":"Feature","geometry":{"type":"Point","coordinates":[144.950019,-37.809456]},"properties":{"property_id":"108945","street_address":"454-462 Spencer Street WEST MELBOURNE VIC 3003","construction_year":"1960","number_of_floors_above_ground":2,"predominant_space_use":"Retail - Shop","accessibility_rating":"3","bicycle_spaces":0}},{"type":"Feature","geometry":{"type":"Point","coordinates":[144.948451,-37.810255]},"properties":{"property_id":"714410","street_address":"11-27 Wominjeka Walk WEST MELBOURNE VIC 3003","construction_year":"2021","number_of_floors_above_ground":8,"predominant_space_use":"Residential Apartment","accessibility_rating":"3","bicycle_spaces":0}},{"type":"Feature","geometry":{"type":"Point","coordinates":[144.949317,-37.80968]},"properties":{"property_id":"108855","street_address":"467-473 Spencer Street WEST MELBOURNE VIC 3003","number_of_floors_above_ground":1,"predominant_space_use":"Retail - Shop","accessibility_rating":"1","bicycle_spaces":0}},{"type":"Feature","geometry":{"type":"Point","coordinates":[144.94925,-37.809569]},"properties":{"property_id":"108856","building_name":"Hotel Spencer","street_address":"Hotel Spencer 475-477 Spencer Street WEST MELBOURNE VIC 3003","construction_year":"1916","number_of_floors_above_ground":4,"predominant_space_use":"Commercial Accommodation","accessibility_rating":"1","bicycle_spaces":0}},{"type":"Feature","geometry":{"type":"Point","coordinates":[144.94635,-37.811148]},"properties":{"property_id":"102955","building_name":"Festival Hall","street_address":"272-306 Dudley Street WEST MELBOURNE VIC 3003","construction_year":"1955","number_of_floors_above_ground":1,"predominant_space_use":"Performances, Conferences, Ceremonies","accessibility_rating":"3","bicycle_spaces":0}},{"type":"Feature","geometry":{"type":"Point","coordinates":[144.949519,-37.810642]},"properties":{"property_id":"102952","street_address":"97-99 Dudley Street WEST MELBOURNE VIC 3003","construction_year":"1920","number_of_floors_above_ground":1,"predominant_space_use":"Unoccupied - Unused","accessibility_rating":"3","bicycle_spaces":0}},{"type":"Feature","geometry":{"type":"Point","coordinates":[144.949894,-37.81055]},"properties":{"property_id":"108850","building_name":"Duo Apartments","street_address":"DUO Apartments 423-435 Spencer Street WEST MELBOURNE VIC 3003","construction_year":"2016","number_of_floors_above_ground":17,"predominant_space_use":"Residential Apartment","accessibility_rating":"1","bicycle_spaces":28}},{"type":"Feature","geometry":{"type":"Point","coordinates":[144.949808,-37.810378]},"properties":{"property_id":"108852","street_address":"441 Spencer Street WEST MELBOURNE VIC 3003","construction_year":"1868","number_of_floors_above_ground":2,"predominant_space_use":"Unoccupied - Unused","accessibility_rating":"1","bicycle_spaces":1}},{"type":"Feature","geometry":{"type":"Point","coordinates":[144.949832,-37.810426]},"properties":{"property_id":"608842","street_address":"437-439 Spencer Street WEST MELBOURNE VIC 3003","number_of_floors_above_ground":2,"predominant_space_use":"Unoccupied - Unused","accessibility_rating":"3","bicycle_spaces":0}},{"type":"Feature","geometry":{"type":"Point","coordinates":[144.949074,-37.811958]},"properties":{"property_id":"104077","street_address":"22-28 Franklin Place WEST MELBOURNE VIC 3003","construction_year":"2001","number_of_floors_above_ground":3,"predominant_space_use":"Residential Apartment","accessibility_rating":"1","bicycle_spaces":0}},{"type":"Feature","geometry":{"type":"Point","coordinates":[144.950434,-37.811911]},"properties":{"property_id":"598605","street_address":"355-369 Spencer Street WEST MELBOURNE VIC 3003","construction_year":"1885","number_of_floors_above_ground":6,"predominant_space_use":"Unoccupied - Unused","accessibility_rating":"3","bicycle_spaces":13}},{"type":"Feature","geometry":{"type":"Point","coordinates":[144.950375,-37.811565]},"properties":{"property_id":"604698","street_address":"371-383 Spencer Street WEST MELBOURNE VIC 3003","construction_year":"1910","number_of_floors_above_ground":3,"predominant_space_use":"Unoccupied - Unused","accessibility_rating":"1","bicycle_spaces":0}},{"type":"Feature","geometry":{"type":"Point","coordinates":[144.94923,-37.811826]},"properties":{"property_id":"613007","street_address":"Unit 1, 23 Franklin Place WEST MELBOURNE VIC 3003","construction_year":"2009","number_of_floors_above_ground":3,"predominant_space_use":"House/Townhouse","accessibility_rating":"0"}},{"type":"Feature","geometry":{"type":"Point","coordinates":[144.949291,-37.811963]},"properties":{"property_id":"613010","street_address":"Unit 4, 23 Franklin Place WEST MELBOURNE VIC 3003","construction_year":"2009","number_of_floors_above_ground":3,"predominant_space_use":"House/Townhouse","accessibility_rating":"0"}},{"type":"Feature","geometry":{"type":"Point","coordinates":[144.95504,-37.798852]},"properties":{"property_id":"618951","building_name":"Royal Womens Hospital","street_address":"Royal Womens Hospital 18-22 Flemington Road PARKVILLE VIC 3050","construction_year":"2008","number_of_floors_above_ground":8,"predominant_space_use":"Hospital/Clinic","accessibility_rating":"3","bicycle_spaces":0}},{"type":"Feature","geometry":{"type":"Point","coordinates":[144.95025,-37.813643]},"properties":{"property_id":"611579","building_name":"Rail Infrastructure","street_address":"Rail Infrastructure 1 Adderley Street DOCKLANDS VIC 3008","number_of_floors_above_ground":3,"predominant_space_use":"Equipment Installation","accessibility_rating":"0","bicycle_spaces":0}},{"type":"Feature","geometry":{"type":"Point","coordinates":[144.956182,-37.816527]},"properties":{"property_id":"105390","street_address":"589-603 Bourke Street MELBOURNE VIC 3000","construction_year":"1975","number_of_floors_above_ground":12,"predominant_space_use":"Educational/Research","accessibility_rating":"3","bicycle_spaces":0}},{"type":"Feature","geometry":{"type":"Point","coordinates":[144.959922,-37.815564]},"properties":{"property_id":"101153","street_address":"473-481 Bourke Street MELBOURNE VIC 3000","construction_year":"1972","number_of_floors_above_ground":14,"predominant_space_use":"Office","accessibility_rating":"3","bicycle_spaces":10}},{"type":"Feature","geometry":{"type":"Point","coordinates":[144.959592,-37.81588]},"properties":{"property_id":"101154","building_name":"RACV Centre","street_address":"RACV Building 483-501 Bourke Street MELBOURNE VIC 3000","construction_year":"2005","number_of_floors_above_ground":19,"predominant_space_use":"Parking - Private Covered","accessibility_rating":"3","bicycle_spaces":40}},{"type":"Feature","geometry":{"type":"Point","coordinates":[144.960326,-37.815908]},"properties":{"property_id":"105954","street_address":"422-428 Little Collins Street MELBOURNE VIC 3000","construction_year":"1986","number_of_floors_above_ground":10,"predominant_space_use":"Unoccupied - Under Renovation","accessibility_rating":"3","bicycle_spaces":0}},{"type":"Feature","geometry":{"type":"Point","coordinates":[144.960508,-37.815272]},"properties":{"property_id":"108070","street_address":"449-455 Bourke Street MELBOURNE VIC 3000","construction_year":"1961","number_of_floors_above_ground":13,"predominant_space_use":"Unoccupied - Unused","accessibility_rating":"3","bicycle_spaces":0}},{"type":"Feature","geometry":{"type":"Point","coordinates":[144.958939,-37.815956]},"properties":{"property_id":"110146","street_address":"130-148 William Street MELBOURNE VIC 3000","construction_year":"1972","number_of_floors_above_ground":42,"predominant_space_use":"Office","accessibility_rating":"3","bicycle_spaces":60}},{"type":"Feature","geometry":{"type":"Point","coordinates":[144.962944,-37.814915]},"properties":{"property_id":"597186","building_name":"Galleria","street_address":"Galleria 385 Bourke Street MELBOURNE VIC 3000","construction_year":"1983","number_of_floors_above_ground":4,"predominant_space_use":"Parking - Commercial Covered","accessibility_rating":"2","bicycle_spaces":100}},{"type":"Feature","geometry":{"type":"Point","coordinates":[144.96223,-37.81513]},"properties":{"property_id":"101147","building_name":"The Foundry","street_address":"393-413 Bourke Street MELBOURNE VIC 3000","construction_year":"2019","number_of_floors_above_ground":39,"predominant_space_use":"Office","accessibility_rating":"3","bicycle_spaces":644}},{"type":"Feature","geometry":{"type":"Point","coordinates":[144.961531,-37.815562]},"properties":{"property_id":"105955","building_name":"Quest Fairfax House","street_address":"Fairfax Guest House 392-396 Little Collins Street MELBOURNE VIC 3000","construction_year":"1901","number_of_floors_above_ground":5,"predominant_space_use":"Residential Apartment","accessibility_rating":"1","bicycle_spaces":0}},{"type":"Feature","geometry":{"type":"Point","coordinates":[144.961741,-37.815606]},"properties":{"property_id":"105956","building_name":"Excelsior","street_address":"Excelsior 384-390 Little Collins Street MELBOURNE VIC 3000","construction_year":"1920","number_of_floors_above_ground":11,"predominant_space_use":"Residential Apartment","accessibility_rating":"1","bicycle_spaces":0}},{"type":"Feature","geometry":{"type":"Point","coordinates":[144.961948,-37.81556]},"properties":{"property_id":"105957","building_name":"Law Institute House","street_address":"382 Little Collins Street MELBOURNE VIC 3000","construction_year":"1905","number_of_floors_above_ground":3,"predominant_space_use":"Unoccupied - Unused","accessibility_rating":"0","bicycle_spaces":0}},{"type":"Feature","geometry":{"type":"Point","coordinates":[144.961819,-37.815146]},"properties":{"property_id":"106374","street_address":"18-22 McKillop Street MELBOURNE VIC 3000","construction_year":"1889","number_of_floors_above_ground":7,"predominant_space_use":"Residential Apartment","accessibility_rating":"1","bicycle_spaces":0}},{"type":"Feature","geometry":{"type":"Point","coordinates":[144.961903,-37.815331]},"properties":{"property_id":"106375","street_address":"10-16 McKillop Street MELBOURNE VIC 3000","construction_year":"1920","number_of_floors_above_ground":5,"predominant_space_use":"Unoccupied - Under Renovation","accessibility_rating":"1","bicycle_spaces":0}},{"type":"Feature","geometry":{"type":"Point","coordinates":[144.961192,-37.815371]},"properties":{"property_id":"108110","street_address":"128-146 Queen Street MELBOURNE VIC 3000","number_of_floors_above_ground":1,"predominant_space_use":"Unoccupied - Under Construction","accessibility_rating":"0","bicycle_spaces":0}},{"type":"Feature","geometry":{"type":"Point","coordinates":[144.962389,-37.81476]},"properties":{"property_id":"541400","street_address":"387-391 Bourke Street MELBOURNE VIC 3000","construction_year":"1901","number_of_floors_above_ground":2,"predominant_space_use":"Unoccupied - Unused","accessibility_rating":"3","bicycle_spaces":0}},{"type":"Feature","geometry":{"type":"Point","coordinates":[144.963662,-37.814433]},"properties":{"property_id":"101145","building_name":"London Stores","street_address":"341-357 Bourke Street MELBOURNE VIC 3000","construction_year":"1925","number_of_floors_above_ground":10,"predominant_space_use":"Office","accessibility_rating":"3","bicycle_spaces":0}},{"type":"Feature","geometry":{"type":"Point","coordinates":[144.955174,-37.815898]},"properties":{"property_id":"105303","street_address":"181-183 King Street MELBOURNE VIC 3000","construction_year":"1920","number_of_floors_above_ground":3,"predominant_space_use":"Unoccupied - Unused","accessibility_rating":"1","bicycle_spaces":0}},{"type":"Feature","geometry":{"type":"Point","coordinates":[144.955149,-37.815841]},"properties":{"property_id":"105304","street_address":"185 King Street MELBOURNE VIC 3000","construction_year":"1900","number_of_floors_above_ground":2,"predominant_space_use":"Entertainment/Recreation - Indoor","accessibility_rating":"2","bicycle_spaces":0}},{"type":"Feature","geometry":{"type":"Point","coordinates":[144.955125,-37.815791]},"properties":{"property_id":"105305","street_address":"187 King Street MELBOURNE VIC 3000","construction_year":"1920","number_of_floors_above_ground":2,"predominant_space_use":"Unoccupied - Unused","accessibility_rating":"1","bicycle_spaces":0}},{"type":"Feature","geometry":{"type":"Point","coordinates":[144.955029,-37.815582]},"properties":{"property_id":"105307","street_address":"197-199 King Street MELBOURNE VIC 3000","construction_year":"1926","number_of_floors_above_ground":4,"predominant_space_use":"Commercial Accommodation","accessibility_rating":"1","bicycle_spaces":0}},{"type":"Feature","geometry":{"type":"Point","coordinates":[144.953624,-37.81616]},"properties":{"property_id":"566660","building_name":"Stadium Apartments","street_address":"Stadium Apartments 635-639 Little Bourke Street MELBOURNE VIC 3000","construction_year":"1925","number_of_floors_above_ground":11,"predominant_space_use":"Residential Apartment","accessibility_rating":"3","bicycle_spaces":0}},{"type":"Feature","geometry":{"type":"Point","coordinates":[144.955717,-37.815716]},"properties":{"property_id":"105389","street_address":"184 King Street MELBOURNE VIC 3000","construction_year":"1925","number_of_floors_above_ground":2,"predominant_space_use":"Retail - Shop","accessibility_rating":"3","bicycle_spaces":0}},{"type":"Feature","geometry":{"type":"Point","coordinates":[144.957392,-37.815319]},"properties":{"property_id":"111282","street_address":"515 Little Bourke Street MELBOURNE VIC 3000","construction_year":"2009","number_of_floors_above_ground":3,"predominant_space_use":"Entertainment/Recreation - Indoor","accessibility_rating":"3","bicycle_spaces":0}},{"type":"Feature","geometry":{"type":"Point","coordinates":[144.959197,-37.814998]},"properties":{"property_id":"101177","building_name":"Formely Known As Flotta Lauro Building","street_address":"486-492 Bourke Street MELBOURNE VIC 3000","construction_year":"1970","number_of_floors_above_ground":13,"predominant_space_use":"Office","accessibility_rating":"3","bicycle_spaces":0}},{"type":"Feature","geometry":{"type":"Point","coordinates":[144.9596,-37.814862]},"properties":{"property_id":"101180","building_name":"Equity Chambers","street_address":"Equity Chambers 472-478 Bourke Street MELBOURNE VIC 3000","construction_year":"1931","number_of_floors_above_ground":19,"predominant_space_use":"Commercial Accommodation","accessibility_rating":"0","bicycle_spaces":10}},{"type":"Feature","geometry":{"type":"Point","coordinates":[144.959704,-37.814692]},"properties":{"property_id":"101181","building_name":"Law Institute of Victoria","street_address":"468-470 Bourke Street MELBOURNE VIC 3000","construction_year":"1959","number_of_floors_above_ground":9,"predominant_space_use":"Unoccupied - Unused","accessibility_rating":"2","bicycle_spaces":0}},{"type":"Feature","geometry":{"type":"Point","coordinates":[144.959968,-37.814829]},"properties":{"property_id":"101182","building_name":"460 Bourke Street","street_address":"458-466 Bourke Street MELBOURNE VIC 3000","construction_year":"1965","number_of_floors_above_ground":14,"predominant_space_use":"Office","accessibility_rating":"3","bicycle_spaces":0}},{"type":"Feature","geometry":{"type":"Point","coordinates":[144.959416,-37.814463]},"properties":{"property_id":"105854","street_address":"451-457 Little Bourke Street MELBOURNE VIC 3000","number_of_floors_above_ground":12,"predominant_space_use":"Unoccupied - Unused","accessibility_rating":"2","bicycle_spaces":0}},{"type":"Feature","geometry":{"type":"Point","coordinates":[144.960224,-37.81468]},"properties":{"property_id":"108072","building_name":"167 - 169  Queen Street","street_address":"163-173 Queen Street MELBOURNE VIC 3000","construction_year":"1974","number_of_floors_above_ground":13,"predominant_space_use":"Office","accessibility_rating":"3","bicycle_spaces":0}},{"type":"Feature","geometry":{"type":"Point","coordinates":[144.959969,-37.814286]},"properties":{"property_id":"108074","building_name":"Adina","street_address":"185-199 Queen Street MELBOURNE VIC 3000","construction_year":"1980","number_of_floors_above_ground":22,"predominant_space_use":"Commercial Accommodation","accessibility_rating":"3","bicycle_spaces":0}},{"type":"Feature","geometry":{"type":"Point","coordinates":[144.961444,-37.814516]},"properties":{"property_id":"101185","street_address":"414-416 Bourke Street MELBOURNE VIC 3000","construction_year":"1928","number_of_floors_above_ground":8,"predominant_space_use":"Residential Apartment","accessibility_rating":"1","bicycle_spaces":0}},{"type":"Feature","geometry":{"type":"Point","coordinates":[144.961492,-37.814436]},"properties":{"property_id":"101186","street_address":"408-412 Bourke Street MELBOURNE VIC 3000","construction_year":"1945","number_of_floors_above_ground":3,"predominant_space_use":"Retail - Shop","accessibility_rating":"1","bicycle_spaces":0}},{"type":"Feature","geometry":{"type":"Point","coordinates":[144.9624,-37.814182]},"properties":{"property_id":"101191","street_address":"376-378 Bourke Street MELBOURNE VIC 3000","construction_year":"1961","number_of_floors_above_ground":5,"predominant_space_use":"Educational/Research","accessibility_rating":"1","bicycle_spaces":0}},{"type":"Feature","geometry":{"type":"Point","coordinates":[144.962639,-37.814114]},"properties":{"property_id":"101192","building_name":"The Pavilion","street_address":"360-374 Bourke Street MELBOURNE VIC 3000","construction_year":"1995","number_of_floors_above_ground":3,"predominant_space_use":"Retail - Shop","accessibility_rating":"0","bicycle_spaces":0}},{"type":"Feature","geometry":{"type":"Point","coordinates":[144.962605,-37.813663]},"properties":{"property_id":"103183","street_address":"201-207 Elizabeth Street MELBOURNE VIC 3000","construction_year":"1901","number_of_floors_above_ground":3,"predominant_space_use":"Residential Apartment","accessibility_rating":"2","bicycle_spaces":0}},{"type":"Feature","geometry":{"type":"Point","coordinates":[144.962548,-37.81354]},"properties":{"property_id":"103184","street_address":"209-213 Elizabeth Street MELBOURNE VIC 3000","construction_year":"1923","number_of_floors_above_ground":3,"predominant_space_use":"Entertainment/Recreation - Indoor","accessibility_rating":"1","bicycle_spaces":0}},{"type":"Feature","geometry":{"type":"Point","coordinates":[144.962511,-37.813461]},"properties":{"property_id":"103185","street_address":"215 Elizabeth Street MELBOURNE VIC 3000","construction_year":"1901","number_of_floors_above_ground":3,"predominant_space_use":"Retail - Shop","accessibility_rating":"2","bicycle_spaces":0}},{"type":"Feature","geometry":{"type":"Point","coordinates":[144.962487,-37.81341]},"properties":{"property_id":"103186","street_address":"217 Elizabeth Street MELBOURNE VIC 3000","construction_year":"1901","number_of_floors_above_ground":3,"predominant_space_use":"Office","accessibility_rating":"2","bicycle_spaces":0}},{"type":"Feature","geometry":{"type":"Point","coordinates":[144.961405,-37.814291]},"properties":{"property_id":"104651","street_address":"13-15 Hardware Lane MELBOURNE VIC 3000","construction_year":"1920","number_of_floors_above_ground":3,"predominant_space_use":"Retail - Shop","accessibility_rating":"1","bicycle_spaces":0}},{"type":"Feature","geometry":{"type":"Point","coordinates":[144.961314,-37.814092]},"properties":{"property_id":"104653","street_address":"21-25 Hardware Lane MELBOURNE VIC 3000","construction_year":"1920","number_of_floors_above_ground":3,"predominant_space_use":"Entertainment/Recreation - Indoor","accessibility_rating":"2","bicycle_spaces":3}},{"type":"Feature","geometry":{"type":"Point","coordinates":[144.961266,-37.813988]},"properties":{"property_id":"104654","building_name":"Henry George League","street_address":"27-31 Hardware Lane MELBOURNE VIC 3000","construction_year":"1920","number_of_floors_above_ground":3,"predominant_space_use":"Entertainment/Recreation - Indoor","accessibility_rating":"1","bicycle_spaces":0}},{"type":"Feature","geometry":{"type":"Point","coordinates":[144.961992,-37.813744]},"properties":{"property_id":"110727","street_address":"365-367 Little Bourke Street MELBOURNE VIC 3000","construction_year":"1887","number_of_floors_above_ground":3,"predominant_space_use":"Residential Apartment","accessibility_rating":"1","bicycle_spaces":0}},{"type":"Feature","geometry":{"type":"Point","coordinates":[144.961992,-37.813744]},"properties":{"property_id":"110728","street_address":"2-6 Rankins Lane MELBOURNE VIC 3000","construction_year":"1887","number_of_floors_above_ground":3,"predominant_space_use":"Retail - Shop","accessibility_rating":"1","bicycle_spaces":0}},{"type":"Feature","geometry":{"type":"Point","coordinates":[144.961782,-37.813672]},"properties":{"property_id":"105846","street_address":"369-371 Little Bourke Street MELBOURNE VIC 3000","construction_year":"1920","number_of_floors_above_ground":2,"predominant_space_use":"Unoccupied - Unused","accessibility_rating":"2","bicycle_spaces":0}},{"type":"Feature","geometry":{"type":"Point","coordinates":[144.961727,-37.813762]},"properties":{"property_id":"105847","building_name":"Drayton House","street_address":"373-375 Little Bourke Street MELBOURNE VIC 3000","construction_year":"1939","number_of_floors_above_ground":4,"predominant_space_use":"Office","accessibility_rating":"2","bicycle_spaces":0}},{"type":"Feature","geometry":{"type":"Point","coordinates":[144.961598,-37.813795]},"properties":{"property_id":"105848","building_name":"ODonohues Building","street_address":"377-379 Little Bourke Street MELBOURNE VIC 3000","construction_year":"1920","number_of_floors_above_ground":3,"predominant_space_use":"Retail - Shop","accessibility_rating":"1","bicycle_spaces":0}},{"type":"Feature","geometry":{"type":"Point","coordinates":[144.96077,-37.814189]},"properties":{"property_id":"108105","building_name":"Nicholas O Donhue & Co Building","street_address":"178-182 Queen Street MELBOURNE VIC 3000","construction_year":"1960","number_of_floors_above_ground":5,"predominant_space_use":"Office","accessibility_rating":"3","bicycle_spaces":0}},{"type":"Feature","geometry":{"type":"Point","coordinates":[144.961015,-37.814531]},"properties":{"property_id":"108108","building_name":"Elder House","street_address":"158-164 Queen Street MELBOURNE VIC 3000","construction_year":"1964","number_of_floors_above_ground":16,"predominant_space_use":"Office","accessibility_rating":"3","bicycle_spaces":10}},{"type":"Feature","geometry":{"type":"Point","coordinates":[144.962126,-37.813878]},"properties":{"property_id":"108145","street_address":"8-14 Rankins Lane MELBOURNE VIC 3000","construction_year":"1920","number_of_floors_above_ground":3,"predominant_space_use":"Entertainment/Recreation - Indoor","accessibility_rating":"1","bicycle_spaces":0}},{"type":"Feature","geometry":{"type":"Point","coordinates":[144.961846,-37.813812]},"properties":{"property_id":"109954","street_address":"15-19 Warburton Lane MELBOURNE VIC 3000","construction_year":"1901","number_of_floors_above_ground":2,"predominant_space_use":"Entertainment/Recreation - Indoor","accessibility_rating":"1","bicycle_spaces":0}},{"type":"Feature","geometry":{"type":"Point","coordinates":[144.96383,-37.813445]},"properties":{"property_id":"101194","building_name":"Myer","street_address":"314-336 Bourke Street MELBOURNE VIC 3000","construction_year":"1933","number_of_floors_above_ground":9,"predominant_space_use":"Retail - Shop","accessibility_rating":"3","bicycle_spaces":0}},{"type":"Feature","geometry":{"type":"Point","coordinates":[144.964999,-37.813092]},"properties":{"property_id":"109284","building_name":"Hotel Swanston","street_address":"191-205 Swanston Street MELBOURNE VIC 3000","construction_year":"1989","number_of_floors_above_ground":16,"predominant_space_use":"Commercial Accommodation","accessibility_rating":"3","bicycle_spaces":0}},{"type":"Feature","geometry":{"type":"Point","coordinates":[144.965629,-37.812824]},"properties":{"property_id":"109403","street_address":"210 Swanston Street MELBOURNE VIC 3000","construction_year":"1904","number_of_floors_above_ground":2,"predominant_space_use":"Entertainment/Recreation - Indoor","accessibility_rating":"3","bicycle_spaces":0}},{"type":"Feature","geometry":{"type":"Point","coordinates":[144.965645,-37.812859]},"properties":{"property_id":"109404","street_address":"208 Swanston Street MELBOURNE VIC 3000","construction_year":"1904","number_of_floors_above_ground":2,"predominant_space_use":"Unoccupied - Unused","accessibility_rating":"2","bicycle_spaces":0}},{"type":"Feature","geometry":{"type":"Point","coordinates":[144.965529,-37.812608]},"properties":{"property_id":"532742","street_address":"224 Swanston Street MELBOURNE VIC 3000","construction_year":"1910","number_of_floors_above_ground":3,"predominant_space_use":"Retail - Shop","accessibility_rating":"1","bicycle_spaces":0}},{"type":"Feature","geometry":{"type":"Point","coordinates":[144.965547,-37.812647]},"properties":{"property_id":"532743","street_address":"222 Swanston Street MELBOURNE VIC 3000","construction_year":"1910","number_of_floors_above_ground":3,"predominant_space_use":"Retail - Shop","accessibility_rating":"3","bicycle_spaces":0}},{"type":"Feature","geometry":{"type":"Point","coordinates":[144.954893,-37.815224]},"properties":{"property_id":"105310","street_address":"213-215 King Street MELBOURNE VIC 3000","construction_year":"1956","number_of_floors_above_ground":3,"predominant_space_use":"Unoccupied - Unused","accessibility_rating":"1","bicycle_spaces":0}},{"type":"Feature","geometry":{"type":"Point","coordinates":[144.954249,-37.814988]},"properties":{"property_id":"105717","building_name":"The Fifth Apartments","street_address":"20-40 Rose Lane MELBOURNE VIC 3000","construction_year":"2017","number_of_floors_above_ground":52,"predominant_space_use":"Residential Apartment","accessibility_rating":"3","bicycle_spaces":114}},{"type":"Feature","geometry":{"type":"Point","coordinates":[144.953526,-37.815375]},"properties":{"property_id":"641556","building_name":"Hudson","street_address":"220 Spencer Street MELBOURNE VIC 3000","construction_year":"2014","number_of_floors_above_ground":47,"predominant_space_use":"Residential Apartment","accessibility_rating":"3","bicycle_spaces":0}},{"type":"Feature","geometry":{"type":"Point","coordinates":[144.953526,-37.815375]},"properties":{"property_id":"642252","building_name":"Madison","street_address":"639 Lonsdale Street MELBOURNE VIC 3000","construction_year":"2014","number_of_floors_above_ground":51,"predominant_space_use":"Residential Apartment","accessibility_rating":"3","bicycle_spaces":0}},{"type":"Feature","geometry":{"type":"Point","coordinates":[144.954699,-37.815338]},"properties":{"property_id":"105858","street_address":"590-592 Little Bourke Street MELBOURNE VIC 3000","construction_year":"1916","number_of_floors_above_ground":2,"predominant_space_use":"Entertainment/Recreation - Indoor","accessibility_rating":"1","bicycle_spaces":0}},{"type":"Feature","geometry":{"type":"Point","coordinates":[144.95288,-37.8153]},"properties":{"property_id":"110703","building_name":"Substation J","street_address":"Substation 651-669 Lonsdale Street MELBOURNE VIC 3000","construction_year":"1915","number_of_floors_above_ground":3,"predominant_space_use":"Equipment Installation","accessibility_rating":"0","bicycle_spaces":0}},{"type":"Feature","geometry":{"type":"Point","coordinates":[144.956214,-37.814394]},"properties":{"property_id":"105713","building_name":"Marsh Centre","street_address":"541-557 Lonsdale Street MELBOURNE VIC 3000","construction_year":"1989","number_of_floors_above_ground":14,"predominant_space_use":"Office","accessibility_rating":"3","bicycle_spaces":0}},{"type":"Feature","geometry":{"type":"Point","coordinates":[144.955754,-37.814518]},"properties":{"property_id":"105714","building_name":"County Court","street_address":"561-571 Lonsdale Street MELBOURNE VIC 3000","construction_year":"1987","number_of_floors_above_ground":10,"predominant_space_use":"Office","accessibility_rating":"3","bicycle_spaces":0}},{"type":"Feature","geometry":{"type":"Point","coordinates":[144.957041,-37.814636]},"properties":{"property_id":"110099","building_name":"The William","street_address":"189-203 William Street MELBOURNE VIC 3000","construction_year":"1966","number_of_floors_above_ground":25,"predominant_space_use":"Residential Apartment","accessibility_rating":"3","bicycle_spaces":0}},{"type":"Feature","geometry":{"type":"Point","coordinates":[144.957145,-37.814277]},"properties":{"property_id":"110100","building_name":"Owen Dixon Chambers East","street_address":"Owen Dixon Chambers East 205 William Street MELBOURNE VIC 3000","construction_year":"1961","number_of_floors_above_ground":14,"predominant_space_use":"Office","accessibility_rating":"3","bicycle_spaces":0}},{"type":"Feature","geometry":{"type":"Point","coordinates":[144.957027,-37.814038]},"properties":{"property_id":"110101","building_name":"William Cooper Justice Centre","street_address":"William Cooper Justice Centre 223-229 William Street MELBOURNE VIC 3000","construction_year":"1969","number_of_floors_above_ground":13,"predominant_space_use":"Office","accessibility_rating":"3","bicycle_spaces":0}},{"type":"Feature","geometry":{"type":"Point","coordinates":[144.959328,-37.813626]},"properties":{"property_id":"105710","building_name":"Telstra Lonsdale Exchange Building","street_address":"Telstra Lonsdale Exchange Building 447-453 Lonsdale Street MELBOURNE VIC 3000","construction_year":"1965","number_of_floors_above_ground":15,"predominant_space_use":"Equipment Installation","accessibility_rating":"0","bicycle_spaces":0}},{"type":"Feature","geometry":{"type":"Point","coordinates":[144.959067,-37.813976]},"properties":{"property_id":"105865","building_name":"Supreme Court Old High Court","street_address":"Supreme Court Extension 442-460 Little Bourke Street MELBOURNE VIC 3000","construction_year":"1926","number_of_floors_above_ground":3,"predominant_space_use":"Performances, Conferences, Ceremonies","accessibility_rating":"2","bicycle_spaces":0}},{"type":"Feature","geometry":{"type":"Point","coordinates":[144.959907,-37.813867]},"properties":{"property_id":"108076","street_address":"207-213 Queen Street MELBOURNE VIC 3000","construction_year":"1924","number_of_floors_above_ground":2,"predominant_space_use":"Entertainment/Recreation - Indoor","accessibility_rating":"1","bicycle_spaces":0}},{"type":"Feature","geometry":{"type":"Point","coordinates":[144.959754,-37.813554]},"properties":{"property_id":"108079","street_address":"221-231 Queen Street MELBOURNE VIC 3000","construction_year":"1972","number_of_floors_above_ground":12,"predominant_space_use":"Office","accessibility_rating":"3","bicycle_spaces":0}},{"type":"Feature","geometry":{"type":"Point","coordinates":[144.962218,-37.813073]},"properties":{"property_id":"103188","building_name":"Teds Camera Stores","street_address":"235-237 Elizabeth Street MELBOURNE VIC 3000","construction_year":"1945","number_of_floors_above_ground":2,"predominant_space_use":"Retail - Shop","accessibility_rating":"1","bicycle_spaces":0}},{"type":"Feature","geometry":{"type":"Point","coordinates":[144.962175,-37.812981]},"properties":{"property_id":"103189","street_address":"239-243 Elizabeth Street MELBOURNE VIC 3000","construction_year":"1901","number_of_floors_above_ground":3,"predominant_space_use":"Retail - Shop","accessibility_rating":"3","bicycle_spaces":0}},{"type":"Feature","geometry":{"type":"Point","coordinates":[144.962182,-37.812779]},"properties":{"property_id":"103192","street_address":"253 Elizabeth Street MELBOURNE VIC 3000","construction_year":"1889","number_of_floors_above_ground":3,"predominant_space_use":"Unoccupied - Unused","accessibility_rating":"1","bicycle_spaces":0}},{"type":"Feature","geometry":{"type":"Point","coordinates":[144.962165,-37.812743]},"properties":{"property_id":"103193","street_address":"255 Elizabeth Street MELBOURNE VIC 3000","construction_year":"1889","number_of_floors_above_ground":3,"predominant_space_use":"Storage","accessibility_rating":"1","bicycle_spaces":0}},{"type":"Feature","geometry":{"type":"Point","coordinates":[144.962147,-37.812706]},"properties":{"property_id":"103194","street_address":"257 Elizabeth Street MELBOURNE VIC 3000","construction_year":"1889","number_of_floors_above_ground":3,"predominant_space_use":"Unoccupied - Unused","accessibility_rating":"1","bicycle_spaces":0}},{"type":"Feature","geometry":{"type":"Point","coordinates":[144.962129,-37.812666]},"properties":{"property_id":"103195","building_name":"Melbourne Optical Centre","street_address":"259 Elizabeth Street MELBOURNE VIC 3000","construction_year":"1889","number_of_floors_above_ground":3,"predominant_space_use":"Storage","accessibility_rating":"1","bicycle_spaces":0}},{"type":"Feature","geometry":{"type":"Point","coordinates":[144.961017,-37.813487]},"properties":{"property_id":"104655","street_address":"51-53 Hardware Lane MELBOURNE VIC 3000","construction_year":"1888","number_of_floors_above_ground":3,"predominant_space_use":"Office","accessibility_rating":"1","bicycle_spaces":0}},{"type":"Feature","geometry":{"type":"Point","coordinates":[144.960908,-37.813235]},"properties":{"property_id":"104659","building_name":"Dynon Building","street_address":"67-73 Hardware Lane MELBOURNE VIC 3000","construction_year":"1889","number_of_floors_above_ground":4,"predominant_space_use":"Entertainment/Recreation - Indoor","accessibility_rating":"1","bicycle_spaces":0}},{"type":"Feature","geometry":{"type":"Point","coordinates":[144.960867,-37.813143]},"properties":{"property_id":"104660","street_address":"75-77 Hardware Lane MELBOURNE VIC 3000","construction_year":"1889","number_of_floors_above_ground":4,"predominant_space_use":"Unoccupied - Unused","accessibility_rating":"1","bicycle_spaces":0}},{"type":"Feature","geometry":{"type":"Point","coordinates":[144.961106,-37.81307]},"properties":{"property_id":"104665","street_address":"68-78 Hardware Lane MELBOURNE VIC 3000","construction_year":"1930","number_of_floors_above_ground":2,"predominant_space_use":"Entertainment/Recreation - Indoor","accessibility_rating":"1","bicycle_spaces":0}},{"type":"Feature","geometry":{"type":"Point","coordinates":[144.960355,-37.813131]},"properties":{"property_id":"105708","building_name":"Crown Terrace","street_address":"419-421 Lonsdale Street MELBOURNE VIC 3000","construction_year":"1952","number_of_floors_above_ground":6,"predominant_space_use":"Residential Apartment","accessibility_rating":"1","bicycle_spaces":0}},{"type":"Feature","geometry":{"type":"Point","coordinates":[144.9609,-37.813657]},"properties":{"property_id":"105868","street_address":"394-400 Little Bourke Street MELBOURNE VIC 3000","construction_year":"1920","number_of_floors_above_ground":3,"predominant_space_use":"Unoccupied - Unused","accessibility_rating":"1","bicycle_spaces":0}},{"type":"Feature","geometry":{"type":"Point","coordinates":[144.961074,-37.813598]},"properties":{"property_id":"105869","building_name":"Hardware House","street_address":"386-392 Little Bourke Street MELBOURNE VIC 3000","construction_year":"1926","number_of_floors_above_ground":7,"predominant_space_use":"Office","accessibility_rating":"1","bicycle_spaces":0}},{"type":"Feature","geometry":{"type":"Point","coordinates":[144.961634,-37.81334]},"properties":{"property_id":"105872","building_name":"Niagara House","street_address":"368-370 Little Bourke Street MELBOURNE VIC 3000","construction_year":"1920","number_of_floors_above_ground":5,"predominant_space_use":"Office","accessibility_rating":"1","bicycle_spaces":0}},{"type":"Feature","geometry":{"type":"Point","coordinates":[144.96175,-37.813273]},"properties":{"property_id":"105873","building_name":"Campton House","street_address":"362-364 Little Bourke Street MELBOURNE VIC 3000","construction_year":"1890","number_of_floors_above_ground":5,"predominant_space_use":"Residential Apartment","accessibility_rating":"1","bicycle_spaces":0}},{"type":"Feature","geometry":{"type":"Point","coordinates":[144.961401,-37.81325]},"properties":{"property_id":"106911","street_address":"15-17 Niagara Lane MELBOURNE VIC 3000","construction_year":"1920","number_of_floors_above_ground":4,"predominant_space_use":"Commercial Accommodation","accessibility_rating":"3","bicycle_spaces":0}},{"type":"Feature","geometry":{"type":"Point","coordinates":[144.961369,-37.813179]},"properties":{"property_id":"106912","street_address":"19-21 Niagara Lane MELBOURNE VIC 3000","construction_year":"1913","number_of_floors_above_ground":3,"predominant_space_use":"House/Townhouse","accessibility_rating":"0"}},{"type":"Feature","geometry":{"type":"Point","coordinates":[144.96047,-37.813523]},"properties":{"property_id":"108102","building_name":"200 Queen St","street_address":"200-222 Queen Street MELBOURNE VIC 3000","construction_year":"1982","number_of_floors_above_ground":36,"predominant_space_use":"Office","accessibility_rating":"3","bicycle_spaces":12}},{"type":"Feature","geometry":{"type":"Point","coordinates":[144.9608,-37.813453]},"properties":{"property_id":"515537","street_address":"8 Goldie Place MELBOURNE VIC 3000","construction_year":"1888","number_of_floors_above_ground":2,"predominant_space_use":"Unoccupied - Unused","accessibility_rating":"1","bicycle_spaces":0}},{"type":"Feature","geometry":{"type":"Point","coordinates":[144.962878,-37.812614]},"properties":{"property_id":"103312","building_name":"250E Apartments","street_address":"222-260 Elizabeth Street MELBOURNE VIC 3000","construction_year":"1976","number_of_floors_above_ground":27,"predominant_space_use":"Residential Apartment","accessibility_rating":"3","bicycle_spaces":0}},{"type":"Feature","geometry":{"type":"Point","coordinates":[144.963839,-37.812452]},"properties":{"property_id":"105698","building_name":"Emporium Melbourne","street_address":"269-321 Lonsdale Street MELBOURNE VIC 3000","construction_year":"2014","number_of_floors_above_ground":6,"predominant_space_use":"Retail - Shop","accessibility_rating":"3","bicycle_spaces":30}},{"type":"Feature","geometry":{"type":"Point","coordinates":[144.963128,-37.812924]},"properties":{"property_id":"105875","street_address":"Break Free (Heritage on Little Bourke) 318-322 Little Bourke Street MELBOURNE VIC 3000","construction_year":"1932","number_of_floors_above_ground":6,"predominant_space_use":"Unoccupied - Unused","accessibility_rating":"1","bicycle_spaces":0}},{"type":"Feature","geometry":{"type":"Point","coordinates":[144.964804,-37.812447]},"properties":{"property_id":"109290","street_address":"237 Swanston Street MELBOURNE VIC 3000","construction_year":"1910","number_of_floors_above_ground":3,"predominant_space_use":"Entertainment/Recreation - Indoor","accessibility_rating":"1","bicycle_spaces":0}},{"type":"Feature","geometry":{"type":"Point","coordinates":[144.964778,-37.812393]},"properties":{"property_id":"109291","street_address":"239-241 Swanston Street MELBOURNE VIC 3000","construction_year":"1901","number_of_floors_above_ground":3,"predominant_space_use":"Storage","accessibility_rating":"3","bicycle_spaces":0}},{"type":"Feature","geometry":{"type":"Point","coordinates":[144.964696,-37.812214]},"properties":{"property_id":"109293","street_address":"251-253 Swanston Street MELBOURNE VIC 3000","construction_year":"1945","number_of_floors_above_ground":2,"predominant_space_use":"Entertainment/Recreation - Indoor","accessibility_rating":"1","bicycle_spaces":0}},{"type":"Feature","geometry":{"type":"Point","coordinates":[144.964649,-37.812114]},"properties":{"property_id":"109295","street_address":"257-259 Swanston Street MELBOURNE VIC 3000","construction_year":"1910","number_of_floors_above_ground":2,"predominant_space_use":"Entertainment/Recreation - Indoor","accessibility_rating":"3","bicycle_spaces":0}},{"type":"Feature","geometry":{"type":"Point","coordinates":[144.966615,-37.811854]},"properties":{"property_id":"104780","street_address":"11 Heffernan Lane MELBOURNE VIC 3000","construction_year":"1892","number_of_floors_above_ground":4,"predominant_space_use":"Entertainment/Recreation - Indoor","accessibility_rating":"1","bicycle_spaces":0}},{"type":"Feature","geometry":{"type":"Point","coordinates":[144.966543,-37.8117]},"properties":{"property_id":"104781","street_address":"15-21 Heffernan Lane MELBOURNE VIC 3000","construction_year":"1880","number_of_floors_above_ground":2,"predominant_space_use":"Unoccupied - Under Renovation","accessibility_rating":"1","bicycle_spaces":0}},{"type":"Feature","geometry":{"type":"Point","coordinates":[144.966849,-37.811187]},"properties":{"property_id":"105684","street_address":"185-187 Lonsdale Street MELBOURNE VIC 3000","construction_year":"1891","number_of_floors_above_ground":3,"predominant_space_use":"Entertainment/Recreation - Indoor","accessibility_rating":"1","bicycle_spaces":0}},{"type":"Feature","geometry":{"type":"Point","coordinates":[144.966679,-37.811254]},"properties":{"property_id":"105686","street_address":"193 Lonsdale Street MELBOURNE VIC 3000","construction_year":"1871","number_of_floors_above_ground":2,"predominant_space_use":"Office","accessibility_rating":"3","bicycle_spaces":0}},{"type":"Feature","geometry":{"type":"Point","coordinates":[144.966631,-37.811268]},"properties":{"property_id":"105687","street_address":"195 Lonsdale Street MELBOURNE VIC 3000","construction_year":"1871","number_of_floors_above_ground":2,"predominant_space_use":"Entertainment/Recreation - Indoor","accessibility_rating":"2","bicycle_spaces":0}},{"type":"Feature","geometry":{"type":"Point","coordinates":[144.966577,-37.811285]},"properties":{"property_id":"105688","street_address":"197 Lonsdale Street MELBOURNE VIC 3000","construction_year":"1961","number_of_floors_above_ground":3,"predominant_space_use":"Entertainment/Recreation - Indoor","accessibility_rating":"3","bicycle_spaces":0}},{"type":"Feature","geometry":{"type":"Point","coordinates":[144.966451,-37.811291]},"properties":{"property_id":"105689","building_name":"Parthenon House","street_address":"201 Lonsdale Street MELBOURNE VIC 3000","construction_year":"1993","number_of_floors_above_ground":3,"predominant_space_use":"Storage","accessibility_rating":"2","bicycle_spaces":0}},{"type":"Feature","geometry":{"type":"Point","coordinates":[144.966353,-37.811332]},"properties":{"property_id":"105690","street_address":"203-207 Lonsdale Street MELBOURNE VIC 3000","construction_year":"1920","number_of_floors_above_ground":3,"predominant_space_use":"Educational/Research","accessibility_rating":"3","bicycle_spaces":1}},{"type":"Feature","geometry":{"type":"Point","coordinates":[144.966261,-37.811433]},"properties":{"property_id":"105691","street_address":"209-211 Lonsdale Street MELBOURNE VIC 3000","construction_year":"1925","number_of_floors_above_ground":3,"predominant_space_use":"Educational/Research","accessibility_rating":"3","bicycle_spaces":0}},{"type":"Feature","geometry":{"type":"Point","coordinates":[144.965548,-37.81158]},"properties":{"property_id":"105694","street_address":"233-237 Lonsdale Street MELBOURNE VIC 3000","construction_year":"1884","number_of_floors_above_ground":3,"predominant_space_use":"Entertainment/Recreation - Indoor","accessibility_rating":"3","bicycle_spaces":0}},{"type":"Feature","geometry":{"type":"Point","coordinates":[144.966492,-37.812007]},"properties":{"property_id":"105884","street_address":"206 Little Bourke Street MELBOURNE VIC 3000","construction_year":"1901","number_of_floors_above_ground":2,"predominant_space_use":"Unoccupied - Unused","accessibility_rating":"1","bicycle_spaces":0}},{"type":"Feature","geometry":{"type":"Point","coordinates":[144.966602,-37.811985]},"properties":{"property_id":"105886","street_address":"200-202 Little Bourke Street MELBOURNE VIC 3000","construction_year":"1861","number_of_floors_above_ground":2,"predominant_space_use":"Retail - Shop","accessibility_rating":"1","bicycle_spaces":0}},{"type":"Feature","geometry":{"type":"Point","coordinates":[144.966672,-37.811976]},"properties":{"property_id":"105887","street_address":"198 Little Bourke Street MELBOURNE VIC 3000","construction_year":"1890","number_of_floors_above_ground":2,"predominant_space_use":"Unoccupied - Under Renovation","accessibility_rating":"1","bicycle_spaces":0}},{"type":"Feature","geometry":{"type":"Point","coordinates":[144.966737,-37.811957]},"properties":{"property_id":"105888","building_name":"Chinese Mission Church","street_address":"Chinese Mission Church 196 Little Bourke Street MELBOURNE VIC 3000","construction_year":"1872","number_of_floors_above_ground":2,"predominant_space_use":"Performances, Conferences, Ceremonies","accessibility_rating":"1","bicycle_spaces":0}},{"type":"Feature","geometry":{"type":"Point","coordinates":[144.965105,-37.811694]},"properties":{"property_id":"109389","street_address":"247-255 Lonsdale Street MELBOURNE VIC 3000","construction_year":"1967","number_of_floors_above_ground":3,"predominant_space_use":"Unoccupied - Unused","accessibility_rating":"1","bicycle_spaces":0}},{"type":"Feature","geometry":{"type":"Point","coordinates":[144.96525,-37.811996]},"properties":{"property_id":"109392","building_name":"Curtin House","street_address":"Curtin House 248-258 Swanston Street MELBOURNE VIC 3000","construction_year":"1922","number_of_floors_above_ground":7,"predominant_space_use":"Entertainment/Recreation - Indoor","accessibility_rating":"2","bicycle_spaces":0}},{"type":"Feature","geometry":{"type":"Point","coordinates":[144.965873,-37.812221]},"properties":{"property_id":"520597","street_address":"234 Little Bourke Street MELBOURNE VIC 3000","construction_year":"1895","number_of_floors_above_ground":2,"predominant_space_use":"Entertainment/Recreation - Indoor","accessibility_rating":"1","bicycle_spaces":0}},{"type":"Feature","geometry":{"type":"Point","coordinates":[144.967115,-37.811295]},"properties":{"property_id":"659716","street_address":"229 Russell Street MELBOURNE VIC 3000","construction_year":"2014","number_of_floors_above_ground":1,"predominant_space_use":"Unoccupied - Unused","accessibility_rating":"3","bicycle_spaces":0}},{"type":"Feature","geometry":{"type":"Point","coordinates":[144.954298,-37.81392]},"properties":{"property_id":"105315","street_address":"267-271 King Street MELBOURNE VIC 3000","construction_year":"1953","number_of_floors_above_ground":2,"predominant_space_use":"Retail - Shop","accessibility_rating":"1","bicycle_spaces":0}},{"type":"Feature","geometry":{"type":"Point","coordinates":[144.954262,-37.813811]},"properties":{"property_id":"105317","street_address":"275 King Street MELBOURNE VIC 3000","construction_year":"1873","number_of_floors_above_ground":2,"predominant_space_use":"Entertainment/Recreation - Indoor","accessibility_rating":"1","bicycle_spaces":0}},{"type":"Feature","geometry":{"type":"Point","coordinates":[144.953922,-37.81421]},"properties":{"property_id":"105719","building_name":"Melbourne One","street_address":"Melbourne One Apartments 612-620 Lonsdale Street MELBOURNE VIC 3000","construction_year":"2015","number_of_floors_above_ground":49,"predominant_space_use":"Residential Apartment","accessibility_rating":"0","bicycle_spaces":0}},{"type":"Feature","geometry":{"type":"Point","coordinates":[144.952669,-37.814446]},"properties":{"property_id":"711416","building_name":"Tower 2 (West)","street_address":"635-663 Little Lonsdale Street MELBOURNE VIC 3000","construction_year":"2021","number_of_floors_above_ground":63,"predominant_space_use":"Residential Apartment","accessibility_rating":"3","bicycle_spaces":0}},{"type":"Feature","geometry":{"type":"Point","coordinates":[144.953361,-37.814275]},"properties":{"property_id":"694372","building_name":"Tower 3 and Tower 4","street_address":"624-648 Lonsdale Street MELBOURNE VIC 3000","number_of_floors_above_ground":1,"predominant_space_use":"Unoccupied - Under Construction","accessibility_rating":"0","bicycle_spaces":0}},{"type":"Feature","geometry":{"type":"Point","coordinates":[144.954822,-37.813498]},"properties":{"property_id":"105375","street_address":"276-282 King Street MELBOURNE VIC 3000","construction_year":"1986","number_of_floors_above_ground":2,"predominant_space_use":"Educational/Research","accessibility_rating":"3","bicycle_spaces":6}},{"type":"Feature","geometry":{"type":"Point","coordinates":[144.954929,-37.813724]},"properties":{"property_id":"105376","building_name":"W.H.Holmes House","street_address":"262-274 King Street MELBOURNE VIC 3000","construction_year":"1974","number_of_floors_above_ground":18,"predominant_space_use":"Residential Apartment","accessibility_rating":"3","bicycle_spaces":0}},{"type":"Feature","geometry":{"type":"Point","coordinates":[144.95496,-37.81397]},"properties":{"property_id":"105377","street_address":"256-260 King Street MELBOURNE VIC 3000","construction_year":"1929","number_of_floors_above_ground":2,"predominant_space_use":"Unoccupied - Unused","accessibility_rating":"1","bicycle_spaces":0}},{"type":"Feature","geometry":{"type":"Point","coordinates":[144.955597,-37.813697]},"properties":{"property_id":"105723","street_address":"560-566 Lonsdale Street MELBOURNE VIC 3000","number_of_floors_above_ground":59,"predominant_space_use":"Residential Apartment","accessibility_rating":"0","bicycle_spaces":272}},{"type":"Feature","geometry":{"type":"Point","coordinates":[144.955255,-37.813589]},"properties":{"property_id":"106429","street_address":"10-22 Manton Lane MELBOURNE VIC 3000","construction_year":"1910","number_of_floors_above_ground":3,"predominant_space_use":"Parking - Private Covered","accessibility_rating":"1","bicycle_spaces":0}},{"type":"Feature","geometry":{"type":"Point","coordinates":[144.956698,-37.813179]},"properties":{"property_id":"110103","street_address":"247-257 William Street MELBOURNE VIC 3000","construction_year":"1985","number_of_floors_above_ground":7,"predominant_space_use":"Unoccupied - Unused","accessibility_rating":"3","bicycle_spaces":0}},{"type":"Feature","geometry":{"type":"Point","coordinates":[144.956584,-37.812924]},"properties":{"property_id":"110106","building_name":"Metropolitan On William Hotel","street_address":"Metropolitan Hotel 263-267 William Street MELBOURNE VIC 3000","construction_year":"1856","number_of_floors_above_ground":2,"predominant_space_use":"Unoccupied - Under Demolition/Condemned","accessibility_rating":"3","bicycle_spaces":0}},{"type":"Feature","geometry":{"type":"Point","coordinates":[144.958614,-37.812981]},"properties":{"property_id":"105732","building_name":"Clarence Chambers","street_address":"Clarence Chambers 452-456 Lonsdale Street MELBOURNE VIC 3000","construction_year":"1975","number_of_floors_above_ground":13,"predominant_space_use":"Office","accessibility_rating":"3","bicycle_spaces":0}},{"type":"Feature","geometry":{"type":"Point","coordinates":[144.961792,-37.811964]},"properties":{"property_id":"103199","street_address":"283-285 Elizabeth Street MELBOURNE VIC 3000","construction_year":"1860","number_of_floors_above_ground":2,"predominant_space_use":"Retail - Shop","accessibility_rating":"3","bicycle_spaces":0}},{"type":"Feature","geometry":{"type":"Point","coordinates":[144.961645,-37.811652]},"properties":{"property_id":"103203","street_address":"299 Elizabeth Street MELBOURNE VIC 3000","construction_year":"1860","number_of_floors_above_ground":3,"predominant_space_use":"Residential Apartment","accessibility_rating":"2","bicycle_spaces":0}},{"type":"Feature","geometry":{"type":"Point","coordinates":[144.960226,-37.812613]},"properties":{"property_id":"105736","building_name":"P R D House","street_address":"410-412 Lonsdale Street MELBOURNE VIC 3000","construction_year":"1924","number_of_floors_above_ground":5,"predominant_space_use":"Office","accessibility_rating":"1","bicycle_spaces":0}},{"type":"Feature","geometry":{"type":"Point","coordinates":[144.960531,-37.812408]},"properties":{"property_id":"105738","street_address":"394-400 Lonsdale Street MELBOURNE VIC 3000","construction_year":"1994","number_of_floors_above_ground":13,"predominant_space_use":"Unoccupied - Unused","accessibility_rating":"3","bicycle_spaces":0}},{"type":"Feature","geometry":{"type":"Point","coordinates":[144.960795,-37.812368]},"properties":{"property_id":"105739","building_name":"MIT House","street_address":"386-392 Lonsdale Street MELBOURNE VIC 3000","construction_year":"1959","number_of_floors_above_ground":20,"predominant_space_use":"Commercial Accommodation","accessibility_rating":"3","bicycle_spaces":32}},{"type":"Feature","geometry":{"type":"Point","coordinates":[144.961134,-37.812009]},"properties":{"property_id":"712829","street_address":"367-375 Little Lonsdale Street MELBOURNE VIC 3000","construction_year":"2021","number_of_floors_above_ground":69,"predominant_space_use":"Residential Apartment","accessibility_rating":"3","bicycle_spaces":839}},{"type":"Feature","geometry":{"type":"Point","coordinates":[144.961134,-37.812009]},"properties":{"property_id":"712830","street_address":"18-30 Timothy Lane MELBOURNE VIC 3000","construction_year":"2021","number_of_floors_above_ground":52,"predominant_space_use":"Residential Apartment","accessibility_rating":"3","bicycle_spaces":0}},{"type":"Feature","geometry":{"type":"Point","coordinates":[144.960541,-37.811815]},"properties":{"property_id":"106016","building_name":"The Collonade","street_address":"385-389 Little Lonsdale Street MELBOURNE VIC 3000","construction_year":"1989","number_of_floors_above_ground":4,"predominant_space_use":"Unoccupied - Unused","accessibility_rating":"1","bicycle_spaces":0}},{"type":"Feature","geometry":{"type":"Point","coordinates":[144.96025,-37.811901]},"properties":{"property_id":"106018","street_address":"395-397 Little Lonsdale Street MELBOURNE VIC 3000","construction_year":"1920","number_of_floors_above_ground":4,"predominant_space_use":"Unoccupied - Unused","accessibility_rating":"1","bicycle_spaces":0}},{"type":"Feature","geometry":{"type":"Point","coordinates":[144.959806,-37.812083]},"properties":{"property_id":"108094","street_address":"272-282 Queen Street MELBOURNE VIC 3000","construction_year":"1945","number_of_floors_above_ground":4,"predominant_space_use":"Unoccupied - Under Renovation","accessibility_rating":"3","bicycle_spaces":0}},{"type":"Feature","geometry":{"type":"Point","coordinates":[144.965703,-37.810658]},"properties":{"property_id":"587664","building_name":"Sensis Building","street_address":"Sensis Building 222 Lonsdale Street MELBOURNE VIC 3000","construction_year":"2004","number_of_floors_above_ground":6,"predominant_space_use":"Office","accessibility_rating":"3","bicycle_spaces":0}},{"type":"Feature","geometry":{"type":"Point","coordinates":[144.965703,-37.810658]},"properties":{"property_id":"587736","building_name":"QV1 Apartments","street_address":"QV1 Apartments 22-24 Jane Bell Lane MELBOURNE VIC 3000","construction_year":"2004","number_of_floors_above_ground":36,"predominant_space_use":"Residential Apartment","accessibility_rating":"3","bicycle_spaces":0}},{"type":"Feature","geometry":{"type":"Point","coordinates":[144.965703,-37.810658]},"properties":{"property_id":"589841","building_name":"QV Retail & Parking","street_address":"QV Retail & Parking 221 Little Lonsdale Street MELBOURNE VIC 3000","construction_year":"2003","number_of_floors_above_ground":4,"predominant_space_use":"Parking - Commercial Covered","accessibility_rating":"0","bicycle_spaces":250}},{"type":"Feature","geometry":{"type":"Point","coordinates":[144.96712,-37.810032]},"properties":{"property_id":"108571","street_address":"274 Russell Street MELBOURNE VIC 3000","construction_year":"1945","number_of_floors_above_ground":2,"predominant_space_use":"Unoccupied - Under Demolition/Condemned","accessibility_rating":"3","bicycle_spaces":0}},{"type":"Feature","geometry":{"type":"Point","coordinates":[144.967199,-37.810201]},"properties":{"property_id":"108575","street_address":"264-266 Russell Street MELBOURNE VIC 3000","construction_year":"1893","number_of_floors_above_ground":2,"predominant_space_use":"Entertainment/Recreation - Indoor","accessibility_rating":"2","bicycle_spaces":0}},{"type":"Feature","geometry":{"type":"Point","coordinates":[144.967276,-37.810367]},"properties":{"property_id":"108578","street_address":"252-254 Russell Street MELBOURNE VIC 3000","construction_year":"1910","number_of_floors_above_ground":1,"predominant_space_use":"Retail - Shop","accessibility_rating":"3","bicycle_spaces":0}},{"type":"Feature","geometry":{"type":"Point","coordinates":[144.953928,-37.813357]},"properties":{"property_id":"105319","street_address":"295-309 King Street MELBOURNE VIC 3000","number_of_floors_above_ground":66,"predominant_space_use":"Unoccupied - Under Construction","accessibility_rating":"3","bicycle_spaces":111}},{"type":"Feature","geometry":{"type":"Point","coordinates":[144.952896,-37.813273]},"properties":{"property_id":"561696","building_name":"Building C","street_address":"Building C, 555 La Trobe Street MELBOURNE VIC 3000","construction_year":"1940","number_of_floors_above_ground":4,"predominant_space_use":"Educational/Research","accessibility_rating":"3","bicycle_spaces":0}},{"type":"Feature","geometry":{"type":"Point","coordinates":[144.952896,-37.813273]},"properties":{"property_id":"561698","building_name":"Building E","street_address":"Building E, C L Cunneen Wing 550 Little Lonsdale Street MELBOURNE VIC 3000","number_of_floors_above_ground":3,"predominant_space_use":"Educational/Research","accessibility_rating":"3","bicycle_spaces":0}},{"type":"Feature","geometry":{"type":"Point","coordinates":[144.953572,-37.813475]},"properties":{"property_id":"576706","street_address":"5 Nicholson Place MELBOURNE VIC 3000","construction_year":"2002","number_of_floors_above_ground":2,"predominant_space_use":"House/Townhouse","accessibility_rating":"0"}},{"type":"Feature","geometry":{"type":"Point","coordinates":[144.953549,-37.813426]},"properties":{"property_id":"576707","street_address":"7 Nicholson Place MELBOURNE VIC 3000","construction_year":"2002","number_of_floors_above_ground":2,"predominant_space_use":"House/Townhouse","accessibility_rating":"0"}},{"type":"Feature","geometry":{"type":"Point","coordinates":[144.953481,-37.813279]},"properties":{"property_id":"576710","street_address":"13 Nicholson Place MELBOURNE VIC 3000","construction_year":"2002","number_of_floors_above_ground":2,"predominant_space_use":"House/Townhouse","accessibility_rating":"0"}},{"type":"Feature","geometry":{"type":"Point","coordinates":[144.953459,-37.813233]},"properties":{"property_id":"576711","street_address":"15 Nicholson Place MELBOURNE VIC 3000","construction_year":"2002","number_of_floors_above_ground":2,"predominant_space_use":"House/Townhouse","accessibility_rating":"0"}},{"type":"Feature","geometry":{"type":"Point","coordinates":[144.954274,-37.812615]},"properties":{"property_id":"105370","street_address":"324-326 King Street MELBOURNE VIC 3000","construction_year":"1924","number_of_floors_above_ground":2,"predominant_space_use":"Entertainment/Recreation - Indoor","accessibility_rating":"1","bicycle_spaces":0}},{"type":"Feature","geometry":{"type":"Point","coordinates":[144.954314,-37.812701]},"properties":{"property_id":"105371","street_address":"318-322 King Street MELBOURNE VIC 3000","construction_year":"1910","number_of_floors_above_ground":2,"predominant_space_use":"Unoccupied - Unused","accessibility_rating":"1","bicycle_spaces":0}},{"type":"Feature","geometry":{"type":"Point","coordinates":[144.954499,-37.812809]},"properties":{"property_id":"105372","building_name":"Concorde Hotel","street_address":"310-316 King Street MELBOURNE VIC 3000","construction_year":"1990","number_of_floors_above_ground":11,"predominant_space_use":"Educational/Research","accessibility_rating":"2","bicycle_spaces":0}},{"type":"Feature","geometry":{"type":"Point","coordinates":[144.954524,-37.812978]},"properties":{"property_id":"105373","street_address":"302-308 King Street MELBOURNE VIC 3000","construction_year":"1910","number_of_floors_above_ground":2,"predominant_space_use":"Office","accessibility_rating":"2","bicycle_spaces":0}},{"type":"Feature","geometry":{"type":"Point","coordinates":[144.954951,-37.812752]},"properties":{"property_id":"105460","street_address":"479-495 La Trobe Street MELBOURNE VIC 3000","construction_year":"1988","number_of_floors_above_ground":23,"predominant_space_use":"Office","accessibility_rating":"2","bicycle_spaces":110}},{"type":"Feature","geometry":{"type":"Point","coordinates":[144.954477,-37.812569]},"properties":{"property_id":"105461","building_name":"Parkview","street_address":"497-503 La Trobe Street MELBOURNE VIC 3000","construction_year":"1990","number_of_floors_above_ground":10,"predominant_space_use":"Office","accessibility_rating":"2","bicycle_spaces":0}},{"type":"Feature","geometry":{"type":"Point","coordinates":[144.955573,-37.812904]},"properties":{"property_id":"106031","street_address":"466-468 Little Lonsdale Street MELBOURNE VIC 3000","construction_year":"2004","number_of_floors_above_ground":7,"predominant_space_use":"Office","accessibility_rating":"3","bicycle_spaces":0}},{"type":"Feature","geometry":{"type":"Point","coordinates":[144.955504,-37.81299]},"properties":{"property_id":"106033","street_address":"470-472 Little Lonsdale Street MELBOURNE VIC 3000","construction_year":"1873","number_of_floors_above_ground":2,"predominant_space_use":"Entertainment/Recreation - Indoor","accessibility_rating":"1","bicycle_spaces":0}},{"type":"Feature","geometry":{"type":"Point","coordinates":[144.9554,-37.812852]},"properties":{"property_id":"107422","building_name":"MCC Substation","street_address":"Substation 10-14 Park Street MELBOURNE VIC 3000","construction_year":"1950","number_of_floors_above_ground":1,"predominant_space_use":"Equipment Installation","accessibility_rating":"0","bicycle_spaces":0}},{"type":"Feature","geometry":{"type":"Point","coordinates":[144.956362,-37.812521]},"properties":{"property_id":"110108","building_name":"AGC House","street_address":"277-287 William Street MELBOURNE VIC 3000","construction_year":"1962","number_of_floors_above_ground":13,"predominant_space_use":"Office","accessibility_rating":"3","bicycle_spaces":0}},{"type":"Feature","geometry":{"type":"Point","coordinates":[144.956354,-37.812263]},"properties":{"property_id":"110109","building_name":"Flagstaff Station","street_address":"Flagstaff Railway Station 289-293 William Street MELBOURNE VIC 3000","construction_year":"1985","number_of_floors_above_ground":1,"predominant_space_use":"Transport","accessibility_rating":"0","bicycle_spaces":0}},{"type":"Feature","geometry":{"type":"Point","coordinates":[144.95843,-37.812004]},"properties":{"property_id":"106036","building_name":"Victorian University City Tower","street_address":"364-378 Little Lonsdale Street MELBOURNE VIC 3000","construction_year":"2022","number_of_floors_above_ground":29,"predominant_space_use":"Educational/Research","accessibility_rating":"3","bicycle_spaces":247}},{"type":"Feature","geometry":{"type":"Point","coordinates":[144.958843,-37.811853]},"properties":{"property_id":"108081","street_address":"287-297 Queen Street MELBOURNE VIC 3000","construction_year":"1900","number_of_floors_above_ground":4,"predominant_space_use":"Educational/Research","accessibility_rating":"3","bicycle_spaces":6}},{"type":"Feature","geometry":{"type":"Point","coordinates":[144.957361,-37.81209]},"properties":{"property_id":"110756","building_name":"Royal Mint","street_address":"Former Royal Mint Building 280 William Street MELBOURNE VIC 3000","construction_year":"1872","number_of_floors_above_ground":3,"predominant_space_use":"Public Display Area","accessibility_rating":"3","bicycle_spaces":0}},{"type":"Feature","geometry":{"type":"Point","coordinates":[144.961394,-37.811072]},"properties":{"property_id":"103209","street_address":"325-327 Elizabeth Street MELBOURNE VIC 3000","construction_year":"1878","number_of_floors_above_ground":2,"predominant_space_use":"Retail - Shop","accessibility_rating":"3","bicycle_spaces":0}},{"type":"Feature","geometry":{"type":"Point","coordinates":[144.961208,-37.810674]},"properties":{"property_id":"103214","street_address":"349 Elizabeth Street MELBOURNE VIC 3000","construction_year":"1920","number_of_floors_above_ground":2,"predominant_space_use":"Retail - Shop","accessibility_rating":"1","bicycle_spaces":0}},{"type":"Feature","geometry":{"type":"Point","coordinates":[144.960291,-37.811335]},"properties":{"property_id":"104555","street_address":"15-21 Guildford Lane MELBOURNE VIC 3000","construction_year":"1915","number_of_floors_above_ground":3,"predominant_space_use":"Residential Apartment","accessibility_rating":"1","bicycle_spaces":0}},{"type":"Feature","geometry":{"type":"Point","coordinates":[144.960087,-37.81135]},"properties":{"property_id":"104557","street_address":"27 Guildford Lane MELBOURNE VIC 3000","construction_year":"1910","number_of_floors_above_ground":3,"predominant_space_use":"House/Townhouse","accessibility_rating":"0"}},{"type":"Feature","geometry":{"type":"Point","coordinates":[144.959861,-37.811461]},"properties":{"property_id":"104560","building_name":"Regency House","street_address":"33-35 Guildford Lane MELBOURNE VIC 3000","construction_year":"1924","number_of_floors_above_ground":3,"predominant_space_use":"Office","accessibility_rating":"1","bicycle_spaces":0}},{"type":"Feature","geometry":{"type":"Point","coordinates":[144.960127,-37.811157]},"properties":{"property_id":"104563","street_address":"20-24 Guildford Lane MELBOURNE VIC 3000","construction_year":"1915","number_of_floors_above_ground":4,"predominant_space_use":"Entertainment/Recreation - Indoor","accessibility_rating":"3","bicycle_spaces":15}},{"type":"Feature","geometry":{"type":"Point","coordinates":[144.960509,-37.810814]},"properties":{"property_id":"105449","building_name":"The Duke of Kent Hotel","street_address":"293-299 La Trobe Street MELBOURNE VIC 3000","number_of_floors_above_ground":39,"predominant_space_use":"Unoccupied - Under Construction","accessibility_rating":"0","bicycle_spaces":0}},{"type":"Feature","geometry":{"type":"Point","coordinates":[144.959961,-37.810976]},"properties":{"property_id":"105452","street_address":"315-321 La Trobe Street MELBOURNE VIC 3000","construction_year":"2016","number_of_floors_above_ground":35,"predominant_space_use":"Residential Apartment","accessibility_rating":"3","bicycle_spaces":44}},{"type":"Feature","geometry":{"type":"Point","coordinates":[144.960506,-37.811517]},"properties":{"property_id":"106042","street_address":"302-304 Little Lonsdale Street MELBOURNE VIC 3000","construction_year":"1922","number_of_floors_above_ground":3,"predominant_space_use":"Residential Apartment","accessibility_rating":"1","bicycle_spaces":0}},{"type":"Feature","geometry":{"type":"Point","coordinates":[144.960948,-37.811316]},"properties":{"property_id":"650593","building_name":"Melbourne Star Apartments","street_address":"Melbourne Star Apartments 8 Sutherland Street MELBOURNE VIC 3000","construction_year":"2013","number_of_floors_above_ground":41,"predominant_space_use":"Residential Apartment","accessibility_rating":"3","bicycle_spaces":164}},{"type":"Feature","geometry":{"type":"Point","coordinates":[144.961183,-37.811195]},"properties":{"property_id":"106045","street_address":"274-278 Little Lonsdale Street MELBOURNE VIC 3000","construction_year":"1935","number_of_floors_above_ground":4,"predominant_space_use":"Office","accessibility_rating":"1","bicycle_spaces":0}},{"type":"Feature","geometry":{"type":"Point","coordinates":[144.960196,-37.811406]},"properties":{"property_id":"106376","street_address":"24-26 McLean Alley MELBOURNE VIC 3000","construction_year":"1910","number_of_floors_above_ground":3,"predominant_space_use":"House/Townhouse","accessibility_rating":"0"}},{"type":"Feature","geometry":{"type":"Point","coordinates":[144.959585,-37.811614]},"properties":{"property_id":"108092","street_address":"296-308 Queen Street MELBOURNE VIC 3000","construction_year":"1848","number_of_floors_above_ground":3,"predominant_space_use":"Office","accessibility_rating":"3","bicycle_spaces":0}},{"type":"Feature","geometry":{"type":"Point","coordinates":[144.95979,-37.811752]},"properties":{"property_id":"108093","street_address":"324-344 Little Lonsdale Street MELBOURNE VIC 3000","number_of_floors_above_ground":1,"predominant_space_use":"Unoccupied - Unused","accessibility_rating":"0","bicycle_spaces":0}},{"type":"Feature","geometry":{"type":"Point","coordinates":[144.960737,-37.811204]},"properties":{"property_id":"109254","street_address":"15-21 Sutherland Street MELBOURNE VIC 3000","construction_year":"1901","number_of_floors_above_ground":1,"predominant_space_use":"Entertainment/Recreation - Indoor","accessibility_rating":"2","bicycle_spaces":0}},{"type":"Feature","geometry":{"type":"Point","coordinates":[144.96028,-37.811582]},"properties":{"property_id":"110968","building_name":"Elm Tower Apartments","street_address":"Elm Towers Apartments 306-320 Little Lonsdale Street MELBOURNE VIC 3000","construction_year":"2001","number_of_floors_above_ground":20,"predominant_space_use":"Residential Apartment","accessibility_rating":"1","bicycle_spaces":0}},{"type":"Feature","geometry":{"type":"Point","coordinates":[144.960373,-37.811129]},"properties":{"property_id":"110991","building_name":"MCC SUBSTATION","street_address":"12-14 Guildford Lane MELBOURNE VIC 3000","construction_year":"1920","number_of_floors_above_ground":1,"predominant_space_use":"Equipment Installation","accessibility_rating":"0","bicycle_spaces":0}},{"type":"Feature","geometry":{"type":"Point","coordinates":[144.959774,-37.811262]},"properties":{"property_id":"516121","street_address":"32-34 Guildford Lane MELBOURNE VIC 3000","construction_year":"1909","number_of_floors_above_ground":2,"predominant_space_use":"Retail - Shop","accessibility_rating":"1","bicycle_spaces":0}},{"type":"Feature","geometry":{"type":"Point","coordinates":[144.962604,-37.811578]},"properties":{"property_id":"103310","building_name":"St Francis Church","street_address":"St Francis Church 326 Lonsdale Street MELBOURNE VIC 3000","construction_year":"1842","number_of_floors_above_ground":1,"predominant_space_use":"Performances, Conferences, Ceremonies","accessibility_rating":"2","bicycle_spaces":0}},{"type":"Feature","geometry":{"type":"Point","coordinates":[144.962604,-37.811578]},"properties":{"property_id":"105745","building_name":"St Francis Church Carpark","street_address":"322 Lonsdale Street MELBOURNE VIC 3000","construction_year":"1992","number_of_floors_above_ground":7,"predominant_space_use":"Parking - Commercial Covered","accessibility_rating":"2","bicycle_spaces":0}},{"type":"Feature","geometry":{"type":"Point","coordinates":[144.963019,-37.810733]},"properties":{"property_id":"105746","building_name":"Melbourne Central","street_address":"Melbourne Central 183-265 La Trobe Street MELBOURNE VIC 3000","construction_year":"1991","number_of_floors_above_ground":6,"predominant_space_use":"Retail - Shop","accessibility_rating":"0","bicycle_spaces":0}},{"type":"Feature","geometry":{"type":"Point","coordinates":[144.963997,-37.81153]},"properties":{"property_id":"105747","street_address":"272-282 Lonsdale Street MELBOURNE VIC 3000","construction_year":"1978","number_of_floors_above_ground":2,"predominant_space_use":"Entertainment/Recreation - Indoor","accessibility_rating":"0","bicycle_spaces":0}},{"type":"Feature","geometry":{"type":"Point","coordinates":[144.963816,-37.810865]},"properties":{"property_id":"106008","building_name":"Central Melbourne Apartments","street_address":"273-275 Little Lonsdale Street MELBOURNE VIC 3000","construction_year":"1910","number_of_floors_above_ground":4,"predominant_space_use":"Residential Apartment","accessibility_rating":"1","bicycle_spaces":0}},{"type":"Feature","geometry":{"type":"Point","coordinates":[144.96363,-37.81092]},"properties":{"property_id":"106010","street_address":"281 Little Lonsdale Street MELBOURNE VIC 3000","construction_year":"1880","number_of_floors_above_ground":2,"predominant_space_use":"Storage","accessibility_rating":"1","bicycle_spaces":0}},{"type":"Feature","geometry":{"type":"Point","coordinates":[144.96356,-37.810941]},"properties":{"property_id":"106011","building_name":"Reddans Building","street_address":"283-285 Little Lonsdale Street MELBOURNE VIC 3000","construction_year":"1926","number_of_floors_above_ground":3,"predominant_space_use":"Storage","accessibility_rating":"2","bicycle_spaces":0}},{"type":"Feature","geometry":{"type":"Point","coordinates":[144.964167,-37.811019]},"properties":{"property_id":"109305","street_address":"305-307 Swanston Street MELBOURNE VIC 3000","construction_year":"1910","number_of_floors_above_ground":2,"predominant_space_use":"Office","accessibility_rating":"0","bicycle_spaces":0}},{"type":"Feature","geometry":{"type":"Point","coordinates":[144.964087,-37.810845]},"properties":{"property_id":"109308","street_address":"317 Swanston Street MELBOURNE VIC 3000","construction_year":"1870","number_of_floors_above_ground":2,"predominant_space_use":"Entertainment/Recreation - Indoor","accessibility_rating":"3","bicycle_spaces":0}},{"type":"Feature","geometry":{"type":"Point","coordinates":[144.963843,-37.810567]},"properties":{"property_id":"110746","building_name":"Price Hall","street_address":"Church Hall Church Of Christ Property 190 Little Lonsdale Street MELBOURNE VIC 3000","construction_year":"1863","number_of_floors_above_ground":1,"predominant_space_use":"Performances, Conferences, Ceremonies","accessibility_rating":"2","bicycle_spaces":0}},{"type":"Feature","geometry":{"type":"Point","coordinates":[144.964124,-37.810928]},"properties":{"property_id":"532171","street_address":"311 Swanston Street MELBOURNE VIC 3000","construction_year":"1870","number_of_floors_above_ground":2,"predominant_space_use":"Retail - Shop","accessibility_rating":"2","bicycle_spaces":0}},{"type":"Feature","geometry":{"type":"Point","coordinates":[144.967682,-37.809166]},"properties":{"property_id":"101021","street_address":"11-21 Bennetts Lane MELBOURNE VIC 3000","number_of_floors_above_ground":1,"predominant_space_use":"Unoccupied - Under Demolition/Condemned","accessibility_rating":"0","bicycle_spaces":0}},{"type":"Feature","geometry":{"type":"Point","coordinates":[144.967839,-37.808873]},"properties":{"property_id":"101025","street_address":"20 Bennetts Lane MELBOURNE VIC 3000","construction_year":"1945","number_of_floors_above_ground":2,"predominant_space_use":"House/Townhouse","accessibility_rating":"0"}},{"type":"Feature","geometry":{"type":"Point","coordinates":[144.967974,-37.809167]},"properties":{"property_id":"101029","street_address":"4-8 Bennetts Lane MELBOURNE VIC 3000","construction_year":"1939","number_of_floors_above_ground":2,"predominant_space_use":"Wholesale","accessibility_rating":"1","bicycle_spaces":0}},{"type":"Feature","geometry":{"type":"Point","coordinates":[144.967359,-37.809503]},"properties":{"property_id":"106048","street_address":"152-156 Little Lonsdale Street MELBOURNE VIC 3000","construction_year":"1963","number_of_floors_above_ground":3,"predominant_space_use":"Educational/Research","accessibility_rating":"1","bicycle_spaces":0}},{"type":"Feature","geometry":{"type":"Point","coordinates":[144.967562,-37.809463]},"properties":{"property_id":"106049","street_address":"146-148 Little Lonsdale Street MELBOURNE VIC 3000","construction_year":"1921","number_of_floors_above_ground":2,"predominant_space_use":"Unoccupied - Unused","accessibility_rating":"1","bicycle_spaces":0}},{"type":"Feature","geometry":{"type":"Point","coordinates":[144.967038,-37.809215]},"properties":{"property_id":"516672","street_address":"60 Hayward Lane MELBOURNE VIC 3000","construction_year":"1950","number_of_floors_above_ground":2,"predominant_space_use":"House/Townhouse","accessibility_rating":"0"}},{"type":"Feature","geometry":{"type":"Point","coordinates":[144.967086,-37.809321]},"properties":{"property_id":"516674","street_address":"56 Hayward Lane MELBOURNE VIC 3000","construction_year":"1950","number_of_floors_above_ground":2,"predominant_space_use":"House/Townhouse","accessibility_rating":"0"}},{"type":"Feature","geometry":{"type":"Point","coordinates":[144.953018,-37.811728]},"properties":{"property_id":"105103","street_address":"9-17 Jeffcott Street WEST MELBOURNE VIC 3003","construction_year":"1953","number_of_floors_above_ground":2,"predominant_space_use":"Unoccupied - Unused","accessibility_rating":"1","bicycle_spaces":0}},{"type":"Feature","geometry":{"type":"Point","coordinates":[144.952107,-37.812108]},"properties":{"property_id":"105105","building_name":"The Salisbury","street_address":"43-53 Jeffcott Street WEST MELBOURNE VIC 3003","construction_year":"1995","number_of_floors_above_ground":3,"predominant_space_use":"Residential Apartment","accessibility_rating":"1","bicycle_spaces":0}},{"type":"Feature","geometry":{"type":"Point","coordinates":[144.951797,-37.812196]},"properties":{"property_id":"105106","building_name":"Orchid Apartments","street_address":"55-63 Jeffcott Street WEST MELBOURNE VIC 3003","construction_year":"2014","number_of_floors_above_ground":7,"predominant_space_use":"Residential Apartment","accessibility_rating":"3","bicycle_spaces":0}},{"type":"Feature","geometry":{"type":"Point","coordinates":[144.953227,-37.811894]},"properties":{"property_id":"105324","building_name":"NCO House","street_address":"357-367 King Street WEST MELBOURNE VIC 3003","construction_year":"1920","number_of_floors_above_ground":3,"predominant_space_use":"Unoccupied - Unused","accessibility_rating":"1","bicycle_spaces":0}},{"type":"Feature","geometry":{"type":"Point","coordinates":[144.953468,-37.812343]},"properties":{"property_id":"105472","street_address":"448-454 La Trobe Street WEST MELBOURNE VIC 3003","construction_year":"2006","number_of_floors_above_ground":3,"predominant_space_use":"Retail - Showroom","accessibility_rating":"3","bicycle_spaces":0}},{"type":"Feature","geometry":{"type":"Point","coordinates":[144.953379,-37.812183]},"properties":{"property_id":"107576","street_address":"4-6 Phoenix Lane WEST MELBOURNE VIC 3003","construction_year":"1856","number_of_floors_above_ground":2,"predominant_space_use":"House/Townhouse","accessibility_rating":"1","bicycle_spaces":0}},{"type":"Feature","geometry":{"type":"Point","coordinates":[144.953262,-37.812217]},"properties":{"property_id":"107577","street_address":"8 Phoenix Lane WEST MELBOURNE VIC 3003","construction_year":"1856","number_of_floors_above_ground":3,"predominant_space_use":"House/Townhouse","accessibility_rating":"0","bicycle_spaces":0}},{"type":"Feature","geometry":{"type":"Point","coordinates":[144.95285,-37.811689]},"properties":{"property_id":"555184","street_address":"Electres 33 Jeffcott Street WEST MELBOURNE VIC 3003","number_of_floors_above_ground":1,"predominant_space_use":"Equipment Installation","accessibility_rating":"1","bicycle_spaces":0}},{"type":"Feature","geometry":{"type":"Point","coordinates":[144.953629,-37.812362]},"properties":{"property_id":"598268","street_address":"339 King Street WEST MELBOURNE VIC 3003","construction_year":"2005","number_of_floors_above_ground":3,"predominant_space_use":"Unoccupied - Unused","accessibility_rating":"3","bicycle_spaces":0}},{"type":"Feature","geometry":{"type":"Point","coordinates":[144.953572,-37.812239]},"properties":{"property_id":"598270","street_address":"343 King Street WEST MELBOURNE VIC 3003","construction_year":"2005","number_of_floors_above_ground":3,"predominant_space_use":"Office","accessibility_rating":"3","bicycle_spaces":0}},{"type":"Feature","geometry":{"type":"Point","coordinates":[144.958058,-37.810408]},"properties":{"property_id":"100157","street_address":"183-189 A'Beckett Street MELBOURNE VIC 3000","construction_year":"2022","number_of_floors_above_ground":48,"predominant_space_use":"Student Accommodation","accessibility_rating":"3","bicycle_spaces":226}},{"type":"Feature","geometry":{"type":"Point","coordinates":[144.957362,-37.81048]},"properties":{"property_id":"100158","building_name":"The Gill","street_address":"The Gill 213-219 A'Beckett Street MELBOURNE VIC 3000","construction_year":"1929","number_of_floors_above_ground":6,"predominant_space_use":"Residential Apartment","accessibility_rating":"1","bicycle_spaces":0}},{"type":"Feature","geometry":{"type":"Point","coordinates":[144.957725,-37.810745]},"properties":{"property_id":"105475","building_name":"Hudson on LaTrobe Apartments","street_address":"Hudson on La Trobe Apartments 394-400 La Trobe Street MELBOURNE VIC 3000","construction_year":"1972","number_of_floors_above_ground":5,"predominant_space_use":"Residential Apartment","accessibility_rating":"1","bicycle_spaces":0}},{"type":"Feature","geometry":{"type":"Point","coordinates":[144.956578,-37.811244]},"properties":{"property_id":"110140","building_name":"Art on the Park/Singers Lane","street_address":"Oaks on William 330-352 William Street MELBOURNE VIC 3000","construction_year":"2013","number_of_floors_above_ground":37,"predominant_space_use":"Commercial Accommodation","accessibility_rating":"3","bicycle_spaces":77}},{"type":"Feature","geometry":{"type":"Point","coordinates":[144.96085,-37.810014]},"properties":{"property_id":"103216","building_name":"The Argus Building","street_address":"284-294 La Trobe Street MELBOURNE VIC 3000","construction_year":"1926","number_of_floors_above_ground":7,"predominant_space_use":"Educational/Research","accessibility_rating":"2","bicycle_spaces":0}},{"type":"Feature","geometry":{"type":"Point","coordinates":[144.959855,-37.81035]},"properties":{"property_id":"105482","building_name":"Welsh Church & Presbytery","street_address":"320-330 La Trobe Street MELBOURNE VIC 3000","construction_year":"1871","number_of_floors_above_ground":2,"predominant_space_use":"Performances, Conferences, Ceremonies","accessibility_rating":"1","bicycle_spaces":0}},{"type":"Feature","geometry":{"type":"Point","coordinates":[144.96007,-37.810287]},"properties":{"property_id":"105483","street_address":"312-318 La Trobe Street MELBOURNE VIC 3000","construction_year":"2014","number_of_floors_above_ground":24,"predominant_space_use":"Student Accommodation","accessibility_rating":"1","bicycle_spaces":0}},{"type":"Feature","geometry":{"type":"Point","coordinates":[144.959051,-37.810411]},"properties":{"property_id":"108089","building_name":"KTS House","street_address":"346-362 Queen Street MELBOURNE VIC 3000","construction_year":"1990","number_of_floors_above_ground":21,"predominant_space_use":"Office","accessibility_rating":"3","bicycle_spaces":50}},{"type":"Feature","geometry":{"type":"Point","coordinates":[144.959523,-37.810396]},"properties":{"property_id":"689150","street_address":"332-346 La Trobe Street MELBOURNE VIC 3000","number_of_floors_above_ground":1,"predominant_space_use":"Unoccupied - Unused","accessibility_rating":"0","bicycle_spaces":0}},{"type":"Feature","geometry":{"type":"Point","coordinates":[144.96226,-37.809044]},"properties":{"property_id":"100151","building_name":"Wilder House","street_address":"41-45 A'Beckett Street MELBOURNE VIC 3000","construction_year":"1955","number_of_floors_above_ground":3,"predominant_space_use":"Unoccupied - Unused","accessibility_rating":"1","bicycle_spaces":0}},{"type":"Feature","geometry":{"type":"Point","coordinates":[144.962074,-37.809098]},"properties":{"property_id":"100153","street_address":"51-53 A'Beckett Street MELBOURNE VIC 3000","construction_year":"1923","number_of_floors_above_ground":3,"predominant_space_use":"Office","accessibility_rating":"3","bicycle_spaces":0}},{"type":"Feature","geometry":{"type":"Point","coordinates":[144.962341,-37.809656]},"properties":{"property_id":"105485","street_address":"224-252 La Trobe Street MELBOURNE VIC 3000","construction_year":"2016","number_of_floors_above_ground":86,"predominant_space_use":"Residential Apartment","accessibility_rating":"1","bicycle_spaces":786}},{"type":"Feature","geometry":{"type":"Point","coordinates":[144.962073,-37.809348]},"properties":{"property_id":"105984","building_name":"Nido Apartments","street_address":"48-60 Little La Trobe Street MELBOURNE VIC 3000","construction_year":"1995","number_of_floors_above_ground":4,"predominant_space_use":"Residential Apartment","accessibility_rating":"1","bicycle_spaces":0}},{"type":"Feature","geometry":{"type":"Point","coordinates":[144.962251,-37.809296]},"properties":{"property_id":"105985","street_address":"46 Little La Trobe Street MELBOURNE VIC 3000","construction_year":"1864","number_of_floors_above_ground":3,"predominant_space_use":"Unoccupied - Unused","accessibility_rating":"1","bicycle_spaces":0}},{"type":"Feature","geometry":{"type":"Point","coordinates":[144.962422,-37.809246]},"properties":{"property_id":"105987","street_address":"38-40 Little La Trobe Street MELBOURNE VIC 3000","construction_year":"1948","number_of_floors_above_ground":3,"predominant_space_use":"Unoccupied - Unused","accessibility_rating":"1","bicycle_spaces":0}},{"type":"Feature","geometry":{"type":"Point","coordinates":[144.962672,-37.809172]},"properties":{"property_id":"105989","street_address":"22-32 Little La Trobe Street MELBOURNE VIC 3000","construction_year":"2014","number_of_floors_above_ground":18,"predominant_space_use":"Commercial Accommodation","accessibility_rating":"3","bicycle_spaces":39}},{"type":"Feature","geometry":{"type":"Point","coordinates":[144.962819,-37.809129]},"properties":{"property_id":"105990","street_address":"18-20 Little La Trobe Street MELBOURNE VIC 3000","construction_year":"1924","number_of_floors_above_ground":2,"predominant_space_use":"Unoccupied - Under Renovation","accessibility_rating":"1","bicycle_spaces":0}},{"type":"Feature","geometry":{"type":"Point","coordinates":[144.962947,-37.809092]},"properties":{"property_id":"105991","street_address":"16 Little La Trobe Street MELBOURNE VIC 3000","number_of_floors_above_ground":1,"predominant_space_use":"Unoccupied - Under Construction","accessibility_rating":"0","bicycle_spaces":0}},{"type":"Feature","geometry":{"type":"Point","coordinates":[144.963253,-37.809283]},"properties":{"property_id":"109313","building_name":"Scape Swanston","street_address":"Scape Swanston 393-397 Swanston Street MELBOURNE VIC 3000","construction_year":"2016","number_of_floors_above_ground":43,"predominant_space_use":"Student Accommodation","accessibility_rating":"0","bicycle_spaces":157}},{"type":"Feature","geometry":{"type":"Point","coordinates":[144.964544,-37.808182]},"properties":{"property_id":"108556","building_name":"Building 20 & 21","street_address":"Building 20 & 21 RMIT University 325-343 Russell Street MELBOURNE VIC 3000","construction_year":"1913","number_of_floors_above_ground":4,"predominant_space_use":"Office","accessibility_rating":"2","bicycle_spaces":0}},{"type":"Feature","geometry":{"type":"Point","coordinates":[144.964544,-37.808182]},"properties":{"property_id":"542484","building_name":"Building 22 (Singer Buiding)","street_address":"Building 22 - Singer Building RMIT University 330-334 Swanston Street MELBOURNE VIC 3000","construction_year":"1912","number_of_floors_above_ground":4,"predominant_space_use":"Office","accessibility_rating":"2","bicycle_spaces":0}},{"type":"Feature","geometry":{"type":"Point","coordinates":[144.964544,-37.808182]},"properties":{"property_id":"606670","building_name":"Building 11","street_address":"Building 11 RMIT University 124 La Trobe Street MELBOURNE VIC 3000","construction_year":"1845","number_of_floors_above_ground":3,"predominant_space_use":"Educational/Research","accessibility_rating":"2","bicycle_spaces":0}},{"type":"Feature","geometry":{"type":"Point","coordinates":[144.964544,-37.808182]},"properties":{"property_id":"606671","building_name":"Building 12 (Gillespie Wing)","street_address":"Building 12 RMIT University 394-412 Swanston Street MELBOURNE VIC 3000","construction_year":"1972","number_of_floors_above_ground":15,"predominant_space_use":"Educational/Research","accessibility_rating":"2","bicycle_spaces":0}},{"type":"Feature","geometry":{"type":"Point","coordinates":[144.964544,-37.808182]},"properties":{"property_id":"606672","building_name":"Building 14","street_address":"Building 14 RMIT University 414-418 Swanston Street MELBOURNE VIC 3000","construction_year":"1975","number_of_floors_above_ground":14,"predominant_space_use":"Educational/Research","accessibility_rating":"2","bicycle_spaces":0}},{"type":"Feature","geometry":{"type":"Point","coordinates":[144.964544,-37.808182]},"properties":{"property_id":"606675","building_name":"Building 24","street_address":"Building 24 RMIT University 124 La Trobe Street MELBOURNE VIC 3000","construction_year":"1888","number_of_floors_above_ground":2,"predominant_space_use":"Office","accessibility_rating":"2","bicycle_spaces":0}},{"type":"Feature","geometry":{"type":"Point","coordinates":[144.964544,-37.808182]},"properties":{"property_id":"606676","building_name":"Building 28","street_address":"Building 28 RMIT University 124 La Trobe Street MELBOURNE VIC 3000","construction_year":"1890","number_of_floors_above_ground":5,"predominant_space_use":"Educational/Research","accessibility_rating":"3","bicycle_spaces":0}},{"type":"Feature","geometry":{"type":"Point","coordinates":[144.967104,-37.808249]},"properties":{"property_id":"105492","street_address":"54-56 La Trobe Street MELBOURNE VIC 3000","construction_year":"1945","number_of_floors_above_ground":2,"predominant_space_use":"Educational/Research","accessibility_rating":"1","bicycle_spaces":0}},{"type":"Feature","geometry":{"type":"Point","coordinates":[144.967366,-37.808171]},"properties":{"property_id":"105495","street_address":"42-50 La Trobe Street MELBOURNE VIC 3000","construction_year":"2018","number_of_floors_above_ground":43,"predominant_space_use":"Student Accommodation","accessibility_rating":"3","bicycle_spaces":10}},{"type":"Feature","geometry":{"type":"Point","coordinates":[144.952317,-37.810898]},"properties":{"property_id":"100848","building_name":"Flagstaff Green","street_address":"15-31 Batman Street WEST MELBOURNE VIC 3003","construction_year":"2018","number_of_floors_above_ground":22,"predominant_space_use":"Residential Apartment","accessibility_rating":"3","bicycle_spaces":257}},{"type":"Feature","geometry":{"type":"Point","coordinates":[144.951553,-37.81112]},"properties":{"property_id":"100850","building_name":"Flagstaff Place","street_address":"49-53 Batman Street WEST MELBOURNE VIC 3003","construction_year":"2014","number_of_floors_above_ground":16,"predominant_space_use":"Residential Apartment","accessibility_rating":"3","bicycle_spaces":90}},{"type":"Feature","geometry":{"type":"Point","coordinates":[144.951279,-37.811189]},"properties":{"property_id":"100851","building_name":"Batman Hill Apartments","street_address":"55-67 Batman Street WEST MELBOURNE VIC 3003","construction_year":"1947","number_of_floors_above_ground":4,"predominant_space_use":"Residential Apartment","accessibility_rating":"1","bicycle_spaces":0}},{"type":"Feature","geometry":{"type":"Point","coordinates":[144.951379,-37.811763]},"properties":{"property_id":"105109","street_address":"66-68 Jeffcott Street WEST MELBOURNE VIC 3003","construction_year":"1962","number_of_floors_above_ground":3,"predominant_space_use":"Performances, Conferences, Ceremonies","accessibility_rating":"1","bicycle_spaces":0}},{"type":"Feature","geometry":{"type":"Point","coordinates":[144.951872,-37.811335]},"properties":{"property_id":"105110","street_address":"Substation 15-21 Boughton Place WEST MELBOURNE VIC 3003","construction_year":"1948","number_of_floors_above_ground":1,"predominant_space_use":"Equipment Installation","accessibility_rating":"0","bicycle_spaces":0}},{"type":"Feature","geometry":{"type":"Point","coordinates":[144.950862,-37.811142]},"properties":{"property_id":"108949","street_address":"Menizes Institute of Technology 396-400 Spencer Street WEST MELBOURNE VIC 3003","construction_year":"1975","number_of_floors_above_ground":2,"predominant_space_use":"Unoccupied - Unused","accessibility_rating":"2","bicycle_spaces":6}},{"type":"Feature","geometry":{"type":"Point","coordinates":[144.951901,-37.811014]},"properties":{"property_id":"573825","building_name":"Park West Apartments","street_address":"33-43 Batman Street WEST MELBOURNE VIC 3003","construction_year":"2012","number_of_floors_above_ground":14,"predominant_space_use":"Residential Apartment","accessibility_rating":"1","bicycle_spaces":40}},{"type":"Feature","geometry":{"type":"Point","coordinates":[144.952045,-37.811562]},"properties":{"property_id":"603439","street_address":"38 Jeffcott Street WEST MELBOURNE VIC 3003","construction_year":"2008","number_of_floors_above_ground":3,"predominant_space_use":"House/Townhouse","accessibility_rating":"0","bicycle_spaces":0}},{"type":"Feature","geometry":{"type":"Point","coordinates":[144.95765,-37.809791]},"properties":{"property_id":"100162","street_address":"215-223 Franklin Street MELBOURNE VIC 3000","construction_year":"1939","number_of_floors_above_ground":4,"predominant_space_use":"Unoccupied - Unused","accessibility_rating":"3","bicycle_spaces":0}},{"type":"Feature","geometry":{"type":"Point","coordinates":[144.95739,-37.809709]},"properties":{"property_id":"104087","street_address":"225-227 Franklin Street MELBOURNE VIC 3000","construction_year":"1937","number_of_floors_above_ground":2,"predominant_space_use":"Unoccupied - Unused","accessibility_rating":"1","bicycle_spaces":0}},{"type":"Feature","geometry":{"type":"Point","coordinates":[144.957092,-37.809706]},"properties":{"property_id":"104088","building_name":"Iglu","street_address":"229-241 Franklin Street MELBOURNE VIC 3000","construction_year":"2018","number_of_floors_above_ground":24,"predominant_space_use":"Student Accommodation","accessibility_rating":"3","bicycle_spaces":233}},{"type":"Feature","geometry":{"type":"Point","coordinates":[144.957993,-37.80988]},"properties":{"property_id":"108084","street_address":"365-371 Queen Street MELBOURNE VIC 3000","construction_year":"1990","number_of_floors_above_ground":10,"predominant_space_use":"Office","accessibility_rating":"3","bicycle_spaces":10}},{"type":"Feature","geometry":{"type":"Point","coordinates":[144.957961,-37.809686]},"properties":{"property_id":"108086","street_address":"375 Queen Street MELBOURNE VIC 3000","construction_year":"1860","number_of_floors_above_ground":2,"predominant_space_use":"Unoccupied - Unused","accessibility_rating":"1","bicycle_spaces":0}},{"type":"Feature","geometry":{"type":"Point","coordinates":[144.957085,-37.81005]},"properties":{"property_id":"621413","building_name":"Pegasus Apartment Hotel","street_address":"Pegasus Apartment Hotel 206-216 A'Beckett Street MELBOURNE VIC 3000","construction_year":"2012","number_of_floors_above_ground":25,"predominant_space_use":"Commercial Accommodation","accessibility_rating":"2","bicycle_spaces":72}},{"type":"Feature","geometry":{"type":"Point","coordinates":[144.959109,-37.809558]},"properties":{"property_id":"100164","street_address":"144-148 A'Beckett Street MELBOURNE VIC 3000","construction_year":"1926","number_of_floors_above_ground":4,"predominant_space_use":"Unoccupied - Unused","accessibility_rating":"1","bicycle_spaces":0}},{"type":"Feature","geometry":{"type":"Point","coordinates":[144.959997,-37.809143]},"properties":{"property_id":"100167","building_name":"Unilodge on Abeckett","street_address":"Uni On A'Beckett Apartments 106-116 A'Beckett Street MELBOURNE VIC 3000","construction_year":"1999","number_of_floors_above_ground":8,"predominant_space_use":"Residential Apartment","accessibility_rating":"1","bicycle_spaces":50}},{"type":"Feature","geometry":{"type":"Point","coordinates":[144.958967,-37.809386]},"properties":{"property_id":"100442","street_address":"5-7 Anthony Street MELBOURNE VIC 3000","construction_year":"1924","number_of_floors_above_ground":3,"predominant_space_use":"House/Townhouse","accessibility_rating":"3","bicycle_spaces":0}},{"type":"Feature","geometry":{"type":"Point","coordinates":[144.960489,-37.809116]},"properties":{"property_id":"103220","street_address":"419 Elizabeth Street MELBOURNE VIC 3000","construction_year":"1872","number_of_floors_above_ground":2,"predominant_space_use":"Entertainment/Recreation - Indoor","accessibility_rating":"1","bicycle_spaces":0}},{"type":"Feature","geometry":{"type":"Point","coordinates":[144.9604,-37.808923]},"properties":{"property_id":"103224","street_address":"429-431 Elizabeth Street MELBOURNE VIC 3000","construction_year":"1872","number_of_floors_above_ground":2,"predominant_space_use":"Unoccupied - Unused","accessibility_rating":"3","bicycle_spaces":0}},{"type":"Feature","geometry":{"type":"Point","coordinates":[144.960237,-37.80881]},"properties":{"property_id":"103226","street_address":"437-439 Elizabeth Street MELBOURNE VIC 3000","construction_year":"1954","number_of_floors_above_ground":2,"predominant_space_use":"Unoccupied - Unused","accessibility_rating":"3","bicycle_spaces":0}},{"type":"Feature","geometry":{"type":"Point","coordinates":[144.960166,-37.808458]},"properties":{"property_id":"103229","building_name":"Q Apartments","street_address":"453-459 Elizabeth Street MELBOURNE VIC 3000","construction_year":"2006","number_of_floors_above_ground":13,"predominant_space_use":"Residential Apartment","accessibility_rating":"1","bicycle_spaces":0}},{"type":"Feature","geometry":{"type":"Point","coordinates":[144.959575,-37.809048]},"properties":{"property_id":"104084","building_name":"Fulton Lane","street_address":"151-165 Franklin Street MELBOURNE VIC 3000","construction_year":"2015","number_of_floors_above_ground":45,"predominant_space_use":"Residential Apartment","accessibility_rating":"3","bicycle_spaces":293}},{"type":"Feature","geometry":{"type":"Point","coordinates":[144.961157,-37.808949]},"properties":{"property_id":"103303","building_name":"Silver Skies MY80","street_address":"410-420 Elizabeth Street MELBOURNE VIC 3000","construction_year":"2014","number_of_floors_above_ground":56,"predominant_space_use":"Residential Apartment","accessibility_rating":"3","bicycle_spaces":202}},{"type":"Feature","geometry":{"type":"Point","coordinates":[144.962671,-37.807794]},"properties":{"property_id":"109320","building_name":"RMIT University Building 39","street_address":"459-469 Swanston Street MELBOURNE VIC 3000","construction_year":"1910","number_of_floors_above_ground":3,"predominant_space_use":"Educational/Research","accessibility_rating":"1","bicycle_spaces":0}},{"type":"Feature","geometry":{"type":"Point","coordinates":[144.951216,-37.81047]},"properties":{"property_id":"100858","street_address":"50-56 Batman Street WEST MELBOURNE VIC 3003","construction_year":"2021","number_of_floors_above_ground":18,"predominant_space_use":"Commercial Accommodation","accessibility_rating":"3","bicycle_spaces":42}},{"type":"Feature","geometry":{"type":"Point","coordinates":[144.95164,-37.810326]},"properties":{"property_id":"100860","street_address":"34-40 Batman Street WEST MELBOURNE VIC 3003","construction_year":"2001","number_of_floors_above_ground":3,"predominant_space_use":"House/Townhouse","accessibility_rating":"0","bicycle_spaces":0}},{"type":"Feature","geometry":{"type":"Point","coordinates":[144.952195,-37.809624]},"properties":{"property_id":"111182","building_name":"449 King Street","street_address":"449 King Street WEST MELBOURNE VIC 3003","construction_year":"1998","number_of_floors_above_ground":3,"predominant_space_use":"House/Townhouse","accessibility_rating":"0","bicycle_spaces":0}},{"type":"Feature","geometry":{"type":"Point","coordinates":[144.952195,-37.809624]},"properties":{"property_id":"111184","building_name":"453 King Street","street_address":"453 King Street WEST MELBOURNE VIC 3003","construction_year":"1998","number_of_floors_above_ground":3,"predominant_space_use":"Residential Apartment","accessibility_rating":"1","bicycle_spaces":0}},{"type":"Feature","geometry":{"type":"Point","coordinates":[144.957206,-37.807657]},"properties":{"property_id":"110674","building_name":"VICTORIA MARKET SHED A","street_address":"Shed A Queen Victoria Market 90 Peel Street MELBOURNE VIC 3000","construction_year":"1878","number_of_floors_above_ground":1,"predominant_space_use":"Retail - Stall","accessibility_rating":"0","bicycle_spaces":0}},{"type":"Feature","geometry":{"type":"Point","coordinates":[144.957206,-37.807657]},"properties":{"property_id":"110678","building_name":"VICTORIA MARKET SHED E","street_address":"Shed E Queen Victoria Market 70 Peel Street MELBOURNE VIC 3000","construction_year":"1878","number_of_floors_above_ground":1,"predominant_space_use":"Unoccupied - Under Renovation","accessibility_rating":"0","bicycle_spaces":0}},{"type":"Feature","geometry":{"type":"Point","coordinates":[144.957206,-37.807657]},"properties":{"property_id":"110680","building_name":"VICTORIA MARKET SHED J","street_address":"Shed J Queen Victoria Market 62 Peel Street MELBOURNE VIC 3000","construction_year":"1945","number_of_floors_above_ground":1,"predominant_space_use":"Retail - Stall","accessibility_rating":"0","bicycle_spaces":0}},{"type":"Feature","geometry":{"type":"Point","coordinates":[144.957206,-37.807657]},"properties":{"property_id":"110681","building_name":"VICTORIA MARKET SHED K","street_address":"Shed K Queen Victoria Market 58 Peel Street MELBOURNE VIC 3000","construction_year":"1945","number_of_floors_above_ground":1,"predominant_space_use":"Retail - Stall","accessibility_rating":"0","bicycle_spaces":0}},{"type":"Feature","geometry":{"type":"Point","coordinates":[144.957206,-37.807657]},"properties":{"property_id":"110688","street_address":"65-81 Victoria Street MELBOURNE VIC 3000","construction_year":"1890","number_of_floors_above_ground":2,"predominant_space_use":"Unoccupied - Under Renovation","accessibility_rating":"0","bicycle_spaces":0}},{"type":"Feature","geometry":{"type":"Point","coordinates":[144.957206,-37.807657]},"properties":{"property_id":"110690","street_address":"507-523 Elizabeth Street MELBOURNE VIC 3000","construction_year":"1890","number_of_floors_above_ground":2,"predominant_space_use":"Office","accessibility_rating":"0","bicycle_spaces":0}},{"type":"Feature","geometry":{"type":"Point","coordinates":[144.957206,-37.807657]},"properties":{"property_id":"110691","building_name":"DAIRY PRODUCE MARKET","street_address":"Dairy Produce Hall Queen Victoria Market 60 Therry Street MELBOURNE VIC 3000","construction_year":"1928","number_of_floors_above_ground":1,"predominant_space_use":"Retail - Stall","accessibility_rating":"3","bicycle_spaces":0}},{"type":"Feature","geometry":{"type":"Point","coordinates":[144.957206,-37.807657]},"properties":{"property_id":"110693","building_name":"Offal And Transport Shed","street_address":"Offal And Transport Shed Queen Victoria Market Therry Street MELBOURNE VIC 3000","number_of_floors_above_ground":1,"predominant_space_use":"Storage","accessibility_rating":"0","bicycle_spaces":0}},{"type":"Feature","geometry":{"type":"Point","coordinates":[144.959753,-37.807819]},"properties":{"property_id":"103231","building_name":"Queen Victoria Mews","street_address":"473-481 Elizabeth Street MELBOURNE VIC 3000","construction_year":"1872","number_of_floors_above_ground":2,"predominant_space_use":"Residential Apartment","accessibility_rating":"3","bicycle_spaces":0}},{"type":"Feature","geometry":{"type":"Point","coordinates":[144.959633,-37.807503]},"properties":{"property_id":"103234","building_name":"Jasper Hotel","street_address":"489-499 Elizabeth Street MELBOURNE VIC 3000","construction_year":"1975","number_of_floors_above_ground":9,"predominant_space_use":"Commercial Accommodation","accessibility_rating":"3","bicycle_spaces":0}},{"type":"Feature","geometry":{"type":"Point","coordinates":[144.95848,-37.808502]},"properties":{"property_id":"104092","building_name":"Concord House","street_address":"132-140 Franklin Street MELBOURNE VIC 3000","construction_year":"1899","number_of_floors_above_ground":2,"predominant_space_use":"Office","accessibility_rating":"1","bicycle_spaces":0}},{"type":"Feature","geometry":{"type":"Point","coordinates":[144.959156,-37.808126]},"properties":{"property_id":"104096","street_address":"110-112 Franklin Street MELBOURNE VIC 3000","construction_year":"1920","number_of_floors_above_ground":2,"predominant_space_use":"Retail - Shop","accessibility_rating":"3","bicycle_spaces":0}},{"type":"Feature","geometry":{"type":"Point","coordinates":[144.959259,-37.80822]},"properties":{"property_id":"104097","street_address":"108 Franklin Street MELBOURNE VIC 3000","construction_year":"1901","number_of_floors_above_ground":2,"predominant_space_use":"House/Townhouse","accessibility_rating":"0","bicycle_spaces":0}},{"type":"Feature","geometry":{"type":"Point","coordinates":[144.959518,-37.808044]},"properties":{"property_id":"104099","building_name":"Burbank House","street_address":"96-102 Franklin Street MELBOURNE VIC 3000","construction_year":"1895","number_of_floors_above_ground":4,"predominant_space_use":"Unoccupied - Unused","accessibility_rating":"3","bicycle_spaces":0}},{"type":"Feature","geometry":{"type":"Point","coordinates":[144.960029,-37.808111]},"properties":{"property_id":"562691","street_address":"463 Elizabeth Street MELBOURNE VIC 3000","construction_year":"1956","number_of_floors_above_ground":1,"predominant_space_use":"Retail - Shop","accessibility_rating":"3","bicycle_spaces":0}},{"type":"Feature","geometry":{"type":"Point","coordinates":[144.959988,-37.808024]},"properties":{"property_id":"562693","street_address":"467 Elizabeth Street MELBOURNE VIC 3000","construction_year":"1854","number_of_floors_above_ground":2,"predominant_space_use":"Unoccupied - Unused","accessibility_rating":"3","bicycle_spaces":0}},{"type":"Feature","geometry":{"type":"Point","coordinates":[144.960564,-37.80771]},"properties":{"property_id":"103298","street_address":"474-476 Elizabeth Street MELBOURNE VIC 3000","construction_year":"1910","number_of_floors_above_ground":1,"predominant_space_use":"Office","accessibility_rating":"3","bicycle_spaces":0}},{"type":"Feature","geometry":{"type":"Point","coordinates":[144.960816,-37.807419]},"properties":{"property_id":"104101","building_name":"Mercure","street_address":"58-64 Franklin Street MELBOURNE VIC 3000","construction_year":"1991","number_of_floors_above_ground":13,"predominant_space_use":"Parking - Commercial Covered","accessibility_rating":"3","bicycle_spaces":0}},{"type":"Feature","geometry":{"type":"Point","coordinates":[144.959262,-37.801394]},"properties":{"property_id":"100835","building_name":"The University of Melbourne - Faculty of Business and Economics - Building 105","street_address":"Melbourne University FBE Building 105 95-129 Barry Street CARLTON VIC 3053","construction_year":"2003","number_of_floors_above_ground":8,"predominant_space_use":"Educational/Research","accessibility_rating":"3","bicycle_spaces":0}},{"type":"Feature","geometry":{"type":"Point","coordinates":[144.959011,-37.800471]},"properties":{"property_id":"101051","building_name":"The University of Melbourne - Building 206","street_address":"214 Berkeley Street CARLTON VIC 3053","construction_year":"1950","number_of_floors_above_ground":2,"predominant_space_use":"Educational/Research","accessibility_rating":"1","bicycle_spaces":0}},{"type":"Feature","geometry":{"type":"Point","coordinates":[144.958998,-37.800525]},"properties":{"property_id":"101052","street_address":"212 Berkeley Street CARLTON VIC 3053","construction_year":"1970","number_of_floors_above_ground":2,"predominant_space_use":"Office","accessibility_rating":"1","bicycle_spaces":0}},{"type":"Feature","geometry":{"type":"Point","coordinates":[144.95898,-37.80063]},"properties":{"property_id":"101053","building_name":"The University of Melbourne Building 204","street_address":"208-210 Berkeley Street CARLTON VIC 3053","construction_year":"1980","number_of_floors_above_ground":2,"predominant_space_use":"Educational/Research","accessibility_rating":"1","bicycle_spaces":73}},{"type":"Feature","geometry":{"type":"Point","coordinates":[144.959281,-37.800233]},"properties":{"property_id":"104466","building_name":"The University of Melbourne Building 104 - Alan Gilbert Building","street_address":"Alan Gilbert Building - Bld 104 153-163 Barry Street CARLTON VIC 3053","construction_year":"2002","number_of_floors_above_ground":8,"predominant_space_use":"Educational/Research","accessibility_rating":"3","bicycle_spaces":0}},{"type":"Feature","geometry":{"type":"Point","coordinates":[144.960402,-37.800433]},"properties":{"property_id":"573377","building_name":"Melbourne University Carpark","street_address":"Carpark Melbourne University 220 Berkeley Street CARLTON VIC 3053","construction_year":"2004","predominant_space_use":"Parking - Commercial Covered","accessibility_rating":"3","bicycle_spaces":0}},{"type":"Feature","geometry":{"type":"Point","coordinates":[144.96146,-37.80194]},"properties":{"property_id":"101254","building_name":"Bldg 249 & 252","street_address":"Melbourne Business School 183-195 Bouverie Street CARLTON VIC 3053","construction_year":"1910","number_of_floors_above_ground":2,"predominant_space_use":"Educational/Research","accessibility_rating":"3","bicycle_spaces":0}},{"type":"Feature","geometry":{"type":"Point","coordinates":[144.962164,-37.800636]},"properties":{"property_id":"101258","street_address":"247-253 Bouverie Street CARLTON VIC 3053","construction_year":"1987","number_of_floors_above_ground":2,"predominant_space_use":"Office","accessibility_rating":"1","bicycle_spaces":0}},{"type":"Feature","geometry":{"type":"Point","coordinates":[144.962209,-37.800458]},"properties":{"property_id":"104461","building_name":"Prince Alfred Hotel","street_address":"Prince Alfred Hotel 191-197 Grattan Street CARLTON VIC 3053","construction_year":"1870","number_of_floors_above_ground":2,"predominant_space_use":"Entertainment/Recreation - Indoor","accessibility_rating":"1","bicycle_spaces":0}},{"type":"Feature","geometry":{"type":"Point","coordinates":[144.961843,-37.800418]},"properties":{"property_id":"104463","building_name":"Bldg 368 - Malvina Terrace","street_address":"205-211 Grattan Street CARLTON VIC 3053","construction_year":"1870","number_of_floors_above_ground":2,"predominant_space_use":"Office","accessibility_rating":"1","bicycle_spaces":0}},{"type":"Feature","geometry":{"type":"Point","coordinates":[144.961578,-37.800465]},"properties":{"property_id":"104464","building_name":"Building 203","street_address":"213-217 Grattan Street CARLTON VIC 3053","construction_year":"1880","number_of_floors_above_ground":2,"predominant_space_use":"Office","accessibility_rating":"3","bicycle_spaces":0}},{"type":"Feature","geometry":{"type":"Point","coordinates":[144.962731,-37.800685]},"properties":{"property_id":"101260","street_address":"174-176 Bouverie Street CARLTON VIC 3053","construction_year":"1955","number_of_floors_above_ground":3,"predominant_space_use":"Unoccupied - Unused","accessibility_rating":"1","bicycle_spaces":0}},{"type":"Feature","geometry":{"type":"Point","coordinates":[144.962979,-37.801091]},"properties":{"property_id":"101996","street_address":"19-25 Church Street CARLTON VIC 3053","construction_year":"1980","number_of_floors_above_ground":1,"predominant_space_use":"Parking - Private Covered","accessibility_rating":"3","bicycle_spaces":0}},{"type":"Feature","geometry":{"type":"Point","coordinates":[144.963144,-37.800579]},"properties":{"property_id":"104457","street_address":"171-173 Grattan Street CARLTON VIC 3053","construction_year":"1900","number_of_floors_above_ground":1,"predominant_space_use":"House/Townhouse","accessibility_rating":"1","bicycle_spaces":0}},{"type":"Feature","geometry":{"type":"Point","coordinates":[144.962943,-37.800558]},"properties":{"property_id":"104460","street_address":"179 Grattan Street CARLTON VIC 3053","construction_year":"1980","number_of_floors_above_ground":2,"predominant_space_use":"Unoccupied - Unused","accessibility_rating":"1","bicycle_spaces":0}},{"type":"Feature","geometry":{"type":"Point","coordinates":[144.963414,-37.800873]},"properties":{"property_id":"109329","building_name":"Building 348","street_address":"723-741 Swanston Street CARLTON VIC 3053","construction_year":"1990","number_of_floors_above_ground":3,"predominant_space_use":"Hospital/Clinic","accessibility_rating":"3","bicycle_spaces":0}},{"type":"Feature","geometry":{"type":"Point","coordinates":[144.963642,-37.80062]},"properties":{"property_id":"109330","building_name":"Nanos House","street_address":"743-751 Swanston Street CARLTON VIC 3053","construction_year":"1950","number_of_floors_above_ground":4,"predominant_space_use":"Student Accommodation","accessibility_rating":"3","bicycle_spaces":0}},{"type":"Feature","geometry":{"type":"Point","coordinates":[144.964834,-37.802308]},"properties":{"property_id":"107554","building_name":"Liuzzi House","street_address":"86-94 Pelham Street CARLTON VIC 3053","construction_year":"1983","number_of_floors_above_ground":3,"predominant_space_use":"Unoccupied - Unused","accessibility_rating":"1","bicycle_spaces":0}},{"type":"Feature","geometry":{"type":"Point","coordinates":[144.964312,-37.801886]},"properties":{"property_id":"581309","building_name":"Building B","street_address":"Building B 640 Swanston Street CARLTON VIC 3053","construction_year":"2003","number_of_floors_above_ground":7,"predominant_space_use":"Residential Apartment","accessibility_rating":"1","bicycle_spaces":0}},{"type":"Feature","geometry":{"type":"Point","coordinates":[144.967259,-37.804702]},"properties":{"property_id":"102626","building_name":"Drummond Terrace","street_address":"75-91 Drummond Street CARLTON VIC 3053","construction_year":"1993","number_of_floors_above_ground":4,"predominant_space_use":"Residential Apartment","accessibility_rating":"3","bicycle_spaces":0}},{"type":"Feature","geometry":{"type":"Point","coordinates":[144.96734,-37.804523]},"properties":{"property_id":"102627","street_address":"93 Drummond Street CARLTON VIC 3053","construction_year":"1891","number_of_floors_above_ground":3,"predominant_space_use":"House/Townhouse","accessibility_rating":"1","bicycle_spaces":0}},{"type":"Feature","geometry":{"type":"Point","coordinates":[144.967321,-37.804406]},"properties":{"property_id":"102629","street_address":"97 Drummond Street CARLTON VIC 3053","construction_year":"1891","number_of_floors_above_ground":3,"predominant_space_use":"Unoccupied - Unused","accessibility_rating":"1","bicycle_spaces":0}},{"type":"Feature","geometry":{"type":"Point","coordinates":[144.967351,-37.804232]},"properties":{"property_id":"102632","street_address":"103 Drummond Street CARLTON VIC 3053","construction_year":"1891","number_of_floors_above_ground":3,"predominant_space_use":"Student Accommodation","accessibility_rating":"0","bicycle_spaces":32}},{"type":"Feature","geometry":{"type":"Point","coordinates":[144.966737,-37.803669]},"properties":{"property_id":"106246","street_address":"148-150 Lygon Street CARLTON VIC 3053","construction_year":"1870","number_of_floors_above_ground":2,"predominant_space_use":"Unoccupied - Unused","accessibility_rating":"1","bicycle_spaces":0}},{"type":"Feature","geometry":{"type":"Point","coordinates":[144.966723,-37.803783]},"properties":{"property_id":"106247","street_address":"140-146 Lygon Street CARLTON VIC 3053","construction_year":"1874","number_of_floors_above_ground":2,"predominant_space_use":"Entertainment/Recreation - Indoor","accessibility_rating":"1","bicycle_spaces":0}},{"type":"Feature","geometry":{"type":"Point","coordinates":[144.966699,-37.804438]},"properties":{"property_id":"111067","street_address":"108 Lygon Street CARLTON VIC 3053","construction_year":"1890","number_of_floors_above_ground":2,"predominant_space_use":"Entertainment/Recreation - Indoor","accessibility_rating":"1","bicycle_spaces":0}},{"type":"Feature","geometry":{"type":"Point","coordinates":[144.966699,-37.804438]},"properties":{"property_id":"111068","street_address":"106 Lygon Street CARLTON VIC 3053","construction_year":"1890","number_of_floors_above_ground":2,"predominant_space_use":"Entertainment/Recreation - Indoor","accessibility_rating":"1","bicycle_spaces":0}},{"type":"Feature","geometry":{"type":"Point","coordinates":[144.966699,-37.804438]},"properties":{"property_id":"111069","street_address":"104 Lygon Street CARLTON VIC 3053","construction_year":"1890","number_of_floors_above_ground":2,"predominant_space_use":"Residential Apartment","accessibility_rating":"1","bicycle_spaces":0}},{"type":"Feature","geometry":{"type":"Point","coordinates":[144.966699,-37.804438]},"properties":{"property_id":"111070","street_address":"80 Queensberry Street CARLTON VIC 3053","construction_year":"1890","number_of_floors_above_ground":3,"predominant_space_use":"Entertainment/Recreation - Indoor","accessibility_rating":"1","bicycle_spaces":0}},{"type":"Feature","geometry":{"type":"Point","coordinates":[144.967024,-37.803923]},"properties":{"property_id":"111437","building_name":"Quest Carlton On Finlay","street_address":"Melbourne Carlton Central Apartment Hote 2-20 Finlay Place CARLTON VIC 3053","construction_year":"2002","number_of_floors_above_ground":6,"predominant_space_use":"Commercial Accommodation","accessibility_rating":"3","bicycle_spaces":0}},{"type":"Feature","geometry":{"type":"Point","coordinates":[144.966924,-37.803655]},"properties":{"property_id":"557294","street_address":"11 Argyle Place East CARLTON VIC 3053","construction_year":"2011","number_of_floors_above_ground":4,"predominant_space_use":"House/Townhouse","accessibility_rating":"0","bicycle_spaces":0}},{"type":"Feature","geometry":{"type":"Point","coordinates":[144.965614,-37.803853]},"properties":{"property_id":"100564","street_address":"17-21 Argyle Place South CARLTON VIC 3053","construction_year":"1880","number_of_floors_above_ground":4,"predominant_space_use":"Parking - Private Covered","accessibility_rating":"3","bicycle_spaces":0}},{"type":"Feature","geometry":{"type":"Point","coordinates":[144.965495,-37.80366]},"properties":{"property_id":"100565","street_address":"23-25 Argyle Place South CARLTON VIC 3053","construction_year":"1965","number_of_floors_above_ground":2,"predominant_space_use":"Unoccupied - Unused","accessibility_rating":"1","bicycle_spaces":0}},{"type":"Feature","geometry":{"type":"Point","coordinates":[144.965131,-37.803622]},"properties":{"property_id":"100570","building_name":"Hichham House","street_address":"37 Argyle Place South CARLTON VIC 3053","construction_year":"1870","number_of_floors_above_ground":2,"predominant_space_use":"House/Townhouse","accessibility_rating":"0"}},{"type":"Feature","geometry":{"type":"Point","coordinates":[144.965198,-37.803773]},"properties":{"property_id":"101696","street_address":"122 Cardigan Street CARLTON VIC 3053","number_of_floors_above_ground":2,"predominant_space_use":"House/Townhouse","accessibility_rating":"0"}},{"type":"Feature","geometry":{"type":"Point","coordinates":[144.965187,-37.803828]},"properties":{"property_id":"101697","street_address":"120 Cardigan Street CARLTON VIC 3053","construction_year":"1886","number_of_floors_above_ground":2,"predominant_space_use":"House/Townhouse","accessibility_rating":"1","bicycle_spaces":0}},{"type":"Feature","geometry":{"type":"Point","coordinates":[144.965446,-37.804318]},"properties":{"property_id":"105907","street_address":"16-20 Little Cardigan Street CARLTON VIC 3053","construction_year":"1930","number_of_floors_above_ground":2,"predominant_space_use":"Residential Apartment","accessibility_rating":"0","bicycle_spaces":0}},{"type":"Feature","geometry":{"type":"Point","coordinates":[144.966098,-37.803784]},"properties":{"property_id":"106092","street_address":"143-145 Lygon Street CARLTON VIC 3053","construction_year":"1910","number_of_floors_above_ground":2,"predominant_space_use":"Unoccupied - Unused","accessibility_rating":"2","bicycle_spaces":0}},{"type":"Feature","geometry":{"type":"Point","coordinates":[144.966106,-37.803733]},"properties":{"property_id":"106094","street_address":"147 Lygon Street CARLTON VIC 3053","construction_year":"1880","number_of_floors_above_ground":2,"predominant_space_use":"Residential Apartment","accessibility_rating":"1","bicycle_spaces":0}},{"type":"Feature","geometry":{"type":"Point","coordinates":[144.966153,-37.80351]},"properties":{"property_id":"111461","building_name":"Carlton Neighbourhood Office","street_address":"2 Argyle Place South CARLTON VIC 3053","number_of_floors_above_ground":1,"predominant_space_use":"Retail - Shop","accessibility_rating":"0","bicycle_spaces":0}},{"type":"Feature","geometry":{"type":"Point","coordinates":[144.965066,-37.80424]},"properties":{"property_id":"579413","street_address":"102 Cardigan Street CARLTON VIC 3053","construction_year":"2003","number_of_floors_above_ground":3,"predominant_space_use":"House/Townhouse"}},{"type":"Feature","geometry":{"type":"Point","coordinates":[144.965216,-37.804211]},"properties":{"property_id":"579416","street_address":"21 Little Cardigan Street CARLTON VIC 3053","construction_year":"2003","number_of_floors_above_ground":2,"predominant_space_use":"House/Townhouse","accessibility_rating":"0"}},{"type":"Feature","geometry":{"type":"Point","coordinates":[144.965579,-37.804095]},"properties":{"property_id":"592721","street_address":"26-34 Little Cardigan Street CARLTON VIC 3053","construction_year":"2005","number_of_floors_above_ground":5,"predominant_space_use":"Residential Apartment","accessibility_rating":"1","bicycle_spaces":0}},{"type":"Feature","geometry":{"type":"Point","coordinates":[144.964506,-37.804485]},"properties":{"property_id":"101593","building_name":"Lincoln Hotel","street_address":"Lincoln Hotel 91-95 Cardigan Street CARLTON VIC 3053","construction_year":"1856","number_of_floors_above_ground":2,"predominant_space_use":"Entertainment/Recreation - Indoor","accessibility_rating":"1","bicycle_spaces":0}},{"type":"Feature","geometry":{"type":"Point","coordinates":[144.96451,-37.804342]},"properties":{"property_id":"101594","street_address":"97-99 Cardigan Street CARLTON VIC 3053","construction_year":"1875","number_of_floors_above_ground":3,"predominant_space_use":"House/Townhouse","accessibility_rating":"3","bicycle_spaces":0}},{"type":"Feature","geometry":{"type":"Point","coordinates":[144.964544,-37.804145]},"properties":{"property_id":"101598","street_address":"107 Cardigan Street CARLTON VIC 3053","construction_year":"1870","number_of_floors_above_ground":2,"predominant_space_use":"House/Townhouse","accessibility_rating":"0"}},{"type":"Feature","geometry":{"type":"Point","coordinates":[144.964659,-37.803371]},"properties":{"property_id":"101605","street_address":"135-141 Cardigan Street CARLTON VIC 3053","construction_year":"2005","number_of_floors_above_ground":3,"predominant_space_use":"Residential Apartment","accessibility_rating":"3","bicycle_spaces":0}},{"type":"Feature","geometry":{"type":"Point","coordinates":[144.964236,-37.80444]},"properties":{"property_id":"108033","street_address":"140 Queensberry Street CARLTON VIC 3053","construction_year":"1880","number_of_floors_above_ground":2,"predominant_space_use":"Commercial Accommodation","accessibility_rating":"1","bicycle_spaces":0}},{"type":"Feature","geometry":{"type":"Point","coordinates":[144.964344,-37.804468]},"properties":{"property_id":"108034","street_address":"136 Queensberry Street CARLTON VIC 3053","construction_year":"1880","number_of_floors_above_ground":2,"predominant_space_use":"House/Townhouse","accessibility_rating":"0"}},{"type":"Feature","geometry":{"type":"Point","coordinates":[144.964389,-37.804473]},"properties":{"property_id":"108035","street_address":"134 Queensberry Street CARLTON VIC 3053","construction_year":"1880","number_of_floors_above_ground":2,"predominant_space_use":"House/Townhouse","accessibility_rating":"0"}},{"type":"Feature","geometry":{"type":"Point","coordinates":[144.963689,-37.803718]},"properties":{"property_id":"109372","street_address":"554 Swanston Street CARLTON VIC 3053","construction_year":"1885","number_of_floors_above_ground":2,"predominant_space_use":"Entertainment/Recreation - Indoor","accessibility_rating":"1","bicycle_spaces":0}},{"type":"Feature","geometry":{"type":"Point","coordinates":[144.963938,-37.804042]},"properties":{"property_id":"109374","street_address":"538-544 Swanston Street CARLTON VIC 3053","construction_year":"2001","number_of_floors_above_ground":6,"predominant_space_use":"Residential Apartment","accessibility_rating":"3","bicycle_spaces":0}},{"type":"Feature","geometry":{"type":"Point","coordinates":[144.964327,-37.803847]},"properties":{"property_id":"111516","street_address":"9 Kelvin Place CARLTON VIC 3053","number_of_floors_above_ground":2,"predominant_space_use":"House/Townhouse","accessibility_rating":"0"}},{"type":"Feature","geometry":{"type":"Point","coordinates":[144.964253,-37.803839]},"properties":{"property_id":"111517","street_address":"11 Kelvin Place CARLTON VIC 3053","number_of_floors_above_ground":2,"predominant_space_use":"House/Townhouse","accessibility_rating":"0"}},{"type":"Feature","geometry":{"type":"Point","coordinates":[144.964176,-37.803831]},"properties":{"property_id":"111518","street_address":"13 Kelvin Place CARLTON VIC 3053","number_of_floors_above_ground":1,"predominant_space_use":"House/Townhouse","accessibility_rating":"0"}},{"type":"Feature","geometry":{"type":"Point","coordinates":[144.964279,-37.80432]},"properties":{"property_id":"625435","street_address":"8 Little Queensberry Street CARLTON VIC 3053","number_of_floors_above_ground":3,"predominant_space_use":"House/Townhouse","accessibility_rating":"0","bicycle_spaces":0}},{"type":"Feature","geometry":{"type":"Point","coordinates":[144.962027,-37.804214]},"properties":{"property_id":"108026","street_address":"210 Queensberry Street CARLTON VIC 3053","construction_year":"1870","number_of_floors_above_ground":2,"predominant_space_use":"Residential Apartment","accessibility_rating":"1","bicycle_spaces":0}},{"type":"Feature","geometry":{"type":"Point","coordinates":[144.962785,-37.804293]},"properties":{"property_id":"108029","street_address":"599-605 Swanston Street CARLTON VIC 3053","construction_year":"2019","number_of_floors_above_ground":21,"predominant_space_use":"Student Accommodation","accessibility_rating":"3","bicycle_spaces":87}},{"type":"Feature","geometry":{"type":"Point","coordinates":[144.962969,-37.804038]},"properties":{"property_id":"109323","building_name":"Ibis Melbourne Swanston Street","street_address":"Essence Hotel Carlton 607-621 Swanston Street CARLTON VIC 3053","construction_year":"2013","number_of_floors_above_ground":9,"predominant_space_use":"Commercial Accommodation","accessibility_rating":"3","bicycle_spaces":18}},{"type":"Feature","geometry":{"type":"Point","coordinates":[144.962483,-37.803726]},"properties":{"property_id":"109325","street_address":"621A Swanston Street CARLTON VIC 3053","construction_year":"1930","number_of_floors_above_ground":4,"predominant_space_use":"Student Accommodation","accessibility_rating":"1","bicycle_spaces":0}},{"type":"Feature","geometry":{"type":"Point","coordinates":[144.962857,-37.803371]},"properties":{"property_id":"518846","street_address":"15-17 Lincoln Square South CARLTON VIC 3053","construction_year":"1929","number_of_floors_above_ground":2,"predominant_space_use":"Unoccupied - Unused","accessibility_rating":"1","bicycle_spaces":0}},{"type":"Feature","geometry":{"type":"Point","coordinates":[144.961448,-37.803003]},"properties":{"property_id":"100732","building_name":"Global House","street_address":"24-30 Barkly Place CARLTON VIC 3053","construction_year":"2006","number_of_floors_above_ground":6,"predominant_space_use":"Student Accommodation","accessibility_rating":"1","bicycle_spaces":0}},{"type":"Feature","geometry":{"type":"Point","coordinates":[144.960884,-37.802592]},"properties":{"property_id":"105517","street_address":"152 Leicester Street CARLTON VIC 3053","number_of_floors_above_ground":2,"predominant_space_use":"House/Townhouse","accessibility_rating":"0"}},{"type":"Feature","geometry":{"type":"Point","coordinates":[144.960842,-37.802844]},"properties":{"property_id":"105521","street_address":"140 Leicester Street CARLTON VIC 3053","number_of_floors_above_ground":2,"predominant_space_use":"House/Townhouse","accessibility_rating":"0"}},{"type":"Feature","geometry":{"type":"Point","coordinates":[144.960981,-37.802989]},"properties":{"property_id":"105522","street_address":"130-138 Leicester Street CARLTON VIC 3053","construction_year":"1929","number_of_floors_above_ground":3,"predominant_space_use":"Unoccupied - Unused","accessibility_rating":"3","bicycle_spaces":60}},{"type":"Feature","geometry":{"type":"Point","coordinates":[144.961488,-37.802582]},"properties":{"property_id":"107542","building_name":"VPC House","street_address":"147-155 Pelham Street CARLTON VIC 3053","construction_year":"1970","number_of_floors_above_ground":2,"predominant_space_use":"Unoccupied - Unused","accessibility_rating":"3","bicycle_spaces":0}},{"type":"Feature","geometry":{"type":"Point","coordinates":[144.961523,-37.804054]},"properties":{"property_id":"108025","street_address":"214-222 Queensberry Street CARLTON VIC 3053","construction_year":"1928","number_of_floors_above_ground":1,"predominant_space_use":"Equipment Installation","accessibility_rating":"0","bicycle_spaces":0}},{"type":"Feature","geometry":{"type":"Point","coordinates":[144.961335,-37.802421]},"properties":{"property_id":"525992","street_address":"157 Pelham Street CARLTON VIC 3053","construction_year":"1940","number_of_floors_above_ground":3,"predominant_space_use":"Residential Apartment","accessibility_rating":"1","bicycle_spaces":0}},{"type":"Feature","geometry":{"type":"Point","coordinates":[144.961186,-37.802503]},"properties":{"property_id":"525995","street_address":"13 Leicester Place CARLTON VIC 3053","number_of_floors_above_ground":3,"predominant_space_use":"House/Townhouse","accessibility_rating":"0"}},{"type":"Feature","geometry":{"type":"Point","coordinates":[144.959941,-37.802638]},"properties":{"property_id":"100840","street_address":"60 Barry Street CARLTON VIC 3053","number_of_floors_above_ground":1,"predominant_space_use":"House/Townhouse","accessibility_rating":"0"}},{"type":"Feature","geometry":{"type":"Point","coordinates":[144.959963,-37.802722]},"properties":{"property_id":"502500","street_address":"56 Barry Street CARLTON VIC 3053","number_of_floors_above_ground":2,"predominant_space_use":"House/Townhouse","accessibility_rating":"0"}},{"type":"Feature","geometry":{"type":"Point","coordinates":[144.960243,-37.803155]},"properties":{"property_id":"558656","street_address":"117 Leicester Street CARLTON VIC 3053","construction_year":"1999","number_of_floors_above_ground":3,"predominant_space_use":"House/Townhouse","accessibility_rating":"0"}},{"type":"Feature","geometry":{"type":"Point","coordinates":[144.960008,-37.802964]},"properties":{"property_id":"592857","street_address":"42-50 Barry Street CARLTON VIC 3053","construction_year":"1987","number_of_floors_above_ground":8,"predominant_space_use":"Student Accommodation","accessibility_rating":"3","bicycle_spaces":0}},{"type":"Feature","geometry":{"type":"Point","coordinates":[144.960209,-37.802903]},"properties":{"property_id":"592858","street_address":"127-133 Leicester Street CARLTON VIC 3053","construction_year":"2006","number_of_floors_above_ground":9,"predominant_space_use":"Student Accommodation","accessibility_rating":"1","bicycle_spaces":25}},{"type":"Feature","geometry":{"type":"Point","coordinates":[144.959495,-37.803291]},"properties":{"property_id":"100828","building_name":"The University of Melbourne - Building 221","street_address":"31-47 Barry Street CARLTON VIC 3053","construction_year":"1938","number_of_floors_above_ground":5,"predominant_space_use":"Office","accessibility_rating":"1","bicycle_spaces":8}},{"type":"Feature","geometry":{"type":"Point","coordinates":[144.959307,-37.802698]},"properties":{"property_id":"100831","street_address":"65-67 Barry Street CARLTON VIC 3053","number_of_floors_above_ground":1,"predominant_space_use":"House/Townhouse","accessibility_rating":"0"}},{"type":"Feature","geometry":{"type":"Point","coordinates":[144.9589,-37.802356]},"properties":{"property_id":"101057","street_address":"138 Berkeley Street CARLTON VIC 3053","number_of_floors_above_ground":2,"predominant_space_use":"House/Townhouse","accessibility_rating":"0"}},{"type":"Feature","geometry":{"type":"Point","coordinates":[144.958969,-37.802508]},"properties":{"property_id":"101059","street_address":"122-136 Berkeley Street CARLTON VIC 3053","construction_year":"2019","number_of_floors_above_ground":13,"predominant_space_use":"Student Accommodation","accessibility_rating":"0","bicycle_spaces":30}},{"type":"Feature","geometry":{"type":"Point","coordinates":[144.958984,-37.802233]},"properties":{"property_id":"107545","street_address":"81-87 Barry Street CARLTON VIC 3053","construction_year":"2018","number_of_floors_above_ground":13,"predominant_space_use":"Student Accommodation","accessibility_rating":"3","bicycle_spaces":120}},{"type":"Feature","geometry":{"type":"Point","coordinates":[144.960106,-37.804003]},"properties":{"property_id":"111450","street_address":"Substation Opposite 1 Barry Street, CARLTON VIC 3053","number_of_floors_above_ground":1,"predominant_space_use":"Equipment Installation","accessibility_rating":"0","bicycle_spaces":0}},{"type":"Feature","geometry":{"type":"Point","coordinates":[144.959281,-37.802638]},"properties":{"property_id":"111519","street_address":"69-71 Barry Street CARLTON VIC 3053","number_of_floors_above_ground":2,"predominant_space_use":"House/Townhouse","accessibility_rating":"0"}},{"type":"Feature","geometry":{"type":"Point","coordinates":[144.959258,-37.802578]},"properties":{"property_id":"111520","street_address":"73 Barry Street CARLTON VIC 3053","number_of_floors_above_ground":1,"predominant_space_use":"House/Townhouse","accessibility_rating":"0"}},{"type":"Feature","geometry":{"type":"Point","coordinates":[144.959031,-37.802668]},"properties":{"property_id":"111525","street_address":"120 Berkeley Street CARLTON VIC 3053","construction_year":"2008","number_of_floors_above_ground":4,"predominant_space_use":"House/Townhouse","accessibility_rating":"0","bicycle_spaces":0}},{"type":"Feature","geometry":{"type":"Point","coordinates":[144.958792,-37.803099]},"properties":{"property_id":"101043","building_name":"Urbanest Berkeley","street_address":"97-115 Berkeley Street MELBOURNE VIC 3000","construction_year":"2014","number_of_floors_above_ground":13,"predominant_space_use":"Student Accommodation","accessibility_rating":"3","bicycle_spaces":15}},{"type":"Feature","geometry":{"type":"Point","coordinates":[144.958052,-37.802095]},"properties":{"property_id":"103261","street_address":"696-708 Elizabeth Street MELBOURNE VIC 3000","construction_year":"1886","number_of_floors_above_ground":2,"predominant_space_use":"Unoccupied - Unused","accessibility_rating":"1","bicycle_spaces":0}},{"type":"Feature","geometry":{"type":"Point","coordinates":[144.958519,-37.803078]},"properties":{"property_id":"103270","street_address":"654 Elizabeth Street MELBOURNE VIC 3000","construction_year":"1910","number_of_floors_above_ground":2,"predominant_space_use":"Retail - Shop","accessibility_rating":"1","bicycle_spaces":0}},{"type":"Feature","geometry":{"type":"Point","coordinates":[144.958563,-37.803175]},"properties":{"property_id":"103271","building_name":"Hollyford Apartments","street_address":"Hollyford Apartments 646-652 Elizabeth Street MELBOURNE VIC 3000","construction_year":"1915","number_of_floors_above_ground":3,"predominant_space_use":"Residential Apartment","accessibility_rating":"1","bicycle_spaces":0}},{"type":"Feature","geometry":{"type":"Point","coordinates":[144.958823,-37.803495]},"properties":{"property_id":"103274","street_address":"632 Elizabeth Street MELBOURNE VIC 3000","construction_year":"1970","number_of_floors_above_ground":2,"predominant_space_use":"House/Townhouse","accessibility_rating":"0","bicycle_spaces":0}},{"type":"Feature","geometry":{"type":"Point","coordinates":[144.958939,-37.803894]},"properties":{"property_id":"103276","building_name":"Royal Artillery Hotel","street_address":"Royal Artillery Hotel 614-616 Elizabeth Street MELBOURNE VIC 3000","construction_year":"1859","number_of_floors_above_ground":3,"predominant_space_use":"Unoccupied - Unused","accessibility_rating":"2","bicycle_spaces":0}},{"type":"Feature","geometry":{"type":"Point","coordinates":[144.959155,-37.803879]},"properties":{"property_id":"108022","street_address":"278-284 Queensberry Street MELBOURNE VIC 3000","construction_year":"1912","number_of_floors_above_ground":2,"predominant_space_use":"Retail - Shop","accessibility_rating":"0","bicycle_spaces":0}},{"type":"Feature","geometry":{"type":"Point","coordinates":[144.959131,-37.804414]},"properties":{"property_id":"103278","street_address":"594-598 Elizabeth Street MELBOURNE VIC 3000","construction_year":"1910","number_of_floors_above_ground":2,"predominant_space_use":"Workshop/Studio","accessibility_rating":"2","bicycle_spaces":0}},{"type":"Feature","geometry":{"type":"Point","coordinates":[144.959335,-37.804603]},"properties":{"property_id":"103279","street_address":"582-590 Elizabeth Street MELBOURNE VIC 3000","construction_year":"1965","number_of_floors_above_ground":2,"predominant_space_use":"Retail - Shop","accessibility_rating":"3","bicycle_spaces":0}},{"type":"Feature","geometry":{"type":"Point","coordinates":[144.959382,-37.80471]},"properties":{"property_id":"103280","street_address":"580 Elizabeth Street MELBOURNE VIC 3000","construction_year":"1898","number_of_floors_above_ground":2,"predominant_space_use":"Office","accessibility_rating":"2","bicycle_spaces":0}},{"type":"Feature","geometry":{"type":"Point","coordinates":[144.959409,-37.804763]},"properties":{"property_id":"103281","street_address":"576-578 Elizabeth Street MELBOURNE VIC 3000","construction_year":"1900","number_of_floors_above_ground":2,"predominant_space_use":"Retail - Shop","accessibility_rating":"1","bicycle_spaces":0}},{"type":"Feature","geometry":{"type":"Point","coordinates":[144.959745,-37.805686]},"properties":{"property_id":"103289","building_name":"Loyal Orange House","street_address":"524-530 Elizabeth Street MELBOURNE VIC 3000","construction_year":"1891","number_of_floors_above_ground":2,"predominant_space_use":"Performances, Conferences, Ceremonies","accessibility_rating":"1","bicycle_spaces":0}},{"type":"Feature","geometry":{"type":"Point","coordinates":[144.959926,-37.804406]},"properties":{"property_id":"107875","street_address":"261-263 Queensberry Street CARLTON VIC 3053","construction_year":"1930","number_of_floors_above_ground":2,"predominant_space_use":"Entertainment/Recreation - Indoor","accessibility_rating":"3","bicycle_spaces":0}},{"type":"Feature","geometry":{"type":"Point","coordinates":[144.959793,-37.804384]},"properties":{"property_id":"107876","street_address":"265-271 Queensberry Street CARLTON VIC 3053","construction_year":"1930","number_of_floors_above_ground":1,"predominant_space_use":"Workshop/Studio","accessibility_rating":"3","bicycle_spaces":0}},{"type":"Feature","geometry":{"type":"Point","coordinates":[144.961376,-37.804959]},"properties":{"property_id":"101242","building_name":"The Ballagio","street_address":"The Bellagio Carlton 63-69 Bouverie Street CARLTON VIC 3053","construction_year":"2008","number_of_floors_above_ground":8,"predominant_space_use":"Residential Apartment","accessibility_rating":"3","bicycle_spaces":0}},{"type":"Feature","geometry":{"type":"Point","coordinates":[144.96141,-37.804779]},"properties":{"property_id":"101243","street_address":"71-79 Bouverie Street CARLTON VIC 3053","construction_year":"2011","number_of_floors_above_ground":9,"predominant_space_use":"Student Accommodation","accessibility_rating":"3","bicycle_spaces":16}},{"type":"Feature","geometry":{"type":"Point","coordinates":[144.96074,-37.804895]},"properties":{"property_id":"105525","building_name":"60L Green Building","street_address":"60-66 Leicester Street CARLTON VIC 3053","construction_year":"1880","number_of_floors_above_ground":4,"predominant_space_use":"Office","accessibility_rating":"3","bicycle_spaces":33}},{"type":"Feature","geometry":{"type":"Point","coordinates":[144.961149,-37.804591]},"properties":{"property_id":"107871","street_address":"229 Queensberry Street CARLTON VIC 3053","construction_year":"1890","number_of_floors_above_ground":2,"predominant_space_use":"Entertainment/Recreation - Indoor","accessibility_rating":"1","bicycle_spaces":0}},{"type":"Feature","geometry":{"type":"Point","coordinates":[144.961035,-37.804575]},"properties":{"property_id":"107872","street_address":"231 Queensberry Street CARLTON VIC 3053","construction_year":"1917","number_of_floors_above_ground":5,"predominant_space_use":"House/Townhouse","accessibility_rating":"1","bicycle_spaces":0}},{"type":"Feature","geometry":{"type":"Point","coordinates":[144.96109,-37.806093]},"properties":{"property_id":"563935","building_name":"Bouverie Close Apartments","street_address":"Bouverie Close Apartments 1-19 Bouverie Street CARLTON VIC 3053","construction_year":"2002","number_of_floors_above_ground":10,"predominant_space_use":"Residential Apartment","accessibility_rating":"3","bicycle_spaces":0}},{"type":"Feature","geometry":{"type":"Point","coordinates":[144.962139,-37.804672]},"properties":{"property_id":"107868","street_address":"201-203 Queensberry Street CARLTON VIC 3053","construction_year":"1910","number_of_floors_above_ground":1,"predominant_space_use":"Retail - Shop","accessibility_rating":"3","bicycle_spaces":0}},{"type":"Feature","geometry":{"type":"Point","coordinates":[144.962907,-37.804753]},"properties":{"property_id":"109322","building_name":"Queensberry Hotel","street_address":"593-597 Swanston Street CARLTON VIC 3053","construction_year":"1850","number_of_floors_above_ground":2,"predominant_space_use":"Entertainment/Recreation - Indoor","accessibility_rating":"1","bicycle_spaces":0}},{"type":"Feature","geometry":{"type":"Point","coordinates":[144.962508,-37.805696]},"properties":{"property_id":"661677","building_name":"Swanston Square Building","street_address":"555 Swanston Street CARLTON VIC 3053","construction_year":"2015","number_of_floors_above_ground":32,"predominant_space_use":"Residential Apartment","accessibility_rating":"3","bicycle_spaces":0}},{"type":"Feature","geometry":{"type":"Point","coordinates":[144.961948,-37.805686]},"properties":{"property_id":"661088","street_address":"28-44 Bouverie Street CARLTON VIC 3053","construction_year":"2016","number_of_floors_above_ground":22,"predominant_space_use":"Residential Apartment","accessibility_rating":"3","bicycle_spaces":0}},{"type":"Feature","geometry":{"type":"Point","coordinates":[144.964122,-37.806247]},"properties":{"property_id":"101577","street_address":"15-21 Cardigan Street CARLTON VIC 3053","number_of_floors_above_ground":1,"predominant_space_use":"Parking - Private Covered","accessibility_rating":"0","bicycle_spaces":0}},{"type":"Feature","geometry":{"type":"Point","coordinates":[144.964252,-37.805529]},"properties":{"property_id":"101578","street_address":"51 Cardigan Street CARLTON VIC 3053","construction_year":"1896","number_of_floors_above_ground":2,"predominant_space_use":"House/Townhouse","accessibility_rating":"1","bicycle_spaces":0}},{"type":"Feature","geometry":{"type":"Point","coordinates":[144.964279,-37.805439]},"properties":{"property_id":"101581","street_address":"55 Cardigan Street CARLTON VIC 3053","construction_year":"1896","number_of_floors_above_ground":2,"predominant_space_use":"Entertainment/Recreation - Indoor","accessibility_rating":"1","bicycle_spaces":0}},{"type":"Feature","geometry":{"type":"Point","coordinates":[144.964308,-37.80535]},"properties":{"property_id":"101583","building_name":"George's Terrace","street_address":"59 Cardigan Street CARLTON VIC 3053","number_of_floors_above_ground":2,"predominant_space_use":"House/Townhouse","accessibility_rating":"0"}},{"type":"Feature","geometry":{"type":"Point","coordinates":[144.964333,-37.805216]},"properties":{"property_id":"101586","building_name":"George's Terrace","street_address":"65-69 Cardigan Street CARLTON VIC 3053","number_of_floors_above_ground":2,"predominant_space_use":"House/Townhouse","accessibility_rating":"0"}},{"type":"Feature","geometry":{"type":"Point","coordinates":[144.964366,-37.80506]},"properties":{"property_id":"101588","street_address":"73-81 Cardigan Street CARLTON VIC 3053","construction_year":"2015","number_of_floors_above_ground":9,"predominant_space_use":"Residential Apartment","accessibility_rating":"3","bicycle_spaces":0}},{"type":"Feature","geometry":{"type":"Point","coordinates":[144.964435,-37.804939]},"properties":{"property_id":"101590","street_address":"83 Cardigan Street CARLTON VIC 3053","construction_year":"1900","number_of_floors_above_ground":2,"predominant_space_use":"House/Townhouse","accessibility_rating":"0"}},{"type":"Feature","geometry":{"type":"Point","coordinates":[144.96444,-37.804903]},"properties":{"property_id":"101591","street_address":"85 Cardigan Street CARLTON VIC 3053","construction_year":"1900","number_of_floors_above_ground":2,"predominant_space_use":"House/Townhouse","accessibility_rating":"0"}},{"type":"Feature","geometry":{"type":"Point","coordinates":[144.96427,-37.804898]},"properties":{"property_id":"107866","street_address":"135 Queensberry Street CARLTON VIC 3053","number_of_floors_above_ground":2,"predominant_space_use":"House/Townhouse","accessibility_rating":"0"}},{"type":"Feature","geometry":{"type":"Point","coordinates":[144.963921,-37.804933]},"properties":{"property_id":"107867","building_name":"The Eminence","street_address":"139-155 Queensberry Street CARLTON VIC 3053","construction_year":"2017","number_of_floors_above_ground":15,"predominant_space_use":"Residential Apartment","accessibility_rating":"3","bicycle_spaces":0}},{"type":"Feature","geometry":{"type":"Point","coordinates":[144.96326,-37.806369]},"properties":{"property_id":"109386","street_address":"442-456 Swanston Street CARLTON VIC 3053","construction_year":"1989","number_of_floors_above_ground":5,"predominant_space_use":"Unoccupied - Unused","accessibility_rating":"2","bicycle_spaces":10}},{"type":"Feature","geometry":{"type":"Point","coordinates":[144.963884,-37.806464]},"properties":{"property_id":"109846","building_name":"RMIT University Building 97","street_address":"106-108 Victoria Street CARLTON VIC 3053","construction_year":"1970","number_of_floors_above_ground":3,"predominant_space_use":"Office","accessibility_rating":"1","bicycle_spaces":0}},{"type":"Feature","geometry":{"type":"Point","coordinates":[144.963495,-37.804963]},"properties":{"property_id":"532665","street_address":"510-512 Swanston Street CARLTON VIC 3053","construction_year":"1874","number_of_floors_above_ground":2,"predominant_space_use":"Entertainment/Recreation - Indoor","accessibility_rating":"3","bicycle_spaces":0}},{"type":"Feature","geometry":{"type":"Point","coordinates":[144.963485,-37.805016]},"properties":{"property_id":"532666","street_address":"508 Swanston Street CARLTON VIC 3053","construction_year":"1873","number_of_floors_above_ground":2,"predominant_space_use":"Retail - Shop","accessibility_rating":"1","bicycle_spaces":0}},{"type":"Feature","geometry":{"type":"Point","coordinates":[144.965635,-37.806638]},"properties":{"property_id":"106077","street_address":"9 Lygon Street CARLTON VIC 3053","construction_year":"1891","number_of_floors_above_ground":2,"predominant_space_use":"House/Townhouse","accessibility_rating":"2","bicycle_spaces":0}},{"type":"Feature","geometry":{"type":"Point","coordinates":[144.965646,-37.806512]},"properties":{"property_id":"106079","building_name":"RMIT Building 44 J Reilly Building","street_address":"13-15 Lygon Street CARLTON VIC 3053","construction_year":"1896","number_of_floors_above_ground":2,"predominant_space_use":"Unoccupied - Under Renovation","accessibility_rating":"1","bicycle_spaces":0}},{"type":"Feature","geometry":{"type":"Point","coordinates":[144.965353,-37.806701]},"properties":{"property_id":"109851","street_address":"74 Victoria Street CARLTON VIC 3053","construction_year":"1972","number_of_floors_above_ground":3,"predominant_space_use":"Entertainment/Recreation - Indoor","accessibility_rating":"1","bicycle_spaces":0}},{"type":"Feature","geometry":{"type":"Point","coordinates":[144.965421,-37.806708]},"properties":{"property_id":"109852","street_address":"72 Victoria Street CARLTON VIC 3053","construction_year":"1870","number_of_floors_above_ground":2,"predominant_space_use":"Entertainment/Recreation - Indoor","accessibility_rating":"1","bicycle_spaces":0}},{"type":"Feature","geometry":{"type":"Point","coordinates":[144.965473,-37.806715]},"properties":{"property_id":"534003","building_name":"Russell Terrace","street_address":"70 Victoria Street CARLTON VIC 3053","construction_year":"1870","number_of_floors_above_ground":2,"predominant_space_use":"Retail - Shop","accessibility_rating":"1","bicycle_spaces":0}},{"type":"Feature","geometry":{"type":"Point","coordinates":[144.965526,-37.806717]},"properties":{"property_id":"534005","building_name":"Russell Terrace","street_address":"68 Victoria Street CARLTON VIC 3053","construction_year":"1870","number_of_floors_above_ground":2,"predominant_space_use":"Entertainment/Recreation - Indoor","accessibility_rating":"1","bicycle_spaces":0}},{"type":"Feature","geometry":{"type":"Point","coordinates":[144.967053,-37.806835]},"properties":{"property_id":"102603","building_name":"Melbournia Terrace","street_address":"5 Drummond Street CARLTON VIC 3053","construction_year":"1877","number_of_floors_above_ground":2,"predominant_space_use":"House/Townhouse","accessibility_rating":"0"}},{"type":"Feature","geometry":{"type":"Point","coordinates":[144.967076,-37.806686]},"properties":{"property_id":"102606","building_name":"Melbournia Terrace","street_address":"11 Drummond Street CARLTON VIC 3053","construction_year":"1877","number_of_floors_above_ground":2,"predominant_space_use":"House/Townhouse","accessibility_rating":"0"}},{"type":"Feature","geometry":{"type":"Point","coordinates":[144.96708,-37.806635]},"properties":{"property_id":"102607","building_name":"Melbournia Terrace","street_address":"13 Drummond Street CARLTON VIC 3053","construction_year":"1877","number_of_floors_above_ground":2,"predominant_space_use":"House/Townhouse","accessibility_rating":"0"}},{"type":"Feature","geometry":{"type":"Point","coordinates":[144.967004,-37.80657]},"properties":{"property_id":"102608","building_name":"Rosedale House","street_address":"15 Drummond Street CARLTON VIC 3053","construction_year":"1888","number_of_floors_above_ground":2,"predominant_space_use":"House/Townhouse","accessibility_rating":"0"}},{"type":"Feature","geometry":{"type":"Point","coordinates":[144.967033,-37.80637]},"properties":{"property_id":"102611","building_name":"Budfford Terrace","street_address":"21-23 Drummond Street CARLTON VIC 3053","construction_year":"1868","number_of_floors_above_ground":2,"predominant_space_use":"House/Townhouse","accessibility_rating":"1","bicycle_spaces":0}},{"type":"Feature","geometry":{"type":"Point","coordinates":[144.96719,-37.806218]},"properties":{"property_id":"102612","street_address":"29 Drummond Street CARLTON VIC 3053","construction_year":"1867","number_of_floors_above_ground":2,"predominant_space_use":"Hospital/Clinic","accessibility_rating":"1","bicycle_spaces":0}},{"type":"Feature","geometry":{"type":"Point","coordinates":[144.967033,-37.806083]},"properties":{"property_id":"102614","street_address":"33 Drummond Street CARLTON VIC 3053","construction_year":"1870","number_of_floors_above_ground":2,"predominant_space_use":"Hospital/Clinic","accessibility_rating":"1","bicycle_spaces":0}},{"type":"Feature","geometry":{"type":"Point","coordinates":[144.967133,-37.805732]},"properties":{"property_id":"102619","street_address":"47 Drummond Street CARLTON VIC 3053","construction_year":"1866","number_of_floors_above_ground":2,"predominant_space_use":"House/Townhouse","accessibility_rating":"1","bicycle_spaces":0}},{"type":"Feature","geometry":{"type":"Point","coordinates":[144.967011,-37.805634]},"properties":{"property_id":"102621","street_address":"8-12 McDonald Lane CARLTON VIC 3053","number_of_floors_above_ground":2,"predominant_space_use":"House/Townhouse","accessibility_rating":"0"}},{"type":"Feature","geometry":{"type":"Point","coordinates":[144.967154,-37.805596]},"properties":{"property_id":"102622","street_address":"51 Drummond Street CARLTON VIC 3053","number_of_floors_above_ground":2,"predominant_space_use":"House/Townhouse","accessibility_rating":"0"}},{"type":"Feature","geometry":{"type":"Point","coordinates":[144.967222,-37.805548]},"properties":{"property_id":"102623","street_address":"53-55 Drummond Street CARLTON VIC 3053","construction_year":"1870","number_of_floors_above_ground":3,"predominant_space_use":"House/Townhouse","accessibility_rating":"1","bicycle_spaces":0}},{"type":"Feature","geometry":{"type":"Point","coordinates":[144.966994,-37.805329]},"properties":{"property_id":"107864","building_name":"Romanian Orthodox Church","street_address":"53-63 Queensberry Street CARLTON VIC 3053","construction_year":"1867","number_of_floors_above_ground":1,"predominant_space_use":"Performances, Conferences, Ceremonies","accessibility_rating":"2","bicycle_spaces":0}},{"type":"Feature","geometry":{"type":"Point","coordinates":[144.967358,-37.80526]},"properties":{"property_id":"567290","street_address":"67 Drummond Street CARLTON VIC 3053","construction_year":"1870","number_of_floors_above_ground":2,"predominant_space_use":"House/Townhouse","accessibility_rating":"1","bicycle_spaces":0}},{"type":"Feature","geometry":{"type":"Point","coordinates":[144.967922,-37.806347]},"properties":{"property_id":"102776","street_address":"26 Drummond Street CARLTON VIC 3053","construction_year":"1910","number_of_floors_above_ground":2,"predominant_space_use":"House/Townhouse","accessibility_rating":"0","bicycle_spaces":0}},{"type":"Feature","geometry":{"type":"Point","coordinates":[144.94779,-37.802397]},"properties":{"property_id":"106071","street_address":"5-7 Little Provost Street NORTH MELBOURNE VIC 3051","number_of_floors_above_ground":1,"predominant_space_use":"House/Townhouse","accessibility_rating":"0"}},{"type":"Feature","geometry":{"type":"Point","coordinates":[144.947803,-37.80223]},"properties":{"property_id":"107732","street_address":"1-3 Provost Street NORTH MELBOURNE VIC 3051","construction_year":"1960","number_of_floors_above_ground":2,"predominant_space_use":"House/Townhouse","accessibility_rating":"0"}},{"type":"Feature","geometry":{"type":"Point","coordinates":[144.947539,-37.802571]},"properties":{"property_id":"107981","street_address":"594 Queensberry Street NORTH MELBOURNE VIC 3051","construction_year":"1880","number_of_floors_above_ground":2,"predominant_space_use":"Entertainment/Recreation - Indoor","accessibility_rating":"1","bicycle_spaces":0}},{"type":"Feature","geometry":{"type":"Point","coordinates":[144.948001,-37.802215]},"properties":{"property_id":"562212","street_address":"83 Curzon Street NORTH MELBOURNE VIC 3051","construction_year":"2000","number_of_floors_above_ground":3,"predominant_space_use":"House/Townhouse","accessibility_rating":"0"}},{"type":"Feature","geometry":{"type":"Point","coordinates":[144.947773,-37.803112]},"properties":{"property_id":"107927","street_address":"579-589 Queensberry Street NORTH MELBOURNE VIC 3051","construction_year":"1990","number_of_floors_above_ground":2,"predominant_space_use":"Residential Apartment","accessibility_rating":"1","bicycle_spaces":0}},{"type":"Feature","geometry":{"type":"Point","coordinates":[144.94752,-37.804316]},"properties":{"property_id":"102336","street_address":"35 Curzon Street NORTH MELBOURNE VIC 3051","number_of_floors_above_ground":1,"predominant_space_use":"House/Townhouse","accessibility_rating":"0"}},{"type":"Feature","geometry":{"type":"Point","coordinates":[144.947579,-37.803972]},"properties":{"property_id":"102342","street_address":"47 Curzon Street NORTH MELBOURNE VIC 3051","number_of_floors_above_ground":1,"predominant_space_use":"House/Townhouse","accessibility_rating":"0"}},{"type":"Feature","geometry":{"type":"Point","coordinates":[144.947081,-37.80409]},"properties":{"property_id":"103338","building_name":"Ulysses Court","street_address":"5-7 Elm Street NORTH MELBOURNE VIC 3051","number_of_floors_above_ground":3,"predominant_space_use":"Residential Apartment","accessibility_rating":"1","bicycle_spaces":0}},{"type":"Feature","geometry":{"type":"Point","coordinates":[144.946944,-37.804072]},"properties":{"property_id":"103339","street_address":"9-11 Elm Street NORTH MELBOURNE VIC 3051","number_of_floors_above_ground":1,"predominant_space_use":"House/Townhouse","accessibility_rating":"0"}},{"type":"Feature","geometry":{"type":"Point","coordinates":[144.946704,-37.804045]},"properties":{"property_id":"103341","building_name":"Kersbrook","street_address":"17 Elm Street NORTH MELBOURNE VIC 3051","number_of_floors_above_ground":1,"predominant_space_use":"House/Townhouse","accessibility_rating":"0"}},{"type":"Feature","geometry":{"type":"Point","coordinates":[144.946235,-37.804448]},"properties":{"property_id":"109776","building_name":"Maria","street_address":"602-604 Victoria Street NORTH MELBOURNE VIC 3051","number_of_floors_above_ground":1,"predominant_space_use":"House/Townhouse","accessibility_rating":"0"}},{"type":"Feature","geometry":{"type":"Point","coordinates":[144.946583,-37.804484]},"properties":{"property_id":"109780","building_name":"Deva","street_address":"590-592 Victoria Street NORTH MELBOURNE VIC 3051","number_of_floors_above_ground":1,"predominant_space_use":"House/Townhouse","accessibility_rating":"0"}},{"type":"Feature","geometry":{"type":"Point","coordinates":[144.94668,-37.8045]},"properties":{"property_id":"109781","street_address":"586-588 Victoria Street NORTH MELBOURNE VIC 3051","number_of_floors_above_ground":1,"predominant_space_use":"House/Townhouse","accessibility_rating":"0"}},{"type":"Feature","geometry":{"type":"Point","coordinates":[144.946896,-37.80452]},"properties":{"property_id":"109784","street_address":"580 Victoria Street NORTH MELBOURNE VIC 3051","number_of_floors_above_ground":2,"predominant_space_use":"House/Townhouse","accessibility_rating":"0"}},{"type":"Feature","geometry":{"type":"Point","coordinates":[144.948955,-37.803366]},"properties":{"property_id":"100590","street_address":"28-30 Atkin Street NORTH MELBOURNE VIC 3051","number_of_floors_above_ground":3,"predominant_space_use":"House/Townhouse","accessibility_rating":"1","bicycle_spaces":0}},{"type":"Feature","geometry":{"type":"Point","coordinates":[144.948638,-37.803742]},"properties":{"property_id":"100592","street_address":"6-12 Atkin Street NORTH MELBOURNE VIC 3051","construction_year":"2018","number_of_floors_above_ground":4,"predominant_space_use":"Residential Apartment","accessibility_rating":"3","bicycle_spaces":10}},{"type":"Feature","geometry":{"type":"Point","coordinates":[144.948386,-37.803378]},"properties":{"property_id":"102379","street_address":"44-60 Curzon Street NORTH MELBOURNE VIC 3051","number_of_floors_above_ground":1,"predominant_space_use":"Equipment Installation","accessibility_rating":"3","bicycle_spaces":0}},{"type":"Feature","geometry":{"type":"Point","coordinates":[144.948267,-37.803819]},"properties":{"property_id":"102383","street_address":"38 Curzon Street NORTH MELBOURNE VIC 3051","number_of_floors_above_ground":2,"predominant_space_use":"House/Townhouse","accessibility_rating":"0"}},{"type":"Feature","geometry":{"type":"Point","coordinates":[144.948205,-37.804285]},"properties":{"property_id":"102387","building_name":"Roslyn","street_address":"22-24 Curzon Street NORTH MELBOURNE VIC 3051","number_of_floors_above_ground":1,"predominant_space_use":"House/Townhouse","accessibility_rating":"0"}},{"type":"Feature","geometry":{"type":"Point","coordinates":[144.948183,-37.804411]},"properties":{"property_id":"102389","street_address":"14 Curzon Street NORTH MELBOURNE VIC 3051","number_of_floors_above_ground":1,"predominant_space_use":"House/Townhouse","accessibility_rating":"0"}},{"type":"Feature","geometry":{"type":"Point","coordinates":[144.948167,-37.804496]},"properties":{"property_id":"102391","street_address":"10 Curzon Street NORTH MELBOURNE VIC 3051","number_of_floors_above_ground":1,"predominant_space_use":"House/Townhouse","accessibility_rating":"0"}},{"type":"Feature","geometry":{"type":"Point","coordinates":[144.948161,-37.804539]},"properties":{"property_id":"102392","street_address":"8 Curzon Street NORTH MELBOURNE VIC 3051","number_of_floors_above_ground":1,"predominant_space_use":"House/Townhouse","accessibility_rating":"0"}},{"type":"Feature","geometry":{"type":"Point","coordinates":[144.948979,-37.804886]},"properties":{"property_id":"103392","street_address":"1-5 Errol Street NORTH MELBOURNE VIC 3051","construction_year":"1880","number_of_floors_above_ground":2,"predominant_space_use":"Entertainment/Recreation - Indoor","accessibility_rating":"3","bicycle_spaces":0}},{"type":"Feature","geometry":{"type":"Point","coordinates":[144.949042,-37.804637]},"properties":{"property_id":"103396","street_address":"13-15 Errol Street NORTH MELBOURNE VIC 3051","construction_year":"1880","number_of_floors_above_ground":2,"predominant_space_use":"Entertainment/Recreation - Indoor","accessibility_rating":"3","bicycle_spaces":0}},{"type":"Feature","geometry":{"type":"Point","coordinates":[144.949071,-37.804349]},"properties":{"property_id":"103399","street_address":"27 Errol Street NORTH MELBOURNE VIC 3051","construction_year":"1881","number_of_floors_above_ground":2,"predominant_space_use":"Retail - Shop","accessibility_rating":"3","bicycle_spaces":0}},{"type":"Feature","geometry":{"type":"Point","coordinates":[144.948882,-37.804302]},"properties":{"property_id":"103401","street_address":"31 Errol Street NORTH MELBOURNE VIC 3051","construction_year":"1881","number_of_floors_above_ground":2,"predominant_space_use":"Entertainment/Recreation - Indoor","accessibility_rating":"1","bicycle_spaces":0}},{"type":"Feature","geometry":{"type":"Point","coordinates":[144.949035,-37.803964]},"properties":{"property_id":"103406","street_address":"43-45 Errol Street NORTH MELBOURNE VIC 3051","construction_year":"1870","number_of_floors_above_ground":2,"predominant_space_use":"Retail - Shop","accessibility_rating":"1","bicycle_spaces":0}},{"type":"Feature","geometry":{"type":"Point","coordinates":[144.949041,-37.803721]},"properties":{"property_id":"103410","street_address":"55-57 Errol Street NORTH MELBOURNE VIC 3051","construction_year":"1870","number_of_floors_above_ground":2,"predominant_space_use":"Unoccupied - Unused","accessibility_rating":"3","bicycle_spaces":0}},{"type":"Feature","geometry":{"type":"Point","coordinates":[144.949056,-37.803664]},"properties":{"property_id":"103411","street_address":"59 Errol Street NORTH MELBOURNE VIC 3051","construction_year":"1901","number_of_floors_above_ground":2,"predominant_space_use":"Hospital/Clinic","accessibility_rating":"3","bicycle_spaces":0}},{"type":"Feature","geometry":{"type":"Point","coordinates":[144.949205,-37.803603]},"properties":{"property_id":"103413","street_address":"63 Errol Street NORTH MELBOURNE VIC 3051","construction_year":"1850","number_of_floors_above_ground":2,"predominant_space_use":"Unoccupied - Unused","accessibility_rating":"3","bicycle_spaces":0}},{"type":"Feature","geometry":{"type":"Point","coordinates":[144.949215,-37.80355]},"properties":{"property_id":"103414","street_address":"65-67 Errol Street NORTH MELBOURNE VIC 3051","construction_year":"1850","number_of_floors_above_ground":2,"predominant_space_use":"Retail - Shop","accessibility_rating":"3","bicycle_spaces":0}},{"type":"Feature","geometry":{"type":"Point","coordinates":[144.949287,-37.803234]},"properties":{"property_id":"103419","street_address":"81 Errol Street NORTH MELBOURNE VIC 3051","construction_year":"1960","number_of_floors_above_ground":1,"predominant_space_use":"Entertainment/Recreation - Indoor","accessibility_rating":"2","bicycle_spaces":0}},{"type":"Feature","geometry":{"type":"Point","coordinates":[144.948875,-37.8032]},"properties":{"property_id":"107923","street_address":"555 Queensberry Street NORTH MELBOURNE VIC 3051","construction_year":"1890","number_of_floors_above_ground":2,"predominant_space_use":"Residential Apartment","accessibility_rating":"1","bicycle_spaces":0}},{"type":"Feature","geometry":{"type":"Point","coordinates":[144.948479,-37.803105]},"properties":{"property_id":"107925","street_address":"569 Queensberry Street NORTH MELBOURNE VIC 3051","construction_year":"1856","number_of_floors_above_ground":2,"predominant_space_use":"House/Townhouse","accessibility_rating":"1","bicycle_spaces":0}},{"type":"Feature","geometry":{"type":"Point","coordinates":[144.948783,-37.804479]},"properties":{"property_id":"580095","street_address":"3 Errol Place NORTH MELBOURNE VIC 3051","construction_year":"1880","number_of_floors_above_ground":3,"predominant_space_use":"Office","accessibility_rating":"1","bicycle_spaces":0}},{"type":"Feature","geometry":{"type":"Point","coordinates":[144.948281,-37.803946]},"properties":{"property_id":"636919","street_address":"4 Curzon Place NORTH MELBOURNE VIC 3051","construction_year":"2013","number_of_floors_above_ground":3,"predominant_space_use":"House/Townhouse","accessibility_rating":"1","bicycle_spaces":0}},{"type":"Feature","geometry":{"type":"Point","coordinates":[144.948552,-37.802365]},"properties":{"property_id":"102373","street_address":"78-80 Curzon Street NORTH MELBOURNE VIC 3051","construction_year":"1863","number_of_floors_above_ground":2,"predominant_space_use":"Office","accessibility_rating":"1","bicycle_spaces":3}},{"type":"Feature","geometry":{"type":"Point","coordinates":[144.94943,-37.802716]},"properties":{"property_id":"103422","street_address":"93 Errol Street NORTH MELBOURNE VIC 3051","construction_year":"1850","number_of_floors_above_ground":2,"predominant_space_use":"Residential Apartment","accessibility_rating":"1","bicycle_spaces":0}},{"type":"Feature","geometry":{"type":"Point","coordinates":[144.949406,-37.802608]},"properties":{"property_id":"103424","street_address":"97 Errol Street NORTH MELBOURNE VIC 3051","construction_year":"1850","number_of_floors_above_ground":2,"predominant_space_use":"Storage","accessibility_rating":"1","bicycle_spaces":0}},{"type":"Feature","geometry":{"type":"Point","coordinates":[144.949501,-37.802137]},"properties":{"property_id":"103429","street_address":"117-119 Errol Street NORTH MELBOURNE VIC 3051","construction_year":"1873","number_of_floors_above_ground":2,"predominant_space_use":"Office","accessibility_rating":"2","bicycle_spaces":0}},{"type":"Feature","geometry":{"type":"Point","coordinates":[144.949308,-37.802703]},"properties":{"property_id":"106503","street_address":"8 Mattinglys Lane NORTH MELBOURNE VIC 3051","number_of_floors_above_ground":2,"predominant_space_use":"House/Townhouse","accessibility_rating":"0"}},{"type":"Feature","geometry":{"type":"Point","coordinates":[144.949079,-37.802118]},"properties":{"property_id":"107847","street_address":"12 Purcell Street NORTH MELBOURNE VIC 3051","number_of_floors_above_ground":2,"predominant_space_use":"House/Townhouse","accessibility_rating":"0"}},{"type":"Feature","geometry":{"type":"Point","coordinates":[144.94933,-37.802143]},"properties":{"property_id":"107850","street_address":"2-4 Purcell Street NORTH MELBOURNE VIC 3051","number_of_floors_above_ground":1,"predominant_space_use":"House/Townhouse","accessibility_rating":"0"}},{"type":"Feature","geometry":{"type":"Point","coordinates":[144.948833,-37.802092]},"properties":{"property_id":"107851","street_address":"22 Purcell Street NORTH MELBOURNE VIC 3051","number_of_floors_above_ground":2,"predominant_space_use":"House/Townhouse","accessibility_rating":"0"}},{"type":"Feature","geometry":{"type":"Point","coordinates":[144.948603,-37.802068]},"properties":{"property_id":"107855","street_address":"30 Purcell Street NORTH MELBOURNE VIC 3051","number_of_floors_above_ground":2,"predominant_space_use":"House/Townhouse","accessibility_rating":"0"}},{"type":"Feature","geometry":{"type":"Point","coordinates":[144.948841,-37.802484]},"properties":{"property_id":"107859","street_address":"7 Queensberry Place NORTH MELBOURNE VIC 3051","number_of_floors_above_ground":2,"predominant_space_use":"House/Townhouse","accessibility_rating":"0"}},{"type":"Feature","geometry":{"type":"Point","coordinates":[144.948963,-37.80276]},"properties":{"property_id":"107990","street_address":"550-552 Queensberry Street NORTH MELBOURNE VIC 3051","construction_year":"1890","number_of_floors_above_ground":2,"predominant_space_use":"Unoccupied - Unused","accessibility_rating":"1","bicycle_spaces":0}},{"type":"Feature","geometry":{"type":"Point","coordinates":[144.949366,-37.802841]},"properties":{"property_id":"107995","street_address":"536-542 Queensberry Street NORTH MELBOURNE VIC 3051","construction_year":"1890","number_of_floors_above_ground":2,"predominant_space_use":"Retail - Shop","accessibility_rating":"3","bicycle_spaces":0}},{"type":"Feature","geometry":{"type":"Point","coordinates":[144.949431,-37.80235]},"properties":{"property_id":"570834","street_address":"1A Purcell Street NORTH MELBOURNE VIC 3051","number_of_floors_above_ground":3,"predominant_space_use":"House/Townhouse","accessibility_rating":"0"}},{"type":"Feature","geometry":{"type":"Point","coordinates":[144.949525,-37.80236]},"properties":{"property_id":"570835","street_address":"109 Errol Street NORTH MELBOURNE VIC 3051","number_of_floors_above_ground":3,"predominant_space_use":"House/Townhouse","accessibility_rating":"0"}},{"type":"Feature","geometry":{"type":"Point","coordinates":[144.948999,-37.80236]},"properties":{"property_id":"576887","street_address":"11 Purcell Street NORTH MELBOURNE VIC 3051","construction_year":"2002","number_of_floors_above_ground":3,"predominant_space_use":"House/Townhouse","accessibility_rating":"0"}},{"type":"Feature","geometry":{"type":"Point","coordinates":[144.949245,-37.802387]},"properties":{"property_id":"576891","street_address":"3 Purcell Street NORTH MELBOURNE VIC 3051","construction_year":"2002","number_of_floors_above_ground":2,"predominant_space_use":"House/Townhouse","accessibility_rating":"0"}},{"type":"Feature","geometry":{"type":"Point","coordinates":[144.949306,-37.802391]},"properties":{"property_id":"576892","street_address":"1 Purcell Street NORTH MELBOURNE VIC 3051","construction_year":"2002","number_of_floors_above_ground":2,"predominant_space_use":"House/Townhouse","accessibility_rating":"0"}},{"type":"Feature","geometry":{"type":"Point","coordinates":[144.949156,-37.802575]},"properties":{"property_id":"644565","street_address":"11 Mattinglys Lane NORTH MELBOURNE VIC 3051","number_of_floors_above_ground":3,"predominant_space_use":"House/Townhouse","accessibility_rating":"1","bicycle_spaces":0}},{"type":"Feature","geometry":{"type":"Point","coordinates":[144.94879,-37.802292]},"properties":{"property_id":"681458","street_address":"17 Purcell Street NORTH MELBOURNE VIC 3051","construction_year":"2017","number_of_floors_above_ground":3,"predominant_space_use":"House/Townhouse","accessibility_rating":"1","bicycle_spaces":0}},{"type":"Feature","geometry":{"type":"Point","coordinates":[144.948775,-37.802379]},"properties":{"property_id":"681461","street_address":"18 Dangerfield Lane NORTH MELBOURNE VIC 3051","construction_year":"2017","number_of_floors_above_ground":3,"predominant_space_use":"House/Townhouse","accessibility_rating":"1","bicycle_spaces":0}},{"type":"Feature","geometry":{"type":"Point","coordinates":[144.949413,-37.801185]},"properties":{"property_id":"100462","street_address":"47 Arden Street NORTH MELBOURNE VIC 3051","number_of_floors_above_ground":1,"predominant_space_use":"House/Townhouse","accessibility_rating":"0"}},{"type":"Feature","geometry":{"type":"Point","coordinates":[144.949282,-37.801172]},"properties":{"property_id":"100464","street_address":"51-53 Arden Street NORTH MELBOURNE VIC 3051","construction_year":"1970","number_of_floors_above_ground":1,"predominant_space_use":"Manufacturing","accessibility_rating":"1","bicycle_spaces":0}},{"type":"Feature","geometry":{"type":"Point","coordinates":[144.949116,-37.801102]},"properties":{"property_id":"100466","street_address":"57 Arden Street NORTH MELBOURNE VIC 3051","number_of_floors_above_ground":1,"predominant_space_use":"House/Townhouse","accessibility_rating":"0"}},{"type":"Feature","geometry":{"type":"Point","coordinates":[144.949051,-37.801095]},"properties":{"property_id":"100467","street_address":"59 Arden Street NORTH MELBOURNE VIC 3051","number_of_floors_above_ground":2,"predominant_space_use":"House/Townhouse","accessibility_rating":"0"}},{"type":"Feature","geometry":{"type":"Point","coordinates":[144.948898,-37.8016]},"properties":{"property_id":"102369","street_address":"100-110 Curzon Street NORTH MELBOURNE VIC 3051","number_of_floors_above_ground":2,"predominant_space_use":"Residential Apartment","accessibility_rating":"0","bicycle_spaces":0}},{"type":"Feature","geometry":{"type":"Point","coordinates":[144.949559,-37.801734]},"properties":{"property_id":"103433","street_address":"133 Errol Street NORTH MELBOURNE VIC 3051","number_of_floors_above_ground":2,"predominant_space_use":"House/Townhouse","accessibility_rating":"0"}},{"type":"Feature","geometry":{"type":"Point","coordinates":[144.949508,-37.801594]},"properties":{"property_id":"103435","street_address":"139 Errol Street NORTH MELBOURNE VIC 3051","number_of_floors_above_ground":2,"predominant_space_use":"House/Townhouse","accessibility_rating":"0"}},{"type":"Feature","geometry":{"type":"Point","coordinates":[144.948961,-37.801855]},"properties":{"property_id":"104371","street_address":"16 Glass Street NORTH MELBOURNE VIC 3051","number_of_floors_above_ground":2,"predominant_space_use":"House/Townhouse","accessibility_rating":"0"}},{"type":"Feature","geometry":{"type":"Point","coordinates":[144.949041,-37.801864]},"properties":{"property_id":"104372","street_address":"14 Glass Street NORTH MELBOURNE VIC 3051","construction_year":"2009","number_of_floors_above_ground":3,"predominant_space_use":"Residential Apartment","accessibility_rating":"1","bicycle_spaces":0}},{"type":"Feature","geometry":{"type":"Point","coordinates":[144.949023,-37.801228]},"properties":{"property_id":"110263","street_address":"3-5 Wylies Lane NORTH MELBOURNE VIC 3051","number_of_floors_above_ground":1,"predominant_space_use":"Unoccupied - Unused","accessibility_rating":"1","bicycle_spaces":0}},{"type":"Feature","geometry":{"type":"Point","coordinates":[144.948764,-37.801836]},"properties":{"property_id":"110788","street_address":"22 Glass Street NORTH MELBOURNE VIC 3051","number_of_floors_above_ground":3,"predominant_space_use":"House/Townhouse","accessibility_rating":"1","bicycle_spaces":0}},{"type":"Feature","geometry":{"type":"Point","coordinates":[144.948825,-37.801841]},"properties":{"property_id":"110789","street_address":"20 Glass Street NORTH MELBOURNE VIC 3051","number_of_floors_above_ground":1,"predominant_space_use":"House/Townhouse","accessibility_rating":"0"}},{"type":"Feature","geometry":{"type":"Point","coordinates":[144.948887,-37.801847]},"properties":{"property_id":"110790","street_address":"18 Glass Street NORTH MELBOURNE VIC 3051","number_of_floors_above_ground":1,"predominant_space_use":"House/Townhouse","accessibility_rating":"0"}},{"type":"Feature","geometry":{"type":"Point","coordinates":[144.949554,-37.801915]},"properties":{"property_id":"111176","street_address":"125 Errol Street NORTH MELBOURNE VIC 3051","number_of_floors_above_ground":2,"predominant_space_use":"House/Townhouse","accessibility_rating":"0","bicycle_spaces":0}},{"type":"Feature","geometry":{"type":"Point","coordinates":[144.949551,-37.801779]},"properties":{"property_id":"111177","street_address":"131 Errol Street NORTH MELBOURNE VIC 3051","number_of_floors_above_ground":2,"predominant_space_use":"House/Townhouse","accessibility_rating":"0"}},{"type":"Feature","geometry":{"type":"Point","coordinates":[144.949562,-37.801868]},"properties":{"property_id":"111179","street_address":"127 Errol Street NORTH MELBOURNE VIC 3051","number_of_floors_above_ground":2,"predominant_space_use":"House/Townhouse","accessibility_rating":"0"}},{"type":"Feature","geometry":{"type":"Point","coordinates":[144.949673,-37.801271]},"properties":{"property_id":"512139","building_name":"Errol Mews","street_address":"155 Errol Street NORTH MELBOURNE VIC 3051","number_of_floors_above_ground":1,"predominant_space_use":"House/Townhouse","accessibility_rating":"0"}},{"type":"Feature","geometry":{"type":"Point","coordinates":[144.949681,-37.801232]},"properties":{"property_id":"512140","building_name":"Errol Mews","street_address":"157 Errol Street NORTH MELBOURNE VIC 3051","number_of_floors_above_ground":1,"predominant_space_use":"House/Townhouse","accessibility_rating":"0"}},{"type":"Feature","geometry":{"type":"Point","coordinates":[144.949687,-37.801191]},"properties":{"property_id":"512141","building_name":"Errol Mews","street_address":"159 Errol Street NORTH MELBOURNE VIC 3051","number_of_floors_above_ground":1,"predominant_space_use":"House/Townhouse","accessibility_rating":"0"}},{"type":"Feature","geometry":{"type":"Point","coordinates":[144.949223,-37.801883]},"properties":{"property_id":"562196","street_address":"8 Glass Street NORTH MELBOURNE VIC 3051","construction_year":"2000","number_of_floors_above_ground":3,"predominant_space_use":"House/Townhouse","accessibility_rating":"0"}},{"type":"Feature","geometry":{"type":"Point","coordinates":[144.948618,-37.801372]},"properties":{"property_id":"633942","street_address":"26 Scotia Street NORTH MELBOURNE VIC 3051","construction_year":"2012","number_of_floors_above_ground":2,"predominant_space_use":"House/Townhouse","accessibility_rating":"1","bicycle_spaces":0}},{"type":"Feature","geometry":{"type":"Point","coordinates":[144.948765,-37.801387]},"properties":{"property_id":"633944","street_address":"22 Scotia Street NORTH MELBOURNE VIC 3051","construction_year":"2012","number_of_floors_above_ground":2,"predominant_space_use":"House/Townhouse","accessibility_rating":"1","bicycle_spaces":0}},{"type":"Feature","geometry":{"type":"Point","coordinates":[144.948913,-37.801344]},"properties":{"property_id":"633946","street_address":"18 Scotia Street NORTH MELBOURNE VIC 3051","construction_year":"2012","number_of_floors_above_ground":2,"predominant_space_use":"House/Townhouse","accessibility_rating":"2","bicycle_spaces":0}},{"type":"Feature","geometry":{"type":"Point","coordinates":[144.949124,-37.801372]},"properties":{"property_id":"633950","street_address":"10 Scotia Street NORTH MELBOURNE VIC 3051","construction_year":"2012","number_of_floors_above_ground":2,"predominant_space_use":"House/Townhouse","accessibility_rating":"2","bicycle_spaces":0}},{"type":"Feature","geometry":{"type":"Point","coordinates":[144.949261,-37.80141]},"properties":{"property_id":"633952","street_address":"6 Scotia Street NORTH MELBOURNE VIC 3051","construction_year":"2012","number_of_floors_above_ground":2,"predominant_space_use":"House/Townhouse","accessibility_rating":"1","bicycle_spaces":0}},{"type":"Feature","geometry":{"type":"Point","coordinates":[144.949665,-37.800715]},"properties":{"property_id":"100526","street_address":"58 Arden Street NORTH MELBOURNE VIC 3051","number_of_floors_above_ground":1,"predominant_space_use":"House/Townhouse","accessibility_rating":"0"}},{"type":"Feature","geometry":{"type":"Point","coordinates":[144.949782,-37.800593]},"properties":{"property_id":"512145","street_address":"177 Errol Street NORTH MELBOURNE VIC 3051","number_of_floors_above_ground":1,"predominant_space_use":"House/Townhouse","accessibility_rating":"0"}},{"type":"Feature","geometry":{"type":"Point","coordinates":[144.949789,-37.800552]},"properties":{"property_id":"512146","street_address":"179 Errol Street NORTH MELBOURNE VIC 3051","number_of_floors_above_ground":1,"predominant_space_use":"House/Townhouse","accessibility_rating":"0"}},{"type":"Feature","geometry":{"type":"Point","coordinates":[144.950151,-37.803715]},"properties":{"property_id":"103509","street_address":"16-22 Little Errol Street NORTH MELBOURNE VIC 3051","construction_year":"1850","number_of_floors_above_ground":1,"predominant_space_use":"Performances, Conferences, Ceremonies","accessibility_rating":"3","bicycle_spaces":0}},{"type":"Feature","geometry":{"type":"Point","coordinates":[144.949843,-37.803641]},"properties":{"property_id":"103511","street_address":"64 Errol Street NORTH MELBOURNE VIC 3051","construction_year":"1883","number_of_floors_above_ground":2,"predominant_space_use":"Community Use","accessibility_rating":"2","bicycle_spaces":0}},{"type":"Feature","geometry":{"type":"Point","coordinates":[144.949835,-37.803682]},"properties":{"property_id":"103512","street_address":"62 Errol Street NORTH MELBOURNE VIC 3051","construction_year":"1883","number_of_floors_above_ground":2,"predominant_space_use":"House/Townhouse","accessibility_rating":"2","bicycle_spaces":0}},{"type":"Feature","geometry":{"type":"Point","coordinates":[144.949835,-37.803917]},"properties":{"property_id":"103517","street_address":"52 Errol Street NORTH MELBOURNE VIC 3051","construction_year":"1883","number_of_floors_above_ground":2,"predominant_space_use":"Hospital/Clinic","accessibility_rating":"3","bicycle_spaces":0}},{"type":"Feature","geometry":{"type":"Point","coordinates":[144.949718,-37.804397]},"properties":{"property_id":"103521","street_address":"32 Errol Street NORTH MELBOURNE VIC 3051","construction_year":"1850","number_of_floors_above_ground":2,"predominant_space_use":"Unoccupied - Unused","accessibility_rating":"1","bicycle_spaces":0}},{"type":"Feature","geometry":{"type":"Point","coordinates":[144.949647,-37.804713]},"properties":{"property_id":"103524","street_address":"16-18 Errol Street NORTH MELBOURNE VIC 3051","construction_year":"1875","number_of_floors_above_ground":2,"predominant_space_use":"Retail - Shop","accessibility_rating":"3","bicycle_spaces":0}},{"type":"Feature","geometry":{"type":"Point","coordinates":[144.950595,-37.804474]},"properties":{"property_id":"105606","street_address":"19-21 Leveson Street NORTH MELBOURNE VIC 3051","construction_year":"1910","number_of_floors_above_ground":1,"predominant_space_use":"Entertainment/Recreation - Indoor","accessibility_rating":"3","bicycle_spaces":0}},{"type":"Feature","geometry":{"type":"Point","coordinates":[144.950715,-37.803418]},"properties":{"property_id":"107919","street_address":"497-499 Queensberry Street NORTH MELBOURNE VIC 3051","construction_year":"1930","number_of_floors_above_ground":2,"predominant_space_use":"Performances, Conferences, Ceremonies","accessibility_rating":"1","bicycle_spaces":0}},{"type":"Feature","geometry":{"type":"Point","coordinates":[144.950529,-37.803479]},"properties":{"property_id":"107920","street_address":"503-505 Queensberry Street NORTH MELBOURNE VIC 3051","construction_year":"1930","number_of_floors_above_ground":2,"predominant_space_use":"Office","accessibility_rating":"3","bicycle_spaces":0}},{"type":"Feature","geometry":{"type":"Point","coordinates":[144.950442,-37.804459]},"properties":{"property_id":"108125","street_address":"3 Raglan Street NORTH MELBOURNE VIC 3051","number_of_floors_above_ground":2,"predominant_space_use":"Office","accessibility_rating":"1","bicycle_spaces":0}},{"type":"Feature","geometry":{"type":"Point","coordinates":[144.950131,-37.804249]},"properties":{"property_id":"108130","street_address":"14 Raglan Street NORTH MELBOURNE VIC 3051","construction_year":"1910","number_of_floors_above_ground":4,"predominant_space_use":"Retail - Shop","accessibility_rating":"1","bicycle_spaces":0}},{"type":"Feature","geometry":{"type":"Point","coordinates":[144.94994,-37.804954]},"properties":{"property_id":"109793","street_address":"488-490 Victoria Street NORTH MELBOURNE VIC 3051","construction_year":"1870","number_of_floors_above_ground":2,"predominant_space_use":"Retail - Shop","accessibility_rating":"2","bicycle_spaces":0}},{"type":"Feature","geometry":{"type":"Point","coordinates":[144.95001,-37.80496]},"properties":{"property_id":"533875","street_address":"486 Victoria Street NORTH MELBOURNE VIC 3051","construction_year":"1870","number_of_floors_above_ground":2,"predominant_space_use":"Unoccupied - Unused","accessibility_rating":"1","bicycle_spaces":0}},{"type":"Feature","geometry":{"type":"Point","coordinates":[144.950385,-37.803359]},"properties":{"property_id":"573374","street_address":"509-511 Queensberry Street NORTH MELBOURNE VIC 3051","construction_year":"1862","number_of_floors_above_ground":2,"predominant_space_use":"Unoccupied - Unused","accessibility_rating":"1","bicycle_spaces":0}},{"type":"Feature","geometry":{"type":"Point","coordinates":[144.95038,-37.803518]},"properties":{"property_id":"573375","street_address":"507 Queensberry Street NORTH MELBOURNE VIC 3051","number_of_floors_above_ground":3,"predominant_space_use":"Institutional Accommodation","accessibility_rating":"1","bicycle_spaces":0}},{"type":"Feature","geometry":{"type":"Point","coordinates":[144.950478,-37.804327]},"properties":{"property_id":"590039","street_address":"4 Raglan Street NORTH MELBOURNE VIC 3051","number_of_floors_above_ground":2,"predominant_space_use":"House/Townhouse"}},{"type":"Feature","geometry":{"type":"Point","coordinates":[144.950549,-37.804335]},"properties":{"property_id":"590040","street_address":"2A Raglan Street NORTH MELBOURNE VIC 3051","number_of_floors_above_ground":2,"predominant_space_use":"House/Townhouse"}},{"type":"Feature","geometry":{"type":"Point","coordinates":[144.95062,-37.804343]},"properties":{"property_id":"590041","street_address":"2 Raglan Street NORTH MELBOURNE VIC 3051","number_of_floors_above_ground":2,"predominant_space_use":"House/Townhouse"}},{"type":"Feature","geometry":{"type":"Point","coordinates":[144.950364,-37.804771]},"properties":{"property_id":"614213","street_address":"2 Victoria Court NORTH MELBOURNE VIC 3051","number_of_floors_above_ground":1,"predominant_space_use":"House/Townhouse","accessibility_rating":"0"}},{"type":"Feature","geometry":{"type":"Point","coordinates":[144.951975,-37.804966]},"properties":{"property_id":"101921","street_address":"47-51 Chetwynd Street NORTH MELBOURNE VIC 3051","construction_year":"1927","number_of_floors_above_ground":2,"predominant_space_use":"Office","accessibility_rating":"3","bicycle_spaces":0}},{"type":"Feature","geometry":{"type":"Point","coordinates":[144.952033,-37.804714]},"properties":{"property_id":"101923","street_address":"59 Chetwynd Street NORTH MELBOURNE VIC 3051","number_of_floors_above_ground":2,"predominant_space_use":"House/Townhouse","accessibility_rating":"0"}},{"type":"Feature","geometry":{"type":"Point","coordinates":[144.951908,-37.804642]},"properties":{"property_id":"101924","street_address":"61 Chetwynd Street NORTH MELBOURNE VIC 3051","construction_year":"1876","number_of_floors_above_ground":2,"predominant_space_use":"House/Townhouse","accessibility_rating":"0"}},{"type":"Feature","geometry":{"type":"Point","coordinates":[144.95192,-37.804581]},"properties":{"property_id":"101925","street_address":"63 Chetwynd Street NORTH MELBOURNE VIC 3051","number_of_floors_above_ground":2,"predominant_space_use":"House/Townhouse","accessibility_rating":"0"}},{"type":"Feature","geometry":{"type":"Point","coordinates":[144.951932,-37.804519]},"properties":{"property_id":"101926","street_address":"65 Chetwynd Street NORTH MELBOURNE VIC 3051","construction_year":"1871","number_of_floors_above_ground":2,"predominant_space_use":"House/Townhouse","accessibility_rating":"1","bicycle_spaces":0}},{"type":"Feature","geometry":{"type":"Point","coordinates":[144.952149,-37.804028]},"properties":{"property_id":"101932","street_address":"85 Chetwynd Street NORTH MELBOURNE VIC 3051","construction_year":"1900","number_of_floors_above_ground":2,"predominant_space_use":"House/Townhouse","accessibility_rating":"0"}},{"type":"Feature","geometry":{"type":"Point","coordinates":[144.951459,-37.8037]},"properties":{"property_id":"105636","building_name":"The Leveson","street_address":"The Leveson 46-50 Leveson Street NORTH MELBOURNE VIC 3051","construction_year":"1880","number_of_floors_above_ground":2,"predominant_space_use":"Entertainment/Recreation - Indoor","accessibility_rating":"1","bicycle_spaces":0}},{"type":"Feature","geometry":{"type":"Point","coordinates":[144.951254,-37.804176]},"properties":{"property_id":"105640","street_address":"26 Leveson Street NORTH MELBOURNE VIC 3051","number_of_floors_above_ground":2,"predominant_space_use":"House/Townhouse","accessibility_rating":"0"}},{"type":"Feature","geometry":{"type":"Point","coordinates":[144.951247,-37.804221]},"properties":{"property_id":"105641","street_address":"24 Leveson Street NORTH MELBOURNE VIC 3051","number_of_floors_above_ground":2,"predominant_space_use":"House/Townhouse","accessibility_rating":"0"}},{"type":"Feature","geometry":{"type":"Point","coordinates":[144.951177,-37.804596]},"properties":{"property_id":"105647","building_name":"\"Cowra\"","street_address":"10 Leveson Street NORTH MELBOURNE VIC 3051","number_of_floors_above_ground":2,"predominant_space_use":"House/Townhouse","accessibility_rating":"0"}},{"type":"Feature","geometry":{"type":"Point","coordinates":[144.951161,-37.80464]},"properties":{"property_id":"105648","street_address":"8 Leveson Street NORTH MELBOURNE VIC 3051","number_of_floors_above_ground":2,"predominant_space_use":"House/Townhouse","accessibility_rating":"0"}},{"type":"Feature","geometry":{"type":"Point","coordinates":[144.951414,-37.804711]},"properties":{"property_id":"105993","street_address":"1-9 Little Leveson Street NORTH MELBOURNE VIC 3051","construction_year":"2007","number_of_floors_above_ground":4,"predominant_space_use":"Residential Apartment","accessibility_rating":"1","bicycle_spaces":0}},{"type":"Feature","geometry":{"type":"Point","coordinates":[144.95151,-37.804251]},"properties":{"property_id":"105996","street_address":"27 Little Leveson Street NORTH MELBOURNE VIC 3051","number_of_floors_above_ground":2,"predominant_space_use":"House/Townhouse","accessibility_rating":"0"}},{"type":"Feature","geometry":{"type":"Point","coordinates":[144.951888,-37.804]},"properties":{"property_id":"106000","street_address":"30 Little Leveson Street NORTH MELBOURNE VIC 3051","construction_year":"1940","number_of_floors_above_ground":3,"predominant_space_use":"House/Townhouse","accessibility_rating":"0","bicycle_spaces":0}},{"type":"Feature","geometry":{"type":"Point","coordinates":[144.951806,-37.804309]},"properties":{"property_id":"106003","street_address":"16 Little Leveson Street NORTH MELBOURNE VIC 3051","number_of_floors_above_ground":1,"predominant_space_use":"House/Townhouse","accessibility_rating":"0"}},{"type":"Feature","geometry":{"type":"Point","coordinates":[144.952269,-37.803586]},"properties":{"property_id":"107904","street_address":"453 Queensberry Street NORTH MELBOURNE VIC 3051","number_of_floors_above_ground":2,"predominant_space_use":"House/Townhouse","accessibility_rating":"0"}},{"type":"Feature","geometry":{"type":"Point","coordinates":[144.952072,-37.803561]},"properties":{"property_id":"107907","street_address":"461 Queensberry Street NORTH MELBOURNE VIC 3051","number_of_floors_above_ground":2,"predominant_space_use":"House/Townhouse","accessibility_rating":"0"}},{"type":"Feature","geometry":{"type":"Point","coordinates":[144.952007,-37.803558]},"properties":{"property_id":"107908","street_address":"463 Queensberry Street NORTH MELBOURNE VIC 3051","number_of_floors_above_ground":2,"predominant_space_use":"House/Townhouse","accessibility_rating":"0"}},{"type":"Feature","geometry":{"type":"Point","coordinates":[144.951877,-37.803543]},"properties":{"property_id":"107910","street_address":"467 Queensberry Street NORTH MELBOURNE VIC 3051","number_of_floors_above_ground":2,"predominant_space_use":"House/Townhouse","accessibility_rating":"0"}},{"type":"Feature","geometry":{"type":"Point","coordinates":[144.951489,-37.803514]},"properties":{"property_id":"107915","street_address":"481 Queensberry Street NORTH MELBOURNE VIC 3051","number_of_floors_above_ground":2,"predominant_space_use":"House/Townhouse","accessibility_rating":"0"}},{"type":"Feature","geometry":{"type":"Point","coordinates":[144.950995,-37.805001]},"properties":{"property_id":"109799","street_address":"460 Victoria Street NORTH MELBOURNE VIC 3051","construction_year":"1880","number_of_floors_above_ground":2,"predominant_space_use":"Office","accessibility_rating":"1","bicycle_spaces":0}},{"type":"Feature","geometry":{"type":"Point","coordinates":[144.951102,-37.80501]},"properties":{"property_id":"109800","street_address":"454-458 Victoria Street NORTH MELBOURNE VIC 3051","number_of_floors_above_ground":2,"predominant_space_use":"House/Townhouse","accessibility_rating":"0"}},{"type":"Feature","geometry":{"type":"Point","coordinates":[144.951353,-37.805058]},"properties":{"property_id":"109803","street_address":"448 Victoria Street NORTH MELBOURNE VIC 3051","construction_year":"1880","number_of_floors_above_ground":2,"predominant_space_use":"Commercial Accommodation","accessibility_rating":"1","bicycle_spaces":5}},{"type":"Feature","geometry":{"type":"Point","coordinates":[144.951508,-37.805073]},"properties":{"property_id":"109805","street_address":"442 Victoria Street NORTH MELBOURNE VIC 3051","number_of_floors_above_ground":2,"predominant_space_use":"House/Townhouse","accessibility_rating":"0"}},{"type":"Feature","geometry":{"type":"Point","coordinates":[144.951571,-37.805081]},"properties":{"property_id":"109806","street_address":"440 Victoria Street NORTH MELBOURNE VIC 3051","construction_year":"1871","number_of_floors_above_ground":2,"predominant_space_use":"Residential Apartment","accessibility_rating":"1","bicycle_spaces":0}},{"type":"Feature","geometry":{"type":"Point","coordinates":[144.951707,-37.805086]},"properties":{"property_id":"109808","street_address":"436 Victoria Street NORTH MELBOURNE VIC 3051","construction_year":"1910","number_of_floors_above_ground":2,"predominant_space_use":"Unoccupied - Unused","accessibility_rating":"1","bicycle_spaces":0}},{"type":"Feature","geometry":{"type":"Point","coordinates":[144.951869,-37.80518]},"properties":{"property_id":"109811","street_address":"428 Victoria Street NORTH MELBOURNE VIC 3051","number_of_floors_above_ground":2,"predominant_space_use":"House/Townhouse","accessibility_rating":"0"}},{"type":"Feature","geometry":{"type":"Point","coordinates":[144.952011,-37.805196]},"properties":{"property_id":"109813","street_address":"420-422 Victoria Street NORTH MELBOURNE VIC 3051","construction_year":"1880","number_of_floors_above_ground":2,"predominant_space_use":"Retail - Shop","accessibility_rating":"2","bicycle_spaces":0}},{"type":"Feature","geometry":{"type":"Point","coordinates":[144.95222,-37.803709]},"properties":{"property_id":"570703","street_address":"99 Chetwynd Street NORTH MELBOURNE VIC 3051","construction_year":"1880","number_of_floors_above_ground":2,"predominant_space_use":"House/Townhouse","accessibility_rating":"0"}},{"type":"Feature","geometry":{"type":"Point","coordinates":[144.951844,-37.803713]},"properties":{"property_id":"593688","street_address":"38-42 Little Leveson Street NORTH MELBOURNE VIC 3051","number_of_floors_above_ground":3,"predominant_space_use":"House/Townhouse"}},{"type":"Feature","geometry":{"type":"Point","coordinates":[144.951953,-37.803725]},"properties":{"property_id":"593690","street_address":"6 Stedeford Lane NORTH MELBOURNE VIC 3051","number_of_floors_above_ground":1,"predominant_space_use":"House/Townhouse"}},{"type":"Feature","geometry":{"type":"Point","coordinates":[144.951531,-37.804043]},"properties":{"property_id":"597163","street_address":"35 Little Leveson Street NORTH MELBOURNE VIC 3051","number_of_floors_above_ground":3,"predominant_space_use":"House/Townhouse"}},{"type":"Feature","geometry":{"type":"Point","coordinates":[144.951722,-37.804727]},"properties":{"property_id":"601916","street_address":"2 Little Leveson Street NORTH MELBOURNE VIC 3051","number_of_floors_above_ground":2,"predominant_space_use":"House/Townhouse","accessibility_rating":"0"}},{"type":"Feature","geometry":{"type":"Point","coordinates":[144.951307,-37.803775]},"properties":{"property_id":"612507","street_address":"44 Leveson Street NORTH MELBOURNE VIC 3051","number_of_floors_above_ground":1,"predominant_space_use":"Office","accessibility_rating":"1","bicycle_spaces":0}},{"type":"Feature","geometry":{"type":"Point","coordinates":[144.951543,-37.803968]},"properties":{"property_id":"612509","street_address":"37-39 Little Leveson Street NORTH MELBOURNE VIC 3051","number_of_floors_above_ground":1,"predominant_space_use":"Workshop/Studio","accessibility_rating":"1","bicycle_spaces":0}},{"type":"Feature","geometry":{"type":"Point","coordinates":[144.952759,-37.803619]},"properties":{"property_id":"101949","building_name":"Bundaleer","street_address":"176 Chetwynd Street NORTH MELBOURNE VIC 3051","construction_year":"1870","number_of_floors_above_ground":2,"predominant_space_use":"House/Townhouse","accessibility_rating":"0"}},{"type":"Feature","geometry":{"type":"Point","coordinates":[144.953,-37.803935]},"properties":{"property_id":"101951","street_address":"156-168 Chetwynd Street NORTH MELBOURNE VIC 3051","construction_year":"1960","number_of_floors_above_ground":4,"predominant_space_use":"Equipment Installation","accessibility_rating":"1","bicycle_spaces":0}},{"type":"Feature","geometry":{"type":"Point","coordinates":[144.952718,-37.804133]},"properties":{"property_id":"101952","street_address":"146-154 Chetwynd Street NORTH MELBOURNE VIC 3051","construction_year":"1920","number_of_floors_above_ground":1,"predominant_space_use":"Workshop/Studio","accessibility_rating":"3","bicycle_spaces":0}},{"type":"Feature","geometry":{"type":"Point","coordinates":[144.952695,-37.804262]},"properties":{"property_id":"101953","street_address":"144 Chetwynd Street NORTH MELBOURNE VIC 3051","construction_year":"1900","number_of_floors_above_ground":2,"predominant_space_use":"House/Townhouse","accessibility_rating":"0"}},{"type":"Feature","geometry":{"type":"Point","coordinates":[144.952705,-37.804855]},"properties":{"property_id":"101957","street_address":"122 Chetwynd Street NORTH MELBOURNE VIC 3051","number_of_floors_above_ground":2,"predominant_space_use":"House/Townhouse","accessibility_rating":"0"}},{"type":"Feature","geometry":{"type":"Point","coordinates":[144.952679,-37.804905]},"properties":{"property_id":"101958","street_address":"120 Chetwynd Street NORTH MELBOURNE VIC 3051","number_of_floors_above_ground":1,"predominant_space_use":"House/Townhouse","accessibility_rating":"0"}},{"type":"Feature","geometry":{"type":"Point","coordinates":[144.953398,-37.804439]},"properties":{"property_id":"104125","street_address":"4 Gardiner Street NORTH MELBOURNE VIC 3051","number_of_floors_above_ground":1,"predominant_space_use":"House/Townhouse","accessibility_rating":"0"}},{"type":"Feature","geometry":{"type":"Point","coordinates":[144.953482,-37.804943]},"properties":{"property_id":"105017","building_name":"Surrey Place","street_address":"89 Howard Street NORTH MELBOURNE VIC 3051","construction_year":"1880","number_of_floors_above_ground":2,"predominant_space_use":"House/Townhouse","accessibility_rating":"1","bicycle_spaces":0}},{"type":"Feature","geometry":{"type":"Point","coordinates":[144.953513,-37.804765]},"properties":{"property_id":"105019","street_address":"95-97 Howard Street NORTH MELBOURNE VIC 3051","construction_year":"1870","number_of_floors_above_ground":2,"predominant_space_use":"Office","accessibility_rating":"1","bicycle_spaces":0}},{"type":"Feature","geometry":{"type":"Point","coordinates":[144.953553,-37.804697]},"properties":{"property_id":"105020","street_address":"99-101 Howard Street NORTH MELBOURNE VIC 3051","construction_year":"1870","number_of_floors_above_ground":2,"predominant_space_use":"Unoccupied - Unused","accessibility_rating":"1","bicycle_spaces":2}},{"type":"Feature","geometry":{"type":"Point","coordinates":[144.95366,-37.804306]},"properties":{"property_id":"105023","street_address":"117 Howard Street NORTH MELBOURNE VIC 3051","construction_year":"1870","number_of_floors_above_ground":2,"predominant_space_use":"House/Townhouse","accessibility_rating":"0","bicycle_spaces":0}},{"type":"Feature","geometry":{"type":"Point","coordinates":[144.953696,-37.804095]},"properties":{"property_id":"105025","street_address":"123-129 Howard Street NORTH MELBOURNE VIC 3051","construction_year":"1930","number_of_floors_above_ground":1,"predominant_space_use":"Entertainment/Recreation - Indoor","accessibility_rating":"2","bicycle_spaces":0}},{"type":"Feature","geometry":{"type":"Point","coordinates":[144.953699,-37.803901]},"properties":{"property_id":"105027","street_address":"135 Howard Street NORTH MELBOURNE VIC 3051","construction_year":"1870","number_of_floors_above_ground":1,"predominant_space_use":"House/Townhouse","accessibility_rating":"0"}},{"type":"Feature","geometry":{"type":"Point","coordinates":[144.953141,-37.804847]},"properties":{"property_id":"106795","street_address":"Unit 1, 5 Moss Place NORTH MELBOURNE VIC 3051","number_of_floors_above_ground":3,"predominant_space_use":"House/Townhouse","accessibility_rating":"0"}},{"type":"Feature","geometry":{"type":"Point","coordinates":[144.953024,-37.803672]},"properties":{"property_id":"107899","street_address":"437 Queensberry Street NORTH MELBOURNE VIC 3051","number_of_floors_above_ground":2,"predominant_space_use":"House/Townhouse","accessibility_rating":"0"}},{"type":"Feature","geometry":{"type":"Point","coordinates":[144.952945,-37.803653]},"properties":{"property_id":"107900","street_address":"439 Queensberry Street NORTH MELBOURNE VIC 3051","number_of_floors_above_ground":2,"predominant_space_use":"House/Townhouse","accessibility_rating":"0"}},{"type":"Feature","geometry":{"type":"Point","coordinates":[144.952869,-37.8036]},"properties":{"property_id":"107901","street_address":"441-443 Queensberry Street NORTH MELBOURNE VIC 3051","number_of_floors_above_ground":2,"predominant_space_use":"House/Townhouse","accessibility_rating":"0"}},{"type":"Feature","geometry":{"type":"Point","coordinates":[144.952934,-37.804209]},"properties":{"property_id":"108606","street_address":"9 St Andrews Street NORTH MELBOURNE VIC 3051","number_of_floors_above_ground":1,"predominant_space_use":"House/Townhouse","accessibility_rating":"0"}},{"type":"Feature","geometry":{"type":"Point","coordinates":[144.953151,-37.805306]},"properties":{"property_id":"109817","street_address":"388-390 Victoria Street NORTH MELBOURNE VIC 3051","construction_year":"1920","number_of_floors_above_ground":1,"predominant_space_use":"Workshop/Studio","accessibility_rating":"1","bicycle_spaces":0}},{"type":"Feature","geometry":{"type":"Point","coordinates":[144.953371,-37.805325]},"properties":{"property_id":"109819","street_address":"380-382 Victoria Street NORTH MELBOURNE VIC 3051","construction_year":"1920","number_of_floors_above_ground":1,"predominant_space_use":"Workshop/Studio","accessibility_rating":"1","bicycle_spaces":0}},{"type":"Feature","geometry":{"type":"Point","coordinates":[144.953495,-37.805325]},"properties":{"property_id":"109820","street_address":"376-378 Victoria Street NORTH MELBOURNE VIC 3051","construction_year":"1880","number_of_floors_above_ground":3,"predominant_space_use":"Unoccupied - Unused","accessibility_rating":"1","bicycle_spaces":0}},{"type":"Feature","geometry":{"type":"Point","coordinates":[144.953211,-37.804227]},"properties":{"property_id":"109955","street_address":"5-9 Warwick Street NORTH MELBOURNE VIC 3051","construction_year":"1940","number_of_floors_above_ground":1,"predominant_space_use":"Unoccupied - Unused","accessibility_rating":"1","bicycle_spaces":0}},{"type":"Feature","geometry":{"type":"Point","coordinates":[144.953503,-37.804027]},"properties":{"property_id":"109958","street_address":"22 Warwick Street NORTH MELBOURNE VIC 3051","number_of_floors_above_ground":2,"predominant_space_use":"House/Townhouse","accessibility_rating":"0"}},{"type":"Feature","geometry":{"type":"Point","coordinates":[144.953476,-37.804219]},"properties":{"property_id":"109961","street_address":"6 Warwick Street NORTH MELBOURNE VIC 3051","number_of_floors_above_ground":3,"predominant_space_use":"House/Townhouse","accessibility_rating":"0"}},{"type":"Feature","geometry":{"type":"Point","coordinates":[144.952819,-37.80456]},"properties":{"property_id":"110652","street_address":"25-29 Gardiner Street NORTH MELBOURNE VIC 3051","number_of_floors_above_ground":1,"predominant_space_use":"House/Townhouse","accessibility_rating":"0"}},{"type":"Feature","geometry":{"type":"Point","coordinates":[144.952954,-37.804935]},"properties":{"property_id":"577277","street_address":"12-16 Gracies Lane NORTH MELBOURNE VIC 3051","construction_year":"2002","number_of_floors_above_ground":1,"predominant_space_use":"House/Townhouse","accessibility_rating":"0"}},{"type":"Feature","geometry":{"type":"Point","coordinates":[144.953687,-37.803991]},"properties":{"property_id":"610859","street_address":"131 Howard Street NORTH MELBOURNE VIC 3051","number_of_floors_above_ground":2,"predominant_space_use":"House/Townhouse","accessibility_rating":"0"}},{"type":"Feature","geometry":{"type":"Point","coordinates":[144.953632,-37.804465]},"properties":{"property_id":"621950","street_address":"109 Howard Street NORTH MELBOURNE VIC 3051","number_of_floors_above_ground":2,"predominant_space_use":"House/Townhouse","accessibility_rating":"0"}},{"type":"Feature","geometry":{"type":"Point","coordinates":[144.953283,-37.804136]},"properties":{"property_id":"638445","street_address":"11 Warwick Street NORTH MELBOURNE VIC 3051","construction_year":"2012","number_of_floors_above_ground":3,"predominant_space_use":"House/Townhouse","accessibility_rating":"1","bicycle_spaces":0}},{"type":"Feature","geometry":{"type":"Point","coordinates":[144.954877,-37.804791]},"properties":{"property_id":"101529","street_address":"133-139 Capel Street NORTH MELBOURNE VIC 3051","construction_year":"1980","number_of_floors_above_ground":2,"predominant_space_use":"Community Use","accessibility_rating":"1","bicycle_spaces":0}},{"type":"Feature","geometry":{"type":"Point","coordinates":[144.954914,-37.804608]},"properties":{"property_id":"101530","street_address":"141-147 Capel Street NORTH MELBOURNE VIC 3051","construction_year":"1950","number_of_floors_above_ground":3,"predominant_space_use":"Unoccupied - Unused","accessibility_rating":"1","bicycle_spaces":0}},{"type":"Feature","geometry":{"type":"Point","coordinates":[144.954203,-37.804286]},"properties":{"property_id":"105034","street_address":"42-44 Howard Street NORTH MELBOURNE VIC 3051","construction_year":"1910","number_of_floors_above_ground":2,"predominant_space_use":"Unoccupied - Unused","accessibility_rating":"1","bicycle_spaces":0}},{"type":"Feature","geometry":{"type":"Point","coordinates":[144.954187,-37.804366]},"properties":{"property_id":"105035","building_name":"Howard house","street_address":"38-40 Howard Street NORTH MELBOURNE VIC 3051","construction_year":"2009","number_of_floors_above_ground":4,"predominant_space_use":"Student Accommodation","accessibility_rating":"3","bicycle_spaces":0}},{"type":"Feature","geometry":{"type":"Point","coordinates":[144.95434,-37.804557]},"properties":{"property_id":"105036","building_name":"North Melbourne Childrens Centre","street_address":"28-34 Howard Street NORTH MELBOURNE VIC 3051","construction_year":"1903","number_of_floors_above_ground":2,"predominant_space_use":"Educational/Research","accessibility_rating":"2","bicycle_spaces":0}},{"type":"Feature","geometry":{"type":"Point","coordinates":[144.954144,-37.804903]},"properties":{"property_id":"105038","street_address":"16-20 Howard Street NORTH MELBOURNE VIC 3051","number_of_floors_above_ground":4,"predominant_space_use":"Residential Apartment","accessibility_rating":"1","bicycle_spaces":0}},{"type":"Feature","geometry":{"type":"Point","coordinates":[144.954092,-37.805199]},"properties":{"property_id":"105040","street_address":"6 Howard Street NORTH MELBOURNE VIC 3051","number_of_floors_above_ground":2,"predominant_space_use":"House/Townhouse","accessibility_rating":"0"}},{"type":"Feature","geometry":{"type":"Point","coordinates":[144.954066,-37.805237]},"properties":{"property_id":"105041","street_address":"4 Howard Street NORTH MELBOURNE VIC 3051","number_of_floors_above_ground":2,"predominant_space_use":"House/Townhouse","accessibility_rating":"0"}},{"type":"Feature","geometry":{"type":"Point","coordinates":[144.954058,-37.805286]},"properties":{"property_id":"105042","street_address":"2 Howard Street NORTH MELBOURNE VIC 3051","number_of_floors_above_ground":2,"predominant_space_use":"House/Townhouse","accessibility_rating":"0"}},{"type":"Feature","geometry":{"type":"Point","coordinates":[144.953961,-37.805423]},"properties":{"property_id":"109821","street_address":"370-372 Victoria Street NORTH MELBOURNE VIC 3051","construction_year":"1880","number_of_floors_above_ground":2,"predominant_space_use":"Residential Apartment","accessibility_rating":"0","bicycle_spaces":0}},{"type":"Feature","geometry":{"type":"Point","coordinates":[144.954055,-37.805436]},"properties":{"property_id":"109822","street_address":"368 Victoria Street NORTH MELBOURNE VIC 3051","construction_year":"1870","number_of_floors_above_ground":2,"predominant_space_use":"Entertainment/Recreation - Indoor","accessibility_rating":"1","bicycle_spaces":0}},{"type":"Feature","geometry":{"type":"Point","coordinates":[144.954613,-37.804262]},"properties":{"property_id":"556743","street_address":"17 Capel Place NORTH MELBOURNE VIC 3051","construction_year":"2000","number_of_floors_above_ground":3,"predominant_space_use":"House/Townhouse","accessibility_rating":"0"}},{"type":"Feature","geometry":{"type":"Point","coordinates":[144.954871,-37.804178]},"properties":{"property_id":"557198","street_address":"10 Capel Place NORTH MELBOURNE VIC 3051","number_of_floors_above_ground":1,"predominant_space_use":"House/Townhouse","accessibility_rating":"0"}},{"type":"Feature","geometry":{"type":"Point","coordinates":[144.954801,-37.80417]},"properties":{"property_id":"557199","street_address":"12 Capel Place NORTH MELBOURNE VIC 3051","number_of_floors_above_ground":1,"predominant_space_use":"House/Townhouse","accessibility_rating":"0"}},{"type":"Feature","geometry":{"type":"Point","coordinates":[144.955683,-37.804403]},"properties":{"property_id":"101544","street_address":"156 Capel Street NORTH MELBOURNE VIC 3051","number_of_floors_above_ground":2,"predominant_space_use":"House/Townhouse","accessibility_rating":"0"}},{"type":"Feature","geometry":{"type":"Point","coordinates":[144.955676,-37.804448]},"properties":{"property_id":"101545","street_address":"154 Capel Street NORTH MELBOURNE VIC 3051","number_of_floors_above_ground":2,"predominant_space_use":"House/Townhouse","accessibility_rating":"0"}},{"type":"Feature","geometry":{"type":"Point","coordinates":[144.95566,-37.804537]},"properties":{"property_id":"101547","street_address":"150 Capel Street NORTH MELBOURNE VIC 3051","number_of_floors_above_ground":2,"predominant_space_use":"House/Townhouse","accessibility_rating":"0"}},{"type":"Feature","geometry":{"type":"Point","coordinates":[144.955637,-37.804672]},"properties":{"property_id":"101550","street_address":"144 Capel Street NORTH MELBOURNE VIC 3051","number_of_floors_above_ground":2,"predominant_space_use":"House/Townhouse","accessibility_rating":"0"}},{"type":"Feature","geometry":{"type":"Point","coordinates":[144.955474,-37.805479]},"properties":{"property_id":"101561","street_address":"104-106 Capel Street NORTH MELBOURNE VIC 3051","construction_year":"1950","number_of_floors_above_ground":3,"predominant_space_use":"Residential Apartment","accessibility_rating":"1","bicycle_spaces":0}},{"type":"Feature","geometry":{"type":"Point","coordinates":[144.955745,-37.805348]},"properties":{"property_id":"107489","street_address":"113-115 Peel Street NORTH MELBOURNE VIC 3051","construction_year":"1890","number_of_floors_above_ground":2,"predominant_space_use":"Unoccupied - Unused","accessibility_rating":"1","bicycle_spaces":0}},{"type":"Feature","geometry":{"type":"Point","coordinates":[144.955765,-37.805239]},"properties":{"property_id":"107491","street_address":"119 Peel Street NORTH MELBOURNE VIC 3051","number_of_floors_above_ground":1,"predominant_space_use":"House/Townhouse","accessibility_rating":"0"}},{"type":"Feature","geometry":{"type":"Point","coordinates":[144.955864,-37.804699]},"properties":{"property_id":"107498","street_address":"143 Peel Street NORTH MELBOURNE VIC 3051","number_of_floors_above_ground":2,"predominant_space_use":"House/Townhouse","accessibility_rating":"0"}},{"type":"Feature","geometry":{"type":"Point","coordinates":[144.955937,-37.804047]},"properties":{"property_id":"107508","street_address":"169 Peel Street NORTH MELBOURNE VIC 3051","construction_year":"1890","number_of_floors_above_ground":2,"predominant_space_use":"Retail - Shop","accessibility_rating":"3","bicycle_spaces":0}},{"type":"Feature","geometry":{"type":"Point","coordinates":[144.955402,-37.805598]},"properties":{"property_id":"109826","street_address":"324 Victoria Street NORTH MELBOURNE VIC 3051","construction_year":"1860","number_of_floors_above_ground":2,"predominant_space_use":"House/Townhouse","accessibility_rating":"3","bicycle_spaces":0}},{"type":"Feature","geometry":{"type":"Point","coordinates":[144.955585,-37.805619]},"properties":{"property_id":"109828","street_address":"318 Victoria Street NORTH MELBOURNE VIC 3051","construction_year":"1870","number_of_floors_above_ground":2,"predominant_space_use":"Retail - Shop","accessibility_rating":"2","bicycle_spaces":0}},{"type":"Feature","geometry":{"type":"Point","coordinates":[144.955609,-37.80481]},"properties":{"property_id":"625764","street_address":"138 Capel Street NORTH MELBOURNE VIC 3051","construction_year":"1870","number_of_floors_above_ground":2,"predominant_space_use":"House/Townhouse","accessibility_rating":"3","bicycle_spaces":0}},{"type":"Feature","geometry":{"type":"Point","coordinates":[144.95698,-37.804264]},"properties":{"property_id":"102044","street_address":"34-36 Little Cobden Street NORTH MELBOURNE VIC 3051","number_of_floors_above_ground":1,"predominant_space_use":"Equipment Installation","accessibility_rating":"0","bicycle_spaces":0}},{"type":"Feature","geometry":{"type":"Point","coordinates":[144.957027,-37.804105]},"properties":{"property_id":"107882","street_address":"331 Queensberry Street NORTH MELBOURNE VIC 3051","construction_year":"1875","number_of_floors_above_ground":3,"predominant_space_use":"House/Townhouse","accessibility_rating":"1","bicycle_spaces":0}},{"type":"Feature","geometry":{"type":"Point","coordinates":[144.956963,-37.804097]},"properties":{"property_id":"107883","street_address":"333 Queensberry Street NORTH MELBOURNE VIC 3051","construction_year":"1870","number_of_floors_above_ground":2,"predominant_space_use":"Office","accessibility_rating":"1","bicycle_spaces":0}},{"type":"Feature","geometry":{"type":"Point","coordinates":[144.956894,-37.804087]},"properties":{"property_id":"107884","street_address":"335-337 Queensberry Street NORTH MELBOURNE VIC 3051","construction_year":"1869","number_of_floors_above_ground":2,"predominant_space_use":"Unoccupied - Unused","accessibility_rating":"1","bicycle_spaces":0}},{"type":"Feature","geometry":{"type":"Point","coordinates":[144.956813,-37.804074]},"properties":{"property_id":"107885","street_address":"339 Queensberry Street NORTH MELBOURNE VIC 3051","construction_year":"1869","number_of_floors_above_ground":2,"predominant_space_use":"Office","accessibility_rating":"3","bicycle_spaces":0}},{"type":"Feature","geometry":{"type":"Point","coordinates":[144.957073,-37.804512]},"properties":{"property_id":"506307","street_address":"31 Cobden Street NORTH MELBOURNE VIC 3051","construction_year":"1900","number_of_floors_above_ground":2,"predominant_space_use":"House/Townhouse","accessibility_rating":"0","bicycle_spaces":0}},{"type":"Feature","geometry":{"type":"Point","coordinates":[144.956488,-37.804841]},"properties":{"property_id":"525924","street_address":"132-134 Peel Street NORTH MELBOURNE VIC 3051","construction_year":"2002","number_of_floors_above_ground":2,"predominant_space_use":"Office","accessibility_rating":"3","bicycle_spaces":0}},{"type":"Feature","geometry":{"type":"Point","coordinates":[144.956504,-37.804723]},"properties":{"property_id":"525926","street_address":"138 Peel Street NORTH MELBOURNE VIC 3051","construction_year":"2002","number_of_floors_above_ground":2,"predominant_space_use":"Office","accessibility_rating":"2","bicycle_spaces":0}},{"type":"Feature","geometry":{"type":"Point","coordinates":[144.956995,-37.804458]},"properties":{"property_id":"637778","street_address":"26 Little Cobden Street NORTH MELBOURNE VIC 3051","construction_year":"2016","number_of_floors_above_ground":3,"predominant_space_use":"House/Townhouse","accessibility_rating":"0","bicycle_spaces":0}},{"type":"Feature","geometry":{"type":"Point","coordinates":[144.956923,-37.805605]},"properties":{"property_id":"102034","street_address":"1-3 Cobden Street NORTH MELBOURNE VIC 3051","construction_year":"1910","number_of_floors_above_ground":2,"predominant_space_use":"Entertainment/Recreation - Indoor","accessibility_rating":"3","bicycle_spaces":0}},{"type":"Feature","geometry":{"type":"Point","coordinates":[144.95688,-37.805523]},"properties":{"property_id":"102035","street_address":"5-7 Cobden Street NORTH MELBOURNE VIC 3051","number_of_floors_above_ground":4,"predominant_space_use":"Residential Apartment","accessibility_rating":"1","bicycle_spaces":0}},{"type":"Feature","geometry":{"type":"Point","coordinates":[144.957107,-37.80522]},"properties":{"property_id":"102037","street_address":"13-15 Cobden Street NORTH MELBOURNE VIC 3051","construction_year":"1900","number_of_floors_above_ground":2,"predominant_space_use":"Unoccupied - Unused","accessibility_rating":"1","bicycle_spaces":0}},{"type":"Feature","geometry":{"type":"Point","coordinates":[144.95705,-37.805213]},"properties":{"property_id":"107722","street_address":"1 Princess Street NORTH MELBOURNE VIC 3051","number_of_floors_above_ground":2,"predominant_space_use":"House/Townhouse","accessibility_rating":"0"}},{"type":"Feature","geometry":{"type":"Point","coordinates":[144.956936,-37.8052]},"properties":{"property_id":"107724","street_address":"5 Princess Street NORTH MELBOURNE VIC 3051","number_of_floors_above_ground":2,"predominant_space_use":"House/Townhouse","accessibility_rating":"0"}},{"type":"Feature","geometry":{"type":"Point","coordinates":[144.956669,-37.80573]},"properties":{"property_id":"109832","street_address":"292 Victoria Street NORTH MELBOURNE VIC 3051","construction_year":"1901","number_of_floors_above_ground":1,"predominant_space_use":"Retail - Shop","accessibility_rating":"1","bicycle_spaces":0}},{"type":"Feature","geometry":{"type":"Point","coordinates":[144.956727,-37.805734]},"properties":{"property_id":"109833","street_address":"290 Victoria Street NORTH MELBOURNE VIC 3051","construction_year":"1901","number_of_floors_above_ground":1,"predominant_space_use":"Retail - Shop","accessibility_rating":"2","bicycle_spaces":0}},{"type":"Feature","geometry":{"type":"Point","coordinates":[144.957493,-37.805531]},"properties":{"property_id":"102045","street_address":"2-14 Cobden Street NORTH MELBOURNE VIC 3051","construction_year":"1940","number_of_floors_above_ground":4,"predominant_space_use":"Student Accommodation","accessibility_rating":"2","bicycle_spaces":0}},{"type":"Feature","geometry":{"type":"Point","coordinates":[144.957618,-37.805081]},"properties":{"property_id":"106992","building_name":"Market Square Apartments","street_address":"29-35 O'Connell Street NORTH MELBOURNE VIC 3051","number_of_floors_above_ground":5,"predominant_space_use":"Residential Apartment","accessibility_rating":"1","bicycle_spaces":0}},{"type":"Feature","geometry":{"type":"Point","coordinates":[144.957597,-37.804884]},"properties":{"property_id":"585172","street_address":"43 O'Connell Street NORTH MELBOURNE VIC 3051","number_of_floors_above_ground":2,"predominant_space_use":"Office","accessibility_rating":"1","bicycle_spaces":6}},{"type":"Feature","geometry":{"type":"Point","coordinates":[144.957597,-37.804884]},"properties":{"property_id":"585174","street_address":"34 Cobden Street NORTH MELBOURNE VIC 3051","number_of_floors_above_ground":2,"predominant_space_use":"Office","accessibility_rating":"1","bicycle_spaces":0}},{"type":"Feature","geometry":{"type":"Point","coordinates":[144.957555,-37.80463]},"properties":{"property_id":"106994","street_address":"45-59 O'Connell Street NORTH MELBOURNE VIC 3051","construction_year":"1910","number_of_floors_above_ground":4,"predominant_space_use":"Residential Apartment","accessibility_rating":"1","bicycle_spaces":0}},{"type":"Feature","geometry":{"type":"Point","coordinates":[144.95739,-37.805805]},"properties":{"property_id":"109837","street_address":"268-276 Victoria Street NORTH MELBOURNE VIC 3051","construction_year":"1910","number_of_floors_above_ground":2,"predominant_space_use":"Entertainment/Recreation - Indoor","accessibility_rating":"1","bicycle_spaces":0}},{"type":"Feature","geometry":{"type":"Point","coordinates":[144.957897,-37.805602]},"properties":{"property_id":"573298","building_name":"Luxe Apartments","street_address":"9-13 O'Connell Street NORTH MELBOURNE VIC 3051","construction_year":"2009","number_of_floors_above_ground":5,"predominant_space_use":"Residential Apartment","accessibility_rating":"3","bicycle_spaces":0}},{"type":"Feature","geometry":{"type":"Point","coordinates":[144.958518,-37.805467]},"properties":{"property_id":"103237","street_address":"543-545 Elizabeth Street MELBOURNE VIC 3000","construction_year":"1920","number_of_floors_above_ground":3,"predominant_space_use":"Storage","accessibility_rating":"2","bicycle_spaces":0}},{"type":"Feature","geometry":{"type":"Point","coordinates":[144.958342,-37.805085]},"properties":{"property_id":"103240","street_address":"551-573 Elizabeth Street MELBOURNE VIC 3000","construction_year":"1920","number_of_floors_above_ground":4,"predominant_space_use":"Storage","accessibility_rating":"3","bicycle_spaces":0}},{"type":"Feature","geometry":{"type":"Point","coordinates":[144.958292,-37.804712]},"properties":{"property_id":"103242","street_address":"579-581 Elizabeth Street MELBOURNE VIC 3000","construction_year":"1900","number_of_floors_above_ground":2,"predominant_space_use":"Entertainment/Recreation - Indoor","accessibility_rating":"1","bicycle_spaces":0}},{"type":"Feature","geometry":{"type":"Point","coordinates":[144.958148,-37.804443]},"properties":{"property_id":"103246","street_address":"595 Elizabeth Street MELBOURNE VIC 3000","construction_year":"1890","number_of_floors_above_ground":2,"predominant_space_use":"Entertainment/Recreation - Indoor","accessibility_rating":"1","bicycle_spaces":0}},{"type":"Feature","geometry":{"type":"Point","coordinates":[144.958026,-37.804188]},"properties":{"property_id":"103250","street_address":"605-607 Elizabeth Street MELBOURNE VIC 3000","construction_year":"1890","number_of_floors_above_ground":2,"predominant_space_use":"Unoccupied - Unused","accessibility_rating":"1","bicycle_spaces":0}},{"type":"Feature","geometry":{"type":"Point","coordinates":[144.957897,-37.804413]},"properties":{"property_id":"106999","street_address":"62-64 O'Connell Street MELBOURNE VIC 3000","construction_year":"1880","number_of_floors_above_ground":2,"predominant_space_use":"House/Townhouse","accessibility_rating":"0","bicycle_spaces":0}},{"type":"Feature","geometry":{"type":"Point","coordinates":[144.958803,-37.805872]},"properties":{"property_id":"109844","street_address":"222-230 Victoria Street MELBOURNE VIC 3000","number_of_floors_above_ground":8,"predominant_space_use":"Residential Apartment","accessibility_rating":"1","bicycle_spaces":0}},{"type":"Feature","geometry":{"type":"Point","coordinates":[144.957005,-37.803441]},"properties":{"property_id":"106995","street_address":"79-81 O'Connell Street NORTH MELBOURNE VIC 3051","number_of_floors_above_ground":1,"predominant_space_use":"House/Townhouse","accessibility_rating":"0"}},{"type":"Feature","geometry":{"type":"Point","coordinates":[144.956837,-37.803231]},"properties":{"property_id":"107522","street_address":"188-196 Peel Street NORTH MELBOURNE VIC 3051","construction_year":"2011","number_of_floors_above_ground":5,"predominant_space_use":"Student Accommodation","accessibility_rating":"1","bicycle_spaces":16}},{"type":"Feature","geometry":{"type":"Point","coordinates":[144.956764,-37.803501]},"properties":{"property_id":"107526","street_address":"180 Peel Street NORTH MELBOURNE VIC 3051","number_of_floors_above_ground":2,"predominant_space_use":"House/Townhouse","accessibility_rating":"1","bicycle_spaces":0}},{"type":"Feature","geometry":{"type":"Point","coordinates":[144.956737,-37.803613]},"properties":{"property_id":"107527","street_address":"174-178 Peel Street NORTH MELBOURNE VIC 3051","construction_year":"1950","number_of_floors_above_ground":3,"predominant_space_use":"Entertainment/Recreation - Indoor","accessibility_rating":"1","bicycle_spaces":0}},{"type":"Feature","geometry":{"type":"Point","coordinates":[144.956926,-37.803627]},"properties":{"property_id":"108021","street_address":"334-336 Queensberry Street NORTH MELBOURNE VIC 3051","construction_year":"1980","number_of_floors_above_ground":3,"predominant_space_use":"Office","accessibility_rating":"1","bicycle_spaces":0}},{"type":"Feature","geometry":{"type":"Point","coordinates":[144.955968,-37.802734]},"properties":{"property_id":"101532","street_address":"206 Capel Street NORTH MELBOURNE VIC 3051","number_of_floors_above_ground":2,"predominant_space_use":"House/Townhouse","accessibility_rating":"0"}},{"type":"Feature","geometry":{"type":"Point","coordinates":[144.954971,-37.803257]},"properties":{"property_id":"676732","street_address":"380 Queensberry Street NORTH MELBOURNE VIC 3051","construction_year":"2017","number_of_floors_above_ground":4,"predominant_space_use":"Residential Apartment","accessibility_rating":"3","bicycle_spaces":0}},{"type":"Feature","geometry":{"type":"Point","coordinates":[144.954447,-37.803331]},"properties":{"property_id":"108019","street_address":"394-404 Queensberry Street NORTH MELBOURNE VIC 3051","number_of_floors_above_ground":2,"predominant_space_use":"House/Townhouse","accessibility_rating":"0","bicycle_spaces":0}},{"type":"Feature","geometry":{"type":"Point","coordinates":[144.953067,-37.802836]},"properties":{"property_id":"101948","street_address":"198 Chetwynd Street NORTH MELBOURNE VIC 3051","number_of_floors_above_ground":1,"predominant_space_use":"House/Townhouse","accessibility_rating":"0"}},{"type":"Feature","geometry":{"type":"Point","coordinates":[144.953469,-37.802247]},"properties":{"property_id":"638785","street_address":"Unit 9-19, 185 Howard Street NORTH MELBOURNE VIC 3051","construction_year":"2012","number_of_floors_above_ground":2,"predominant_space_use":"Residential Apartment","accessibility_rating":"0","bicycle_spaces":0}},{"type":"Feature","geometry":{"type":"Point","coordinates":[144.953469,-37.802247]},"properties":{"property_id":"638789","street_address":"218 Chetwynd Street NORTH MELBOURNE VIC 3051","construction_year":"2012","number_of_floors_above_ground":4,"predominant_space_use":"Residential Apartment","accessibility_rating":"3","bicycle_spaces":0}},{"type":"Feature","geometry":{"type":"Point","coordinates":[144.953177,-37.801636]},"properties":{"property_id":"102207","street_address":"47 Courtney Street NORTH MELBOURNE VIC 3051","number_of_floors_above_ground":1,"predominant_space_use":"House/Townhouse","accessibility_rating":"0"}},{"type":"Feature","geometry":{"type":"Point","coordinates":[144.953125,-37.801576]},"properties":{"property_id":"102208","street_address":"49-53 Courtney Street NORTH MELBOURNE VIC 3051","number_of_floors_above_ground":2,"predominant_space_use":"House/Townhouse","accessibility_rating":"0"}},{"type":"Feature","geometry":{"type":"Point","coordinates":[144.953559,-37.802965]},"properties":{"property_id":"506096","street_address":"204-208 Chetwynd Street NORTH MELBOURNE VIC 3051","number_of_floors_above_ground":2,"predominant_space_use":"Residential Apartment","accessibility_rating":"0","bicycle_spaces":0}},{"type":"Feature","geometry":{"type":"Point","coordinates":[144.952355,-37.802037]},"properties":{"property_id":"101335","street_address":"9 Byron Street NORTH MELBOURNE VIC 3051","number_of_floors_above_ground":1,"predominant_space_use":"House/Townhouse","accessibility_rating":"1","bicycle_spaces":0}},{"type":"Feature","geometry":{"type":"Point","coordinates":[144.952207,-37.802026]},"properties":{"property_id":"101337","street_address":"13 Byron Street NORTH MELBOURNE VIC 3051","number_of_floors_above_ground":2,"predominant_space_use":"House/Townhouse","accessibility_rating":"0"}},{"type":"Feature","geometry":{"type":"Point","coordinates":[144.952442,-37.802261]},"properties":{"property_id":"101937","street_address":"147-149 Chetwynd Street NORTH MELBOURNE VIC 3051","number_of_floors_above_ground":2,"predominant_space_use":"House/Townhouse","accessibility_rating":"0"}},{"type":"Feature","geometry":{"type":"Point","coordinates":[144.952526,-37.802014]},"properties":{"property_id":"101941","street_address":"159-161 Chetwynd Street NORTH MELBOURNE VIC 3051","number_of_floors_above_ground":1,"predominant_space_use":"House/Townhouse","accessibility_rating":"0","bicycle_spaces":0}},{"type":"Feature","geometry":{"type":"Point","coordinates":[144.952601,-37.801583]},"properties":{"property_id":"101945","street_address":"173-185 Chetwynd Street NORTH MELBOURNE VIC 3051","number_of_floors_above_ground":3,"predominant_space_use":"Residential Apartment","accessibility_rating":"2","bicycle_spaces":0}},{"type":"Feature","geometry":{"type":"Point","coordinates":[144.951689,-37.801596]},"properties":{"property_id":"105629","street_address":"108 Leveson Street NORTH MELBOURNE VIC 3051","number_of_floors_above_ground":1,"predominant_space_use":"House/Townhouse","accessibility_rating":"0"}},{"type":"Feature","geometry":{"type":"Point","coordinates":[144.951841,-37.801981]},"properties":{"property_id":"105630","street_address":"15-33 Byron Street NORTH MELBOURNE VIC 3051","construction_year":"2011","number_of_floors_above_ground":3,"predominant_space_use":"Residential Apartment","accessibility_rating":"1","bicycle_spaces":0}},{"type":"Feature","geometry":{"type":"Point","coordinates":[144.951863,-37.802153]},"properties":{"property_id":"105631","street_address":"84-88 Leveson Street NORTH MELBOURNE VIC 3051","construction_year":"1920","number_of_floors_above_ground":1,"predominant_space_use":"Unoccupied - Under Demolition/Condemned","accessibility_rating":"1","bicycle_spaces":0}},{"type":"Feature","geometry":{"type":"Point","coordinates":[144.951485,-37.802733]},"properties":{"property_id":"105634","street_address":"64 Leveson Street NORTH MELBOURNE VIC 3051","number_of_floors_above_ground":1,"predominant_space_use":"House/Townhouse","accessibility_rating":"0"}},{"type":"Feature","geometry":{"type":"Point","coordinates":[144.951485,-37.802842]},"properties":{"property_id":"105635","street_address":"56-62 Leveson Street NORTH MELBOURNE VIC 3051","construction_year":"1930","number_of_floors_above_ground":1,"predominant_space_use":"Workshop/Studio","accessibility_rating":"3","bicycle_spaces":0}},{"type":"Feature","geometry":{"type":"Point","coordinates":[144.951558,-37.803054]},"properties":{"property_id":"108008","street_address":"480 Queensberry Street NORTH MELBOURNE VIC 3051","number_of_floors_above_ground":2,"predominant_space_use":"House/Townhouse","accessibility_rating":"1","bicycle_spaces":0}},{"type":"Feature","geometry":{"type":"Point","coordinates":[144.952229,-37.803049]},"properties":{"property_id":"108014","building_name":"Magnificat House","street_address":"456-458 Queensberry Street NORTH MELBOURNE VIC 3051","construction_year":"1874","number_of_floors_above_ground":2,"predominant_space_use":"Performances, Conferences, Ceremonies","accessibility_rating":"2","bicycle_spaces":0}},{"type":"Feature","geometry":{"type":"Point","coordinates":[144.952424,-37.802545]},"properties":{"property_id":"110813","street_address":"137 Chetwynd Street NORTH MELBOURNE VIC 3051","number_of_floors_above_ground":2,"predominant_space_use":"House/Townhouse","accessibility_rating":"0"}},{"type":"Feature","geometry":{"type":"Point","coordinates":[144.952585,-37.801866]},"properties":{"property_id":"111348","street_address":"165 Chetwynd Street NORTH MELBOURNE VIC 3051","construction_year":"1870","number_of_floors_above_ground":2,"predominant_space_use":"House/Townhouse","accessibility_rating":"0"}},{"type":"Feature","geometry":{"type":"Point","coordinates":[144.952473,-37.801863]},"properties":{"property_id":"111350","street_address":"4 Byron Street NORTH MELBOURNE VIC 3051","construction_year":"2000","number_of_floors_above_ground":1,"predominant_space_use":"House/Townhouse","accessibility_rating":"0"}},{"type":"Feature","geometry":{"type":"Point","coordinates":[144.951689,-37.801642]},"properties":{"property_id":"576962","street_address":"106 Leveson Street NORTH MELBOURNE VIC 3051","number_of_floors_above_ground":1,"predominant_space_use":"House/Townhouse","accessibility_rating":"0"}},{"type":"Feature","geometry":{"type":"Point","coordinates":[144.952098,-37.802549]},"properties":{"property_id":"611682","street_address":"11 Chetwynd Place NORTH MELBOURNE VIC 3051","construction_year":"2012","number_of_floors_above_ground":3,"predominant_space_use":"House/Townhouse","accessibility_rating":"0","bicycle_spaces":0}},{"type":"Feature","geometry":{"type":"Point","coordinates":[144.952089,-37.802598]},"properties":{"property_id":"611683","street_address":"9 Chetwynd Place NORTH MELBOURNE VIC 3051","number_of_floors_above_ground":2,"predominant_space_use":"House/Townhouse","accessibility_rating":"0"}},{"type":"Feature","geometry":{"type":"Point","coordinates":[144.95208,-37.802647]},"properties":{"property_id":"611684","street_address":"7 Chetwynd Place NORTH MELBOURNE VIC 3051","construction_year":"2009","number_of_floors_above_ground":3,"predominant_space_use":"House/Townhouse","accessibility_rating":"0"}},{"type":"Feature","geometry":{"type":"Point","coordinates":[144.952072,-37.802696]},"properties":{"property_id":"611685","street_address":"5 Chetwynd Place NORTH MELBOURNE VIC 3051","number_of_floors_above_ground":2,"predominant_space_use":"House/Townhouse","accessibility_rating":"0"}},{"type":"Feature","geometry":{"type":"Point","coordinates":[144.952106,-37.8028]},"properties":{"property_id":"611687","street_address":"1 Chetwynd Place NORTH MELBOURNE VIC 3051","number_of_floors_above_ground":2,"predominant_space_use":"House/Townhouse","accessibility_rating":"0","bicycle_spaces":0}},{"type":"Feature","geometry":{"type":"Point","coordinates":[144.95198,-37.802786]},"properties":{"property_id":"636575","street_address":"18 Temperance Hall Lane NORTH MELBOURNE VIC 3051","construction_year":"2013","number_of_floors_above_ground":2,"predominant_space_use":"House/Townhouse","accessibility_rating":"1","bicycle_spaces":0}},{"type":"Feature","geometry":{"type":"Point","coordinates":[144.950583,-37.802378]},"properties":{"property_id":"101005","street_address":"11-13 Bendigo Street NORTH MELBOURNE VIC 3051","construction_year":"1870","number_of_floors_above_ground":2,"predominant_space_use":"House/Townhouse","accessibility_rating":"0"}},{"type":"Feature","geometry":{"type":"Point","coordinates":[144.950096,-37.802235]},"properties":{"property_id":"103498","street_address":"116-118 Errol Street NORTH MELBOURNE VIC 3051","construction_year":"1870","number_of_floors_above_ground":3,"predominant_space_use":"Residential Apartment","accessibility_rating":"3","bicycle_spaces":0}},{"type":"Feature","geometry":{"type":"Point","coordinates":[144.949956,-37.802877]},"properties":{"property_id":"103507","building_name":"Court House Hotel","street_address":"Court House Hotel 86-90 Errol Street NORTH MELBOURNE VIC 3051","construction_year":"1940","number_of_floors_above_ground":2,"predominant_space_use":"Entertainment/Recreation - Indoor","accessibility_rating":"1","bicycle_spaces":0}},{"type":"Feature","geometry":{"type":"Point","coordinates":[144.95031,-37.802685]},"properties":{"property_id":"105420","street_address":"2-8 Lancashire Lane NORTH MELBOURNE VIC 3051","construction_year":"2018","number_of_floors_above_ground":3,"predominant_space_use":"House/Townhouse","accessibility_rating":"1","bicycle_spaces":0}},{"type":"Feature","geometry":{"type":"Point","coordinates":[144.950662,-37.802866]},"properties":{"property_id":"108001","street_address":"502 Queensberry Street NORTH MELBOURNE VIC 3051","construction_year":"1880","number_of_floors_above_ground":2,"predominant_space_use":"Residential Apartment","accessibility_rating":"3","bicycle_spaces":0}},{"type":"Feature","geometry":{"type":"Point","coordinates":[144.950929,-37.802402]},"properties":{"property_id":"556344","street_address":"79-89 Leveson Street NORTH MELBOURNE VIC 3051","construction_year":"2013","number_of_floors_above_ground":4,"predominant_space_use":"Residential Apartment","accessibility_rating":"1","bicycle_spaces":0}},{"type":"Feature","geometry":{"type":"Point","coordinates":[144.950028,-37.802475]},"properties":{"property_id":"575151","street_address":"104-108 Errol Street NORTH MELBOURNE VIC 3051","construction_year":"2002","number_of_floors_above_ground":4,"predominant_space_use":"Residential Apartment","accessibility_rating":"1","bicycle_spaces":0}},{"type":"Feature","geometry":{"type":"Point","coordinates":[144.950385,-37.802039]},"properties":{"property_id":"101006","street_address":"24-26 Bendigo Street NORTH MELBOURNE VIC 3051","construction_year":"1935","number_of_floors_above_ground":1,"predominant_space_use":"Equipment Installation","accessibility_rating":"0","bicycle_spaces":0}},{"type":"Feature","geometry":{"type":"Point","coordinates":[144.950434,-37.801853]},"properties":{"property_id":"101339","street_address":"55-57 Byron Street NORTH MELBOURNE VIC 3051","construction_year":"1910","number_of_floors_above_ground":2,"predominant_space_use":"Residential Apartment","accessibility_rating":"1","bicycle_spaces":0}},{"type":"Feature","geometry":{"type":"Point","coordinates":[144.950387,-37.801604]},"properties":{"property_id":"101341","street_address":"58-62 Byron Street NORTH MELBOURNE VIC 3051","construction_year":"2012","number_of_floors_above_ground":3,"predominant_space_use":"Residential Apartment","accessibility_rating":"1","bicycle_spaces":0}},{"type":"Feature","geometry":{"type":"Point","coordinates":[144.950257,-37.801189]},"properties":{"property_id":"103486","building_name":"Milverton","street_address":"162-164 Errol Street NORTH MELBOURNE VIC 3051","number_of_floors_above_ground":1,"predominant_space_use":"House/Townhouse","accessibility_rating":"0"}},{"type":"Feature","geometry":{"type":"Point","coordinates":[144.950244,-37.801266]},"properties":{"property_id":"103487","building_name":"Clifton","street_address":"160 Errol Street NORTH MELBOURNE VIC 3051","number_of_floors_above_ground":1,"predominant_space_use":"House/Townhouse","accessibility_rating":"0"}},{"type":"Feature","geometry":{"type":"Point","coordinates":[144.950234,-37.801321]},"properties":{"property_id":"103488","building_name":"Kingston","street_address":"158 Errol Street NORTH MELBOURNE VIC 3051","number_of_floors_above_ground":1,"predominant_space_use":"House/Townhouse","accessibility_rating":"0"}},{"type":"Feature","geometry":{"type":"Point","coordinates":[144.950225,-37.801481]},"properties":{"property_id":"103491","street_address":"152 Errol Street NORTH MELBOURNE VIC 3051","construction_year":"1850","number_of_floors_above_ground":1,"predominant_space_use":"House/Townhouse","accessibility_rating":"0","bicycle_spaces":0}},{"type":"Feature","geometry":{"type":"Point","coordinates":[144.95016,-37.801618]},"properties":{"property_id":"103493","street_address":"144-146 Errol Street NORTH MELBOURNE VIC 3051","construction_year":"1930","number_of_floors_above_ground":1,"predominant_space_use":"Unoccupied - Unused","accessibility_rating":"1","bicycle_spaces":0}},{"type":"Feature","geometry":{"type":"Point","coordinates":[144.950141,-37.801985]},"properties":{"property_id":"103496","street_address":"126 Errol Street NORTH MELBOURNE VIC 3051","construction_year":"1870","number_of_floors_above_ground":1,"predominant_space_use":"House/Townhouse","accessibility_rating":"0","bicycle_spaces":0}},{"type":"Feature","geometry":{"type":"Point","coordinates":[144.95077,-37.801997]},"properties":{"property_id":"105618","building_name":"Leveson Apartments","street_address":"91-101 Leveson Street NORTH MELBOURNE VIC 3051","construction_year":"2009","number_of_floors_above_ground":4,"predominant_space_use":"Residential Apartment","accessibility_rating":"1","bicycle_spaces":0}},{"type":"Feature","geometry":{"type":"Point","coordinates":[144.951023,-37.80192]},"properties":{"property_id":"105619","street_address":"103 Leveson Street NORTH MELBOURNE VIC 3051","construction_year":"1870","number_of_floors_above_ground":2,"predominant_space_use":"Residential Apartment","accessibility_rating":"1","bicycle_spaces":0}},{"type":"Feature","geometry":{"type":"Point","coordinates":[144.951036,-37.801857]},"properties":{"property_id":"105620","street_address":"105 Leveson Street NORTH MELBOURNE VIC 3051","number_of_floors_above_ground":2,"predominant_space_use":"House/Townhouse","accessibility_rating":"0"}},{"type":"Feature","geometry":{"type":"Point","coordinates":[144.951043,-37.801814]},"properties":{"property_id":"105621","street_address":"107 Leveson Street NORTH MELBOURNE VIC 3051","number_of_floors_above_ground":2,"predominant_space_use":"House/Townhouse","accessibility_rating":"0"}},{"type":"Feature","geometry":{"type":"Point","coordinates":[144.950897,-37.80133]},"properties":{"property_id":"579245","street_address":"27 Arden Street NORTH MELBOURNE VIC 3051","construction_year":"2003","number_of_floors_above_ground":2,"predominant_space_use":"House/Townhouse","accessibility_rating":"2","bicycle_spaces":0}},{"type":"Feature","geometry":{"type":"Point","coordinates":[144.950808,-37.801321]},"properties":{"property_id":"579246","street_address":"29 Arden Street NORTH MELBOURNE VIC 3051","construction_year":"1929","number_of_floors_above_ground":2,"predominant_space_use":"Retail - Shop","accessibility_rating":"2","bicycle_spaces":0}},{"type":"Feature","geometry":{"type":"Point","coordinates":[144.951162,-37.801517]},"properties":{"property_id":"592686","street_address":"117 Leveson Street NORTH MELBOURNE VIC 3051","number_of_floors_above_ground":3,"predominant_space_use":"House/Townhouse"}},{"type":"Feature","geometry":{"type":"Point","coordinates":[144.95099,-37.801618]},"properties":{"property_id":"627800","street_address":"4 Loughmore Lane NORTH MELBOURNE VIC 3051","construction_year":"2010","number_of_floors_above_ground":3,"predominant_space_use":"House/Townhouse","accessibility_rating":"0","bicycle_spaces":0}},{"type":"Feature","geometry":{"type":"Point","coordinates":[144.950519,-37.800786]},"properties":{"property_id":"100529","street_address":"52 Arden Street NORTH MELBOURNE VIC 3051","number_of_floors_above_ground":2,"predominant_space_use":"House/Townhouse","accessibility_rating":"0"}},{"type":"Feature","geometry":{"type":"Point","coordinates":[144.950783,-37.80082]},"properties":{"property_id":"100533","street_address":"44 Arden Street NORTH MELBOURNE VIC 3051","number_of_floors_above_ground":2,"predominant_space_use":"House/Townhouse","accessibility_rating":"0"}},{"type":"Feature","geometry":{"type":"Point","coordinates":[144.95084,-37.800825]},"properties":{"property_id":"100534","street_address":"42 Arden Street NORTH MELBOURNE VIC 3051","number_of_floors_above_ground":2,"predominant_space_use":"House/Townhouse","accessibility_rating":"0"}},{"type":"Feature","geometry":{"type":"Point","coordinates":[144.950954,-37.800838]},"properties":{"property_id":"100536","street_address":"38 Arden Street NORTH MELBOURNE VIC 3051","number_of_floors_above_ground":2,"predominant_space_use":"House/Townhouse","accessibility_rating":"0"}},{"type":"Feature","geometry":{"type":"Point","coordinates":[144.950358,-37.800556]},"properties":{"property_id":"103482","street_address":"182 Errol Street NORTH MELBOURNE VIC 3051","number_of_floors_above_ground":1,"predominant_space_use":"House/Townhouse","accessibility_rating":"0"}},{"type":"Feature","geometry":{"type":"Point","coordinates":[144.951274,-37.800636]},"properties":{"property_id":"105623","street_address":"135-143 Leveson Street NORTH MELBOURNE VIC 3051","number_of_floors_above_ground":2,"predominant_space_use":"House/Townhouse","accessibility_rating":"0"}},{"type":"Feature","geometry":{"type":"Point","coordinates":[144.951001,-37.800598]},"properties":{"property_id":"107089","street_address":"5-9 O'Shanassy Street NORTH MELBOURNE VIC 3051","number_of_floors_above_ground":2,"predominant_space_use":"House/Townhouse","accessibility_rating":"0"}},{"type":"Feature","geometry":{"type":"Point","coordinates":[144.951078,-37.800034]},"properties":{"property_id":"102224","street_address":"89 Courtney Street NORTH MELBOURNE VIC 3051","number_of_floors_above_ground":2,"predominant_space_use":"House/Townhouse","accessibility_rating":"0"}},{"type":"Feature","geometry":{"type":"Point","coordinates":[144.950978,-37.799951]},"properties":{"property_id":"102227","street_address":"95 Courtney Street NORTH MELBOURNE VIC 3051","number_of_floors_above_ground":2,"predominant_space_use":"House/Townhouse","accessibility_rating":"0"}},{"type":"Feature","geometry":{"type":"Point","coordinates":[144.950941,-37.799922]},"properties":{"property_id":"102228","street_address":"97 Courtney Street NORTH MELBOURNE VIC 3051","number_of_floors_above_ground":2,"predominant_space_use":"House/Townhouse","accessibility_rating":"0"}},{"type":"Feature","geometry":{"type":"Point","coordinates":[144.951345,-37.800194]},"properties":{"property_id":"107119","street_address":"2-4 O'Shanassy Street NORTH MELBOURNE VIC 3051","number_of_floors_above_ground":1,"predominant_space_use":"House/Townhouse","accessibility_rating":"0"}},{"type":"Feature","geometry":{"type":"Point","coordinates":[144.952182,-37.801016]},"properties":{"property_id":"100546","street_address":"10 Arden Street NORTH MELBOURNE VIC 3051","number_of_floors_above_ground":2,"predominant_space_use":"House/Townhouse","accessibility_rating":"0"}},{"type":"Feature","geometry":{"type":"Point","coordinates":[144.952361,-37.801052]},"properties":{"property_id":"100549","street_address":"4 Arden Street NORTH MELBOURNE VIC 3051","number_of_floors_above_ground":2,"predominant_space_use":"House/Townhouse","accessibility_rating":"0"}},{"type":"Feature","geometry":{"type":"Point","coordinates":[144.952326,-37.800942]},"properties":{"property_id":"102213","street_address":"61 Courtney Street NORTH MELBOURNE VIC 3051","number_of_floors_above_ground":1,"predominant_space_use":"House/Townhouse","accessibility_rating":"0"}},{"type":"Feature","geometry":{"type":"Point","coordinates":[144.952206,-37.800872]},"properties":{"property_id":"102215","street_address":"65 Courtney Street NORTH MELBOURNE VIC 3051","number_of_floors_above_ground":1,"predominant_space_use":"House/Townhouse","accessibility_rating":"0"}},{"type":"Feature","geometry":{"type":"Point","coordinates":[144.95212,-37.800816]},"properties":{"property_id":"102216","street_address":"67 Courtney Street NORTH MELBOURNE VIC 3051","number_of_floors_above_ground":1,"predominant_space_use":"House/Townhouse","accessibility_rating":"0"}},{"type":"Feature","geometry":{"type":"Point","coordinates":[144.952072,-37.800789]},"properties":{"property_id":"102217","street_address":"69 Courtney Street NORTH MELBOURNE VIC 3051","number_of_floors_above_ground":1,"predominant_space_use":"House/Townhouse","accessibility_rating":"0"}},{"type":"Feature","geometry":{"type":"Point","coordinates":[144.956381,-37.801628]},"properties":{"property_id":"100953","street_address":"241 Peel Street NORTH MELBOURNE VIC 3051","construction_year":"1870","number_of_floors_above_ground":2,"predominant_space_use":"House/Townhouse","accessibility_rating":"0"}},{"type":"Feature","geometry":{"type":"Point","coordinates":[144.955478,-37.801497]},"properties":{"property_id":"101093","street_address":"26-28 Blackwood Street NORTH MELBOURNE VIC 3051","number_of_floors_above_ground":2,"predominant_space_use":"Office","accessibility_rating":"1","bicycle_spaces":0}},{"type":"Feature","geometry":{"type":"Point","coordinates":[144.956327,-37.80139]},"properties":{"property_id":"103809","building_name":"Atira Student Living","street_address":"245-255 Peel Street NORTH MELBOURNE VIC 3051","construction_year":"2018","number_of_floors_above_ground":22,"predominant_space_use":"Student Accommodation","accessibility_rating":"0","bicycle_spaces":104}},{"type":"Feature","geometry":{"type":"Point","coordinates":[144.954766,-37.801194]},"properties":{"property_id":"101090","street_address":"13-15 Blackwood Street NORTH MELBOURNE VIC 3051","number_of_floors_above_ground":2,"predominant_space_use":"House/Townhouse","accessibility_rating":"0"}},{"type":"Feature","geometry":{"type":"Point","coordinates":[144.954293,-37.800703]},"properties":{"property_id":"110261","street_address":"16-28 Wreckyn Street NORTH MELBOURNE VIC 3051","construction_year":"2011","number_of_floors_above_ground":4,"predominant_space_use":"Residential Apartment","accessibility_rating":"2","bicycle_spaces":0}},{"type":"Feature","geometry":{"type":"Point","coordinates":[144.953955,-37.800989]},"properties":{"property_id":"110262","building_name":"Jane Bell House","street_address":"10-14 Wreckyn Street NORTH MELBOURNE VIC 3051","number_of_floors_above_ground":4,"predominant_space_use":"Office","accessibility_rating":"3","bicycle_spaces":0}},{"type":"Feature","geometry":{"type":"Point","coordinates":[144.954018,-37.801395]},"properties":{"property_id":"101088","building_name":"Meat Market Art Centre","street_address":"1-7 Blackwood Street NORTH MELBOURNE VIC 3051","construction_year":"1874","number_of_floors_above_ground":2,"predominant_space_use":"Performances, Conferences, Ceremonies","accessibility_rating":"2","bicycle_spaces":0}},{"type":"Feature","geometry":{"type":"Point","coordinates":[144.954733,-37.801041]},"properties":{"property_id":"111284","building_name":"The Oxford","street_address":"17-21 Blackwood Street NORTH MELBOURNE VIC 3051","construction_year":"2001","number_of_floors_above_ground":5,"predominant_space_use":"Residential Apartment","accessibility_rating":"3","bicycle_spaces":0}},{"type":"Feature","geometry":{"type":"Point","coordinates":[144.953035,-37.800899]},"properties":{"property_id":"102236","building_name":"Edinburgh Castle Hotel","street_address":"56-58 Courtney Street NORTH MELBOURNE VIC 3051","construction_year":"1870","number_of_floors_above_ground":2,"predominant_space_use":"Entertainment/Recreation - Indoor","accessibility_rating":"1","bicycle_spaces":0}},{"type":"Feature","geometry":{"type":"Point","coordinates":[144.954319,-37.79973]},"properties":{"property_id":"103814","building_name":"Chelsea House","street_address":"47-59 Flemington Road NORTH MELBOURNE VIC 3051","construction_year":"1950","number_of_floors_above_ground":5,"predominant_space_use":"Unoccupied - Unused","accessibility_rating":"2","bicycle_spaces":0}},{"type":"Feature","geometry":{"type":"Point","coordinates":[144.953549,-37.799476]},"properties":{"property_id":"109861","street_address":"48-50 Villiers Street NORTH MELBOURNE VIC 3051","number_of_floors_above_ground":1,"predominant_space_use":"House/Townhouse","accessibility_rating":"0"}},{"type":"Feature","geometry":{"type":"Point","coordinates":[144.953459,-37.799546]},"properties":{"property_id":"109862","street_address":"46 Villiers Street NORTH MELBOURNE VIC 3051","construction_year":"2018","number_of_floors_above_ground":6,"predominant_space_use":"Residential Apartment","accessibility_rating":"0","bicycle_spaces":12}},{"type":"Feature","geometry":{"type":"Point","coordinates":[144.952835,-37.800231]},"properties":{"property_id":"109867","street_address":"14-22 Villiers Street NORTH MELBOURNE VIC 3051","construction_year":"1910","number_of_floors_above_ground":1,"predominant_space_use":"Unoccupied - Unused","accessibility_rating":"3","bicycle_spaces":0}},{"type":"Feature","geometry":{"type":"Point","coordinates":[144.95331,-37.800682]},"properties":{"property_id":"110255","street_address":"11 Wreckyn Street NORTH MELBOURNE VIC 3051","construction_year":"1938","number_of_floors_above_ground":1,"predominant_space_use":"Unoccupied - Unused","accessibility_rating":"1","bicycle_spaces":0}},{"type":"Feature","geometry":{"type":"Point","coordinates":[144.953929,-37.799876]},"properties":{"property_id":"533327","street_address":"2-6 High Street NORTH MELBOURNE VIC 3051","construction_year":"2004","number_of_floors_above_ground":7,"predominant_space_use":"Student Accommodation","accessibility_rating":"2","bicycle_spaces":14}},{"type":"Feature","geometry":{"type":"Point","coordinates":[144.953166,-37.80044]},"properties":{"property_id":"573800","street_address":"15 Hotham Place NORTH MELBOURNE VIC 3051","construction_year":"2002","number_of_floors_above_ground":2,"predominant_space_use":"House/Townhouse","accessibility_rating":"0"}},{"type":"Feature","geometry":{"type":"Point","coordinates":[144.952637,-37.800248]},"properties":{"property_id":"576942","street_address":"12 Villiers Street NORTH MELBOURNE VIC 3051","number_of_floors_above_ground":1,"predominant_space_use":"House/Townhouse","accessibility_rating":"0"}},{"type":"Feature","geometry":{"type":"Point","coordinates":[144.952428,-37.800343]},"properties":{"property_id":"578362","street_address":"6 Villiers Street NORTH MELBOURNE VIC 3051","construction_year":"2002","number_of_floors_above_ground":2,"predominant_space_use":"House/Townhouse","accessibility_rating":"0"}},{"type":"Feature","geometry":{"type":"Point","coordinates":[144.952321,-37.800428]},"properties":{"property_id":"578364","street_address":"2 Villiers Street NORTH MELBOURNE VIC 3051","construction_year":"2002","number_of_floors_above_ground":1,"predominant_space_use":"House/Townhouse","accessibility_rating":"0"}},{"type":"Feature","geometry":{"type":"Point","coordinates":[144.952919,-37.800702]},"properties":{"property_id":"596470","street_address":"1D Hotham Place NORTH MELBOURNE VIC 3051","number_of_floors_above_ground":1,"predominant_space_use":"House/Townhouse"}},{"type":"Feature","geometry":{"type":"Point","coordinates":[144.952969,-37.800593]},"properties":{"property_id":"623919","street_address":"3 Hotham Place NORTH MELBOURNE VIC 3051","construction_year":"2010","number_of_floors_above_ground":3,"predominant_space_use":"House/Townhouse","accessibility_rating":"1","bicycle_spaces":0}},{"type":"Feature","geometry":{"type":"Point","coordinates":[144.953629,-37.799788]},"properties":{"property_id":"633353","street_address":"18 Vale Street NORTH MELBOURNE VIC 3051","construction_year":"2011","number_of_floors_above_ground":4,"predominant_space_use":"House/Townhouse","accessibility_rating":"0","bicycle_spaces":0}},{"type":"Feature","geometry":{"type":"Point","coordinates":[144.947334,-37.805702]},"properties":{"property_id":"102331","street_address":"15 Curzon Street WEST MELBOURNE VIC 3003","number_of_floors_above_ground":1,"predominant_space_use":"House/Townhouse","accessibility_rating":"0"}},{"type":"Feature","geometry":{"type":"Point","coordinates":[144.947356,-37.805561]},"properties":{"property_id":"102333","street_address":"19 Curzon Street WEST MELBOURNE VIC 3003","number_of_floors_above_ground":1,"predominant_space_use":"House/Townhouse","accessibility_rating":"0"}},{"type":"Feature","geometry":{"type":"Point","coordinates":[144.946144,-37.80546]},"properties":{"property_id":"106609","building_name":"D.Ragozzino","street_address":"46 Miller Street WEST MELBOURNE VIC 3003","number_of_floors_above_ground":1,"predominant_space_use":"House/Townhouse","accessibility_rating":"0"}},{"type":"Feature","geometry":{"type":"Point","coordinates":[144.946281,-37.805475]},"properties":{"property_id":"106610","building_name":"Valkyrie","street_address":"44 Miller Street WEST MELBOURNE VIC 3003","number_of_floors_above_ground":1,"predominant_space_use":"House/Townhouse","accessibility_rating":"0"}},{"type":"Feature","geometry":{"type":"Point","coordinates":[144.946453,-37.805492]},"properties":{"property_id":"106612","street_address":"40 Miller Street WEST MELBOURNE VIC 3003","number_of_floors_above_ground":1,"predominant_space_use":"House/Townhouse","accessibility_rating":"0"}},{"type":"Feature","geometry":{"type":"Point","coordinates":[144.946521,-37.805499]},"properties":{"property_id":"106613","street_address":"34 Miller Street WEST MELBOURNE VIC 3003","number_of_floors_above_ground":1,"predominant_space_use":"House/Townhouse","accessibility_rating":"0"}},{"type":"Feature","geometry":{"type":"Point","coordinates":[144.94659,-37.805505]},"properties":{"property_id":"106614","street_address":"32 Miller Street WEST MELBOURNE VIC 3003","number_of_floors_above_ground":1,"predominant_space_use":"House/Townhouse","accessibility_rating":"0"}},{"type":"Feature","geometry":{"type":"Point","coordinates":[144.946868,-37.805533]},"properties":{"property_id":"106617","street_address":"22 Miller Street WEST MELBOURNE VIC 3003","number_of_floors_above_ground":1,"predominant_space_use":"House/Townhouse","accessibility_rating":"0"}},{"type":"Feature","geometry":{"type":"Point","coordinates":[144.946971,-37.805546]},"properties":{"property_id":"106618","building_name":"Hemingford","street_address":"18-20 Miller Street WEST MELBOURNE VIC 3003","construction_year":"1930","number_of_floors_above_ground":3,"predominant_space_use":"Residential Apartment","accessibility_rating":"1","bicycle_spaces":0}},{"type":"Feature","geometry":{"type":"Point","coordinates":[144.947082,-37.805556]},"properties":{"property_id":"106619","building_name":"Holywood","street_address":"16 Miller Street WEST MELBOURNE VIC 3003","number_of_floors_above_ground":2,"predominant_space_use":"House/Townhouse","accessibility_rating":"0"}},{"type":"Feature","geometry":{"type":"Point","coordinates":[144.94716,-37.805565]},"properties":{"property_id":"106620","street_address":"14 Miller Street WEST MELBOURNE VIC 3003","number_of_floors_above_ground":1,"predominant_space_use":"House/Townhouse","accessibility_rating":"0"}},{"type":"Feature","geometry":{"type":"Point","coordinates":[144.946895,-37.805175]},"properties":{"property_id":"109728","street_address":"389 Victoria Street WEST MELBOURNE VIC 3003","number_of_floors_above_ground":1,"predominant_space_use":"House/Townhouse","accessibility_rating":"0"}},{"type":"Feature","geometry":{"type":"Point","coordinates":[144.946237,-37.805071]},"properties":{"property_id":"109734","building_name":"Delmont","street_address":"423 Victoria Street WEST MELBOURNE VIC 3003","number_of_floors_above_ground":1,"predominant_space_use":"House/Townhouse","accessibility_rating":"0"}},{"type":"Feature","geometry":{"type":"Point","coordinates":[144.945972,-37.805087]},"properties":{"property_id":"109737","street_address":"429 Victoria Street WEST MELBOURNE VIC 3003","number_of_floors_above_ground":1,"predominant_space_use":"House/Townhouse","accessibility_rating":"0"}},{"type":"Feature","geometry":{"type":"Point","coordinates":[144.947188,-37.806447]},"properties":{"property_id":"102328","street_address":"3 Curzon Street WEST MELBOURNE VIC 3003","number_of_floors_above_ground":1,"predominant_space_use":"House/Townhouse","accessibility_rating":"0"}},{"type":"Feature","geometry":{"type":"Point","coordinates":[144.9472,-37.806396]},"properties":{"property_id":"102329","street_address":"5 Curzon Street WEST MELBOURNE VIC 3003","number_of_floors_above_ground":1,"predominant_space_use":"House/Townhouse","accessibility_rating":"0"}},{"type":"Feature","geometry":{"type":"Point","coordinates":[144.947074,-37.80614]},"properties":{"property_id":"106567","street_address":"11 Miller Street WEST MELBOURNE VIC 3003","number_of_floors_above_ground":1,"predominant_space_use":"House/Townhouse","accessibility_rating":"0"}},{"type":"Feature","geometry":{"type":"Point","coordinates":[144.9469,-37.806146]},"properties":{"property_id":"106570","street_address":"17 Miller Street WEST MELBOURNE VIC 3003","number_of_floors_above_ground":1,"predominant_space_use":"House/Townhouse","accessibility_rating":"0"}},{"type":"Feature","geometry":{"type":"Point","coordinates":[144.946842,-37.80614]},"properties":{"property_id":"106571","street_address":"19 Miller Street WEST MELBOURNE VIC 3003","number_of_floors_above_ground":1,"predominant_space_use":"House/Townhouse","accessibility_rating":"0"}},{"type":"Feature","geometry":{"type":"Point","coordinates":[144.946519,-37.806109]},"properties":{"property_id":"106576","building_name":"Hope","street_address":"29-31 Miller Street WEST MELBOURNE VIC 3003","number_of_floors_above_ground":2,"predominant_space_use":"House/Townhouse","accessibility_rating":"1","bicycle_spaces":0}},{"type":"Feature","geometry":{"type":"Point","coordinates":[144.945729,-37.805982]},"properties":{"property_id":"106587","street_address":"59 Miller Street WEST MELBOURNE VIC 3003","number_of_floors_above_ground":1,"predominant_space_use":"House/Townhouse","accessibility_rating":"0"}},{"type":"Feature","geometry":{"type":"Point","coordinates":[144.946131,-37.806396]},"properties":{"property_id":"108915","street_address":"614 Spencer Street WEST MELBOURNE VIC 3003","number_of_floors_above_ground":1,"predominant_space_use":"House/Townhouse","accessibility_rating":"0"}},{"type":"Feature","geometry":{"type":"Point","coordinates":[144.946543,-37.806591]},"properties":{"property_id":"108922","street_address":"596 Spencer Street WEST MELBOURNE VIC 3003","number_of_floors_above_ground":2,"predominant_space_use":"House/Townhouse","accessibility_rating":"0"}},{"type":"Feature","geometry":{"type":"Point","coordinates":[144.946685,-37.806656]},"properties":{"property_id":"108925","street_address":"590 Spencer Street WEST MELBOURNE VIC 3003","number_of_floors_above_ground":2,"predominant_space_use":"House/Townhouse","accessibility_rating":"0"}},{"type":"Feature","geometry":{"type":"Point","coordinates":[144.946842,-37.806759]},"properties":{"property_id":"108929","building_name":"Annach Terrace","street_address":"584 Spencer Street WEST MELBOURNE VIC 3003","number_of_floors_above_ground":2,"predominant_space_use":"House/Townhouse","accessibility_rating":"0"}},{"type":"Feature","geometry":{"type":"Point","coordinates":[144.946039,-37.806034]},"properties":{"property_id":"523500","street_address":"47 Miller Street WEST MELBOURNE VIC 3003","number_of_floors_above_ground":1,"predominant_space_use":"House/Townhouse"}},{"type":"Feature","geometry":{"type":"Point","coordinates":[144.946486,-37.807159]},"properties":{"property_id":"108878","street_address":"587-589 Spencer Street WEST MELBOURNE VIC 3003","construction_year":"1901","number_of_floors_above_ground":2,"predominant_space_use":"Residential Apartment","accessibility_rating":"0","bicycle_spaces":0}},{"type":"Feature","geometry":{"type":"Point","coordinates":[144.946024,-37.806988]},"properties":{"property_id":"111163","building_name":"601 Spencer Street","street_address":"601 Spencer Street WEST MELBOURNE VIC 3003","construction_year":"1901","number_of_floors_above_ground":1,"predominant_space_use":"House/Townhouse","accessibility_rating":"0"}},{"type":"Feature","geometry":{"type":"Point","coordinates":[144.946024,-37.806988]},"properties":{"property_id":"111164","building_name":"603 Spencer Street","street_address":"603 Spencer Street WEST MELBOURNE VIC 3003","construction_year":"1901","number_of_floors_above_ground":1,"predominant_space_use":"House/Townhouse","accessibility_rating":"0"}},{"type":"Feature","geometry":{"type":"Point","coordinates":[144.946024,-37.806988]},"properties":{"property_id":"111165","building_name":"605 Spencer Street","street_address":"605 Spencer Street WEST MELBOURNE VIC 3003","construction_year":"1901","number_of_floors_above_ground":1,"predominant_space_use":"House/Townhouse","accessibility_rating":"0"}},{"type":"Feature","geometry":{"type":"Point","coordinates":[144.946024,-37.806988]},"properties":{"property_id":"111166","building_name":"607 Spencer Street","street_address":"607 Spencer Street WEST MELBOURNE VIC 3003","construction_year":"1901","number_of_floors_above_ground":1,"predominant_space_use":"House/Townhouse","accessibility_rating":"0"}},{"type":"Feature","geometry":{"type":"Point","coordinates":[144.946024,-37.806988]},"properties":{"property_id":"111168","building_name":"611 Spencer Street","street_address":"611 Spencer Street WEST MELBOURNE VIC 3003","construction_year":"1901","number_of_floors_above_ground":1,"predominant_space_use":"House/Townhouse","accessibility_rating":"0"}},{"type":"Feature","geometry":{"type":"Point","coordinates":[144.946024,-37.806988]},"properties":{"property_id":"111170","building_name":"615 Spencer Street","street_address":"615 Spencer Street WEST MELBOURNE VIC 3003","construction_year":"1901","number_of_floors_above_ground":1,"predominant_space_use":"House/Townhouse","accessibility_rating":"0"}},{"type":"Feature","geometry":{"type":"Point","coordinates":[144.945494,-37.808085]},"properties":{"property_id":"104760","street_address":"76 Hawke Street WEST MELBOURNE VIC 3003","number_of_floors_above_ground":2,"predominant_space_use":"House/Townhouse","accessibility_rating":"0"}},{"type":"Feature","geometry":{"type":"Point","coordinates":[144.945609,-37.808998]},"properties":{"property_id":"100204","street_address":"195 Adderley Street WEST MELBOURNE VIC 3003","number_of_floors_above_ground":2,"predominant_space_use":"House/Townhouse","accessibility_rating":"0"}},{"type":"Feature","geometry":{"type":"Point","coordinates":[144.94575,-37.8091]},"properties":{"property_id":"707413","street_address":"190 Roden Street WEST MELBOURNE VIC 3003","construction_year":"2018","number_of_floors_above_ground":4,"predominant_space_use":"House/Townhouse","accessibility_rating":"0","bicycle_spaces":0}},{"type":"Feature","geometry":{"type":"Point","coordinates":[144.945707,-37.809133]},"properties":{"property_id":"707414","street_address":"192 Roden Street WEST MELBOURNE VIC 3003","construction_year":"2018","number_of_floors_above_ground":4,"predominant_space_use":"House/Townhouse","accessibility_rating":"0","bicycle_spaces":0}},{"type":"Feature","geometry":{"type":"Point","coordinates":[144.945663,-37.809167]},"properties":{"property_id":"707415","street_address":"194 Roden Street WEST MELBOURNE VIC 3003","construction_year":"2018","number_of_floors_above_ground":3,"predominant_space_use":"House/Townhouse","accessibility_rating":"0","bicycle_spaces":0}},{"type":"Feature","geometry":{"type":"Point","coordinates":[144.946299,-37.808126]},"properties":{"property_id":"104732","street_address":"131 Hawke Street WEST MELBOURNE VIC 3003","number_of_floors_above_ground":2,"predominant_space_use":"House/Townhouse","accessibility_rating":"0"}},{"type":"Feature","geometry":{"type":"Point","coordinates":[144.946266,-37.808165]},"properties":{"property_id":"104733","street_address":"133 Hawke Street WEST MELBOURNE VIC 3003","number_of_floors_above_ground":2,"predominant_space_use":"House/Townhouse","accessibility_rating":"0"}},{"type":"Feature","geometry":{"type":"Point","coordinates":[144.946868,-37.808115]},"properties":{"property_id":"108373","street_address":"148 Roden Street WEST MELBOURNE VIC 3003","number_of_floors_above_ground":2,"predominant_space_use":"House/Townhouse","accessibility_rating":"0"}},{"type":"Feature","geometry":{"type":"Point","coordinates":[144.946944,-37.808045]},"properties":{"property_id":"108374","street_address":"142-146 Roden Street WEST MELBOURNE VIC 3003","number_of_floors_above_ground":1,"predominant_space_use":"Unoccupied - Unused","accessibility_rating":"3","bicycle_spaces":0}},{"type":"Feature","geometry":{"type":"Point","coordinates":[144.947028,-37.807815]},"properties":{"property_id":"108377","street_address":"Substation Rear 132 Roden Street, WEST MELBOURNE VIC 3003","construction_year":"1927","number_of_floors_above_ground":1,"predominant_space_use":"Equipment Installation","accessibility_rating":"0","bicycle_spaces":0}},{"type":"Feature","geometry":{"type":"Point","coordinates":[144.947264,-37.807666]},"properties":{"property_id":"108874","building_name":"Cinnabar Square","street_address":"Cinnabar Square 559-565 Spencer Street WEST MELBOURNE VIC 3003","construction_year":"2000","number_of_floors_above_ground":4,"predominant_space_use":"Residential Apartment","accessibility_rating":"1","bicycle_spaces":6}},{"type":"Feature","geometry":{"type":"Point","coordinates":[144.946987,-37.807408]},"properties":{"property_id":"108876","building_name":"McMahons Hotel","street_address":"McMahon's Hotel 573-579 Spencer Street WEST MELBOURNE VIC 3003","number_of_floors_above_ground":2,"predominant_space_use":"Entertainment/Recreation - Indoor","accessibility_rating":"2","bicycle_spaces":0}},{"type":"Feature","geometry":{"type":"Point","coordinates":[144.948597,-37.80609]},"properties":{"property_id":"104711","street_address":"13-25 Hawke Street WEST MELBOURNE VIC 3003","construction_year":"1970","number_of_floors_above_ground":3,"predominant_space_use":"Commercial Accommodation","accessibility_rating":"2","bicycle_spaces":0}},{"type":"Feature","geometry":{"type":"Point","coordinates":[144.948431,-37.806232]},"properties":{"property_id":"104712","street_address":"27 Hawke Street WEST MELBOURNE VIC 3003","number_of_floors_above_ground":1,"predominant_space_use":"House/Townhouse","accessibility_rating":"0"}},{"type":"Feature","geometry":{"type":"Point","coordinates":[144.948354,-37.806302]},"properties":{"property_id":"104714","street_address":"31 Hawke Street WEST MELBOURNE VIC 3003","number_of_floors_above_ground":1,"predominant_space_use":"House/Townhouse","accessibility_rating":"0"}},{"type":"Feature","geometry":{"type":"Point","coordinates":[144.948198,-37.806438]},"properties":{"property_id":"104718","street_address":"39 Hawke Street WEST MELBOURNE VIC 3003","number_of_floors_above_ground":2,"predominant_space_use":"House/Townhouse","accessibility_rating":"0"}},{"type":"Feature","geometry":{"type":"Point","coordinates":[144.948121,-37.806505]},"properties":{"property_id":"104720","street_address":"43 Hawke Street WEST MELBOURNE VIC 3003","number_of_floors_above_ground":2,"predominant_space_use":"House/Townhouse","accessibility_rating":"0"}},{"type":"Feature","geometry":{"type":"Point","coordinates":[144.947878,-37.806725]},"properties":{"property_id":"104726","street_address":"55 Hawke Street WEST MELBOURNE VIC 3003","number_of_floors_above_ground":1,"predominant_space_use":"House/Townhouse","accessibility_rating":"0"}},{"type":"Feature","geometry":{"type":"Point","coordinates":[144.949414,-37.806356]},"properties":{"property_id":"105348","building_name":"Burnside House","street_address":"581 King Street WEST MELBOURNE VIC 3003","construction_year":"1880","number_of_floors_above_ground":2,"predominant_space_use":"House/Townhouse","accessibility_rating":"0"}},{"type":"Feature","geometry":{"type":"Point","coordinates":[144.949121,-37.806188]},"properties":{"property_id":"105353","street_address":"591 King Street WEST MELBOURNE VIC 3003","construction_year":"1870","number_of_floors_above_ground":1,"predominant_space_use":"House/Townhouse","accessibility_rating":"0"}},{"type":"Feature","geometry":{"type":"Point","coordinates":[144.948096,-37.807148]},"properties":{"property_id":"108379","street_address":"94 Roden Street WEST MELBOURNE VIC 3003","number_of_floors_above_ground":2,"predominant_space_use":"House/Townhouse","accessibility_rating":"0"}},{"type":"Feature","geometry":{"type":"Point","coordinates":[144.948281,-37.807001]},"properties":{"property_id":"108383","street_address":"86 Roden Street WEST MELBOURNE VIC 3003","number_of_floors_above_ground":2,"predominant_space_use":"House/Townhouse","accessibility_rating":"0"}},{"type":"Feature","geometry":{"type":"Point","coordinates":[144.94833,-37.806964]},"properties":{"property_id":"108384","street_address":"84 Roden Street WEST MELBOURNE VIC 3003","number_of_floors_above_ground":1,"predominant_space_use":"House/Townhouse","accessibility_rating":"0"}},{"type":"Feature","geometry":{"type":"Point","coordinates":[144.948376,-37.806926]},"properties":{"property_id":"108385","street_address":"82 Roden Street WEST MELBOURNE VIC 3003","number_of_floors_above_ground":2,"predominant_space_use":"House/Townhouse","accessibility_rating":"0"}},{"type":"Feature","geometry":{"type":"Point","coordinates":[144.948469,-37.806854]},"properties":{"property_id":"108387","street_address":"78 Roden Street WEST MELBOURNE VIC 3003","number_of_floors_above_ground":2,"predominant_space_use":"House/Townhouse","accessibility_rating":"0"}},{"type":"Feature","geometry":{"type":"Point","coordinates":[144.94851,-37.806817]},"properties":{"property_id":"108388","street_address":"76 Roden Street WEST MELBOURNE VIC 3003","number_of_floors_above_ground":1,"predominant_space_use":"House/Townhouse","accessibility_rating":"0"}},{"type":"Feature","geometry":{"type":"Point","coordinates":[144.948555,-37.806787]},"properties":{"property_id":"108389","street_address":"74 Roden Street WEST MELBOURNE VIC 3003","number_of_floors_above_ground":1,"predominant_space_use":"House/Townhouse","accessibility_rating":"0"}},{"type":"Feature","geometry":{"type":"Point","coordinates":[144.948593,-37.806754]},"properties":{"property_id":"108390","street_address":"72 Roden Street WEST MELBOURNE VIC 3003","number_of_floors_above_ground":2,"predominant_space_use":"House/Townhouse","accessibility_rating":"0"}},{"type":"Feature","geometry":{"type":"Point","coordinates":[144.948637,-37.806721]},"properties":{"property_id":"108391","street_address":"70 Roden Street WEST MELBOURNE VIC 3003","number_of_floors_above_ground":2,"predominant_space_use":"House/Townhouse","accessibility_rating":"0"}},{"type":"Feature","geometry":{"type":"Point","coordinates":[144.948688,-37.806683]},"properties":{"property_id":"108392","street_address":"68 Roden Street WEST MELBOURNE VIC 3003","number_of_floors_above_ground":2,"predominant_space_use":"House/Townhouse","accessibility_rating":"0"}},{"type":"Feature","geometry":{"type":"Point","coordinates":[144.94877,-37.806612]},"properties":{"property_id":"108394","street_address":"64 Roden Street WEST MELBOURNE VIC 3003","number_of_floors_above_ground":1,"predominant_space_use":"House/Townhouse","accessibility_rating":"0"}},{"type":"Feature","geometry":{"type":"Point","coordinates":[144.948958,-37.806562]},"properties":{"property_id":"108398","street_address":"58 Roden Street WEST MELBOURNE VIC 3003","number_of_floors_above_ground":1,"predominant_space_use":"House/Townhouse","accessibility_rating":"0"}},{"type":"Feature","geometry":{"type":"Point","coordinates":[144.949032,-37.806497]},"properties":{"property_id":"108400","street_address":"54 Roden Street WEST MELBOURNE VIC 3003","number_of_floors_above_ground":1,"predominant_space_use":"House/Townhouse","accessibility_rating":"0"}},{"type":"Feature","geometry":{"type":"Point","coordinates":[144.948763,-37.806431]},"properties":{"property_id":"110851","street_address":"53-57 Jones Place WEST MELBOURNE VIC 3003","number_of_floors_above_ground":2,"predominant_space_use":"House/Townhouse","accessibility_rating":"0"}},{"type":"Feature","geometry":{"type":"Point","coordinates":[144.948838,-37.806365]},"properties":{"property_id":"110852","street_address":"59 Jones Place WEST MELBOURNE VIC 3003","construction_year":"2001","number_of_floors_above_ground":2,"predominant_space_use":"House/Townhouse","accessibility_rating":"0"}},{"type":"Feature","geometry":{"type":"Point","coordinates":[144.949585,-37.805548]},"properties":{"property_id":"105358","street_address":"444-448 King Street WEST MELBOURNE VIC 3003","number_of_floors_above_ground":1,"predominant_space_use":"House/Townhouse","accessibility_rating":"0"}},{"type":"Feature","geometry":{"type":"Point","coordinates":[144.949636,-37.805734]},"properties":{"property_id":"105360","street_address":"434-436 King Street WEST MELBOURNE VIC 3003","number_of_floors_above_ground":1,"predominant_space_use":"House/Townhouse","accessibility_rating":"0"}},{"type":"Feature","geometry":{"type":"Point","coordinates":[144.949681,-37.805783]},"properties":{"property_id":"105361","street_address":"432 King Street WEST MELBOURNE VIC 3003","number_of_floors_above_ground":1,"predominant_space_use":"House/Townhouse","accessibility_rating":"0","bicycle_spaces":0}},{"type":"Feature","geometry":{"type":"Point","coordinates":[144.949724,-37.80539]},"properties":{"property_id":"109717","street_address":"353 Victoria Street WEST MELBOURNE VIC 3003","construction_year":"1901","number_of_floors_above_ground":2,"predominant_space_use":"Residential Apartment","accessibility_rating":"1","bicycle_spaces":0}},{"type":"Feature","geometry":{"type":"Point","coordinates":[144.949631,-37.805389]},"properties":{"property_id":"109719","street_address":"357 Victoria Street WEST MELBOURNE VIC 3003","construction_year":"1901","number_of_floors_above_ground":2,"predominant_space_use":"Entertainment/Recreation - Indoor","accessibility_rating":"2","bicycle_spaces":0}},{"type":"Feature","geometry":{"type":"Point","coordinates":[144.949585,-37.805384]},"properties":{"property_id":"109720","street_address":"359 Victoria Street WEST MELBOURNE VIC 3003","construction_year":"1901","number_of_floors_above_ground":2,"predominant_space_use":"Entertainment/Recreation - Indoor","accessibility_rating":"2","bicycle_spaces":0}},{"type":"Feature","geometry":{"type":"Point","coordinates":[144.949466,-37.805399]},"properties":{"property_id":"109721","building_name":"Three Crowns Hotel","street_address":"361-365 Victoria Street WEST MELBOURNE VIC 3003","construction_year":"1867","number_of_floors_above_ground":2,"predominant_space_use":"Entertainment/Recreation - Indoor","accessibility_rating":"3","bicycle_spaces":0}},{"type":"Feature","geometry":{"type":"Point","coordinates":[144.951788,-37.806342]},"properties":{"property_id":"101913","street_address":"3 Chetwynd Street WEST MELBOURNE VIC 3003","number_of_floors_above_ground":2,"predominant_space_use":"House/Townhouse","accessibility_rating":"0"}},{"type":"Feature","geometry":{"type":"Point","coordinates":[144.951293,-37.805825]},"properties":{"property_id":"103016","street_address":"32 Eades Place WEST MELBOURNE VIC 3003","number_of_floors_above_ground":2,"predominant_space_use":"House/Townhouse","accessibility_rating":"0"}},{"type":"Feature","geometry":{"type":"Point","coordinates":[144.951325,-37.805923]},"properties":{"property_id":"103018","street_address":"28 Eades Place WEST MELBOURNE VIC 3003","number_of_floors_above_ground":2,"predominant_space_use":"House/Townhouse","accessibility_rating":"0"}},{"type":"Feature","geometry":{"type":"Point","coordinates":[144.951337,-37.805971]},"properties":{"property_id":"103019","street_address":"26 Eades Place WEST MELBOURNE VIC 3003","number_of_floors_above_ground":1,"predominant_space_use":"House/Townhouse","accessibility_rating":"0"}},{"type":"Feature","geometry":{"type":"Point","coordinates":[144.951368,-37.806062]},"properties":{"property_id":"103021","street_address":"22 Eades Place WEST MELBOURNE VIC 3003","number_of_floors_above_ground":2,"predominant_space_use":"House/Townhouse","accessibility_rating":"0"}},{"type":"Feature","geometry":{"type":"Point","coordinates":[144.951385,-37.806248]},"properties":{"property_id":"103025","street_address":"14 Eades Place WEST MELBOURNE VIC 3003","number_of_floors_above_ground":2,"predominant_space_use":"House/Townhouse","accessibility_rating":"0"}},{"type":"Feature","geometry":{"type":"Point","coordinates":[144.951432,-37.806346]},"properties":{"property_id":"103027","street_address":"8-10 Eades Place WEST MELBOURNE VIC 3003","number_of_floors_above_ground":2,"predominant_space_use":"House/Townhouse","accessibility_rating":"0"}},{"type":"Feature","geometry":{"type":"Point","coordinates":[144.951506,-37.80655]},"properties":{"property_id":"103030","street_address":"2 Eades Place WEST MELBOURNE VIC 3003","number_of_floors_above_ground":1,"predominant_space_use":"House/Townhouse","accessibility_rating":"0"}},{"type":"Feature","geometry":{"type":"Point","coordinates":[144.951647,-37.806334]},"properties":{"property_id":"109051","street_address":"6-8 Stanley Street WEST MELBOURNE VIC 3003","number_of_floors_above_ground":2,"predominant_space_use":"House/Townhouse","accessibility_rating":"0"}},{"type":"Feature","geometry":{"type":"Point","coordinates":[144.95197,-37.805669]},"properties":{"property_id":"109699","street_address":"279 Victoria Street WEST MELBOURNE VIC 3003","construction_year":"1881","number_of_floors_above_ground":2,"predominant_space_use":"Office","accessibility_rating":"3","bicycle_spaces":0}},{"type":"Feature","geometry":{"type":"Point","coordinates":[144.951914,-37.805663]},"properties":{"property_id":"109700","street_address":"281 Victoria Street WEST MELBOURNE VIC 3003","construction_year":"1881","number_of_floors_above_ground":2,"predominant_space_use":"Hospital/Clinic","accessibility_rating":"1","bicycle_spaces":0}},{"type":"Feature","geometry":{"type":"Point","coordinates":[144.95169,-37.805668]},"properties":{"property_id":"109703","street_address":"287-291 Victoria Street WEST MELBOURNE VIC 3003","construction_year":"1929","number_of_floors_above_ground":1,"predominant_space_use":"Retail - Shop","accessibility_rating":"1","bicycle_spaces":0}},{"type":"Feature","geometry":{"type":"Point","coordinates":[144.951602,-37.805635]},"properties":{"property_id":"109704","street_address":"293 Victoria Street WEST MELBOURNE VIC 3003","construction_year":"1884","number_of_floors_above_ground":2,"predominant_space_use":"Unoccupied - Unused","accessibility_rating":"3","bicycle_spaces":0}},{"type":"Feature","geometry":{"type":"Point","coordinates":[144.95155,-37.805627]},"properties":{"property_id":"109705","street_address":"295 Victoria Street WEST MELBOURNE VIC 3003","construction_year":"1884","number_of_floors_above_ground":2,"predominant_space_use":"Retail - Shop","accessibility_rating":"2","bicycle_spaces":0}},{"type":"Feature","geometry":{"type":"Point","coordinates":[144.951366,-37.80563]},"properties":{"property_id":"109706","street_address":"297-307 Victoria Street WEST MELBOURNE VIC 3003","construction_year":"1883","number_of_floors_above_ground":2,"predominant_space_use":"Residential Apartment","accessibility_rating":"1","bicycle_spaces":0}},{"type":"Feature","geometry":{"type":"Point","coordinates":[144.950377,-37.807197]},"properties":{"property_id":"105342","street_address":"541-543 King Street WEST MELBOURNE VIC 3003","construction_year":"1990","number_of_floors_above_ground":3,"predominant_space_use":"Office","accessibility_rating":"1","bicycle_spaces":0}},{"type":"Feature","geometry":{"type":"Point","coordinates":[144.950091,-37.806918]},"properties":{"property_id":"105346","street_address":"557 King Street WEST MELBOURNE VIC 3003","number_of_floors_above_ground":2,"predominant_space_use":"House/Townhouse","accessibility_rating":"1","bicycle_spaces":0}},{"type":"Feature","geometry":{"type":"Point","coordinates":[144.948831,-37.807528]},"properties":{"property_id":"108344","building_name":"Illura Apartments","street_address":"87-101 Roden Street WEST MELBOURNE VIC 3003","construction_year":"2013","number_of_floors_above_ground":6,"predominant_space_use":"Residential Apartment","accessibility_rating":"3","bicycle_spaces":18}},{"type":"Feature","geometry":{"type":"Point","coordinates":[144.949335,-37.80739]},"properties":{"property_id":"109050","street_address":"62-80 Stanley Street WEST MELBOURNE VIC 3003","construction_year":"1930","number_of_floors_above_ground":3,"predominant_space_use":"Storage","accessibility_rating":"1","bicycle_spaces":0}},{"type":"Feature","geometry":{"type":"Point","coordinates":[144.946544,-37.80911]},"properties":{"property_id":"100238","street_address":"168-176 Adderley Street WEST MELBOURNE VIC 3003","construction_year":"1970","number_of_floors_above_ground":1,"predominant_space_use":"Entertainment/Recreation - Indoor","accessibility_rating":"1","bicycle_spaces":0}},{"type":"Feature","geometry":{"type":"Point","coordinates":[144.948169,-37.808348]},"properties":{"property_id":"108868","street_address":"525 Spencer Street WEST MELBOURNE VIC 3003","number_of_floors_above_ground":2,"predominant_space_use":"Unoccupied - Unused","accessibility_rating":"1","bicycle_spaces":0}},{"type":"Feature","geometry":{"type":"Point","coordinates":[144.947907,-37.808222]},"properties":{"property_id":"108870","street_address":"535-539 Spencer Street WEST MELBOURNE VIC 3003","construction_year":"1905","number_of_floors_above_ground":1,"predominant_space_use":"Retail - Shop","accessibility_rating":"3","bicycle_spaces":0}},{"type":"Feature","geometry":{"type":"Point","coordinates":[144.947787,-37.808111]},"properties":{"property_id":"108871","street_address":"541-547 Spencer Street WEST MELBOURNE VIC 3003","construction_year":"1950","number_of_floors_above_ground":2,"predominant_space_use":"Unoccupied - Unused","accessibility_rating":"3","bicycle_spaces":0}},{"type":"Feature","geometry":{"type":"Point","coordinates":[144.947598,-37.808357]},"properties":{"property_id":"108872","street_address":"135-137 Roden Street WEST MELBOURNE VIC 3003","construction_year":"2015","number_of_floors_above_ground":5,"predominant_space_use":"Residential Apartment","accessibility_rating":"1","bicycle_spaces":48}},{"type":"Feature","geometry":{"type":"Point","coordinates":[144.947859,-37.808605]},"properties":{"property_id":"109047","street_address":"130-136 Stanley Street WEST MELBOURNE VIC 3003","construction_year":"1930","number_of_floors_above_ground":1,"predominant_space_use":"Unoccupied - Unused","accessibility_rating":"3","bicycle_spaces":0}},{"type":"Feature","geometry":{"type":"Point","coordinates":[144.948036,-37.808535]},"properties":{"property_id":"109048","street_address":"124-128 Stanley Street WEST MELBOURNE VIC 3003","construction_year":"1920","number_of_floors_above_ground":1,"predominant_space_use":"Unoccupied - Unused","accessibility_rating":"3","bicycle_spaces":0}},{"type":"Feature","geometry":{"type":"Point","coordinates":[144.946977,-37.809257]},"properties":{"property_id":"110861","street_address":"178 Stanley Street WEST MELBOURNE VIC 3003","construction_year":"2000","number_of_floors_above_ground":1,"predominant_space_use":"House/Townhouse","accessibility_rating":"0"}},{"type":"Feature","geometry":{"type":"Point","coordinates":[144.946843,-37.809393]},"properties":{"property_id":"558175","street_address":"184-186 Stanley Street WEST MELBOURNE VIC 3003","construction_year":"2000","number_of_floors_above_ground":4,"predominant_space_use":"House/Townhouse","accessibility_rating":"0","bicycle_spaces":0}},{"type":"Feature","geometry":{"type":"Point","coordinates":[144.946132,-37.809427]},"properties":{"property_id":"100199","street_address":"177 Adderley Street WEST MELBOURNE VIC 3003","number_of_floors_above_ground":1,"predominant_space_use":"House/Townhouse","accessibility_rating":"0"}},{"type":"Feature","geometry":{"type":"Point","coordinates":[144.945871,-37.809588]},"properties":{"property_id":"108356","street_address":"201 Roden Street WEST MELBOURNE VIC 3003","number_of_floors_above_ground":2,"predominant_space_use":"House/Townhouse","accessibility_rating":"0"}},{"type":"Feature","geometry":{"type":"Point","coordinates":[144.946039,-37.809774]},"properties":{"property_id":"109036","street_address":"206-208 Stanley Street WEST MELBOURNE VIC 3003","construction_year":"1950","number_of_floors_above_ground":1,"predominant_space_use":"Wholesale","accessibility_rating":"1","bicycle_spaces":0}},{"type":"Feature","geometry":{"type":"Point","coordinates":[144.946238,-37.810271]},"properties":{"property_id":"109018","street_address":"183-185 Stanley Street WEST MELBOURNE VIC 3003","construction_year":"1930","number_of_floors_above_ground":3,"predominant_space_use":"Residential Apartment","accessibility_rating":"1","bicycle_spaces":0}},{"type":"Feature","geometry":{"type":"Point","coordinates":[144.946211,-37.810542]},"properties":{"property_id":"528903","street_address":"272-274 Rosslyn Street WEST MELBOURNE VIC 3003","number_of_floors_above_ground":3,"predominant_space_use":"Office","accessibility_rating":"1","bicycle_spaces":0}},{"type":"Feature","geometry":{"type":"Point","coordinates":[144.9463,-37.810496]},"properties":{"property_id":"528904","street_address":"268-270 Rosslyn Street WEST MELBOURNE VIC 3003","number_of_floors_above_ground":2,"predominant_space_use":"Unoccupied - Unused","accessibility_rating":"1","bicycle_spaces":0}},{"type":"Feature","geometry":{"type":"Point","coordinates":[144.946599,-37.810207]},"properties":{"property_id":"573776","street_address":"248-250 Rosslyn Street WEST MELBOURNE VIC 3003","number_of_floors_above_ground":3,"predominant_space_use":"Unoccupied - Unused","accessibility_rating":"1","bicycle_spaces":0}},{"type":"Feature","geometry":{"type":"Point","coordinates":[144.94725,-37.809717]},"properties":{"property_id":"100240","street_address":"148 Adderley Street WEST MELBOURNE VIC 3003","number_of_floors_above_ground":2,"predominant_space_use":"House/Townhouse","accessibility_rating":"0"}},{"type":"Feature","geometry":{"type":"Point","coordinates":[144.947329,-37.809834]},"properties":{"property_id":"100243","street_address":"140 Adderley Street WEST MELBOURNE VIC 3003","construction_year":"2010","number_of_floors_above_ground":1,"predominant_space_use":"House/Townhouse","accessibility_rating":"0"}},{"type":"Feature","geometry":{"type":"Point","coordinates":[144.947399,-37.809915]},"properties":{"property_id":"100245","street_address":"136 Adderley Street WEST MELBOURNE VIC 3003","number_of_floors_above_ground":2,"predominant_space_use":"House/Townhouse","accessibility_rating":"0"}},{"type":"Feature","geometry":{"type":"Point","coordinates":[144.947461,-37.809985]},"properties":{"property_id":"100246","street_address":"132-134 Adderley Street WEST MELBOURNE VIC 3003","construction_year":"1965","number_of_floors_above_ground":1,"predominant_space_use":"Retail - Showroom","accessibility_rating":"1","bicycle_spaces":0}},{"type":"Feature","geometry":{"type":"Point","coordinates":[144.948069,-37.809584]},"properties":{"property_id":"108424","street_address":"194-208 Rosslyn Street WEST MELBOURNE VIC 3003","construction_year":"1990","number_of_floors_above_ground":1,"predominant_space_use":"Retail - Showroom","accessibility_rating":"1","bicycle_spaces":0}},{"type":"Feature","geometry":{"type":"Point","coordinates":[144.948532,-37.809344]},"properties":{"property_id":"108425","street_address":"178-182 Rosslyn Street WEST MELBOURNE VIC 3003","construction_year":"1975","number_of_floors_above_ground":1,"predominant_space_use":"Unoccupied - Unused","accessibility_rating":"1","bicycle_spaces":0}},{"type":"Feature","geometry":{"type":"Point","coordinates":[144.948633,-37.808835]},"properties":{"property_id":"108864","street_address":"505-507 Spencer Street WEST MELBOURNE VIC 3003","construction_year":"1878","number_of_floors_above_ground":2,"predominant_space_use":"House/Townhouse","accessibility_rating":"1","bicycle_spaces":0}},{"type":"Feature","geometry":{"type":"Point","coordinates":[144.950197,-37.80849]},"properties":{"property_id":"108428","street_address":"122 Rosslyn Street WEST MELBOURNE VIC 3003","construction_year":"1865","number_of_floors_above_ground":2,"predominant_space_use":"House/Townhouse","accessibility_rating":"0","bicycle_spaces":0}},{"type":"Feature","geometry":{"type":"Point","coordinates":[144.950253,-37.808468]},"properties":{"property_id":"108429","street_address":"120 Rosslyn Street WEST MELBOURNE VIC 3003","construction_year":"1865","number_of_floors_above_ground":2,"predominant_space_use":"Unoccupied - Unused","accessibility_rating":"1","bicycle_spaces":0}},{"type":"Feature","geometry":{"type":"Point","coordinates":[144.950548,-37.808119]},"properties":{"property_id":"108435","building_name":"Mansion Townhouses","street_address":"16-26 Mansion House Lane WEST MELBOURNE VIC 3003","number_of_floors_above_ground":2,"predominant_space_use":"House/Townhouse","accessibility_rating":"1","bicycle_spaces":0}},{"type":"Feature","geometry":{"type":"Point","coordinates":[144.950325,-37.807772]},"properties":{"property_id":"108998","street_address":"19 Stanley Street WEST MELBOURNE VIC 3003","construction_year":"1990","number_of_floors_above_ground":2,"predominant_space_use":"Unoccupied - Unused","accessibility_rating":"1","bicycle_spaces":0}},{"type":"Feature","geometry":{"type":"Point","coordinates":[144.949545,-37.808356]},"properties":{"property_id":"109003","street_address":"61-63 Stanley Street WEST MELBOURNE VIC 3003","construction_year":"1900","number_of_floors_above_ground":2,"predominant_space_use":"Residential Apartment","accessibility_rating":"1","bicycle_spaces":0}},{"type":"Feature","geometry":{"type":"Point","coordinates":[144.949451,-37.808409]},"properties":{"property_id":"109004","street_address":"65 Stanley Street WEST MELBOURNE VIC 3003","number_of_floors_above_ground":2,"predominant_space_use":"House/Townhouse","accessibility_rating":"0"}},{"type":"Feature","geometry":{"type":"Point","coordinates":[144.952453,-37.806631]},"properties":{"property_id":"101964","street_address":"52-60 Chetwynd Street WEST MELBOURNE VIC 3003","construction_year":"1990","number_of_floors_above_ground":2,"predominant_space_use":"Unoccupied - Unused","accessibility_rating":"3","bicycle_spaces":5}},{"type":"Feature","geometry":{"type":"Point","coordinates":[144.952432,-37.806814]},"properties":{"property_id":"101965","street_address":"46-50 Chetwynd Street WEST MELBOURNE VIC 3003","construction_year":"1988","number_of_floors_above_ground":4,"predominant_space_use":"Office","accessibility_rating":"3","bicycle_spaces":0}},{"type":"Feature","geometry":{"type":"Point","coordinates":[144.953006,-37.806756]},"properties":{"property_id":"105012","street_address":"15-19 Howard Street WEST MELBOURNE VIC 3003","construction_year":"1875","number_of_floors_above_ground":2,"predominant_space_use":"House/Townhouse","accessibility_rating":"1","bicycle_spaces":0}},{"type":"Feature","geometry":{"type":"Point","coordinates":[144.952892,-37.806119]},"properties":{"property_id":"105013","building_name":"St Marys Star of the Sea Church","street_address":"235-273 Victoria Street WEST MELBOURNE VIC 3003","construction_year":"1891","number_of_floors_above_ground":2,"predominant_space_use":"Educational/Research","accessibility_rating":"2","bicycle_spaces":80}},{"type":"Feature","geometry":{"type":"Point","coordinates":[144.952199,-37.807667]},"properties":{"property_id":"108437","street_address":"66 Rosslyn Street WEST MELBOURNE VIC 3003","number_of_floors_above_ground":1,"predominant_space_use":"House/Townhouse","accessibility_rating":"0"}},{"type":"Feature","geometry":{"type":"Point","coordinates":[144.952251,-37.807641]},"properties":{"property_id":"108438","street_address":"64 Rosslyn Street WEST MELBOURNE VIC 3003","number_of_floors_above_ground":1,"predominant_space_use":"House/Townhouse","accessibility_rating":"0"}},{"type":"Feature","geometry":{"type":"Point","coordinates":[144.952367,-37.807545]},"properties":{"property_id":"108440","street_address":"58 Rosslyn Street WEST MELBOURNE VIC 3003","construction_year":"1910","number_of_floors_above_ground":1,"predominant_space_use":"Unoccupied - Unused","accessibility_rating":"1","bicycle_spaces":0}},{"type":"Feature","geometry":{"type":"Point","coordinates":[144.952112,-37.807534]},"properties":{"property_id":"506139","street_address":"16 Chetwynd Street WEST MELBOURNE VIC 3003","number_of_floors_above_ground":1,"predominant_space_use":"House/Townhouse","accessibility_rating":"0"}},{"type":"Feature","geometry":{"type":"Point","coordinates":[144.954697,-37.806897]},"properties":{"property_id":"101515","street_address":"47-53 Capel Street WEST MELBOURNE VIC 3003","construction_year":"1950","number_of_floors_above_ground":2,"predominant_space_use":"Unoccupied - Unused","accessibility_rating":"1","bicycle_spaces":0}},{"type":"Feature","geometry":{"type":"Point","coordinates":[144.9547,-37.80678]},"properties":{"property_id":"101516","street_address":"55 Capel Street WEST MELBOURNE VIC 3003","number_of_floors_above_ground":1,"predominant_space_use":"House/Townhouse","accessibility_rating":"0"}},{"type":"Feature","geometry":{"type":"Point","coordinates":[144.954695,-37.806627]},"properties":{"property_id":"101519","street_address":"63 Capel Street WEST MELBOURNE VIC 3003","construction_year":"1880","number_of_floors_above_ground":1,"predominant_space_use":"House/Townhouse","accessibility_rating":"0"}},{"type":"Feature","geometry":{"type":"Point","coordinates":[144.954675,-37.805989]},"properties":{"property_id":"109688","street_address":"201-203 Victoria Street WEST MELBOURNE VIC 3003","construction_year":"1875","number_of_floors_above_ground":2,"predominant_space_use":"Retail - Shop","accessibility_rating":"2","bicycle_spaces":0}},{"type":"Feature","geometry":{"type":"Point","coordinates":[144.954582,-37.805979]},"properties":{"property_id":"109689","street_address":"205 Victoria Street WEST MELBOURNE VIC 3003","construction_year":"1901","number_of_floors_above_ground":2,"predominant_space_use":"Hospital/Clinic","accessibility_rating":"1","bicycle_spaces":0}},{"type":"Feature","geometry":{"type":"Point","coordinates":[144.95452,-37.805972]},"properties":{"property_id":"109690","street_address":"207 Victoria Street WEST MELBOURNE VIC 3003","construction_year":"1910","number_of_floors_above_ground":2,"predominant_space_use":"Unoccupied - Unused","accessibility_rating":"1","bicycle_spaces":0}},{"type":"Feature","geometry":{"type":"Point","coordinates":[144.954398,-37.805951]},"properties":{"property_id":"109692","street_address":"211 Victoria Street WEST MELBOURNE VIC 3003","construction_year":"1901","number_of_floors_above_ground":2,"predominant_space_use":"Unoccupied - Unused","accessibility_rating":"2","bicycle_spaces":0}},{"type":"Feature","geometry":{"type":"Point","coordinates":[144.954241,-37.805922]},"properties":{"property_id":"109694","street_address":"215 Victoria Street WEST MELBOURNE VIC 3003","construction_year":"1901","number_of_floors_above_ground":2,"predominant_space_use":"Unoccupied - Unused","accessibility_rating":"3","bicycle_spaces":0}},{"type":"Feature","geometry":{"type":"Point","coordinates":[144.954335,-37.806439]},"properties":{"property_id":"110124","street_address":"470 William Street WEST MELBOURNE VIC 3003","number_of_floors_above_ground":3,"predominant_space_use":"House/Townhouse","accessibility_rating":"0"}},{"type":"Feature","geometry":{"type":"Point","coordinates":[144.954364,-37.806547]},"properties":{"property_id":"110125","street_address":"464-468 William Street WEST MELBOURNE VIC 3003","construction_year":"1998","number_of_floors_above_ground":3,"predominant_space_use":"House/Townhouse","accessibility_rating":"1","bicycle_spaces":0}},{"type":"Feature","geometry":{"type":"Point","coordinates":[144.95439,-37.806638]},"properties":{"property_id":"110126","street_address":"462 William Street WEST MELBOURNE VIC 3003","construction_year":"1970","number_of_floors_above_ground":2,"predominant_space_use":"Office","accessibility_rating":"1","bicycle_spaces":0}},{"type":"Feature","geometry":{"type":"Point","coordinates":[144.95448,-37.806901]},"properties":{"property_id":"110130","street_address":"450 William Street WEST MELBOURNE VIC 3003","construction_year":"1873","number_of_floors_above_ground":2,"predominant_space_use":"Office","accessibility_rating":"2","bicycle_spaces":0}},{"type":"Feature","geometry":{"type":"Point","coordinates":[144.954493,-37.806938]},"properties":{"property_id":"110131","street_address":"448 William Street WEST MELBOURNE VIC 3003","construction_year":"1876","number_of_floors_above_ground":2,"predominant_space_use":"Office","accessibility_rating":"2","bicycle_spaces":0}},{"type":"Feature","geometry":{"type":"Point","coordinates":[144.954506,-37.806974]},"properties":{"property_id":"110132","street_address":"446 William Street WEST MELBOURNE VIC 3003","construction_year":"1876","number_of_floors_above_ground":2,"predominant_space_use":"Office","accessibility_rating":"1","bicycle_spaces":0}},{"type":"Feature","geometry":{"type":"Point","coordinates":[144.954696,-37.806702]},"properties":{"property_id":"612807","street_address":"59 Capel Street WEST MELBOURNE VIC 3003","construction_year":"2007","number_of_floors_above_ground":1,"predominant_space_use":"House/Townhouse","accessibility_rating":"0"}},{"type":"Feature","geometry":{"type":"Point","coordinates":[144.9547,-37.806666]},"properties":{"property_id":"612808","street_address":"61 Capel Street WEST MELBOURNE VIC 3003","construction_year":"2007","number_of_floors_above_ground":1,"predominant_space_use":"House/Townhouse","accessibility_rating":"0"}},{"type":"Feature","geometry":{"type":"Point","coordinates":[144.955132,-37.807428]},"properties":{"property_id":"101571","street_address":"26-30 Capel Street WEST MELBOURNE VIC 3003","number_of_floors_above_ground":2,"predominant_space_use":"House/Townhouse","accessibility_rating":"0"}},{"type":"Feature","geometry":{"type":"Point","coordinates":[144.95514,-37.807604]},"properties":{"property_id":"101574","street_address":"20 Capel Street WEST MELBOURNE VIC 3003","number_of_floors_above_ground":2,"predominant_space_use":"House/Townhouse","accessibility_rating":"0"}},{"type":"Feature","geometry":{"type":"Point","coordinates":[144.955068,-37.808246]},"properties":{"property_id":"102976","street_address":"420-424 William Street WEST MELBOURNE VIC 3003","construction_year":"1920","number_of_floors_above_ground":3,"predominant_space_use":"Office","accessibility_rating":"2","bicycle_spaces":0}},{"type":"Feature","geometry":{"type":"Point","coordinates":[144.955353,-37.807737]},"properties":{"property_id":"107472","street_address":"21-23 Peel Street WEST MELBOURNE VIC 3003","construction_year":"1930","number_of_floors_above_ground":3,"predominant_space_use":"Residential Apartment","accessibility_rating":"3","bicycle_spaces":0}},{"type":"Feature","geometry":{"type":"Point","coordinates":[144.955351,-37.807594]},"properties":{"property_id":"107473","street_address":"25-31 Peel Street WEST MELBOURNE VIC 3003","construction_year":"1930","number_of_floors_above_ground":2,"predominant_space_use":"Entertainment/Recreation - Indoor","accessibility_rating":"2","bicycle_spaces":0}},{"type":"Feature","geometry":{"type":"Point","coordinates":[144.955362,-37.807403]},"properties":{"property_id":"107474","street_address":"33-37 Peel Street WEST MELBOURNE VIC 3003","construction_year":"1998","number_of_floors_above_ground":3,"predominant_space_use":"Residential Apartment","accessibility_rating":"3","bicycle_spaces":0}},{"type":"Feature","geometry":{"type":"Point","coordinates":[144.955503,-37.806722]},"properties":{"property_id":"107480","street_address":"63 Peel Street WEST MELBOURNE VIC 3003","construction_year":"1868","number_of_floors_above_ground":2,"predominant_space_use":"Unoccupied - Unused","accessibility_rating":"3","bicycle_spaces":0}},{"type":"Feature","geometry":{"type":"Point","coordinates":[144.955555,-37.806372]},"properties":{"property_id":"107484","street_address":"77-79 Peel Street WEST MELBOURNE VIC 3003","number_of_floors_above_ground":3,"predominant_space_use":"House/Townhouse","accessibility_rating":"0","bicycle_spaces":0}},{"type":"Feature","geometry":{"type":"Point","coordinates":[144.955584,-37.806197]},"properties":{"property_id":"107486","street_address":"85-87 Peel Street WEST MELBOURNE VIC 3003","construction_year":"1900","number_of_floors_above_ground":2,"predominant_space_use":"Residential Apartment","accessibility_rating":"1","bicycle_spaces":0}},{"type":"Feature","geometry":{"type":"Point","coordinates":[144.955442,-37.806049]},"properties":{"property_id":"109683","street_address":"183-185 Victoria Street WEST MELBOURNE VIC 3003","construction_year":"1901","number_of_floors_above_ground":2,"predominant_space_use":"Unoccupied - Unused","accessibility_rating":"3","bicycle_spaces":0}},{"type":"Feature","geometry":{"type":"Point","coordinates":[144.955471,-37.806945]},"properties":{"property_id":"111443","street_address":"53 Peel Street WEST MELBOURNE VIC 3003","construction_year":"1901","number_of_floors_above_ground":2,"predominant_space_use":"Unoccupied - Unused","accessibility_rating":"2","bicycle_spaces":0}},{"type":"Feature","geometry":{"type":"Point","coordinates":[144.954034,-37.808222]},"properties":{"property_id":"535384","street_address":"19 Walsh Street WEST MELBOURNE VIC 3003","construction_year":"1995","number_of_floors_above_ground":4,"predominant_space_use":"House/Townhouse","accessibility_rating":"0","bicycle_spaces":0}},{"type":"Feature","geometry":{"type":"Point","coordinates":[144.954461,-37.808097]},"properties":{"property_id":"535392","street_address":"3 Walsh Street WEST MELBOURNE VIC 3003","construction_year":"1995","number_of_floors_above_ground":4,"predominant_space_use":"House/Townhouse","accessibility_rating":"0","bicycle_spaces":0}},{"type":"Feature","geometry":{"type":"Point","coordinates":[144.954515,-37.808081]},"properties":{"property_id":"535393","street_address":"1 Walsh Street WEST MELBOURNE VIC 3003","construction_year":"1995","number_of_floors_above_ground":4,"predominant_space_use":"House/Townhouse","accessibility_rating":"1","bicycle_spaces":0}},{"type":"Feature","geometry":{"type":"Point","coordinates":[144.953865,-37.807588]},"properties":{"property_id":"106674","street_address":"38 Milton Street WEST MELBOURNE VIC 3003","construction_year":"1901","number_of_floors_above_ground":2,"predominant_space_use":"House/Townhouse","accessibility_rating":"1","bicycle_spaces":0}},{"type":"Feature","geometry":{"type":"Point","coordinates":[144.95388,-37.807642]},"properties":{"property_id":"106675","street_address":"36 Milton Street WEST MELBOURNE VIC 3003","construction_year":"1901","number_of_floors_above_ground":2,"predominant_space_use":"House/Townhouse","accessibility_rating":"2","bicycle_spaces":0}},{"type":"Feature","geometry":{"type":"Point","coordinates":[144.953922,-37.807762]},"properties":{"property_id":"106677","street_address":"32 Milton Street WEST MELBOURNE VIC 3003","number_of_floors_above_ground":2,"predominant_space_use":"House/Townhouse","accessibility_rating":"0"}},{"type":"Feature","geometry":{"type":"Point","coordinates":[144.953934,-37.807808]},"properties":{"property_id":"106678","street_address":"30 Milton Street WEST MELBOURNE VIC 3003","number_of_floors_above_ground":2,"predominant_space_use":"House/Townhouse","accessibility_rating":"0"}},{"type":"Feature","geometry":{"type":"Point","coordinates":[144.953961,-37.807462]},"properties":{"property_id":"110115","street_address":"351-353 William Street WEST MELBOURNE VIC 3003","number_of_floors_above_ground":2,"predominant_space_use":"Office","accessibility_rating":"3","bicycle_spaces":0}},{"type":"Feature","geometry":{"type":"Point","coordinates":[144.953928,-37.807316]},"properties":{"property_id":"110116","street_address":"355-365 William Street WEST MELBOURNE VIC 3003","number_of_floors_above_ground":2,"predominant_space_use":"Unoccupied - Unused","accessibility_rating":"3","bicycle_spaces":0}},{"type":"Feature","geometry":{"type":"Point","coordinates":[144.952262,-37.808134]},"properties":{"property_id":"105365","street_address":"366 King Street WEST MELBOURNE VIC 3003","construction_year":"1901","number_of_floors_above_ground":2,"predominant_space_use":"Office","accessibility_rating":"1","bicycle_spaces":0}},{"type":"Feature","geometry":{"type":"Point","coordinates":[144.952521,-37.808021]},"properties":{"property_id":"108405","street_address":"65 Rosslyn Street WEST MELBOURNE VIC 3003","construction_year":"1900","number_of_floors_above_ground":1,"predominant_space_use":"House/Townhouse","accessibility_rating":"0"}},{"type":"Feature","geometry":{"type":"Point","coordinates":[144.952815,-37.807914]},"properties":{"property_id":"558815","street_address":"53-55 Rosslyn Street WEST MELBOURNE VIC 3003","construction_year":"1960","number_of_floors_above_ground":4,"predominant_space_use":"House/Townhouse","accessibility_rating":"2","bicycle_spaces":0}},{"type":"Feature","geometry":{"type":"Point","coordinates":[144.952723,-37.808202]},"properties":{"property_id":"558820","street_address":"54-56 Walsh Street WEST MELBOURNE VIC 3003","construction_year":"1870","number_of_floors_above_ground":2,"predominant_space_use":"House/Townhouse","accessibility_rating":"1","bicycle_spaces":0}},{"type":"Feature","geometry":{"type":"Point","coordinates":[144.953409,-37.807978]},"properties":{"property_id":"568044","street_address":"22-36 Walsh Street WEST MELBOURNE VIC 3003","construction_year":"2006","number_of_floors_above_ground":5,"predominant_space_use":"Equipment Installation","accessibility_rating":"2","bicycle_spaces":0}},{"type":"Feature","geometry":{"type":"Point","coordinates":[144.952197,-37.808099]},"properties":{"property_id":"578027","street_address":"368 King Street WEST MELBOURNE VIC 3003","construction_year":"1901","number_of_floors_above_ground":2,"predominant_space_use":"House/Townhouse","accessibility_rating":"1","bicycle_spaces":0}},{"type":"Feature","geometry":{"type":"Point","coordinates":[144.952828,-37.808846]},"properties":{"property_id":"102963","street_address":"76 Dudley Street WEST MELBOURNE VIC 3003","construction_year":"1901","number_of_floors_above_ground":2,"predominant_space_use":"Office","accessibility_rating":"1","bicycle_spaces":0}},{"type":"Feature","geometry":{"type":"Point","coordinates":[144.9529,-37.808827]},"properties":{"property_id":"102964","street_address":"74 Dudley Street WEST MELBOURNE VIC 3003","construction_year":"1901","number_of_floors_above_ground":2,"predominant_space_use":"House/Townhouse","accessibility_rating":"0","bicycle_spaces":0}},{"type":"Feature","geometry":{"type":"Point","coordinates":[144.95348,-37.808666]},"properties":{"property_id":"102972","street_address":"52-54 Dudley Street WEST MELBOURNE VIC 3003","construction_year":"2015","number_of_floors_above_ground":4,"predominant_space_use":"Unoccupied - Unused","accessibility_rating":"3","bicycle_spaces":0}},{"type":"Feature","geometry":{"type":"Point","coordinates":[144.953189,-37.808438]},"properties":{"property_id":"109943","street_address":"43 Walsh Street WEST MELBOURNE VIC 3003","construction_year":"1910","number_of_floors_above_ground":1,"predominant_space_use":"House/Townhouse","accessibility_rating":"0"}},{"type":"Feature","geometry":{"type":"Point","coordinates":[144.953088,-37.808467]},"properties":{"property_id":"109944","street_address":"45 Walsh Street WEST MELBOURNE VIC 3003","number_of_floors_above_ground":1,"predominant_space_use":"House/Townhouse","accessibility_rating":"0"}},{"type":"Feature","geometry":{"type":"Point","coordinates":[144.953223,-37.808686]},"properties":{"property_id":"111522","building_name":"Richhill Terrace","street_address":"62 Dudley Street WEST MELBOURNE VIC 3003","construction_year":"1862","number_of_floors_above_ground":2,"predominant_space_use":"Unoccupied - Unused","accessibility_rating":"1","bicycle_spaces":0}},{"type":"Feature","geometry":{"type":"Point","coordinates":[144.951854,-37.809163]},"properties":{"property_id":"102961","building_name":"SOHO","street_address":"461-467 King Street WEST MELBOURNE VIC 3003","construction_year":"1930","number_of_floors_above_ground":2,"predominant_space_use":"Residential Apartment","accessibility_rating":"1","bicycle_spaces":0}},{"type":"Feature","geometry":{"type":"Point","coordinates":[144.951643,-37.808799]},"properties":{"property_id":"105334","street_address":"479-481 King Street WEST MELBOURNE VIC 3003","construction_year":"1910","number_of_floors_above_ground":2,"predominant_space_use":"Unoccupied - Unused","accessibility_rating":"2","bicycle_spaces":0}},{"type":"Feature","geometry":{"type":"Point","coordinates":[144.951523,-37.808623]},"properties":{"property_id":"105336","building_name":"B.S.C House","street_address":"487-489 King Street WEST MELBOURNE VIC 3003","construction_year":"1988","number_of_floors_above_ground":2,"predominant_space_use":"Unoccupied - Unused","accessibility_rating":"1","bicycle_spaces":0}},{"type":"Feature","geometry":{"type":"Point","coordinates":[144.950975,-37.808816]},"properties":{"property_id":"108410","building_name":"Creffields","street_address":"101-107 Rosslyn Street WEST MELBOURNE VIC 3003","construction_year":"1930","number_of_floors_above_ground":2,"predominant_space_use":"Unoccupied - Unused","accessibility_rating":"1","bicycle_spaces":0}},{"type":"Feature","geometry":{"type":"Point","coordinates":[144.951374,-37.808525]},"properties":{"property_id":"110969","street_address":"87 Rosslyn Street WEST MELBOURNE VIC 3003","number_of_floors_above_ground":1,"predominant_space_use":"House/Townhouse","accessibility_rating":"0"}},{"type":"Feature","geometry":{"type":"Point","coordinates":[144.948451,-37.810255]},"properties":{"property_id":"714408","street_address":"108-118 Adderley Street WEST MELBOURNE VIC 3003","construction_year":"2021","number_of_floors_above_ground":16,"predominant_space_use":"Residential Apartment","accessibility_rating":"2","bicycle_spaces":0}},{"type":"Feature","geometry":{"type":"Point","coordinates":[144.948451,-37.810255]},"properties":{"property_id":"714411","street_address":"2-24 Wominjeka Walk WEST MELBOURNE VIC 3003","construction_year":"2021","number_of_floors_above_ground":11,"predominant_space_use":"Residential Apartment","accessibility_rating":"3","bicycle_spaces":0}},{"type":"Feature","geometry":{"type":"Point","coordinates":[144.949462,-37.809996]},"properties":{"property_id":"108853","street_address":"445-457 Spencer Street WEST MELBOURNE VIC 3003","construction_year":"1930","number_of_floors_above_ground":1,"predominant_space_use":"Retail - Cars","accessibility_rating":"1","bicycle_spaces":6}},{"type":"Feature","geometry":{"type":"Point","coordinates":[144.949332,-37.809803]},"properties":{"property_id":"108854","street_address":"463-465 Spencer Street WEST MELBOURNE VIC 3003","construction_year":"1950","number_of_floors_above_ground":2,"predominant_space_use":"Retail - Showroom","accessibility_rating":"3","bicycle_spaces":0}},{"type":"Feature","geometry":{"type":"Point","coordinates":[144.949081,-37.809719]},"properties":{"property_id":"528898","street_address":"171-175 Rosslyn Street WEST MELBOURNE VIC 3003","construction_year":"2016","number_of_floors_above_ground":5,"predominant_space_use":"Residential Apartment","accessibility_rating":"3","bicycle_spaces":4}},{"type":"Feature","geometry":{"type":"Point","coordinates":[144.947123,-37.810811]},"properties":{"property_id":"100194","street_address":"111-133 Adderley Street WEST MELBOURNE VIC 3003","construction_year":"1985","number_of_floors_above_ground":2,"predominant_space_use":"Storage","accessibility_rating":"0","bicycle_spaces":0}},{"type":"Feature","geometry":{"type":"Point","coordinates":[144.949895,-37.811588]},"properties":{"property_id":"705840","street_address":"101-113 Batman Street WEST MELBOURNE VIC 3003","construction_year":"2020","number_of_floors_above_ground":28,"predominant_space_use":"Residential Apartment","accessibility_rating":"3","bicycle_spaces":444}},{"type":"Feature","geometry":{"type":"Point","coordinates":[144.949895,-37.811588]},"properties":{"property_id":"705841","street_address":"385-399 Spencer Street WEST MELBOURNE VIC 3003","construction_year":"2020","number_of_floors_above_ground":21,"predominant_space_use":"Residential Apartment","accessibility_rating":"0","bicycle_spaces":0}},{"type":"Feature","geometry":{"type":"Point","coordinates":[144.948969,-37.811723]},"properties":{"property_id":"100854","street_address":"133-137 Batman Street WEST MELBOURNE VIC 3003","construction_year":"1900","number_of_floors_above_ground":2,"predominant_space_use":"Wholesale","accessibility_rating":"1","bicycle_spaces":0}},{"type":"Feature","geometry":{"type":"Point","coordinates":[144.948821,-37.811844]},"properties":{"property_id":"100855","street_address":"60-80 Adderley Street WEST MELBOURNE VIC 3003","construction_year":"1970","number_of_floors_above_ground":1,"predominant_space_use":"Wholesale","accessibility_rating":"3","bicycle_spaces":0}},{"type":"Feature","geometry":{"type":"Point","coordinates":[144.949584,-37.812163]},"properties":{"property_id":"105108","street_address":"44-58 Adderley Street WEST MELBOURNE VIC 3003","construction_year":"1910","number_of_floors_above_ground":2,"predominant_space_use":"Institutional Accommodation","accessibility_rating":"3","bicycle_spaces":0}},{"type":"Feature","geometry":{"type":"Point","coordinates":[144.949247,-37.811874]},"properties":{"property_id":"613008","street_address":"Unit 2, 23 Franklin Place WEST MELBOURNE VIC 3003","construction_year":"2009","number_of_floors_above_ground":3,"predominant_space_use":"House/Townhouse","accessibility_rating":"0"}},{"type":"Feature","geometry":{"type":"Point","coordinates":[144.951222,-37.814334]},"properties":{"property_id":"644320","building_name":"Victoria Police Centre","street_address":"263-283 Spencer Street DOCKLANDS VIC 3008","construction_year":"2020","number_of_floors_above_ground":40,"predominant_space_use":"Office","accessibility_rating":"3","bicycle_spaces":128}},{"type":"Feature","geometry":{"type":"Point","coordinates":[144.957813,-37.816365]},"properties":{"property_id":"101156","building_name":"AMP Tower","street_address":"535 Bourke Street MELBOURNE VIC 3000","construction_year":"1969","number_of_floors_above_ground":26,"predominant_space_use":"Office","accessibility_rating":"2","bicycle_spaces":200}},{"type":"Feature","geometry":{"type":"Point","coordinates":[144.957018,-37.816474]},"properties":{"property_id":"101157","building_name":"OCBC House","street_address":"561-571 Bourke Street MELBOURNE VIC 3000","construction_year":"1902","number_of_floors_above_ground":16,"predominant_space_use":"Office","accessibility_rating":"2","bicycle_spaces":0}},{"type":"Feature","geometry":{"type":"Point","coordinates":[144.956669,-37.816514]},"properties":{"property_id":"101158","street_address":"573-585 Bourke Street MELBOURNE VIC 3000","construction_year":"1987","number_of_floors_above_ground":17,"predominant_space_use":"Office","accessibility_rating":"2","bicycle_spaces":0}},{"type":"Feature","geometry":{"type":"Point","coordinates":[144.960541,-37.815499]},"properties":{"property_id":"108069","street_address":"131-141 Queen Street MELBOURNE VIC 3000","construction_year":"1920","number_of_floors_above_ground":9,"predominant_space_use":"Educational/Research","accessibility_rating":"3","bicycle_spaces":0}},{"type":"Feature","geometry":{"type":"Point","coordinates":[144.961749,-37.814928]},"properties":{"property_id":"101149","building_name":"Rochelle House","street_address":"415-419 Bourke Street MELBOURNE VIC 3000","construction_year":"1930","number_of_floors_above_ground":6,"predominant_space_use":"Unoccupied - Unused","accessibility_rating":"1","bicycle_spaces":0}},{"type":"Feature","geometry":{"type":"Point","coordinates":[144.961646,-37.814949]},"properties":{"property_id":"101150","building_name":"Kozminsky","street_address":"421 Bourke Street MELBOURNE VIC 3000","construction_year":"1859","number_of_floors_above_ground":3,"predominant_space_use":"Unoccupied - Unused","accessibility_rating":"2","bicycle_spaces":0}},{"type":"Feature","geometry":{"type":"Point","coordinates":[144.962021,-37.815517]},"properties":{"property_id":"105958","street_address":"378-380 Little Collins Street MELBOURNE VIC 3000","construction_year":"1986","number_of_floors_above_ground":1,"predominant_space_use":"Entertainment/Recreation - Indoor","accessibility_rating":"1","bicycle_spaces":0}},{"type":"Feature","geometry":{"type":"Point","coordinates":[144.962639,-37.815282]},"properties":{"property_id":"105959","building_name":"Benjamin House","street_address":"358-360 Little Collins Street MELBOURNE VIC 3000","construction_year":"1920","number_of_floors_above_ground":5,"predominant_space_use":"Office","accessibility_rating":"3","bicycle_spaces":0}},{"type":"Feature","geometry":{"type":"Point","coordinates":[144.96416,-37.814323]},"properties":{"property_id":"101143","building_name":"Deva House","street_address":"327-329 Bourke Street MELBOURNE VIC 3000","construction_year":"1924","number_of_floors_above_ground":9,"predominant_space_use":"Unoccupied - Under Renovation","accessibility_rating":"3","bicycle_spaces":0}},{"type":"Feature","geometry":{"type":"Point","coordinates":[144.964426,-37.813945]},"properties":{"property_id":"111492","building_name":"Melbourne Visitor Booth","street_address":"Melbourne Visitor Booth Bourke Street MELBOURNE VIC 3000","number_of_floors_above_ground":1,"predominant_space_use":"Community Use","accessibility_rating":"0","bicycle_spaces":0}},{"type":"Feature","geometry":{"type":"Point","coordinates":[144.954406,-37.816166]},"properties":{"property_id":"101168","building_name":"Eliza Tinsley Building","street_address":"640-652 Bourke Street MELBOURNE VIC 3000","construction_year":"1905","number_of_floors_above_ground":3,"predominant_space_use":"Unoccupied - Unused","accessibility_rating":"1","bicycle_spaces":0}},{"type":"Feature","geometry":{"type":"Point","coordinates":[144.954714,-37.816275]},"properties":{"property_id":"101169","building_name":"Alto Hotel on Bourke","street_address":"636-638 Bourke Street MELBOURNE VIC 3000","construction_year":"1916","number_of_floors_above_ground":6,"predominant_space_use":"Commercial Accommodation","accessibility_rating":"1","bicycle_spaces":0}},{"type":"Feature","geometry":{"type":"Point","coordinates":[144.955325,-37.816228]},"properties":{"property_id":"101171","building_name":"EPIC Centre","street_address":"612-620 Bourke Street MELBOURNE VIC 3000","construction_year":"1973","number_of_floors_above_ground":11,"predominant_space_use":"Educational/Research","accessibility_rating":"2","bicycle_spaces":0}},{"type":"Feature","geometry":{"type":"Point","coordinates":[144.955082,-37.815696]},"properties":{"property_id":"105306","street_address":"189-195 King Street MELBOURNE VIC 3000","construction_year":"1880","number_of_floors_above_ground":2,"predominant_space_use":"Entertainment/Recreation - Indoor","accessibility_rating":"1","bicycle_spaces":0}},{"type":"Feature","geometry":{"type":"Point","coordinates":[144.954037,-37.81627]},"properties":{"property_id":"558316","building_name":"City Point on Bourke","street_address":"City Point On Bourke Apartments 654-670 Bourke Street MELBOURNE VIC 3000","construction_year":"2003","number_of_floors_above_ground":32,"predominant_space_use":"Residential Apartment","accessibility_rating":"3","bicycle_spaces":80}},{"type":"Feature","geometry":{"type":"Point","coordinates":[144.956107,-37.815714]},"properties":{"property_id":"101172","building_name":"Bourke Place","street_address":"578-606 Bourke Street MELBOURNE VIC 3000","construction_year":"1991","number_of_floors_above_ground":53,"predominant_space_use":"Office","accessibility_rating":"3","bicycle_spaces":204}},{"type":"Feature","geometry":{"type":"Point","coordinates":[144.956756,-37.815509]},"properties":{"property_id":"101173","building_name":"570 Bourke","street_address":"562-574 Bourke Street MELBOURNE VIC 3000","construction_year":"1972","number_of_floors_above_ground":33,"predominant_space_use":"Office","accessibility_rating":"3","bicycle_spaces":313}},{"type":"Feature","geometry":{"type":"Point","coordinates":[144.955624,-37.815514]},"properties":{"property_id":"592048","street_address":"188-202 King Street MELBOURNE VIC 3000","number_of_floors_above_ground":4,"predominant_space_use":"Office","accessibility_rating":"3","bicycle_spaces":0}},{"type":"Feature","geometry":{"type":"Point","coordinates":[144.958387,-37.815274]},"properties":{"property_id":"101175","building_name":"Goldbrough Mort Building","street_address":"516-526 Bourke Street MELBOURNE VIC 3000","construction_year":"1862","number_of_floors_above_ground":5,"predominant_space_use":"Unoccupied - Unused","accessibility_rating":"3","bicycle_spaces":0}},{"type":"Feature","geometry":{"type":"Point","coordinates":[144.959379,-37.81509]},"properties":{"property_id":"101178","street_address":"482-484 Bourke Street MELBOURNE VIC 3000","construction_year":"1926","number_of_floors_above_ground":5,"predominant_space_use":"Unoccupied - Unused","accessibility_rating":"1","bicycle_spaces":0}},{"type":"Feature","geometry":{"type":"Point","coordinates":[144.959659,-37.814307]},"properties":{"property_id":"105853","building_name":"Downs House","street_address":"441-443 Little Bourke Street MELBOURNE VIC 3000","construction_year":"1920","number_of_floors_above_ground":2,"predominant_space_use":"Entertainment/Recreation - Indoor","accessibility_rating":"1","bicycle_spaces":0}},{"type":"Feature","geometry":{"type":"Point","coordinates":[144.960289,-37.81486]},"properties":{"property_id":"108071","building_name":"155-161 Queen Street","street_address":"155-161 Queen Street MELBOURNE VIC 3000","construction_year":"1961","number_of_floors_above_ground":12,"predominant_space_use":"Unoccupied - Unused","accessibility_rating":"3","bicycle_spaces":0}},{"type":"Feature","geometry":{"type":"Point","coordinates":[144.958087,-37.814768]},"properties":{"property_id":"110144","building_name":"Douglas Menzies Chambers","street_address":"178-188 William Street MELBOURNE VIC 3000","construction_year":"1973","number_of_floors_above_ground":13,"predominant_space_use":"Office","accessibility_rating":"3","bicycle_spaces":0}},{"type":"Feature","geometry":{"type":"Point","coordinates":[144.961351,-37.814532]},"properties":{"property_id":"101184","street_address":"418-420 Bourke Street MELBOURNE VIC 3000","construction_year":"1891","number_of_floors_above_ground":4,"predominant_space_use":"Storage","accessibility_rating":"1","bicycle_spaces":0}},{"type":"Feature","geometry":{"type":"Point","coordinates":[144.961756,-37.814164]},"properties":{"property_id":"101187","street_address":"392-406 Bourke Street MELBOURNE VIC 3000","construction_year":"1960","number_of_floors_above_ground":3,"predominant_space_use":"Parking - Commercial Covered","accessibility_rating":"0","bicycle_spaces":0}},{"type":"Feature","geometry":{"type":"Point","coordinates":[144.962077,-37.814285]},"properties":{"property_id":"101188","building_name":"Gateway","street_address":"388-390 Bourke Street MELBOURNE VIC 3000","construction_year":"1930","number_of_floors_above_ground":9,"predominant_space_use":"Entertainment/Recreation - Indoor","accessibility_rating":"3","bicycle_spaces":0}},{"type":"Feature","geometry":{"type":"Point","coordinates":[144.962151,-37.814176]},"properties":{"property_id":"101189","street_address":"384-386 Bourke Street MELBOURNE VIC 3000","construction_year":"1901","number_of_floors_above_ground":3,"predominant_space_use":"Unoccupied - Unused","accessibility_rating":"3","bicycle_spaces":0}},{"type":"Feature","geometry":{"type":"Point","coordinates":[144.962261,-37.814165]},"properties":{"property_id":"101190","street_address":"380-382 Bourke Street MELBOURNE VIC 3000","construction_year":"1987","number_of_floors_above_ground":5,"predominant_space_use":"Educational/Research","accessibility_rating":"3","bicycle_spaces":0}},{"type":"Feature","geometry":{"type":"Point","coordinates":[144.962753,-37.813984]},"properties":{"property_id":"103179","building_name":"Orbit House","street_address":"183-185 Elizabeth Street MELBOURNE VIC 3000","construction_year":"1960","number_of_floors_above_ground":3,"predominant_space_use":"Retail - Shop","accessibility_rating":"3","bicycle_spaces":0}},{"type":"Feature","geometry":{"type":"Point","coordinates":[144.962708,-37.813887]},"properties":{"property_id":"103180","street_address":"187-193 Elizabeth Street MELBOURNE VIC 3000","construction_year":"1945","number_of_floors_above_ground":2,"predominant_space_use":"Unoccupied - Unused","accessibility_rating":"3","bicycle_spaces":0}},{"type":"Feature","geometry":{"type":"Point","coordinates":[144.96267,-37.813804]},"properties":{"property_id":"103181","street_address":"195 Elizabeth Street MELBOURNE VIC 3000","construction_year":"1851","number_of_floors_above_ground":2,"predominant_space_use":"Retail - Shop","accessibility_rating":"3","bicycle_spaces":0}},{"type":"Feature","geometry":{"type":"Point","coordinates":[144.96265,-37.813762]},"properties":{"property_id":"103182","building_name":"Moloneys Apartments","street_address":"197-199 Elizabeth Street MELBOURNE VIC 3000","construction_year":"1914","number_of_floors_above_ground":5,"predominant_space_use":"Residential Apartment","accessibility_rating":"3","bicycle_spaces":0}},{"type":"Feature","geometry":{"type":"Point","coordinates":[144.962306,-37.813494]},"properties":{"property_id":"105842","street_address":"349-351 Little Bourke Street MELBOURNE VIC 3000","construction_year":"1920","number_of_floors_above_ground":2,"predominant_space_use":"Retail - Shop","accessibility_rating":"2","bicycle_spaces":0}},{"type":"Feature","geometry":{"type":"Point","coordinates":[144.962171,-37.813533]},"properties":{"property_id":"105843","street_address":"353-359 Little Bourke Street MELBOURNE VIC 3000","construction_year":"1910","number_of_floors_above_ground":3,"predominant_space_use":"Unoccupied - Unused","accessibility_rating":"1","bicycle_spaces":0}},{"type":"Feature","geometry":{"type":"Point","coordinates":[144.961993,-37.813586]},"properties":{"property_id":"105844","building_name":"ACS Building","street_address":"361-363 Little Bourke Street MELBOURNE VIC 3000","construction_year":"1920","number_of_floors_above_ground":3,"predominant_space_use":"Residential Apartment","accessibility_rating":"1","bicycle_spaces":0}},{"type":"Feature","geometry":{"type":"Point","coordinates":[144.961463,-37.813776]},"properties":{"property_id":"105849","street_address":"383-385 Little Bourke Street MELBOURNE VIC 3000","construction_year":"1920","number_of_floors_above_ground":2,"predominant_space_use":"Entertainment/Recreation - Indoor","accessibility_rating":"1","bicycle_spaces":0}},{"type":"Feature","geometry":{"type":"Point","coordinates":[144.961394,-37.813796]},"properties":{"property_id":"105850","building_name":"Farrants Building","street_address":"387 Little Bourke Street MELBOURNE VIC 3000","construction_year":"1920","number_of_floors_above_ground":3,"predominant_space_use":"Unoccupied - Unused","accessibility_rating":"1","bicycle_spaces":0}},{"type":"Feature","geometry":{"type":"Point","coordinates":[144.96068,-37.814028]},"properties":{"property_id":"108104","building_name":"190 Queen Street","street_address":"184-192 Queen Street MELBOURNE VIC 3000","construction_year":"1965","number_of_floors_above_ground":19,"predominant_space_use":"Educational/Research","accessibility_rating":"3","bicycle_spaces":0}},{"type":"Feature","geometry":{"type":"Point","coordinates":[144.96077,-37.814293]},"properties":{"property_id":"108106","building_name":"Lensworth House","street_address":"174-176 Queen Street MELBOURNE VIC 3000","construction_year":"1950","number_of_floors_above_ground":4,"predominant_space_use":"Unoccupied - Unused","accessibility_rating":"1","bicycle_spaces":0}},{"type":"Feature","geometry":{"type":"Point","coordinates":[144.960756,-37.814467]},"properties":{"property_id":"108107","building_name":"CPA House","street_address":"166-172 Queen Street MELBOURNE VIC 3000","construction_year":"1955","number_of_floors_above_ground":9,"predominant_space_use":"Office","accessibility_rating":"2","bicycle_spaces":0}},{"type":"Feature","geometry":{"type":"Point","coordinates":[144.962178,-37.813674]},"properties":{"property_id":"108143","street_address":"1-3 Rankins Lane MELBOURNE VIC 3000","construction_year":"1901","number_of_floors_above_ground":2,"predominant_space_use":"Entertainment/Recreation - Indoor","accessibility_rating":"3","bicycle_spaces":0}},{"type":"Feature","geometry":{"type":"Point","coordinates":[144.962228,-37.813786]},"properties":{"property_id":"108144","street_address":"5-7 Rankins Lane MELBOURNE VIC 3000","construction_year":"1920","number_of_floors_above_ground":2,"predominant_space_use":"Storage","accessibility_rating":"1","bicycle_spaces":0}},{"type":"Feature","geometry":{"type":"Point","coordinates":[144.96235,-37.813717]},"properties":{"property_id":"108819","street_address":"21-27 Somerset Place MELBOURNE VIC 3000","construction_year":"1920","number_of_floors_above_ground":3,"predominant_space_use":"Office","accessibility_rating":"2","bicycle_spaces":2}},{"type":"Feature","geometry":{"type":"Point","coordinates":[144.964398,-37.813309]},"properties":{"property_id":"101195","building_name":"David Jones","street_address":"294-312 Bourke Street MELBOURNE VIC 3000","construction_year":"1911","number_of_floors_above_ground":6,"predominant_space_use":"Retail - Shop","accessibility_rating":"3","bicycle_spaces":0}},{"type":"Feature","geometry":{"type":"Point","coordinates":[144.964817,-37.813329]},"properties":{"property_id":"101196","street_address":"284-292 Bourke Street MELBOURNE VIC 3000","construction_year":"1914","number_of_floors_above_ground":5,"predominant_space_use":"Retail - Shop","accessibility_rating":"3","bicycle_spaces":0}},{"type":"Feature","geometry":{"type":"Point","coordinates":[144.965222,-37.813432]},"properties":{"property_id":"101198","street_address":"274-278 Bourke Street MELBOURNE VIC 3000","construction_year":"1859","number_of_floors_above_ground":3,"predominant_space_use":"Unoccupied - Unused","accessibility_rating":"3","bicycle_spaces":0}},{"type":"Feature","geometry":{"type":"Point","coordinates":[144.964647,-37.812887]},"properties":{"property_id":"105840","building_name":"Welcome Hotel","street_address":"265-279 Little Bourke Street MELBOURNE VIC 3000","construction_year":"1990","number_of_floors_above_ground":13,"predominant_space_use":"Commercial Accommodation","accessibility_rating":"3","bicycle_spaces":0}},{"type":"Feature","geometry":{"type":"Point","coordinates":[144.964994,-37.812796]},"properties":{"property_id":"109287","street_address":"215-217 Swanston Street MELBOURNE VIC 3000","construction_year":"1901","number_of_floors_above_ground":2,"predominant_space_use":"Storage","accessibility_rating":"1","bicycle_spaces":0}},{"type":"Feature","geometry":{"type":"Point","coordinates":[144.965837,-37.812964]},"properties":{"property_id":"101199","building_name":"Midtown Plaza","street_address":"246-260 Bourke Street MELBOURNE VIC 3000","construction_year":"1930","number_of_floors_above_ground":8,"predominant_space_use":"Office","accessibility_rating":"3","bicycle_spaces":0}},{"type":"Feature","geometry":{"type":"Point","coordinates":[144.965502,-37.812548]},"properties":{"property_id":"109398","building_name":"226 Swanston St","street_address":"226-228 Swanston Street MELBOURNE VIC 3000","construction_year":"1888","number_of_floors_above_ground":5,"predominant_space_use":"Unoccupied - Unused","accessibility_rating":"1","bicycle_spaces":0}},{"type":"Feature","geometry":{"type":"Point","coordinates":[144.965596,-37.812754]},"properties":{"property_id":"109401","street_address":"214 Swanston Street MELBOURNE VIC 3000","construction_year":"1904","number_of_floors_above_ground":2,"predominant_space_use":"Residential Apartment","accessibility_rating":"3","bicycle_spaces":0}},{"type":"Feature","geometry":{"type":"Point","coordinates":[144.954969,-37.815389]},"properties":{"property_id":"105308","building_name":"Former YHA Building","street_address":"203-207 King Street MELBOURNE VIC 3000","construction_year":"1913","number_of_floors_above_ground":2,"predominant_space_use":"Entertainment/Recreation - Indoor","accessibility_rating":"1","bicycle_spaces":0}},{"type":"Feature","geometry":{"type":"Point","coordinates":[144.954927,-37.815299]},"properties":{"property_id":"105309","building_name":"Stefani House","street_address":"209-211 King Street MELBOURNE VIC 3000","construction_year":"1910","number_of_floors_above_ground":2,"predominant_space_use":"Entertainment/Recreation - Indoor","accessibility_rating":"1","bicycle_spaces":0}},{"type":"Feature","geometry":{"type":"Point","coordinates":[144.954858,-37.815149]},"properties":{"property_id":"105311","street_address":"217-219 King Street MELBOURNE VIC 3000","construction_year":"1924","number_of_floors_above_ground":2,"predominant_space_use":"Unoccupied - Unused","accessibility_rating":"0","bicycle_spaces":0}},{"type":"Feature","geometry":{"type":"Point","coordinates":[144.954825,-37.815075]},"properties":{"property_id":"105312","street_address":"221-223 King Street MELBOURNE VIC 3000","construction_year":"1920","number_of_floors_above_ground":2,"predominant_space_use":"Retail - Shop","accessibility_rating":"3","bicycle_spaces":0}},{"type":"Feature","geometry":{"type":"Point","coordinates":[144.954491,-37.814941]},"properties":{"property_id":"105716","street_address":"597-603 Lonsdale Street MELBOURNE VIC 3000","construction_year":"1928","number_of_floors_above_ground":2,"predominant_space_use":"Entertainment/Recreation - Indoor","accessibility_rating":"1","bicycle_spaces":0}},{"type":"Feature","geometry":{"type":"Point","coordinates":[144.953526,-37.815375]},"properties":{"property_id":"642253","building_name":"Midtown","street_address":"1-19 Rose Lane MELBOURNE VIC 3000","construction_year":"2016","number_of_floors_above_ground":32,"predominant_space_use":"Residential Apartment","accessibility_rating":"0","bicycle_spaces":946}},{"type":"Feature","geometry":{"type":"Point","coordinates":[144.953526,-37.815375]},"properties":{"property_id":"674546","building_name":"Manhattan","street_address":"21-39 Rose Lane MELBOURNE VIC 3000","construction_year":"2016","number_of_floors_above_ground":54,"predominant_space_use":"Residential Apartment","accessibility_rating":"3","bicycle_spaces":0}},{"type":"Feature","geometry":{"type":"Point","coordinates":[144.954571,-37.815375]},"properties":{"property_id":"105857","building_name":"Melbourne Hotel CBD","street_address":"594-600 Little Bourke Street MELBOURNE VIC 3000","construction_year":"1998","number_of_floors_above_ground":11,"predominant_space_use":"Commercial Accommodation","accessibility_rating":"3","bicycle_spaces":0}},{"type":"Feature","geometry":{"type":"Point","coordinates":[144.953578,-37.815722]},"properties":{"property_id":"110704","building_name":"Substation JA","street_address":"Substation 620-648 Little Bourke Street MELBOURNE VIC 3000","construction_year":"1952","number_of_floors_above_ground":2,"predominant_space_use":"Equipment Installation","accessibility_rating":"0","bicycle_spaces":0}},{"type":"Feature","geometry":{"type":"Point","coordinates":[144.954369,-37.815409]},"properties":{"property_id":"110706","street_address":"602-606 Little Bourke Street MELBOURNE VIC 3000","construction_year":"1952","number_of_floors_above_ground":6,"predominant_space_use":"Unoccupied - Unused","accessibility_rating":"1","bicycle_spaces":0}},{"type":"Feature","geometry":{"type":"Point","coordinates":[144.955217,-37.814591]},"properties":{"property_id":"105379","building_name":"Colonial Hotel","street_address":"Colonial Hotel 234-244 King Street MELBOURNE VIC 3000","construction_year":"1855","number_of_floors_above_ground":3,"predominant_space_use":"Entertainment/Recreation - Indoor","accessibility_rating":"1","bicycle_spaces":0}},{"type":"Feature","geometry":{"type":"Point","coordinates":[144.955451,-37.814521]},"properties":{"property_id":"105715","building_name":"Seabrook Chambers","street_address":"Seabrook Chambers 573-577 Lonsdale Street MELBOURNE VIC 3000","construction_year":"1858","number_of_floors_above_ground":2,"predominant_space_use":"Office","accessibility_rating":"1","bicycle_spaces":0}},{"type":"Feature","geometry":{"type":"Point","coordinates":[144.955942,-37.81492]},"properties":{"property_id":"105861","street_address":"548-558 Little Bourke Street MELBOURNE VIC 3000","construction_year":"1987","number_of_floors_above_ground":7,"predominant_space_use":"Parking - Commercial Covered","accessibility_rating":"1","bicycle_spaces":0}},{"type":"Feature","geometry":{"type":"Point","coordinates":[144.95888,-37.81357]},"properties":{"property_id":"105711","building_name":"Court of Appeal","street_address":"Court of Appeal 455-469 Lonsdale Street MELBOURNE VIC 3000","construction_year":"1893","number_of_floors_above_ground":3,"predominant_space_use":"Performances, Conferences, Ceremonies","accessibility_rating":"2","bicycle_spaces":0}},{"type":"Feature","geometry":{"type":"Point","coordinates":[144.958251,-37.814048]},"properties":{"property_id":"110143","building_name":"Supreme Court","street_address":"Supreme Court 192-228 William Street MELBOURNE VIC 3000","construction_year":"1874","number_of_floors_above_ground":2,"predominant_space_use":"Performances, Conferences, Ceremonies","accessibility_rating":"2","bicycle_spaces":0}},{"type":"Feature","geometry":{"type":"Point","coordinates":[144.962074,-37.812549]},"properties":{"property_id":"103198","building_name":"Michaels Building","street_address":"263-269 Elizabeth Street MELBOURNE VIC 3000","construction_year":"1916","number_of_floors_above_ground":3,"predominant_space_use":"Unoccupied - Unused","accessibility_rating":"3","bicycle_spaces":0}},{"type":"Feature","geometry":{"type":"Point","coordinates":[144.960731,-37.813286]},"properties":{"property_id":"104376","street_address":"14-20 Goldie Place MELBOURNE VIC 3000","construction_year":"1925","number_of_floors_above_ground":2,"predominant_space_use":"Unoccupied - Unused","accessibility_rating":"1","bicycle_spaces":0}},{"type":"Feature","geometry":{"type":"Point","coordinates":[144.960992,-37.813435]},"properties":{"property_id":"104656","street_address":"55-57 Hardware Lane MELBOURNE VIC 3000","construction_year":"1887","number_of_floors_above_ground":3,"predominant_space_use":"Unoccupied - Unused","accessibility_rating":"1","bicycle_spaces":0}},{"type":"Feature","geometry":{"type":"Point","coordinates":[144.96097,-37.813383]},"properties":{"property_id":"104657","street_address":"59-61 Hardware Lane MELBOURNE VIC 3000","construction_year":"1887","number_of_floors_above_ground":3,"predominant_space_use":"Entertainment/Recreation - Indoor","accessibility_rating":"1","bicycle_spaces":0}},{"type":"Feature","geometry":{"type":"Point","coordinates":[144.961191,-37.813235]},"properties":{"property_id":"104667","street_address":"62 Hardware Lane MELBOURNE VIC 3000","construction_year":"1890","number_of_floors_above_ground":2,"predominant_space_use":"Retail - Shop","accessibility_rating":"1","bicycle_spaces":0}},{"type":"Feature","geometry":{"type":"Point","coordinates":[144.961215,-37.81329]},"properties":{"property_id":"104668","street_address":"60 Hardware Lane MELBOURNE VIC 3000","construction_year":"1872","number_of_floors_above_ground":2,"predominant_space_use":"Entertainment/Recreation - Indoor","accessibility_rating":"1","bicycle_spaces":0}},{"type":"Feature","geometry":{"type":"Point","coordinates":[144.961262,-37.813395]},"properties":{"property_id":"104669","street_address":"54-58 Hardware Lane MELBOURNE VIC 3000","construction_year":"1938","number_of_floors_above_ground":3,"predominant_space_use":"Entertainment/Recreation - Indoor","accessibility_rating":"1","bicycle_spaces":0}},{"type":"Feature","geometry":{"type":"Point","coordinates":[144.961749,-37.812766]},"properties":{"property_id":"105701","street_address":"365-367 Lonsdale Street MELBOURNE VIC 3000","construction_year":"1920","number_of_floors_above_ground":3,"predominant_space_use":"Unoccupied - Unused","accessibility_rating":"3","bicycle_spaces":0}},{"type":"Feature","geometry":{"type":"Point","coordinates":[144.961676,-37.812855]},"properties":{"property_id":"105702","street_address":"369-371 Lonsdale Street MELBOURNE VIC 3000","number_of_floors_above_ground":3,"predominant_space_use":"Unoccupied - Unused","accessibility_rating":"3","bicycle_spaces":0}},{"type":"Feature","geometry":{"type":"Point","coordinates":[144.961573,-37.812868]},"properties":{"property_id":"105703","street_address":"373-375 Lonsdale Street MELBOURNE VIC 3000","construction_year":"1945","number_of_floors_above_ground":2,"predominant_space_use":"Office","accessibility_rating":"3","bicycle_spaces":0}},{"type":"Feature","geometry":{"type":"Point","coordinates":[144.961201,-37.812845]},"properties":{"property_id":"105705","building_name":"Niagara Hotel","street_address":"383-387 Lonsdale Street MELBOURNE VIC 3000","construction_year":"1930","number_of_floors_above_ground":3,"predominant_space_use":"Entertainment/Recreation - Indoor","accessibility_rating":"1","bicycle_spaces":0}},{"type":"Feature","geometry":{"type":"Point","coordinates":[144.961012,-37.81288]},"properties":{"property_id":"105706","street_address":"389-395 Lonsdale Street MELBOURNE VIC 3000","construction_year":"1920","number_of_floors_above_ground":4,"predominant_space_use":"Office","accessibility_rating":"2","bicycle_spaces":0}},{"type":"Feature","geometry":{"type":"Point","coordinates":[144.96148,-37.813425]},"properties":{"property_id":"105871","building_name":"Chart House","street_address":"372-378 Little Bourke Street MELBOURNE VIC 3000","construction_year":"1942","number_of_floors_above_ground":6,"predominant_space_use":"Commercial Accommodation","accessibility_rating":"3","bicycle_spaces":0}},{"type":"Feature","geometry":{"type":"Point","coordinates":[144.961343,-37.813121]},"properties":{"property_id":"106913","street_address":"23-25 Niagara Lane MELBOURNE VIC 3000","construction_year":"1887","number_of_floors_above_ground":2,"predominant_space_use":"Residential Apartment","accessibility_rating":"1","bicycle_spaces":0}},{"type":"Feature","geometry":{"type":"Point","coordinates":[144.961298,-37.81302]},"properties":{"property_id":"106915","street_address":"29 Niagara Lane MELBOURNE VIC 3000","construction_year":"1887","number_of_floors_above_ground":2,"predominant_space_use":"Office","accessibility_rating":"1","bicycle_spaces":0}},{"type":"Feature","geometry":{"type":"Point","coordinates":[144.964673,-37.812164]},"properties":{"property_id":"109294","street_address":"255 Swanston Street MELBOURNE VIC 3000","construction_year":"1910","number_of_floors_above_ground":2,"predominant_space_use":"Entertainment/Recreation - Indoor","accessibility_rating":"1","bicycle_spaces":0}},{"type":"Feature","geometry":{"type":"Point","coordinates":[144.964575,-37.811954]},"properties":{"property_id":"109298","street_address":"269 Swanston Street MELBOURNE VIC 3000","construction_year":"1910","number_of_floors_above_ground":2,"predominant_space_use":"Entertainment/Recreation - Indoor","accessibility_rating":"1","bicycle_spaces":0}},{"type":"Feature","geometry":{"type":"Point","coordinates":[144.964551,-37.811901]},"properties":{"property_id":"109299","street_address":"271 Swanston Street MELBOURNE VIC 3000","construction_year":"1901","number_of_floors_above_ground":2,"predominant_space_use":"Entertainment/Recreation - Indoor","accessibility_rating":"3","bicycle_spaces":0}},{"type":"Feature","geometry":{"type":"Point","coordinates":[144.96613,-37.811881]},"properties":{"property_id":"101783","street_address":"15-17 Celestial Avenue MELBOURNE VIC 3000","construction_year":"1883","number_of_floors_above_ground":2,"predominant_space_use":"Entertainment/Recreation - Indoor","accessibility_rating":"1","bicycle_spaces":0}},{"type":"Feature","geometry":{"type":"Point","coordinates":[144.966373,-37.81181]},"properties":{"property_id":"101785","street_address":"16 Celestial Avenue MELBOURNE VIC 3000","construction_year":"1895","number_of_floors_above_ground":2,"predominant_space_use":"Entertainment/Recreation - Indoor","accessibility_rating":"1","bicycle_spaces":0}},{"type":"Feature","geometry":{"type":"Point","coordinates":[144.966399,-37.811588]},"properties":{"property_id":"104782","building_name":"MCC SUBSTATION","street_address":"Substation 23-31 Heffernan Lane MELBOURNE VIC 3000","construction_year":"1910","number_of_floors_above_ground":4,"predominant_space_use":"Office","accessibility_rating":"0","bicycle_spaces":0}},{"type":"Feature","geometry":{"type":"Point","coordinates":[144.966784,-37.811428]},"properties":{"property_id":"104783","street_address":"Substation 24-32 Heffernan Lane MELBOURNE VIC 3000","construction_year":"2018","number_of_floors_above_ground":4,"predominant_space_use":"Equipment Installation","accessibility_rating":"0","bicycle_spaces":0}},{"type":"Feature","geometry":{"type":"Point","coordinates":[144.966803,-37.811685]},"properties":{"property_id":"104784","street_address":"14-22 Heffernan Lane MELBOURNE VIC 3000","construction_year":"1891","number_of_floors_above_ground":3,"predominant_space_use":"Storage","accessibility_rating":"1","bicycle_spaces":0}},{"type":"Feature","geometry":{"type":"Point","coordinates":[144.96675,-37.811218]},"properties":{"property_id":"105685","street_address":"189-191 Lonsdale Street MELBOURNE VIC 3000","construction_year":"1887","number_of_floors_above_ground":3,"predominant_space_use":"Unoccupied - Unused","accessibility_rating":"1","bicycle_spaces":0}},{"type":"Feature","geometry":{"type":"Point","coordinates":[144.966143,-37.811442]},"properties":{"property_id":"105692","street_address":"213-215 Lonsdale Street MELBOURNE VIC 3000","construction_year":"1972","number_of_floors_above_ground":5,"predominant_space_use":"Educational/Research","accessibility_rating":"3","bicycle_spaces":0}},{"type":"Feature","geometry":{"type":"Point","coordinates":[144.96529,-37.81162]},"properties":{"property_id":"105696","street_address":"241-245 Lonsdale Street MELBOURNE VIC 3000","construction_year":"1872","number_of_floors_above_ground":2,"predominant_space_use":"Unoccupied - Unused","accessibility_rating":"1","bicycle_spaces":0}},{"type":"Feature","geometry":{"type":"Point","coordinates":[144.966156,-37.812063]},"properties":{"property_id":"105880","street_address":"218-220 Little Bourke Street MELBOURNE VIC 3000","construction_year":"1883","number_of_floors_above_ground":2,"predominant_space_use":"Unoccupied - Unused","accessibility_rating":"1","bicycle_spaces":0}},{"type":"Feature","geometry":{"type":"Point","coordinates":[144.966218,-37.812043]},"properties":{"property_id":"105881","street_address":"214-216 Little Bourke Street MELBOURNE VIC 3000","construction_year":"1883","number_of_floors_above_ground":2,"predominant_space_use":"Entertainment/Recreation - Indoor","accessibility_rating":"1","bicycle_spaces":0}},{"type":"Feature","geometry":{"type":"Point","coordinates":[144.965147,-37.811811]},"properties":{"property_id":"109390","building_name":"Denyers Building","street_address":"264-266 Swanston Street MELBOURNE VIC 3000","construction_year":"1914","number_of_floors_above_ground":5,"predominant_space_use":"Entertainment/Recreation - Indoor","accessibility_rating":"3","bicycle_spaces":0}},{"type":"Feature","geometry":{"type":"Point","coordinates":[144.965342,-37.812147]},"properties":{"property_id":"109394","street_address":"244 Swanston Street MELBOURNE VIC 3000","construction_year":"1859","number_of_floors_above_ground":2,"predominant_space_use":"Entertainment/Recreation - Indoor","accessibility_rating":"3","bicycle_spaces":0}},{"type":"Feature","geometry":{"type":"Point","coordinates":[144.965427,-37.81233]},"properties":{"property_id":"109397","building_name":"Latham House","street_address":"230-238 Swanston Street MELBOURNE VIC 3000","construction_year":"1858","number_of_floors_above_ground":4,"predominant_space_use":"Unoccupied - Unused","accessibility_rating":"1","bicycle_spaces":0}},{"type":"Feature","geometry":{"type":"Point","coordinates":[144.96577,-37.812061]},"properties":{"property_id":"109437","street_address":"4-12 Tattersalls Lane MELBOURNE VIC 3000","construction_year":"1922","number_of_floors_above_ground":3,"predominant_space_use":"Entertainment/Recreation - Indoor","accessibility_rating":"1","bicycle_spaces":0}},{"type":"Feature","geometry":{"type":"Point","coordinates":[144.966936,-37.811504]},"properties":{"property_id":"109953","street_address":"11-15 Waratah Place MELBOURNE VIC 3000","construction_year":"1900","number_of_floors_above_ground":3,"predominant_space_use":"Unoccupied - Unused","accessibility_rating":"1","bicycle_spaces":0}},{"type":"Feature","geometry":{"type":"Point","coordinates":[144.965828,-37.812236]},"properties":{"property_id":"520596","street_address":"236 Little Bourke Street MELBOURNE VIC 3000","construction_year":"1895","number_of_floors_above_ground":2,"predominant_space_use":"Unoccupied - Unused","accessibility_rating":"1","bicycle_spaces":0}},{"type":"Feature","geometry":{"type":"Point","coordinates":[144.966591,-37.811802]},"properties":{"property_id":"635138","street_address":"13 Heffernan Lane MELBOURNE VIC 3000","number_of_floors_above_ground":1,"predominant_space_use":"Entertainment/Recreation - Indoor","accessibility_rating":"1","bicycle_spaces":0}},{"type":"Feature","geometry":{"type":"Point","coordinates":[144.954296,-37.8142]},"properties":{"property_id":"105720","building_name":"Lonsdale Court","street_address":"594-610 Lonsdale Street MELBOURNE VIC 3000","construction_year":"1925","number_of_floors_above_ground":3,"predominant_space_use":"Unoccupied - Unused","accessibility_rating":"1","bicycle_spaces":0}},{"type":"Feature","geometry":{"type":"Point","coordinates":[144.955406,-37.813872]},"properties":{"property_id":"105722","street_address":"568-570 Lonsdale Street MELBOURNE VIC 3000","construction_year":"1923","number_of_floors_above_ground":2,"predominant_space_use":"Office","accessibility_rating":"1","bicycle_spaces":0}},{"type":"Feature","geometry":{"type":"Point","coordinates":[144.956422,-37.813657]},"properties":{"property_id":"105727","building_name":"Ceres House","street_address":"528-538 Lonsdale Street MELBOURNE VIC 3000","construction_year":"1957","number_of_floors_above_ground":9,"predominant_space_use":"Office","accessibility_rating":"2","bicycle_spaces":0}},{"type":"Feature","geometry":{"type":"Point","coordinates":[144.955565,-37.813295]},"properties":{"property_id":"106023","street_address":"551-555 Little Lonsdale Street MELBOURNE VIC 3000","construction_year":"2009","number_of_floors_above_ground":3,"predominant_space_use":"Office","accessibility_rating":"3","bicycle_spaces":0}},{"type":"Feature","geometry":{"type":"Point","coordinates":[144.955366,-37.813353]},"properties":{"property_id":"106024","building_name":"Metro Park West","street_address":"Metro Park West Apartments 557-561 Little Lonsdale Street MELBOURNE VIC 3000","construction_year":"2014","number_of_floors_above_ground":26,"predominant_space_use":"Residential Apartment","accessibility_rating":"3","bicycle_spaces":60}},{"type":"Feature","geometry":{"type":"Point","coordinates":[144.956784,-37.813493]},"properties":{"property_id":"110102","building_name":"Melbourne Magistrates Court","street_address":"Melbourne Magistrates Court 233-245 William Street MELBOURNE VIC 3000","construction_year":"1995","number_of_floors_above_ground":9,"predominant_space_use":"Performances, Conferences, Ceremonies","accessibility_rating":"3","bicycle_spaces":0}},{"type":"Feature","geometry":{"type":"Point","coordinates":[144.956616,-37.812996]},"properties":{"property_id":"110105","street_address":"261 William Street MELBOURNE VIC 3000","construction_year":"1856","number_of_floors_above_ground":2,"predominant_space_use":"Retail - Shop","accessibility_rating":"3","bicycle_spaces":0}},{"type":"Feature","geometry":{"type":"Point","coordinates":[144.958943,-37.812889]},"properties":{"property_id":"105733","building_name":"State Public Offices","street_address":"436-450 Lonsdale Street MELBOURNE VIC 3000","construction_year":"1924","number_of_floors_above_ground":9,"predominant_space_use":"Unoccupied - Unused","accessibility_rating":"3","bicycle_spaces":0}},{"type":"Feature","geometry":{"type":"Point","coordinates":[144.959089,-37.81254]},"properties":{"property_id":"105734","street_address":"247-283 Queen Street MELBOURNE VIC 3000","construction_year":"1875","number_of_floors_above_ground":3,"predominant_space_use":"Unoccupied - Unused","accessibility_rating":"2","bicycle_spaces":0}},{"type":"Feature","geometry":{"type":"Point","coordinates":[144.958336,-37.812589]},"properties":{"property_id":"558107","building_name":"Melbourne Childrens Court","street_address":"Melbourne Childrens Court 451-477 Little Lonsdale Street MELBOURNE VIC 3000","construction_year":"1999","number_of_floors_above_ground":3,"predominant_space_use":"Office","accessibility_rating":"3","bicycle_spaces":15}},{"type":"Feature","geometry":{"type":"Point","coordinates":[144.958353,-37.813052]},"properties":{"property_id":"559301","street_address":"458-468 Lonsdale Street MELBOURNE VIC 3000","construction_year":"2002","number_of_floors_above_ground":19,"predominant_space_use":"Office","accessibility_rating":"3","bicycle_spaces":62}},{"type":"Feature","geometry":{"type":"Point","coordinates":[144.961673,-37.811713]},"properties":{"property_id":"103202","street_address":"295-297 Elizabeth Street MELBOURNE VIC 3000","construction_year":"1930","number_of_floors_above_ground":2,"predominant_space_use":"Entertainment/Recreation - Indoor","accessibility_rating":"3","bicycle_spaces":0}},{"type":"Feature","geometry":{"type":"Point","coordinates":[144.961561,-37.811469]},"properties":{"property_id":"103206","street_address":"307-311 Elizabeth Street MELBOURNE VIC 3000","construction_year":"1920","number_of_floors_above_ground":2,"predominant_space_use":"Retail - Shop","accessibility_rating":"3","bicycle_spaces":0}},{"type":"Feature","geometry":{"type":"Point","coordinates":[144.960325,-37.812442]},"properties":{"property_id":"105737","building_name":"University City Apartments","street_address":"University City Apartments 402-408 Lonsdale Street MELBOURNE VIC 3000","construction_year":"1950","number_of_floors_above_ground":14,"predominant_space_use":"Student Accommodation","accessibility_rating":"3","bicycle_spaces":30}},{"type":"Feature","geometry":{"type":"Point","coordinates":[144.960961,-37.812351]},"properties":{"property_id":"105740","building_name":"OTC Building","street_address":"382-384 Lonsdale Street MELBOURNE VIC 3000","construction_year":"1959","number_of_floors_above_ground":5,"predominant_space_use":"Unoccupied - Unused","accessibility_rating":"1","bicycle_spaces":0}},{"type":"Feature","geometry":{"type":"Point","coordinates":[144.961456,-37.812203]},"properties":{"property_id":"105742","building_name":"Askew House","street_address":"364-372 Lonsdale Street MELBOURNE VIC 3000","construction_year":"1937","number_of_floors_above_ground":7,"predominant_space_use":"Office","accessibility_rating":"3","bicycle_spaces":0}},{"type":"Feature","geometry":{"type":"Point","coordinates":[144.961763,-37.812129]},"properties":{"property_id":"105743","building_name":"Mitchell House","street_address":"352-362 Lonsdale Street MELBOURNE VIC 3000","construction_year":"1937","number_of_floors_above_ground":7,"predominant_space_use":"Unoccupied - Unused","accessibility_rating":"3","bicycle_spaces":0}},{"type":"Feature","geometry":{"type":"Point","coordinates":[144.961421,-37.811669]},"properties":{"property_id":"106013","street_address":"359 Little Lonsdale Street MELBOURNE VIC 3000","construction_year":"1870","number_of_floors_above_ground":2,"predominant_space_use":"Workshop/Studio","accessibility_rating":"3","bicycle_spaces":0}},{"type":"Feature","geometry":{"type":"Point","coordinates":[144.961284,-37.81167]},"properties":{"property_id":"106014","street_address":"361-365 Little Lonsdale Street MELBOURNE VIC 3000","construction_year":"1854","number_of_floors_above_ground":2,"predominant_space_use":"Retail - Shop","accessibility_rating":"3","bicycle_spaces":0}},{"type":"Feature","geometry":{"type":"Point","coordinates":[144.960137,-37.812037]},"properties":{"property_id":"106019","street_address":"399-401 Little Lonsdale Street MELBOURNE VIC 3000","construction_year":"2018","number_of_floors_above_ground":38,"predominant_space_use":"Commercial Accommodation","accessibility_rating":"3","bicycle_spaces":0}},{"type":"Feature","geometry":{"type":"Point","coordinates":[144.959923,-37.812361]},"properties":{"property_id":"108096","street_address":"260-264 Queen Street MELBOURNE VIC 3000","construction_year":"1890","number_of_floors_above_ground":5,"predominant_space_use":"Office","accessibility_rating":"1","bicycle_spaces":0}},{"type":"Feature","geometry":{"type":"Point","coordinates":[144.965703,-37.810658]},"properties":{"property_id":"587670","street_address":"180 Lonsdale Street MELBOURNE VIC 3000","construction_year":"2003","number_of_floors_above_ground":25,"predominant_space_use":"Office","accessibility_rating":"3","bicycle_spaces":0}},{"type":"Feature","geometry":{"type":"Point","coordinates":[144.965703,-37.810658]},"properties":{"property_id":"587734","building_name":"QV2 Apartments","street_address":"QV2 Apartments 300 Swanston Street MELBOURNE VIC 3000","construction_year":"2004","number_of_floors_above_ground":8,"predominant_space_use":"Residential Apartment","accessibility_rating":"3","bicycle_spaces":0}},{"type":"Feature","geometry":{"type":"Point","coordinates":[144.965703,-37.810658]},"properties":{"property_id":"589842","building_name":"MCC Creche Building","street_address":"MCC Creche Bldg 10 Artemis Lane MELBOURNE VIC 3000","construction_year":"2004","number_of_floors_above_ground":6,"predominant_space_use":"Parking - Private Covered","accessibility_rating":"3","bicycle_spaces":0}},{"type":"Feature","geometry":{"type":"Point","coordinates":[144.965838,-37.810908]},"properties":{"property_id":"105750","building_name":"Queen Victoria Womens Centre","street_address":"Queen Victoria Women's Centre 204-216 Lonsdale Street MELBOURNE VIC 3000","construction_year":"1911","number_of_floors_above_ground":6,"predominant_space_use":"Office","accessibility_rating":"3","bicycle_spaces":0}},{"type":"Feature","geometry":{"type":"Point","coordinates":[144.967225,-37.810255]},"properties":{"property_id":"108576","street_address":"260-262 Russell Street MELBOURNE VIC 3000","construction_year":"1907","number_of_floors_above_ground":3,"predominant_space_use":"Unoccupied - Unused","accessibility_rating":"1","bicycle_spaces":0}},{"type":"Feature","geometry":{"type":"Point","coordinates":[144.967326,-37.810474]},"properties":{"property_id":"108580","street_address":"244-246 Russell Street MELBOURNE VIC 3000","construction_year":"1901","number_of_floors_above_ground":2,"predominant_space_use":"Entertainment/Recreation - Indoor","accessibility_rating":"0","bicycle_spaces":0}},{"type":"Feature","geometry":{"type":"Point","coordinates":[144.967574,-37.810127]},"properties":{"property_id":"105752","building_name":"150 Lonsdale","street_address":"150 Lonsdale Street MELBOURNE VIC 3000","construction_year":"1971","number_of_floors_above_ground":29,"predominant_space_use":"Office","accessibility_rating":"3","bicycle_spaces":0}},{"type":"Feature","geometry":{"type":"Point","coordinates":[144.953834,-37.813156]},"properties":{"property_id":"105321","building_name":"Building F","street_address":"311-315 King Street MELBOURNE VIC 3000","construction_year":"1920","number_of_floors_above_ground":1,"predominant_space_use":"Educational/Research","accessibility_rating":"3","bicycle_spaces":0}},{"type":"Feature","geometry":{"type":"Point","coordinates":[144.952896,-37.813273]},"properties":{"property_id":"561680","building_name":"Building A","street_address":"Building A, Sir William Angliss Centre 555 La Trobe Street MELBOURNE VIC 3000","construction_year":"1998","number_of_floors_above_ground":6,"predominant_space_use":"Educational/Research","accessibility_rating":"3","bicycle_spaces":0}},{"type":"Feature","geometry":{"type":"Point","coordinates":[144.952896,-37.813273]},"properties":{"property_id":"561695","building_name":"Building B","street_address":"Building B, 555 La Trobe Street MELBOURNE VIC 3000","construction_year":"2009","number_of_floors_above_ground":4,"predominant_space_use":"Educational/Research","accessibility_rating":"3","bicycle_spaces":12}},{"type":"Feature","geometry":{"type":"Point","coordinates":[144.952896,-37.813273]},"properties":{"property_id":"561697","building_name":"Building D","street_address":"Building D, 555 La Trobe Street MELBOURNE VIC 3000","construction_year":"1940","number_of_floors_above_ground":5,"predominant_space_use":"Educational/Research","accessibility_rating":"2","bicycle_spaces":0}},{"type":"Feature","geometry":{"type":"Point","coordinates":[144.951879,-37.81337]},"properties":{"property_id":"108958","building_name":"Harbour Views Apartments","street_address":"Harbour Views Apartments 581-589 La Trobe Street MELBOURNE VIC 3000","construction_year":"2000","number_of_floors_above_ground":11,"predominant_space_use":"Residential Apartment","accessibility_rating":"3","bicycle_spaces":0}},{"type":"Feature","geometry":{"type":"Point","coordinates":[144.952055,-37.813705]},"properties":{"property_id":"108960","building_name":"Atlantis Tower & Hotel","street_address":"Atlantis Hotel & Tower 284-302 Spencer Street MELBOURNE VIC 3000","construction_year":"2009","number_of_floors_above_ground":37,"predominant_space_use":"Commercial Accommodation","accessibility_rating":"2","bicycle_spaces":0}},{"type":"Feature","geometry":{"type":"Point","coordinates":[144.953616,-37.813572]},"properties":{"property_id":"576704","building_name":"DOCKLANDS TERRACE","street_address":"1 Nicholson Place MELBOURNE VIC 3000","construction_year":"1953","number_of_floors_above_ground":3,"predominant_space_use":"House/Townhouse","accessibility_rating":"0"}},{"type":"Feature","geometry":{"type":"Point","coordinates":[144.953594,-37.813523]},"properties":{"property_id":"576705","street_address":"3 Nicholson Place MELBOURNE VIC 3000","construction_year":"2002","number_of_floors_above_ground":3,"predominant_space_use":"House/Townhouse","accessibility_rating":"0","bicycle_spaces":0}},{"type":"Feature","geometry":{"type":"Point","coordinates":[144.953526,-37.813377]},"properties":{"property_id":"576708","street_address":"9 Nicholson Place MELBOURNE VIC 3000","construction_year":"2002","number_of_floors_above_ground":2,"predominant_space_use":"House/Townhouse","accessibility_rating":"0"}},{"type":"Feature","geometry":{"type":"Point","coordinates":[144.953504,-37.813327]},"properties":{"property_id":"576709","street_address":"11 Nicholson Place MELBOURNE VIC 3000","construction_year":"2002","number_of_floors_above_ground":2,"predominant_space_use":"House/Townhouse","accessibility_rating":"0"}},{"type":"Feature","geometry":{"type":"Point","coordinates":[144.95344,-37.813187]},"properties":{"property_id":"576712","street_address":"17 Nicholson Place MELBOURNE VIC 3000","construction_year":"2002","number_of_floors_above_ground":2,"predominant_space_use":"House/Townhouse","accessibility_rating":"0"}},{"type":"Feature","geometry":{"type":"Point","coordinates":[144.954664,-37.813162]},"properties":{"property_id":"105374","building_name":"The Wiltshire","street_address":"290-300 King Street MELBOURNE VIC 3000","construction_year":"1923","number_of_floors_above_ground":4,"predominant_space_use":"Residential Apartment","accessibility_rating":"1","bicycle_spaces":0}},{"type":"Feature","geometry":{"type":"Point","coordinates":[144.955886,-37.812447]},"properties":{"property_id":"105458","building_name":"Commonwealth Law Courts","street_address":"Commonwealth Law Courts 295-307 William Street MELBOURNE VIC 3000","construction_year":"1999","number_of_floors_above_ground":19,"predominant_space_use":"Performances, Conferences, Ceremonies","accessibility_rating":"3","bicycle_spaces":20}},{"type":"Feature","geometry":{"type":"Point","coordinates":[144.955299,-37.812519]},"properties":{"property_id":"105459","street_address":"469-477 La Trobe Street MELBOURNE VIC 3000","construction_year":"1988","number_of_floors_above_ground":19,"predominant_space_use":"Office","accessibility_rating":"3","bicycle_spaces":30}},{"type":"Feature","geometry":{"type":"Point","coordinates":[144.956447,-37.812708]},"properties":{"property_id":"110107","building_name":"Nubrik House","street_address":"269-275 William Street MELBOURNE VIC 3000","construction_year":"1972","number_of_floors_above_ground":15,"predominant_space_use":"Office","accessibility_rating":"1","bicycle_spaces":0}},{"type":"Feature","geometry":{"type":"Point","coordinates":[144.958102,-37.812099]},"properties":{"property_id":"106035","building_name":"La Banque Apartments","street_address":"La Banque Apartments 380-386 Little Lonsdale Street MELBOURNE VIC 3000","construction_year":"2010","number_of_floors_above_ground":37,"predominant_space_use":"Residential Apartment","accessibility_rating":"3","bicycle_spaces":50}},{"type":"Feature","geometry":{"type":"Point","coordinates":[144.957361,-37.81209]},"properties":{"property_id":"110759","building_name":"Northern Guardhouse","street_address":"Northern Guardhouse Royal Mint 318 William Street MELBOURNE VIC 3000","construction_year":"1872","number_of_floors_above_ground":1,"predominant_space_use":"Storage","accessibility_rating":"2","bicycle_spaces":0}},{"type":"Feature","geometry":{"type":"Point","coordinates":[144.957361,-37.81209]},"properties":{"property_id":"703207","street_address":"Rear 280 William Street MELBOURNE VIC 3000","construction_year":"2016","number_of_floors_above_ground":1,"predominant_space_use":"Entertainment/Recreation - Indoor","accessibility_rating":"3","bicycle_spaces":0}},{"type":"Feature","geometry":{"type":"Point","coordinates":[144.961459,-37.811221]},"properties":{"property_id":"103207","street_address":"315-323 Elizabeth Street MELBOURNE VIC 3000","construction_year":"1890","number_of_floors_above_ground":3,"predominant_space_use":"Entertainment/Recreation - Indoor","accessibility_rating":"3","bicycle_spaces":0}},{"type":"Feature","geometry":{"type":"Point","coordinates":[144.961355,-37.810986]},"properties":{"property_id":"103210","building_name":"Ithaca House","street_address":"329-335 Elizabeth Street MELBOURNE VIC 3000","construction_year":"1920","number_of_floors_above_ground":3,"predominant_space_use":"Entertainment/Recreation - Indoor","accessibility_rating":"3","bicycle_spaces":0}},{"type":"Feature","geometry":{"type":"Point","coordinates":[144.961204,-37.810851]},"properties":{"property_id":"103211","street_address":"337-347 Elizabeth Street MELBOURNE VIC 3000","construction_year":"1920","number_of_floors_above_ground":3,"predominant_space_use":"Unoccupied - Unused","accessibility_rating":"3","bicycle_spaces":0}},{"type":"Feature","geometry":{"type":"Point","coordinates":[144.961169,-37.810588]},"properties":{"property_id":"103215","building_name":"ANZ BANK CHAMBERS","street_address":"351-357 Elizabeth Street MELBOURNE VIC 3000","construction_year":"1928","number_of_floors_above_ground":6,"predominant_space_use":"Unoccupied - Unused","accessibility_rating":"1","bicycle_spaces":0}},{"type":"Feature","geometry":{"type":"Point","coordinates":[144.960512,-37.81127]},"properties":{"property_id":"104554","street_address":"5-13 Guildford Lane MELBOURNE VIC 3000","construction_year":"1910","number_of_floors_above_ground":3,"predominant_space_use":"House/Townhouse","accessibility_rating":"0","bicycle_spaces":0}},{"type":"Feature","geometry":{"type":"Point","coordinates":[144.960161,-37.811328]},"properties":{"property_id":"104556","street_address":"23-25 Guildford Lane MELBOURNE VIC 3000","construction_year":"1910","number_of_floors_above_ground":3,"predominant_space_use":"House/Townhouse","accessibility_rating":"0"}},{"type":"Feature","geometry":{"type":"Point","coordinates":[144.959978,-37.811201]},"properties":{"property_id":"104562","street_address":"26-28 Guildford Lane MELBOURNE VIC 3000","construction_year":"1920","number_of_floors_above_ground":1,"predominant_space_use":"Office","accessibility_rating":"0","bicycle_spaces":0}},{"type":"Feature","geometry":{"type":"Point","coordinates":[144.96024,-37.811124]},"properties":{"property_id":"104564","street_address":"16-18 Guildford Lane MELBOURNE VIC 3000","construction_year":"1912","number_of_floors_above_ground":3,"predominant_space_use":"House/Townhouse","accessibility_rating":"0","bicycle_spaces":0}},{"type":"Feature","geometry":{"type":"Point","coordinates":[144.960864,-37.810736]},"properties":{"property_id":"105446","building_name":"Eporo Tower","street_address":"Eporo Tower 279-289 La Trobe Street MELBOURNE VIC 3000","construction_year":"2016","number_of_floors_above_ground":44,"predominant_space_use":"Residential Apartment","accessibility_rating":"1","bicycle_spaces":120}},{"type":"Feature","geometry":{"type":"Point","coordinates":[144.960344,-37.810863]},"properties":{"property_id":"105450","street_address":"301-303 La Trobe Street MELBOURNE VIC 3000","construction_year":"1910","number_of_floors_above_ground":51,"predominant_space_use":"Unoccupied - Under Construction","accessibility_rating":"0","bicycle_spaces":0}},{"type":"Feature","geometry":{"type":"Point","coordinates":[144.959795,-37.811025]},"properties":{"property_id":"105453","building_name":"La Trobe Tower","street_address":"La Trobe Tower 323-331 La Trobe Street MELBOURNE VIC 3000","construction_year":"2016","number_of_floors_above_ground":43,"predominant_space_use":"Residential Apartment","accessibility_rating":"3","bicycle_spaces":0}},{"type":"Feature","geometry":{"type":"Point","coordinates":[144.959644,-37.81107]},"properties":{"property_id":"105454","street_address":"333-335 La Trobe Street MELBOURNE VIC 3000","construction_year":"1901","number_of_floors_above_ground":2,"predominant_space_use":"Unoccupied - Unused","accessibility_rating":"1","bicycle_spaces":0}},{"type":"Feature","geometry":{"type":"Point","coordinates":[144.959528,-37.811119]},"properties":{"property_id":"105455","building_name":"Francis House","street_address":"337-339 La Trobe Street MELBOURNE VIC 3000","construction_year":"1920","number_of_floors_above_ground":3,"predominant_space_use":"Educational/Research","accessibility_rating":"1","bicycle_spaces":0}},{"type":"Feature","geometry":{"type":"Point","coordinates":[144.960056,-37.811648]},"properties":{"property_id":"106038","street_address":"322 Little Lonsdale Street MELBOURNE VIC 3000","construction_year":"1923","number_of_floors_above_ground":3,"predominant_space_use":"Retail - Shop","accessibility_rating":"1","bicycle_spaces":0}},{"type":"Feature","geometry":{"type":"Point","coordinates":[144.959302,-37.811203]},"properties":{"property_id":"108090","building_name":"Paragon","street_address":"Paragon Apartments 316-322 Queen Street MELBOURNE VIC 3000","construction_year":"2022","number_of_floors_above_ground":50,"predominant_space_use":"Residential Apartment","accessibility_rating":"0","bicycle_spaces":73}},{"type":"Feature","geometry":{"type":"Point","coordinates":[144.959471,-37.811358]},"properties":{"property_id":"108091","street_address":"310-314 Queen Street MELBOURNE VIC 3000","construction_year":"1955","number_of_floors_above_ground":2,"predominant_space_use":"Commercial Accommodation","accessibility_rating":"1","bicycle_spaces":0}},{"type":"Feature","geometry":{"type":"Point","coordinates":[144.959868,-37.811234]},"properties":{"property_id":"516122","street_address":"30 Guildford Lane MELBOURNE VIC 3000","construction_year":"1901","number_of_floors_above_ground":2,"predominant_space_use":"Entertainment/Recreation - Indoor","accessibility_rating":"2","bicycle_spaces":0}},{"type":"Feature","geometry":{"type":"Point","coordinates":[144.963816,-37.81135]},"properties":{"property_id":"102596","street_address":"22 Drewery Place MELBOURNE VIC 3000","construction_year":"1910","number_of_floors_above_ground":2,"predominant_space_use":"Unoccupied - Unused","accessibility_rating":"1","bicycle_spaces":0}},{"type":"Feature","geometry":{"type":"Point","coordinates":[144.963803,-37.811101]},"properties":{"property_id":"102598","building_name":"Dovers Building","street_address":"5-7 Drewery Lane MELBOURNE VIC 3000","construction_year":"1910","number_of_floors_above_ground":8,"predominant_space_use":"Residential Apartment","accessibility_rating":"1","bicycle_spaces":0}},{"type":"Feature","geometry":{"type":"Point","coordinates":[144.962604,-37.811578]},"properties":{"property_id":"106012","building_name":"St Francis Church Monastry","street_address":"Blessed Sacrament Fathers Monastery St Francis Church 326 Lonsdale Street MELBOURNE VIC 3000","construction_year":"1842","number_of_floors_above_ground":5,"predominant_space_use":"Institutional Accommodation","accessibility_rating":"1","bicycle_spaces":0}},{"type":"Feature","geometry":{"type":"Point","coordinates":[144.962061,-37.810845]},"properties":{"property_id":"103311","building_name":"Melbourne Central Tower","street_address":"316-360 Elizabeth Street MELBOURNE VIC 3000","construction_year":"1991","number_of_floors_above_ground":52,"predominant_space_use":"Office","accessibility_rating":"0","bicycle_spaces":0}},{"type":"Feature","geometry":{"type":"Point","coordinates":[144.963704,-37.810899]},"properties":{"property_id":"106009","street_address":"277-279 Little Lonsdale Street MELBOURNE VIC 3000","construction_year":"1910","number_of_floors_above_ground":2,"predominant_space_use":"Retail - Shop","accessibility_rating":"1","bicycle_spaces":0}},{"type":"Feature","geometry":{"type":"Point","coordinates":[144.963526,-37.810626]},"properties":{"property_id":"106046","building_name":"Knox House","street_address":"194-196 Little Lonsdale Street MELBOURNE VIC 3000","construction_year":"1900","number_of_floors_above_ground":2,"predominant_space_use":"Office","accessibility_rating":"1","bicycle_spaces":0}},{"type":"Feature","geometry":{"type":"Point","coordinates":[144.964359,-37.811432]},"properties":{"property_id":"109302","street_address":"281-287 Swanston Street MELBOURNE VIC 3000","construction_year":"1920","number_of_floors_above_ground":3,"predominant_space_use":"Entertainment/Recreation - Indoor","accessibility_rating":"0","bicycle_spaces":0}},{"type":"Feature","geometry":{"type":"Point","coordinates":[144.964105,-37.810885]},"properties":{"property_id":"109307","street_address":"313-315 Swanston Street MELBOURNE VIC 3000","construction_year":"1870","number_of_floors_above_ground":2,"predominant_space_use":"Unoccupied - Unused","accessibility_rating":"1","bicycle_spaces":0}},{"type":"Feature","geometry":{"type":"Point","coordinates":[144.964047,-37.810763]},"properties":{"property_id":"109309","street_address":"319-323 Swanston Street MELBOURNE VIC 3000","construction_year":"1870","number_of_floors_above_ground":3,"predominant_space_use":"Unoccupied - Unused","accessibility_rating":"0","bicycle_spaces":0}},{"type":"Feature","geometry":{"type":"Point","coordinates":[144.963843,-37.810567]},"properties":{"property_id":"110745","building_name":"Church of Christ","street_address":"Church Of Christ 329-333 Swanston Street MELBOURNE VIC 3000","construction_year":"1863","number_of_floors_above_ground":1,"predominant_space_use":"Performances, Conferences, Ceremonies","accessibility_rating":"2","bicycle_spaces":0}},{"type":"Feature","geometry":{"type":"Point","coordinates":[144.963751,-37.810365]},"properties":{"property_id":"109311","building_name":"Melbourne Campus Apartments","street_address":"335-347 Swanston Street MELBOURNE VIC 3000","construction_year":"1941","number_of_floors_above_ground":15,"predominant_space_use":"Student Accommodation","accessibility_rating":"3","bicycle_spaces":0}},{"type":"Feature","geometry":{"type":"Point","coordinates":[144.965306,-37.809769]},"properties":{"property_id":"109388","building_name":"State Library of Victoria","street_address":"State Library of Victoria 304-328 Swanston Street MELBOURNE VIC 3000","construction_year":"1856","number_of_floors_above_ground":6,"predominant_space_use":"Community Use","accessibility_rating":"2","bicycle_spaces":0}},{"type":"Feature","geometry":{"type":"Point","coordinates":[144.967921,-37.809052]},"properties":{"property_id":"101028","building_name":"Fraser Place Melbourne","street_address":"10-14 Bennetts Lane MELBOURNE VIC 3000","construction_year":"2010","number_of_floors_above_ground":14,"predominant_space_use":"Commercial Accommodation","accessibility_rating":"2","bicycle_spaces":0}},{"type":"Feature","geometry":{"type":"Point","coordinates":[144.967507,-37.808806]},"properties":{"property_id":"105441","street_address":"141-149 La Trobe Street MELBOURNE VIC 3000","construction_year":"2020","number_of_floors_above_ground":45,"predominant_space_use":"Residential Apartment","accessibility_rating":"0","bicycle_spaces":0}},{"type":"Feature","geometry":{"type":"Point","coordinates":[144.96737,-37.808947]},"properties":{"property_id":"105442","building_name":"La Trobe Square","street_address":"151-157 La Trobe Street MELBOURNE VIC 3000","construction_year":"1985","number_of_floors_above_ground":3,"predominant_space_use":"Residential Apartment","accessibility_rating":"1","bicycle_spaces":0}},{"type":"Feature","geometry":{"type":"Point","coordinates":[144.967127,-37.809063]},"properties":{"property_id":"105443","building_name":"La Trobe Gardens","street_address":"159-169 La Trobe Street MELBOURNE VIC 3000","construction_year":"1984","number_of_floors_above_ground":3,"predominant_space_use":"Residential Apartment","accessibility_rating":"0","bicycle_spaces":0}},{"type":"Feature","geometry":{"type":"Point","coordinates":[144.966674,-37.809016]},"properties":{"property_id":"108563","street_address":"171-177 La Trobe Street MELBOURNE VIC 3000","construction_year":"1991","number_of_floors_above_ground":13,"predominant_space_use":"Unoccupied - Unused","accessibility_rating":"1","bicycle_spaces":0}},{"type":"Feature","geometry":{"type":"Point","coordinates":[144.967115,-37.809384]},"properties":{"property_id":"516675","street_address":"52-54 Hayward Lane MELBOURNE VIC 3000","construction_year":"1950","number_of_floors_above_ground":2,"predominant_space_use":"House/Townhouse","accessibility_rating":"0","bicycle_spaces":0}},{"type":"Feature","geometry":{"type":"Point","coordinates":[144.952744,-37.812172]},"properties":{"property_id":"105104","building_name":"Royal Flagstaff","street_address":"19-41 Jeffcott Street WEST MELBOURNE VIC 3003","construction_year":"1996","number_of_floors_above_ground":14,"predominant_space_use":"Residential Apartment","accessibility_rating":"3","bicycle_spaces":0}},{"type":"Feature","geometry":{"type":"Point","coordinates":[144.953514,-37.812145]},"properties":{"property_id":"105322","street_address":"347-349 King Street WEST MELBOURNE VIC 3003","construction_year":"1857","number_of_floors_above_ground":3,"predominant_space_use":"Entertainment/Recreation - Indoor","accessibility_rating":"1","bicycle_spaces":0}},{"type":"Feature","geometry":{"type":"Point","coordinates":[144.953329,-37.812075]},"properties":{"property_id":"105323","building_name":"Langdon Buildings","street_address":"351-355 King Street WEST MELBOURNE VIC 3003","construction_year":"1863","number_of_floors_above_ground":2,"predominant_space_use":"Office","accessibility_rating":"1","bicycle_spaces":0}},{"type":"Feature","geometry":{"type":"Point","coordinates":[144.953251,-37.811663]},"properties":{"property_id":"105325","street_address":"369-379 King Street WEST MELBOURNE VIC 3003","construction_year":"2010","number_of_floors_above_ground":6,"predominant_space_use":"Unoccupied - Unused","accessibility_rating":"3","bicycle_spaces":15}},{"type":"Feature","geometry":{"type":"Point","coordinates":[144.952095,-37.812573]},"properties":{"property_id":"105467","building_name":"Orchid apartments","street_address":"496-508 La Trobe Street WEST MELBOURNE VIC 3003","construction_year":"1920","number_of_floors_above_ground":1,"predominant_space_use":"Equipment Installation","accessibility_rating":"3","bicycle_spaces":0}},{"type":"Feature","geometry":{"type":"Point","coordinates":[144.953264,-37.8124]},"properties":{"property_id":"105469","building_name":"St James House","street_address":"460-462 La Trobe Street WEST MELBOURNE VIC 3003","construction_year":"1921","number_of_floors_above_ground":2,"predominant_space_use":"Residential Apartment","accessibility_rating":"2","bicycle_spaces":0}},{"type":"Feature","geometry":{"type":"Point","coordinates":[144.95154,-37.812502]},"properties":{"property_id":"108957","street_address":"328-348 Spencer Street WEST MELBOURNE VIC 3003","construction_year":"1981","number_of_floors_above_ground":4,"predominant_space_use":"Equipment Installation","accessibility_rating":"1","bicycle_spaces":3}},{"type":"Feature","geometry":{"type":"Point","coordinates":[144.953599,-37.812296]},"properties":{"property_id":"598269","street_address":"341 King Street WEST MELBOURNE VIC 3003","construction_year":"2005","number_of_floors_above_ground":3,"predominant_space_use":"Unoccupied - Unused","accessibility_rating":"3","bicycle_spaces":0}},{"type":"Feature","geometry":{"type":"Point","coordinates":[144.954434,-37.810456]},"properties":{"property_id":"102943","building_name":"The Lodge","street_address":"Flagstaff Lodge Flagstaff Gardens 309 William Street WEST MELBOURNE VIC 3003","construction_year":"1963","number_of_floors_above_ground":1,"predominant_space_use":"House/Townhouse","accessibility_rating":"0","bicycle_spaces":0}},{"type":"Feature","geometry":{"type":"Point","coordinates":[144.957611,-37.811025]},"properties":{"property_id":"105474","building_name":"The Empire Apartments","street_address":"Empire Apartments 402-408 La Trobe Street MELBOURNE VIC 3000","construction_year":"1928","number_of_floors_above_ground":6,"predominant_space_use":"Residential Apartment","accessibility_rating":"1","bicycle_spaces":0}},{"type":"Feature","geometry":{"type":"Point","coordinates":[144.958053,-37.810754]},"properties":{"property_id":"105477","street_address":"378-392 La Trobe Street MELBOURNE VIC 3000","construction_year":"2004","number_of_floors_above_ground":23,"predominant_space_use":"Office","accessibility_rating":"3","bicycle_spaces":69}},{"type":"Feature","geometry":{"type":"Point","coordinates":[144.958311,-37.810437]},"properties":{"property_id":"108082","street_address":"341-351 Queen Street MELBOURNE VIC 3000","construction_year":"1991","number_of_floors_above_ground":10,"predominant_space_use":"Educational/Research","accessibility_rating":"3","bicycle_spaces":6}},{"type":"Feature","geometry":{"type":"Point","coordinates":[144.958212,-37.81022]},"properties":{"property_id":"108083","building_name":"CityTempo Apartments","street_address":"ABeckett 181 175-181 A'Beckett Street MELBOURNE VIC 3000","construction_year":"2010","number_of_floors_above_ground":30,"predominant_space_use":"Residential Apartment","accessibility_rating":"3","bicycle_spaces":10}},{"type":"Feature","geometry":{"type":"Point","coordinates":[144.956689,-37.811463]},"properties":{"property_id":"110141","street_address":"324-328 William Street MELBOURNE VIC 3000","construction_year":"1982","number_of_floors_above_ground":7,"predominant_space_use":"Office","accessibility_rating":"3","bicycle_spaces":0}},{"type":"Feature","geometry":{"type":"Point","coordinates":[144.95698,-37.810949]},"properties":{"property_id":"110168","street_address":"17-23 Wills Street MELBOURNE VIC 3000","number_of_floors_above_ground":1,"predominant_space_use":"Unoccupied - Under Renovation","accessibility_rating":"0","bicycle_spaces":0}},{"type":"Feature","geometry":{"type":"Point","coordinates":[144.956596,-37.810674]},"properties":{"property_id":"110171","building_name":"Former Army Medical Corps Depot","street_address":"221-249 A'Beckett Street MELBOURNE VIC 3000","construction_year":"1938","number_of_floors_above_ground":3,"predominant_space_use":"Office","accessibility_rating":"1","bicycle_spaces":0}},{"type":"Feature","geometry":{"type":"Point","coordinates":[144.956454,-37.810955]},"properties":{"property_id":"631819","street_address":"354-360 William Street MELBOURNE VIC 3000","number_of_floors_above_ground":1,"predominant_space_use":"Unoccupied - Unused","accessibility_rating":"1","bicycle_spaces":0}},{"type":"Feature","geometry":{"type":"Point","coordinates":[144.960712,-37.809714]},"properties":{"property_id":"103217","building_name":"Cecil Walker Cycle Sports Stores","street_address":"395-397 Elizabeth Street MELBOURNE VIC 3000","construction_year":"1910","number_of_floors_above_ground":2,"predominant_space_use":"Storage","accessibility_rating":"1","bicycle_spaces":0}},{"type":"Feature","geometry":{"type":"Point","coordinates":[144.959029,-37.810751]},"properties":{"property_id":"105479","street_address":"338-344 Queen Street MELBOURNE VIC 3000","construction_year":"1921","number_of_floors_above_ground":4,"predominant_space_use":"Educational/Research","accessibility_rating":"1","bicycle_spaces":0}},{"type":"Feature","geometry":{"type":"Point","coordinates":[144.959137,-37.81072]},"properties":{"property_id":"105480","street_address":"360 La Trobe Street MELBOURNE VIC 3000","construction_year":"1923","number_of_floors_above_ground":2,"predominant_space_use":"Entertainment/Recreation - Indoor","accessibility_rating":"1","bicycle_spaces":0}},{"type":"Feature","geometry":{"type":"Point","coordinates":[144.960435,-37.810104]},"properties":{"property_id":"105484","building_name":"Argus Centre","street_address":"296-310 La Trobe Street MELBOURNE VIC 3000","construction_year":"1991","number_of_floors_above_ground":35,"predominant_space_use":"Office","accessibility_rating":"3","bicycle_spaces":13}},{"type":"Feature","geometry":{"type":"Point","coordinates":[144.959099,-37.810027]},"properties":{"property_id":"713467","building_name":"Queen's Place","street_address":"143-171 A'Beckett Street MELBOURNE VIC 3000","construction_year":"2021","number_of_floors_above_ground":81,"predominant_space_use":"Residential Apartment","accessibility_rating":"3","bicycle_spaces":301}},{"type":"Feature","geometry":{"type":"Point","coordinates":[144.961334,-37.809337]},"properties":{"property_id":"103304","building_name":"Empire","street_address":"75-89 A'Beckett Street MELBOURNE VIC 3000","construction_year":"2016","number_of_floors_above_ground":62,"predominant_space_use":"Residential Apartment","accessibility_rating":"3","bicycle_spaces":115}},{"type":"Feature","geometry":{"type":"Point","coordinates":[144.961423,-37.80953]},"properties":{"property_id":"103305","street_address":"388-396 Elizabeth Street MELBOURNE VIC 3000","construction_year":"2016","number_of_floors_above_ground":2,"predominant_space_use":"Retail - Shop","accessibility_rating":"3","bicycle_spaces":0}},{"type":"Feature","geometry":{"type":"Point","coordinates":[144.961452,-37.809772]},"properties":{"property_id":"103306","street_address":"382-384 Elizabeth Street MELBOURNE VIC 3000","construction_year":"1883","number_of_floors_above_ground":2,"predominant_space_use":"Entertainment/Recreation - Indoor","accessibility_rating":"1","bicycle_spaces":0}},{"type":"Feature","geometry":{"type":"Point","coordinates":[144.961747,-37.809949]},"properties":{"property_id":"103308","building_name":"A - C Buildings","street_address":"368-378 Elizabeth Street MELBOURNE VIC 3000","construction_year":"1972","number_of_floors_above_ground":6,"predominant_space_use":"Educational/Research","accessibility_rating":"2","bicycle_spaces":0}},{"type":"Feature","geometry":{"type":"Point","coordinates":[144.961743,-37.809445]},"properties":{"property_id":"105981","building_name":"Kimkhi House","street_address":"70-72 Little La Trobe Street MELBOURNE VIC 3000","construction_year":"1910","number_of_floors_above_ground":1,"predominant_space_use":"Entertainment/Recreation - Indoor","accessibility_rating":"1","bicycle_spaces":0}},{"type":"Feature","geometry":{"type":"Point","coordinates":[144.961816,-37.809423]},"properties":{"property_id":"105982","street_address":"66-68 Little La Trobe Street MELBOURNE VIC 3000","construction_year":"1910","number_of_floors_above_ground":1,"predominant_space_use":"Entertainment/Recreation - Indoor","accessibility_rating":"1","bicycle_spaces":0}},{"type":"Feature","geometry":{"type":"Point","coordinates":[144.962331,-37.809272]},"properties":{"property_id":"105986","street_address":"42-44 Little La Trobe Street MELBOURNE VIC 3000","construction_year":"1929","number_of_floors_above_ground":4,"predominant_space_use":"Residential Apartment","accessibility_rating":"1","bicycle_spaces":0}},{"type":"Feature","geometry":{"type":"Point","coordinates":[144.961954,-37.809133]},"properties":{"property_id":"500332","street_address":"55-59 A'Beckett Street MELBOURNE VIC 3000","construction_year":"1966","number_of_floors_above_ground":2,"predominant_space_use":"Entertainment/Recreation - Indoor","accessibility_rating":"1","bicycle_spaces":0}},{"type":"Feature","geometry":{"type":"Point","coordinates":[144.961749,-37.809193]},"properties":{"property_id":"500333","building_name":"Abaris Printing","street_address":"61-69 A'Beckett Street MELBOURNE VIC 3000","construction_year":"1871","number_of_floors_above_ground":2,"predominant_space_use":"Entertainment/Recreation - Indoor","accessibility_rating":"1","bicycle_spaces":0}},{"type":"Feature","geometry":{"type":"Point","coordinates":[144.964544,-37.808182]},"properties":{"property_id":"108557","building_name":"Building 19","street_address":"Building 19 RMIT University 345-355 Russell Street MELBOURNE VIC 3000","construction_year":"1907","number_of_floors_above_ground":2,"predominant_space_use":"Office","accessibility_rating":"1","bicycle_spaces":0}},{"type":"Feature","geometry":{"type":"Point","coordinates":[144.964544,-37.808182]},"properties":{"property_id":"606639","building_name":"Building 2","street_address":"Building 2, 124 La Trobe Street MELBOURNE VIC 3000","construction_year":"1916","number_of_floors_above_ground":4,"predominant_space_use":"Educational/Research","accessibility_rating":"2","bicycle_spaces":0}},{"type":"Feature","geometry":{"type":"Point","coordinates":[144.964544,-37.808182]},"properties":{"property_id":"606640","building_name":"Building 3 (Kernot Building)","street_address":"Building 3 - Kernot Building RMIT University 124 La Trobe Street MELBOURNE VIC 3000","construction_year":"1931","number_of_floors_above_ground":4,"predominant_space_use":"Educational/Research","accessibility_rating":"3","bicycle_spaces":0}},{"type":"Feature","geometry":{"type":"Point","coordinates":[144.964544,-37.808182]},"properties":{"property_id":"606642","building_name":"Building 5","street_address":"Building 5 RMIT University 124 La Trobe Street MELBOURNE VIC 3000","construction_year":"1937","number_of_floors_above_ground":4,"predominant_space_use":"Educational/Research","accessibility_rating":"2","bicycle_spaces":0}},{"type":"Feature","geometry":{"type":"Point","coordinates":[144.964544,-37.808182]},"properties":{"property_id":"606643","building_name":"Building 6","street_address":"Building 6 RMIT University 124 La Trobe Street MELBOURNE VIC 3000","construction_year":"1959","number_of_floors_above_ground":5,"predominant_space_use":"Educational/Research","accessibility_rating":"2","bicycle_spaces":0}},{"type":"Feature","geometry":{"type":"Point","coordinates":[144.964544,-37.808182]},"properties":{"property_id":"606644","building_name":"Building 7","street_address":"Building 7 RMIT University 124 La Trobe Street MELBOURNE VIC 3000","construction_year":"1960","number_of_floors_above_ground":5,"predominant_space_use":"Educational/Research","accessibility_rating":"2","bicycle_spaces":0}},{"type":"Feature","geometry":{"type":"Point","coordinates":[144.964544,-37.808182]},"properties":{"property_id":"606646","building_name":"Building 9","street_address":"Building 9 RMIT University 124 La Trobe Street MELBOURNE VIC 3000","construction_year":"1937","number_of_floors_above_ground":5,"predominant_space_use":"Educational/Research","accessibility_rating":"2","bicycle_spaces":0}},{"type":"Feature","geometry":{"type":"Point","coordinates":[144.964544,-37.808182]},"properties":{"property_id":"606667","building_name":"Building 8","street_address":"Building 8 RMIT University 360 Swanston Street MELBOURNE VIC 3000","construction_year":"1982","number_of_floors_above_ground":12,"predominant_space_use":"Educational/Research","accessibility_rating":"3","bicycle_spaces":0}},{"type":"Feature","geometry":{"type":"Point","coordinates":[144.964544,-37.808182]},"properties":{"property_id":"606673","building_name":"Building 15","street_address":"Building 15 RMIT University 124 La Trobe Street MELBOURNE VIC 3000","construction_year":"1945","number_of_floors_above_ground":5,"predominant_space_use":"Educational/Research","accessibility_rating":"3","bicycle_spaces":0}},{"type":"Feature","geometry":{"type":"Point","coordinates":[144.964544,-37.808182]},"properties":{"property_id":"606674","building_name":"Building 16 (Storey Hall)","street_address":"Building 16 - Storey Hall RMIT University 344 Swanston Street MELBOURNE VIC 3000","construction_year":"1887","number_of_floors_above_ground":7,"predominant_space_use":"Educational/Research","accessibility_rating":"2","bicycle_spaces":0}},{"type":"Feature","geometry":{"type":"Point","coordinates":[144.965252,-37.807828]},"properties":{"property_id":"108559","building_name":"Old Melbourne Gaol","street_address":"Old Melbourne Gaol 377 Russell Street MELBOURNE VIC 3000","construction_year":"1851","number_of_floors_above_ground":3,"predominant_space_use":"Public Display Area","accessibility_rating":"3","bicycle_spaces":0}},{"type":"Feature","geometry":{"type":"Point","coordinates":[144.968173,-37.807522]},"properties":{"property_id":"103617","street_address":"355-357 Exhibition Street MELBOURNE VIC 3000","construction_year":"1886","number_of_floors_above_ground":3,"predominant_space_use":"Unoccupied - Unused","accessibility_rating":"1","bicycle_spaces":0}},{"type":"Feature","geometry":{"type":"Point","coordinates":[144.967741,-37.808065]},"properties":{"property_id":"105497","building_name":"Sefton Apartments","street_address":"30-34 La Trobe Street MELBOURNE VIC 3000","construction_year":"1872","number_of_floors_above_ground":4,"predominant_space_use":"Residential Apartment","accessibility_rating":"1","bicycle_spaces":0}},{"type":"Feature","geometry":{"type":"Point","coordinates":[144.966628,-37.807907]},"properties":{"property_id":"106369","building_name":"VPA Building","street_address":"41-45 MacKenzie Street MELBOURNE VIC 3000","construction_year":"1967","number_of_floors_above_ground":4,"predominant_space_use":"Unoccupied - Unused","accessibility_rating":"1","bicycle_spaces":0}},{"type":"Feature","geometry":{"type":"Point","coordinates":[144.966458,-37.808224]},"properties":{"property_id":"588604","building_name":"The Blue Tower","street_address":"The Blue Tower 68 La Trobe Street MELBOURNE VIC 3000","construction_year":"2004","number_of_floors_above_ground":27,"predominant_space_use":"Residential Apartment","accessibility_rating":"1","bicycle_spaces":0}},{"type":"Feature","geometry":{"type":"Point","coordinates":[144.966458,-37.808224]},"properties":{"property_id":"588605","building_name":"Indigo Loft Apartments","street_address":"Indigo Loft Apartments 61 MacKenzie Street MELBOURNE VIC 3000","construction_year":"1889","number_of_floors_above_ground":5,"predominant_space_use":"Residential Apartment","accessibility_rating":"1","bicycle_spaces":0}},{"type":"Feature","geometry":{"type":"Point","coordinates":[144.967982,-37.807586]},"properties":{"property_id":"109677","street_address":"13A Victoria Street MELBOURNE VIC 3000","construction_year":"1890","number_of_floors_above_ground":2,"predominant_space_use":"Entertainment/Recreation - Indoor","accessibility_rating":"2","bicycle_spaces":0}},{"type":"Feature","geometry":{"type":"Point","coordinates":[144.96786,-37.807427]},"properties":{"property_id":"109678","street_address":"19-21 Victoria Street MELBOURNE VIC 3000","construction_year":"1991","number_of_floors_above_ground":15,"predominant_space_use":"Unoccupied - Unused","accessibility_rating":"3","bicycle_spaces":0}},{"type":"Feature","geometry":{"type":"Point","coordinates":[144.951622,-37.81157]},"properties":{"property_id":"105111","building_name":"Cityside","street_address":"Cityside 50-64 Jeffcott Street WEST MELBOURNE VIC 3003","construction_year":"2009","number_of_floors_above_ground":15,"predominant_space_use":"Residential Apartment","accessibility_rating":"2","bicycle_spaces":178}},{"type":"Feature","geometry":{"type":"Point","coordinates":[144.952517,-37.811322]},"properties":{"property_id":"105112","building_name":"Flagstaff Square","street_address":"16-32 Jeffcott Street WEST MELBOURNE VIC 3003","construction_year":"1994","number_of_floors_above_ground":4,"predominant_space_use":"Residential Apartment","accessibility_rating":"2","bicycle_spaces":45}},{"type":"Feature","geometry":{"type":"Point","coordinates":[144.952922,-37.811115]},"properties":{"property_id":"105326","street_address":"383-405 King Street WEST MELBOURNE VIC 3003","construction_year":"1991","number_of_floors_above_ground":11,"predominant_space_use":"Educational/Research","accessibility_rating":"3","bicycle_spaces":80}},{"type":"Feature","geometry":{"type":"Point","coordinates":[144.950946,-37.811326]},"properties":{"property_id":"108950","building_name":"Bond Quarter","street_address":"386-394 Spencer Street WEST MELBOURNE VIC 3003","construction_year":"2017","number_of_floors_above_ground":17,"predominant_space_use":"Residential Apartment","accessibility_rating":"3","bicycle_spaces":63}},{"type":"Feature","geometry":{"type":"Point","coordinates":[144.951019,-37.811473]},"properties":{"property_id":"108951","building_name":"Curtin House","street_address":"384 Spencer Street WEST MELBOURNE VIC 3003","construction_year":"1901","number_of_floors_above_ground":2,"predominant_space_use":"House/Townhouse","accessibility_rating":"0","bicycle_spaces":0}},{"type":"Feature","geometry":{"type":"Point","coordinates":[144.951153,-37.811652]},"properties":{"property_id":"108953","street_address":"372-376 Spencer Street WEST MELBOURNE VIC 3003","construction_year":"1930","number_of_floors_above_ground":2,"predominant_space_use":"Office","accessibility_rating":"1","bicycle_spaces":3}},{"type":"Feature","geometry":{"type":"Point","coordinates":[144.951129,-37.81179]},"properties":{"property_id":"108954","street_address":"366-370 Spencer Street WEST MELBOURNE VIC 3003","construction_year":"1925","number_of_floors_above_ground":1,"predominant_space_use":"Office","accessibility_rating":"1","bicycle_spaces":0}},{"type":"Feature","geometry":{"type":"Point","coordinates":[144.951175,-37.811891]},"properties":{"property_id":"108955","street_address":"362-364 Spencer Street WEST MELBOURNE VIC 3003","construction_year":"1901","number_of_floors_above_ground":2,"predominant_space_use":"Unoccupied - Unused","accessibility_rating":"1","bicycle_spaces":0}},{"type":"Feature","geometry":{"type":"Point","coordinates":[144.952156,-37.811424]},"properties":{"property_id":"569276","street_address":"34-36 Jeffcott Street WEST MELBOURNE VIC 3003","construction_year":"1920","number_of_floors_above_ground":3,"predominant_space_use":"Office","accessibility_rating":"3","bicycle_spaces":7}},{"type":"Feature","geometry":{"type":"Point","coordinates":[144.951684,-37.811076]},"properties":{"property_id":"573826","street_address":"45-47 Batman Street WEST MELBOURNE VIC 3003","construction_year":"1930","number_of_floors_above_ground":1,"predominant_space_use":"Unoccupied - Unused","accessibility_rating":"3","bicycle_spaces":0}},{"type":"Feature","geometry":{"type":"Point","coordinates":[144.957829,-37.809718]},"properties":{"property_id":"104086","street_address":"211-213 Franklin Street MELBOURNE VIC 3000","construction_year":"1920","number_of_floors_above_ground":2,"predominant_space_use":"Entertainment/Recreation - Indoor","accessibility_rating":"1","bicycle_spaces":0}},{"type":"Feature","geometry":{"type":"Point","coordinates":[144.95611,-37.809834]},"properties":{"property_id":"104089","street_address":"386-412 William Street MELBOURNE VIC 3000","number_of_floors_above_ground":1,"predominant_space_use":"Unoccupied - Under Construction","accessibility_rating":"0","bicycle_spaces":0}},{"type":"Feature","geometry":{"type":"Point","coordinates":[144.959341,-37.809409]},"properties":{"property_id":"100165","building_name":"City Life Apartments","street_address":"City Life Apartments 136-140 A'Beckett Street MELBOURNE VIC 3000","construction_year":"1915","number_of_floors_above_ground":4,"predominant_space_use":"Residential Apartment","accessibility_rating":"1","bicycle_spaces":0}},{"type":"Feature","geometry":{"type":"Point","coordinates":[144.960145,-37.808958]},"properties":{"property_id":"100169","street_address":"Rear Substation 104 A'Beckett Street MELBOURNE VIC 3000","construction_year":"1948","number_of_floors_above_ground":1,"predominant_space_use":"Equipment Installation","accessibility_rating":"0","bicycle_spaces":0}},{"type":"Feature","geometry":{"type":"Point","coordinates":[144.958908,-37.809258]},"properties":{"property_id":"100443","building_name":"Arizona","street_address":"9-13 Anthony Street MELBOURNE VIC 3000","construction_year":"1995","number_of_floors_above_ground":5,"predominant_space_use":"Residential Apartment","accessibility_rating":"1","bicycle_spaces":0}},{"type":"Feature","geometry":{"type":"Point","coordinates":[144.95886,-37.809155]},"properties":{"property_id":"100444","building_name":"Sample House","street_address":"15-19 Anthony Street MELBOURNE VIC 3000","construction_year":"1920","number_of_floors_above_ground":4,"predominant_space_use":"Residential Apartment","accessibility_rating":"3","bicycle_spaces":0}},{"type":"Feature","geometry":{"type":"Point","coordinates":[144.958816,-37.809059]},"properties":{"property_id":"100445","street_address":"21-23 Anthony Street MELBOURNE VIC 3000","construction_year":"1954","number_of_floors_above_ground":3,"predominant_space_use":"Residential Apartment","accessibility_rating":"1","bicycle_spaces":0}},{"type":"Feature","geometry":{"type":"Point","coordinates":[144.960523,-37.809188]},"properties":{"property_id":"103219","street_address":"413-417 Elizabeth Street MELBOURNE VIC 3000","construction_year":"1920","number_of_floors_above_ground":2,"predominant_space_use":"Entertainment/Recreation - Indoor","accessibility_rating":"3","bicycle_spaces":0}},{"type":"Feature","geometry":{"type":"Point","coordinates":[144.960448,-37.809028]},"properties":{"property_id":"103222","street_address":"423-425 Elizabeth Street MELBOURNE VIC 3000","construction_year":"1872","number_of_floors_above_ground":2,"predominant_space_use":"Unoccupied - Unused","accessibility_rating":"3","bicycle_spaces":0}},{"type":"Feature","geometry":{"type":"Point","coordinates":[144.960344,-37.808859]},"properties":{"property_id":"103225","street_address":"433-435 Elizabeth Street MELBOURNE VIC 3000","construction_year":"1872","number_of_floors_above_ground":2,"predominant_space_use":"Entertainment/Recreation - Indoor","accessibility_rating":"1","bicycle_spaces":0}},{"type":"Feature","geometry":{"type":"Point","coordinates":[144.958605,-37.809436]},"properties":{"property_id":"108088","street_address":"382-406 Queen Street MELBOURNE VIC 3000","construction_year":"1987","number_of_floors_above_ground":6,"predominant_space_use":"Parking - Commercial Covered","accessibility_rating":"3","bicycle_spaces":0}},{"type":"Feature","geometry":{"type":"Point","coordinates":[144.961474,-37.808763]},"properties":{"property_id":"100170","building_name":"Avant","street_address":"52-64 A'Beckett Street MELBOURNE VIC 3000","construction_year":"2017","number_of_floors_above_ground":56,"predominant_space_use":"Residential Apartment","accessibility_rating":"3","bicycle_spaces":117}},{"type":"Feature","geometry":{"type":"Point","coordinates":[144.960859,-37.808308]},"properties":{"property_id":"103301","building_name":"Lighthouse","street_address":"442-450 Elizabeth Street MELBOURNE VIC 3000","construction_year":"2017","number_of_floors_above_ground":71,"predominant_space_use":"Residential Apartment","accessibility_rating":"1","bicycle_spaces":135}},{"type":"Feature","geometry":{"type":"Point","coordinates":[144.962375,-37.807869]},"properties":{"property_id":"104078","building_name":"RMIT University Building 49","street_address":"65-77 Franklin Street MELBOURNE VIC 3000","construction_year":"1910","number_of_floors_above_ground":3,"predominant_space_use":"Educational/Research","accessibility_rating":"1","bicycle_spaces":0}},{"type":"Feature","geometry":{"type":"Point","coordinates":[144.961763,-37.808169]},"properties":{"property_id":"104080","building_name":"Franklin Lofts","street_address":"83-93 Franklin Street MELBOURNE VIC 3000","construction_year":"2001","number_of_floors_above_ground":32,"predominant_space_use":"Residential Apartment","accessibility_rating":"3","bicycle_spaces":30}},{"type":"Feature","geometry":{"type":"Point","coordinates":[144.966152,-37.807266]},"properties":{"property_id":"108560","building_name":"Victoria Hall Apartments","street_address":"Victoria Hall Apartments 390-394 Russell Street MELBOURNE VIC 3000","construction_year":"1887","number_of_floors_above_ground":3,"predominant_space_use":"Residential Apartment","accessibility_rating":"1","bicycle_spaces":0}},{"type":"Feature","geometry":{"type":"Point","coordinates":[144.966084,-37.807496]},"properties":{"property_id":"108561","building_name":"Space Hotel","street_address":"380-388 Russell Street MELBOURNE VIC 3000","construction_year":"1963","number_of_floors_above_ground":9,"predominant_space_use":"Commercial Accommodation","accessibility_rating":"3","bicycle_spaces":0}},{"type":"Feature","geometry":{"type":"Point","coordinates":[144.966818,-37.807324]},"properties":{"property_id":"109679","street_address":"23-29 Victoria Street MELBOURNE VIC 3000","number_of_floors_above_ground":1,"predominant_space_use":"Unoccupied - Under Construction","accessibility_rating":"0","bicycle_spaces":0}},{"type":"Feature","geometry":{"type":"Point","coordinates":[144.951429,-37.810404]},"properties":{"property_id":"100859","street_address":"42-48 Batman Street WEST MELBOURNE VIC 3003","construction_year":"1957","number_of_floors_above_ground":2,"predominant_space_use":"Unoccupied - Unused","accessibility_rating":"1","bicycle_spaces":0}},{"type":"Feature","geometry":{"type":"Point","coordinates":[144.951575,-37.809899]},"properties":{"property_id":"102947","street_address":"27-31 Dudley Street WEST MELBOURNE VIC 3003","construction_year":"1888","number_of_floors_above_ground":2,"predominant_space_use":"Unoccupied - Unused","accessibility_rating":"1","bicycle_spaces":0}},{"type":"Feature","geometry":{"type":"Point","coordinates":[144.952287,-37.8098]},"properties":{"property_id":"105329","street_address":"441-443 King Street WEST MELBOURNE VIC 3003","construction_year":"2014","number_of_floors_above_ground":4,"predominant_space_use":"Office","accessibility_rating":"1","bicycle_spaces":0}},{"type":"Feature","geometry":{"type":"Point","coordinates":[144.952195,-37.809624]},"properties":{"property_id":"111181","building_name":"447 King Street","street_address":"447 King Street WEST MELBOURNE VIC 3003","construction_year":"1998","number_of_floors_above_ground":3,"predominant_space_use":"House/Townhouse","accessibility_rating":"0","bicycle_spaces":0}},{"type":"Feature","geometry":{"type":"Point","coordinates":[144.952195,-37.809624]},"properties":{"property_id":"111183","building_name":"451 King Street","street_address":"451 King Street WEST MELBOURNE VIC 3003","construction_year":"1998","number_of_floors_above_ground":3,"predominant_space_use":"House/Townhouse","accessibility_rating":"1","bicycle_spaces":0}},{"type":"Feature","geometry":{"type":"Point","coordinates":[144.950594,-37.810262]},"properties":{"property_id":"108947","street_address":"57-77 Dudley Street WEST MELBOURNE VIC 3003","construction_year":"2017","number_of_floors_above_ground":40,"predominant_space_use":"Residential Apartment","accessibility_rating":"3","bicycle_spaces":144}},{"type":"Feature","geometry":{"type":"Point","coordinates":[144.950637,-37.810664]},"properties":{"property_id":"108948","street_address":"404-418 Spencer Street WEST MELBOURNE VIC 3003","number_of_floors_above_ground":1,"predominant_space_use":"Unoccupied - Under Construction","accessibility_rating":"0","bicycle_spaces":0}},{"type":"Feature","geometry":{"type":"Point","coordinates":[144.957206,-37.807657]},"properties":{"property_id":"110671","street_address":"133-159 Victoria Street MELBOURNE VIC 3000","construction_year":"1890","number_of_floors_above_ground":1,"predominant_space_use":"Retail - Shop","accessibility_rating":"0","bicycle_spaces":0}},{"type":"Feature","geometry":{"type":"Point","coordinates":[144.957206,-37.807657]},"properties":{"property_id":"110673","street_address":"83-129 Victoria Street MELBOURNE VIC 3000","construction_year":"1890","number_of_floors_above_ground":1,"predominant_space_use":"Retail - Shop","accessibility_rating":"0","bicycle_spaces":0}},{"type":"Feature","geometry":{"type":"Point","coordinates":[144.957206,-37.807657]},"properties":{"property_id":"110677","building_name":"VICTORIA MARKET SHED D","street_address":"Shed D Queen Victoria Market 74 Peel Street MELBOURNE VIC 3000","construction_year":"1878","number_of_floors_above_ground":1,"predominant_space_use":"Unoccupied - Under Renovation","accessibility_rating":"0","bicycle_spaces":0}},{"type":"Feature","geometry":{"type":"Point","coordinates":[144.957206,-37.807657]},"properties":{"property_id":"110679","building_name":"VICTORIA MARKET SHED F","street_address":"Shed F Queen Victoria Market 66 Peel Street MELBOURNE VIC 3000","construction_year":"1945","number_of_floors_above_ground":1,"predominant_space_use":"Unoccupied - Under Renovation","accessibility_rating":"0","bicycle_spaces":0}},{"type":"Feature","geometry":{"type":"Point","coordinates":[144.957206,-37.807657]},"properties":{"property_id":"110682","building_name":"VICTORIA MARKET SHED L","street_address":"Shed L Queen Victoria Market 54 Peel Street MELBOURNE VIC 3000","construction_year":"1945","number_of_floors_above_ground":1,"predominant_space_use":"Retail - Stall","accessibility_rating":"0","bicycle_spaces":0}},{"type":"Feature","geometry":{"type":"Point","coordinates":[144.957206,-37.807657]},"properties":{"property_id":"110684","building_name":"VICTORIA MARKET SHED M","street_address":"Shed M Queen Victoria Market 50 Peel Street MELBOURNE VIC 3000","construction_year":"1914","number_of_floors_above_ground":1,"predominant_space_use":"Retail - Shop","accessibility_rating":"0","bicycle_spaces":0}},{"type":"Feature","geometry":{"type":"Point","coordinates":[144.957206,-37.807657]},"properties":{"property_id":"110692","building_name":"PUBLIC TOILETS","street_address":"Queen Vic Market Toilets Queen Victoria Market Therry Street MELBOURNE VIC 3000","construction_year":"1945","number_of_floors_above_ground":1,"predominant_space_use":"Community Use","accessibility_rating":"3","bicycle_spaces":0}},{"type":"Feature","geometry":{"type":"Point","coordinates":[144.957206,-37.807657]},"properties":{"property_id":"110695","building_name":"VICTORIA MARKET SHED I","street_address":"Shed I Queen Victoria Market Therry Street MELBOURNE VIC 3000","construction_year":"1878","number_of_floors_above_ground":1,"predominant_space_use":"Retail - Stall","accessibility_rating":"3","bicycle_spaces":0}},{"type":"Feature","geometry":{"type":"Point","coordinates":[144.957206,-37.807657]},"properties":{"property_id":"110696","building_name":"SUBSTATION","street_address":"Substation 70 Therry Street MELBOURNE VIC 3000","construction_year":"1970","number_of_floors_above_ground":1,"predominant_space_use":"Equipment Installation","accessibility_rating":"0","bicycle_spaces":0}},{"type":"Feature","geometry":{"type":"Point","coordinates":[144.957206,-37.807657]},"properties":{"property_id":"111500","building_name":"KIOSK","street_address":"Kiosk 90 Therry Street MELBOURNE VIC 3000","construction_year":"1970","number_of_floors_above_ground":1,"predominant_space_use":"Retail - Stall","accessibility_rating":"3","bicycle_spaces":0}},{"type":"Feature","geometry":{"type":"Point","coordinates":[144.959792,-37.807603]},"properties":{"property_id":"103233","street_address":"487 Elizabeth Street MELBOURNE VIC 3000","construction_year":"1901","number_of_floors_above_ground":2,"predominant_space_use":"Entertainment/Recreation - Indoor","accessibility_rating":"1","bicycle_spaces":0}},{"type":"Feature","geometry":{"type":"Point","coordinates":[144.958725,-37.808376]},"properties":{"property_id":"104093","building_name":"Franklin Apartments","street_address":"126-130 Franklin Street MELBOURNE VIC 3000","construction_year":"1887","number_of_floors_above_ground":3,"predominant_space_use":"Residential Apartment","accessibility_rating":"1","bicycle_spaces":0}},{"type":"Feature","geometry":{"type":"Point","coordinates":[144.958937,-37.808197]},"properties":{"property_id":"104095","building_name":"Stargate Apartment Complex","street_address":"Stargate Apartments 114-122 Franklin Street MELBOURNE VIC 3000","construction_year":"2001","number_of_floors_above_ground":11,"predominant_space_use":"Residential Apartment","accessibility_rating":"2","bicycle_spaces":0}},{"type":"Feature","geometry":{"type":"Point","coordinates":[144.959341,-37.808095]},"properties":{"property_id":"104098","building_name":"Association House","street_address":"104-106 Franklin Street MELBOURNE VIC 3000","construction_year":"1926","number_of_floors_above_ground":3,"predominant_space_use":"Unoccupied - Unused","accessibility_rating":"2","bicycle_spaces":0}},{"type":"Feature","geometry":{"type":"Point","coordinates":[144.959775,-37.80809]},"properties":{"property_id":"104100","building_name":"Cityview Apartments","street_address":"88-94 Franklin Street MELBOURNE VIC 3000","construction_year":"1973","number_of_floors_above_ground":6,"predominant_space_use":"Residential Apartment","accessibility_rating":"3","bicycle_spaces":0}},{"type":"Feature","geometry":{"type":"Point","coordinates":[144.958263,-37.808209]},"properties":{"property_id":"108098","street_address":"446-450 Queen Street MELBOURNE VIC 3000","construction_year":"1945","number_of_floors_above_ground":1,"predominant_space_use":"Unoccupied - Unused","accessibility_rating":"3","bicycle_spaces":0}},{"type":"Feature","geometry":{"type":"Point","coordinates":[144.958272,-37.808385]},"properties":{"property_id":"108100","building_name":"Queen Victoria Building","street_address":"432-438 Queen Street MELBOURNE VIC 3000","construction_year":"1925","number_of_floors_above_ground":2,"predominant_space_use":"Unoccupied - Unused","accessibility_rating":"2","bicycle_spaces":0}},{"type":"Feature","geometry":{"type":"Point","coordinates":[144.959089,-37.807685]},"properties":{"property_id":"109492","street_address":"93-129 Therry Street MELBOURNE VIC 3000","number_of_floors_above_ground":1,"predominant_space_use":"Unoccupied - Under Construction","accessibility_rating":"0","bicycle_spaces":0}},{"type":"Feature","geometry":{"type":"Point","coordinates":[144.958461,-37.807888]},"properties":{"property_id":"109493","street_address":"452-468 Queen Street MELBOURNE VIC 3000","construction_year":"2022","number_of_floors_above_ground":10,"predominant_space_use":"Parking - Commercial Covered","accessibility_rating":"3","bicycle_spaces":257}},{"type":"Feature","geometry":{"type":"Point","coordinates":[144.95997,-37.807983]},"properties":{"property_id":"511516","street_address":"469 Elizabeth Street MELBOURNE VIC 3000","construction_year":"1854","number_of_floors_above_ground":2,"predominant_space_use":"Entertainment/Recreation - Indoor","accessibility_rating":"3","bicycle_spaces":0}},{"type":"Feature","geometry":{"type":"Point","coordinates":[144.960007,-37.808065]},"properties":{"property_id":"562692","street_address":"465 Elizabeth Street MELBOURNE VIC 3000","construction_year":"1956","number_of_floors_above_ground":2,"predominant_space_use":"Retail - Shop","accessibility_rating":"3","bicycle_spaces":0}},{"type":"Feature","geometry":{"type":"Point","coordinates":[144.96035,-37.807198]},"properties":{"property_id":"103293","street_address":"496-504 Elizabeth Street MELBOURNE VIC 3000","construction_year":"2016","number_of_floors_above_ground":70,"predominant_space_use":"Residential Apartment","accessibility_rating":"1","bicycle_spaces":181}},{"type":"Feature","geometry":{"type":"Point","coordinates":[144.961224,-37.807521]},"properties":{"property_id":"104102","street_address":"42-56 Franklin Street MELBOURNE VIC 3000","construction_year":"1965","number_of_floors_above_ground":18,"predominant_space_use":"Office","accessibility_rating":"3","bicycle_spaces":0}},{"type":"Feature","geometry":{"type":"Point","coordinates":[144.961866,-37.806897]},"properties":{"property_id":"110747","street_address":"499-511 Swanston Street MELBOURNE VIC 3000","construction_year":"1980","number_of_floors_above_ground":20,"predominant_space_use":"Office","accessibility_rating":"2","bicycle_spaces":45}},{"type":"Feature","geometry":{"type":"Point","coordinates":[144.962647,-37.806829]},"properties":{"property_id":"111415","street_address":"Tramways Signal Cabin, Shelter and Conveniences Opposite 475-511 Swanston Street MELBOURNE VIC 3000","number_of_floors_above_ground":1,"predominant_space_use":"Equipment Installation","accessibility_rating":"2","bicycle_spaces":0}},{"type":"Feature","geometry":{"type":"Point","coordinates":[144.963386,-37.807007]},"properties":{"property_id":"109387","building_name":"CITY BATHS","street_address":"City Baths 420-438 Swanston Street MELBOURNE VIC 3000","construction_year":"1903","number_of_floors_above_ground":3,"predominant_space_use":"Entertainment/Recreation - Indoor","accessibility_rating":"2","bicycle_spaces":5}},{"type":"Feature","geometry":{"type":"Point","coordinates":[144.960646,-37.806671]},"properties":{"property_id":"109681","building_name":"Drill Hall Affordable Housing Development","street_address":"51-57 Victoria Street MELBOURNE VIC 3000","construction_year":"2011","number_of_floors_above_ground":10,"predominant_space_use":"Residential Apartment","accessibility_rating":"3","bicycle_spaces":0}},{"type":"Feature","geometry":{"type":"Point","coordinates":[144.958316,-37.801478]},"properties":{"property_id":"101046","building_name":"Building 224","street_address":"167-171 Berkeley Street MELBOURNE VIC 3000","construction_year":"1925","number_of_floors_above_ground":3,"predominant_space_use":"Office","accessibility_rating":"1","bicycle_spaces":0}},{"type":"Feature","geometry":{"type":"Point","coordinates":[144.958435,-37.800275]},"properties":{"property_id":"101049","building_name":"IQ Apartments","street_address":"223 Berkeley Street MELBOURNE VIC 3000","construction_year":"2006","number_of_floors_above_ground":8,"predominant_space_use":"Student Accommodation","accessibility_rating":"3","bicycle_spaces":0}},{"type":"Feature","geometry":{"type":"Point","coordinates":[144.958253,-37.800077]},"properties":{"property_id":"103257","building_name":"Building 248 - Peter Doherty Institute","street_address":"786-798 Elizabeth Street MELBOURNE VIC 3000","construction_year":"2013","number_of_floors_above_ground":11,"predominant_space_use":"Educational/Research","accessibility_rating":"3","bicycle_spaces":120}},{"type":"Feature","geometry":{"type":"Point","coordinates":[144.958025,-37.800334]},"properties":{"property_id":"103258","building_name":"MU Building 220","street_address":"774-782 Elizabeth Street MELBOURNE VIC 3000","construction_year":"1974","number_of_floors_above_ground":5,"predominant_space_use":"Educational/Research","accessibility_rating":"3","bicycle_spaces":0}},{"type":"Feature","geometry":{"type":"Point","coordinates":[144.958243,-37.801684]},"properties":{"property_id":"107547","street_address":"226 Pelham Street MELBOURNE VIC 3000","number_of_floors_above_ground":2,"predominant_space_use":"House/Townhouse","accessibility_rating":"1","bicycle_spaces":0}},{"type":"Feature","geometry":{"type":"Point","coordinates":[144.959399,-37.800705]},"properties":{"property_id":"100837","building_name":"The University of Melbourne - Building 394","street_address":"139 Barry Street CARLTON VIC 3053","construction_year":"1900","number_of_floors_above_ground":2,"predominant_space_use":"Office","accessibility_rating":"1","bicycle_spaces":0}},{"type":"Feature","geometry":{"type":"Point","coordinates":[144.958988,-37.80074]},"properties":{"property_id":"101054","building_name":"The University of Melbourne - Building 207","street_address":"202-206 Berkeley Street CARLTON VIC 3053","construction_year":"1980","number_of_floors_above_ground":2,"predominant_space_use":"Educational/Research","accessibility_rating":"3","bicycle_spaces":0}},{"type":"Feature","geometry":{"type":"Point","coordinates":[144.958934,-37.801046]},"properties":{"property_id":"101055","building_name":"Melbourne University - Building 260","street_address":"Building 260 (MSHS) 182-200 Berkeley Street CARLTON VIC 3053","construction_year":"1980","number_of_floors_above_ground":3,"predominant_space_use":"Educational/Research","accessibility_rating":"1","bicycle_spaces":0}},{"type":"Feature","geometry":{"type":"Point","coordinates":[144.95882,-37.801557]},"properties":{"property_id":"107550","building_name":"The University of Melbourne - Building 110 - The Spot","street_address":"156-180 Berkeley Street CARLTON VIC 3053","construction_year":"2009","number_of_floors_above_ground":15,"predominant_space_use":"Educational/Research","accessibility_rating":"3","bicycle_spaces":0}},{"type":"Feature","geometry":{"type":"Point","coordinates":[144.959235,-37.801857]},"properties":{"property_id":"107551","street_address":"196-198 Pelham Street CARLTON VIC 3053","construction_year":"1870","number_of_floors_above_ground":2,"predominant_space_use":"Residential Apartment","accessibility_rating":"1","bicycle_spaces":0}},{"type":"Feature","geometry":{"type":"Point","coordinates":[144.959431,-37.800525]},"properties":{"property_id":"581299","building_name":"The University of Melbourne - Building 388","street_address":"143-151 Barry Street CARLTON VIC 3053","construction_year":"1867","number_of_floors_above_ground":2,"predominant_space_use":"Office","accessibility_rating":"1","bicycle_spaces":0}},{"type":"Feature","geometry":{"type":"Point","coordinates":[144.961518,-37.801178]},"properties":{"property_id":"101255","building_name":"Melbourne University - Building 261, 250 & 379","street_address":"Melbourne University 197-235 Bouverie Street CARLTON VIC 3053","construction_year":"1965","number_of_floors_above_ground":6,"predominant_space_use":"Educational/Research","accessibility_rating":"3","bicycle_spaces":0}},{"type":"Feature","geometry":{"type":"Point","coordinates":[144.962757,-37.80054]},"properties":{"property_id":"101259","building_name":"Building 257","street_address":"183-187 Grattan Street CARLTON VIC 3053","construction_year":"1990","number_of_floors_above_ground":2,"predominant_space_use":"Unoccupied - Unused","accessibility_rating":"1","bicycle_spaces":3}},{"type":"Feature","geometry":{"type":"Point","coordinates":[144.962719,-37.800866]},"properties":{"property_id":"101262","building_name":"Building 269","street_address":"166-170 Bouverie Street CARLTON VIC 3053","construction_year":"1870","number_of_floors_above_ground":2,"predominant_space_use":"Office","accessibility_rating":"1","bicycle_spaces":0}},{"type":"Feature","geometry":{"type":"Point","coordinates":[144.963421,-37.800597]},"properties":{"property_id":"104453","street_address":"163 Grattan Street CARLTON VIC 3053","construction_year":"1870","number_of_floors_above_ground":2,"predominant_space_use":"Unoccupied - Unused","accessibility_rating":"2","bicycle_spaces":0}},{"type":"Feature","geometry":{"type":"Point","coordinates":[144.963297,-37.800583]},"properties":{"property_id":"104455","building_name":"Building 273","street_address":"167 Grattan Street CARLTON VIC 3053","construction_year":"1870","number_of_floors_above_ground":2,"predominant_space_use":"Entertainment/Recreation - Indoor","accessibility_rating":"1","bicycle_spaces":0}},{"type":"Feature","geometry":{"type":"Point","coordinates":[144.963234,-37.800576]},"properties":{"property_id":"104456","street_address":"169 Grattan Street CARLTON VIC 3053","construction_year":"1870","number_of_floors_above_ground":2,"predominant_space_use":"Unoccupied - Unused","accessibility_rating":"1","bicycle_spaces":0}},{"type":"Feature","geometry":{"type":"Point","coordinates":[144.962729,-37.801341]},"properties":{"property_id":"105654","building_name":"Building 245","street_address":"22-40 Lincoln Square North CARLTON VIC 3053","construction_year":"1988","number_of_floors_above_ground":3,"predominant_space_use":"Educational/Research","accessibility_rating":"3","bicycle_spaces":0}},{"type":"Feature","geometry":{"type":"Point","coordinates":[144.963382,-37.801419]},"properties":{"property_id":"109327","building_name":"Rydges On Swanston - Melbourne","street_address":"701-713 Swanston Street CARLTON VIC 3053","construction_year":"1968","number_of_floors_above_ground":6,"predominant_space_use":"Commercial Accommodation","accessibility_rating":"1","bicycle_spaces":0}},{"type":"Feature","geometry":{"type":"Point","coordinates":[144.964945,-37.801708]},"properties":{"property_id":"101608","street_address":"203-225 Cardigan Street CARLTON VIC 3053","construction_year":"1995","number_of_floors_above_ground":4,"predominant_space_use":"Residential Apartment","accessibility_rating":"0","bicycle_spaces":0}},{"type":"Feature","geometry":{"type":"Point","coordinates":[144.964517,-37.802274]},"properties":{"property_id":"107553","street_address":"96-106 Pelham Street CARLTON VIC 3053","construction_year":"1884","number_of_floors_above_ground":2,"predominant_space_use":"Parking - Private Covered","accessibility_rating":"1","bicycle_spaces":0}},{"type":"Feature","geometry":{"type":"Point","coordinates":[144.964282,-37.801319]},"properties":{"property_id":"109365","street_address":"644-658 Swanston Street CARLTON VIC 3053","construction_year":"1928","number_of_floors_above_ground":4,"predominant_space_use":"Residential Apartment","accessibility_rating":"1","bicycle_spaces":0}},{"type":"Feature","geometry":{"type":"Point","coordinates":[144.964289,-37.800991]},"properties":{"property_id":"110987","building_name":"Astorial Apartments","street_address":"Astorial Apartments 660-674 Swanston Street CARLTON VIC 3053","construction_year":"2000","number_of_floors_above_ground":10,"predominant_space_use":"Residential Apartment","accessibility_rating":"3","bicycle_spaces":36}},{"type":"Feature","geometry":{"type":"Point","coordinates":[144.964886,-37.802041]},"properties":{"property_id":"505264","street_address":"201 Cardigan Street CARLTON VIC 3053","construction_year":"1885","number_of_floors_above_ground":2,"predominant_space_use":"House/Townhouse","accessibility_rating":"1","bicycle_spaces":0}},{"type":"Feature","geometry":{"type":"Point","coordinates":[144.964312,-37.801886]},"properties":{"property_id":"538825","building_name":"Uropa Apartments","street_address":"Uropa Apartments 604-640 Swanston Street CARLTON VIC 3053","construction_year":"2002","number_of_floors_above_ground":1,"predominant_space_use":"Parking - Private Covered","accessibility_rating":"1","bicycle_spaces":120}},{"type":"Feature","geometry":{"type":"Point","coordinates":[144.964312,-37.801886]},"properties":{"property_id":"581308","building_name":"Building A","street_address":"Building A Uropa Apartments 640 Swanston Street CARLTON VIC 3053","construction_year":"2003","number_of_floors_above_ground":10,"predominant_space_use":"Residential Apartment","accessibility_rating":"1","bicycle_spaces":0}},{"type":"Feature","geometry":{"type":"Point","coordinates":[144.96733,-37.804464]},"properties":{"property_id":"102628","street_address":"95 Drummond Street CARLTON VIC 3053","construction_year":"1891","number_of_floors_above_ground":3,"predominant_space_use":"Office","accessibility_rating":"1","bicycle_spaces":0}},{"type":"Feature","geometry":{"type":"Point","coordinates":[144.967331,-37.804348]},"properties":{"property_id":"102630","street_address":"99 Drummond Street CARLTON VIC 3053","construction_year":"1891","number_of_floors_above_ground":3,"predominant_space_use":"Office","accessibility_rating":"1","bicycle_spaces":0}},{"type":"Feature","geometry":{"type":"Point","coordinates":[144.967341,-37.80429]},"properties":{"property_id":"102631","street_address":"101 Drummond Street CARLTON VIC 3053","construction_year":"1891","number_of_floors_above_ground":3,"predominant_space_use":"Student Accommodation","accessibility_rating":"0","bicycle_spaces":0}},{"type":"Feature","geometry":{"type":"Point","coordinates":[144.96679,-37.80337]},"properties":{"property_id":"106243","street_address":"164 Lygon Street CARLTON VIC 3053","construction_year":"1920","number_of_floors_above_ground":2,"predominant_space_use":"Retail - Shop","accessibility_rating":"2","bicycle_spaces":0}},{"type":"Feature","geometry":{"type":"Point","coordinates":[144.966745,-37.803593]},"properties":{"property_id":"106245","street_address":"152-154 Lygon Street CARLTON VIC 3053","construction_year":"1900","number_of_floors_above_ground":2,"predominant_space_use":"Entertainment/Recreation - Indoor","accessibility_rating":"1","bicycle_spaces":0}},{"type":"Feature","geometry":{"type":"Point","coordinates":[144.966699,-37.804438]},"properties":{"property_id":"111059","street_address":"126 Lygon Street CARLTON VIC 3053","construction_year":"1890","number_of_floors_above_ground":3,"predominant_space_use":"Entertainment/Recreation - Indoor","accessibility_rating":"1","bicycle_spaces":0}},{"type":"Feature","geometry":{"type":"Point","coordinates":[144.966699,-37.804438]},"properties":{"property_id":"111060","street_address":"124 Lygon Street CARLTON VIC 3053","construction_year":"1890","number_of_floors_above_ground":3,"predominant_space_use":"Entertainment/Recreation - Indoor","accessibility_rating":"1","bicycle_spaces":0}},{"type":"Feature","geometry":{"type":"Point","coordinates":[144.966699,-37.804438]},"properties":{"property_id":"111061","street_address":"122 Lygon Street CARLTON VIC 3053","construction_year":"1890","number_of_floors_above_ground":2,"predominant_space_use":"Entertainment/Recreation - Indoor","accessibility_rating":"1","bicycle_spaces":0}},{"type":"Feature","geometry":{"type":"Point","coordinates":[144.966699,-37.804438]},"properties":{"property_id":"111062","street_address":"120 Lygon Street CARLTON VIC 3053","construction_year":"1890","number_of_floors_above_ground":2,"predominant_space_use":"Entertainment/Recreation - Indoor","accessibility_rating":"1","bicycle_spaces":0}},{"type":"Feature","geometry":{"type":"Point","coordinates":[144.966699,-37.804438]},"properties":{"property_id":"111064","street_address":"114 Lygon Street CARLTON VIC 3053","construction_year":"1890","number_of_floors_above_ground":3,"predominant_space_use":"Residential Apartment","accessibility_rating":"1","bicycle_spaces":0}},{"type":"Feature","geometry":{"type":"Point","coordinates":[144.966699,-37.804438]},"properties":{"property_id":"111347","street_address":"68-72 Queensberry Street CARLTON VIC 3053","construction_year":"1999","number_of_floors_above_ground":5,"predominant_space_use":"Residential Apartment","accessibility_rating":"2","bicycle_spaces":0}},{"type":"Feature","geometry":{"type":"Point","coordinates":[144.966699,-37.804438]},"properties":{"property_id":"574430","street_address":"116 Lygon Street CARLTON VIC 3053","number_of_floors_above_ground":2,"predominant_space_use":"Entertainment/Recreation - Indoor","accessibility_rating":"1","bicycle_spaces":0}},{"type":"Feature","geometry":{"type":"Point","coordinates":[144.96536,-37.803646]},"properties":{"property_id":"100566","building_name":"Wells House","street_address":"29 Argyle Place South CARLTON VIC 3053","construction_year":"1870","number_of_floors_above_ground":2,"predominant_space_use":"Unoccupied - Unused","accessibility_rating":"1","bicycle_spaces":0}},{"type":"Feature","geometry":{"type":"Point","coordinates":[144.965303,-37.80364]},"properties":{"property_id":"100567","building_name":"Mounts Bay House","street_address":"31 Argyle Place South CARLTON VIC 3053","construction_year":"1870","number_of_floors_above_ground":2,"predominant_space_use":"House/Townhouse","accessibility_rating":"0"}},{"type":"Feature","geometry":{"type":"Point","coordinates":[144.965246,-37.803634]},"properties":{"property_id":"100568","building_name":"Argyle House","street_address":"33 Argyle Place South CARLTON VIC 3053","construction_year":"1870","number_of_floors_above_ground":2,"predominant_space_use":"House/Townhouse","accessibility_rating":"0"}},{"type":"Feature","geometry":{"type":"Point","coordinates":[144.965167,-37.804069]},"properties":{"property_id":"101699","street_address":"110 Cardigan Street CARLTON VIC 3053","number_of_floors_above_ground":2,"predominant_space_use":"House/Townhouse","accessibility_rating":"0"}},{"type":"Feature","geometry":{"type":"Point","coordinates":[144.965161,-37.804115]},"properties":{"property_id":"101700","street_address":"108 Cardigan Street CARLTON VIC 3053","construction_year":"1890","number_of_floors_above_ground":2,"predominant_space_use":"House/Townhouse","accessibility_rating":"0"}},{"type":"Feature","geometry":{"type":"Point","coordinates":[144.965153,-37.804159]},"properties":{"property_id":"101701","street_address":"106 Cardigan Street CARLTON VIC 3053","number_of_floors_above_ground":2,"predominant_space_use":"House/Townhouse","accessibility_rating":"0"}},{"type":"Feature","geometry":{"type":"Point","coordinates":[144.965463,-37.804214]},"properties":{"property_id":"105906","street_address":"22-24 Little Cardigan Street CARLTON VIC 3053","number_of_floors_above_ground":2,"predominant_space_use":"House/Townhouse","accessibility_rating":"0"}},{"type":"Feature","geometry":{"type":"Point","coordinates":[144.96595,-37.804677]},"properties":{"property_id":"106083","street_address":"95-97 Lygon Street CARLTON VIC 3053","construction_year":"1870","number_of_floors_above_ground":2,"predominant_space_use":"Entertainment/Recreation - Indoor","accessibility_rating":"1","bicycle_spaces":0}},{"type":"Feature","geometry":{"type":"Point","coordinates":[144.966066,-37.803972]},"properties":{"property_id":"106089","street_address":"131-133 Lygon Street CARLTON VIC 3053","construction_year":"1901","number_of_floors_above_ground":2,"predominant_space_use":"Unoccupied - Unused","accessibility_rating":"2","bicycle_spaces":0}},{"type":"Feature","geometry":{"type":"Point","coordinates":[144.966075,-37.803911]},"properties":{"property_id":"106090","street_address":"135-137 Lygon Street CARLTON VIC 3053","construction_year":"1900","number_of_floors_above_ground":2,"predominant_space_use":"Entertainment/Recreation - Indoor","accessibility_rating":"1","bicycle_spaces":0}},{"type":"Feature","geometry":{"type":"Point","coordinates":[144.966113,-37.803699]},"properties":{"property_id":"106095","street_address":"149 Lygon Street CARLTON VIC 3053","construction_year":"1880","number_of_floors_above_ground":2,"predominant_space_use":"Unoccupied - Under Renovation","accessibility_rating":"1","bicycle_spaces":0}},{"type":"Feature","geometry":{"type":"Point","coordinates":[144.965675,-37.804216]},"properties":{"property_id":"106382","street_address":"10 Magenta Place CARLTON VIC 3053","construction_year":"1960","number_of_floors_above_ground":1,"predominant_space_use":"Unoccupied - Unused","accessibility_rating":"1","bicycle_spaces":0}},{"type":"Feature","geometry":{"type":"Point","coordinates":[144.965101,-37.804452]},"properties":{"property_id":"108036","street_address":"116-124 Queensberry Street CARLTON VIC 3053","construction_year":"1988","number_of_floors_above_ground":3,"predominant_space_use":"Office","accessibility_rating":"3","bicycle_spaces":0}},{"type":"Feature","geometry":{"type":"Point","coordinates":[144.965411,-37.804529]},"properties":{"property_id":"108038","street_address":"106-112 Queensberry Street CARLTON VIC 3053","construction_year":"2017","number_of_floors_above_ground":6,"predominant_space_use":"Residential Apartment","accessibility_rating":"3","bicycle_spaces":40}},{"type":"Feature","geometry":{"type":"Point","coordinates":[144.965192,-37.803929]},"properties":{"property_id":"565100","street_address":"114-118 Cardigan Street CARLTON VIC 3053","construction_year":"2007","number_of_floors_above_ground":3,"predominant_space_use":"Unoccupied - Unused","accessibility_rating":"3","bicycle_spaces":0}},{"type":"Feature","geometry":{"type":"Point","coordinates":[144.965073,-37.804195]},"properties":{"property_id":"579414","street_address":"104 Cardigan Street CARLTON VIC 3053","construction_year":"2003","number_of_floors_above_ground":2,"predominant_space_use":"House/Townhouse","accessibility_rating":"0","bicycle_spaces":0}},{"type":"Feature","geometry":{"type":"Point","coordinates":[144.965208,-37.804255]},"properties":{"property_id":"579415","street_address":"19 Little Cardigan Street CARLTON VIC 3053","construction_year":"2003","number_of_floors_above_ground":2,"predominant_space_use":"House/Townhouse","accessibility_rating":"0"}},{"type":"Feature","geometry":{"type":"Point","coordinates":[144.964519,-37.80429]},"properties":{"property_id":"101595","street_address":"101 Cardigan Street CARLTON VIC 3053","construction_year":"1890","number_of_floors_above_ground":2,"predominant_space_use":"House/Townhouse","accessibility_rating":"0"}},{"type":"Feature","geometry":{"type":"Point","coordinates":[144.964527,-37.804241]},"properties":{"property_id":"101596","street_address":"103 Cardigan Street CARLTON VIC 3053","number_of_floors_above_ground":2,"predominant_space_use":"House/Townhouse","accessibility_rating":"0"}},{"type":"Feature","geometry":{"type":"Point","coordinates":[144.964536,-37.804193]},"properties":{"property_id":"101597","street_address":"105 Cardigan Street CARLTON VIC 3053","number_of_floors_above_ground":2,"predominant_space_use":"House/Townhouse","accessibility_rating":"0"}},{"type":"Feature","geometry":{"type":"Point","coordinates":[144.964551,-37.804097]},"properties":{"property_id":"101599","street_address":"109 Cardigan Street CARLTON VIC 3053","number_of_floors_above_ground":2,"predominant_space_use":"House/Townhouse","accessibility_rating":"0"}},{"type":"Feature","geometry":{"type":"Point","coordinates":[144.964533,-37.803864]},"properties":{"property_id":"101603","street_address":"117 Cardigan Street CARLTON VIC 3053","construction_year":"1930","number_of_floors_above_ground":3,"predominant_space_use":"Residential Apartment","accessibility_rating":"1","bicycle_spaces":0}},{"type":"Feature","geometry":{"type":"Point","coordinates":[144.964131,-37.804216]},"properties":{"property_id":"106074","street_address":"13-17 Little Queensberry Street CARLTON VIC 3053","construction_year":"2011","number_of_floors_above_ground":4,"predominant_space_use":"Residential Apartment","accessibility_rating":"1","bicycle_spaces":0}},{"type":"Feature","geometry":{"type":"Point","coordinates":[144.963868,-37.804331]},"properties":{"property_id":"108030","street_address":"152-154 Queensberry Street CARLTON VIC 3053","construction_year":"1980","number_of_floors_above_ground":2,"predominant_space_use":"Unoccupied - Under Demolition/Condemned","accessibility_rating":"1","bicycle_spaces":0}},{"type":"Feature","geometry":{"type":"Point","coordinates":[144.963991,-37.804344]},"properties":{"property_id":"108031","building_name":"Chinese Church Of Christ","street_address":"Chinese Church Of Christ 148-150 Queensberry Street CARLTON VIC 3053","construction_year":"1910","number_of_floors_above_ground":1,"predominant_space_use":"Performances, Conferences, Ceremonies","accessibility_rating":"1","bicycle_spaces":0}},{"type":"Feature","geometry":{"type":"Point","coordinates":[144.9641,-37.804399]},"properties":{"property_id":"108032","street_address":"144-146 Queensberry Street CARLTON VIC 3053","construction_year":"1927","number_of_floors_above_ground":2,"predominant_space_use":"House/Townhouse","accessibility_rating":"1","bicycle_spaces":0}},{"type":"Feature","geometry":{"type":"Point","coordinates":[144.963945,-37.80277]},"properties":{"property_id":"109366","building_name":"MICASA 8","street_address":"127-135 Pelham Street CARLTON VIC 3053","construction_year":"2009","number_of_floors_above_ground":13,"predominant_space_use":"Student Accommodation","accessibility_rating":"3","bicycle_spaces":44}},{"type":"Feature","geometry":{"type":"Point","coordinates":[144.96394,-37.803316]},"properties":{"property_id":"109368","building_name":"College House Apartments","street_address":"College House Apartments 568-576 Swanston Street CARLTON VIC 3053","construction_year":"1998","number_of_floors_above_ground":10,"predominant_space_use":"Residential Apartment","accessibility_rating":"3","bicycle_spaces":0}},{"type":"Feature","geometry":{"type":"Point","coordinates":[144.963701,-37.803672]},"properties":{"property_id":"109371","street_address":"556 Swanston Street CARLTON VIC 3053","construction_year":"1888","number_of_floors_above_ground":2,"predominant_space_use":"Entertainment/Recreation - Indoor","accessibility_rating":"1","bicycle_spaces":0}},{"type":"Feature","geometry":{"type":"Point","coordinates":[144.964463,-37.803909]},"properties":{"property_id":"110803","street_address":"4-6 Gibbons Place CARLTON VIC 3053","number_of_floors_above_ground":3,"predominant_space_use":"House/Townhouse","accessibility_rating":"0"}},{"type":"Feature","geometry":{"type":"Point","coordinates":[144.964618,-37.803925]},"properties":{"property_id":"110804","street_address":"115 Cardigan Street CARLTON VIC 3053","number_of_floors_above_ground":3,"predominant_space_use":"House/Townhouse","accessibility_rating":"0"}},{"type":"Feature","geometry":{"type":"Point","coordinates":[144.96364,-37.804307]},"properties":{"property_id":"594107","street_address":"522-536 Swanston Street CARLTON VIC 3053","construction_year":"2005","number_of_floors_above_ground":10,"predominant_space_use":"Residential Apartment","accessibility_rating":"3","bicycle_spaces":39}},{"type":"Feature","geometry":{"type":"Point","coordinates":[144.9643,-37.804282]},"properties":{"property_id":"625433","street_address":"14 Little Queensberry Street CARLTON VIC 3053","number_of_floors_above_ground":3,"predominant_space_use":"House/Townhouse","accessibility_rating":"0","bicycle_spaces":0}},{"type":"Feature","geometry":{"type":"Point","coordinates":[144.962377,-37.803947]},"properties":{"property_id":"101267","building_name":"Metropolitan Fire Brigade Station No.3","street_address":"MFB Station No.3 104-114 Bouverie Street CARLTON VIC 3053","construction_year":"1920","number_of_floors_above_ground":1,"predominant_space_use":"Community Use","accessibility_rating":"3","bicycle_spaces":10}},{"type":"Feature","geometry":{"type":"Point","coordinates":[144.962728,-37.803938]},"properties":{"property_id":"111248","street_address":"17 Lincoln Place CARLTON VIC 3053","construction_year":"1930","number_of_floors_above_ground":4,"predominant_space_use":"Residential Apartment","accessibility_rating":"1","bicycle_spaces":0}},{"type":"Feature","geometry":{"type":"Point","coordinates":[144.962781,-37.803363]},"properties":{"property_id":"518847","street_address":"19-21 Lincoln Square South CARLTON VIC 3053","construction_year":"1930","number_of_floors_above_ground":1,"predominant_space_use":"Entertainment/Recreation - Indoor","accessibility_rating":"3","bicycle_spaces":0}},{"type":"Feature","geometry":{"type":"Point","coordinates":[144.96142,-37.803201]},"properties":{"property_id":"100734","street_address":"16-18 Barkly Place CARLTON VIC 3053","construction_year":"2002","number_of_floors_above_ground":5,"predominant_space_use":"Residential Apartment","accessibility_rating":"1","bicycle_spaces":7}},{"type":"Feature","geometry":{"type":"Point","coordinates":[144.961573,-37.803767]},"properties":{"property_id":"101245","building_name":"Avanti Student Accomodation","street_address":"117-121 Bouverie Street CARLTON VIC 3053","construction_year":"1920","number_of_floors_above_ground":4,"predominant_space_use":"Student Accommodation","accessibility_rating":"1","bicycle_spaces":0}},{"type":"Feature","geometry":{"type":"Point","coordinates":[144.96146,-37.803575]},"properties":{"property_id":"101246","street_address":"123-127 Bouverie Street CARLTON VIC 3053","construction_year":"2019","number_of_floors_above_ground":13,"predominant_space_use":"Student Accommodation","accessibility_rating":"3","bicycle_spaces":0}},{"type":"Feature","geometry":{"type":"Point","coordinates":[144.961699,-37.803224]},"properties":{"property_id":"101248","building_name":"D1 Apartments","street_address":"139-143 Bouverie Street CARLTON VIC 3053","construction_year":"2006","number_of_floors_above_ground":9,"predominant_space_use":"Student Accommodation","accessibility_rating":"3","bicycle_spaces":0}},{"type":"Feature","geometry":{"type":"Point","coordinates":[144.961717,-37.803116]},"properties":{"property_id":"101249","street_address":"145-147 Bouverie Street CARLTON VIC 3053","construction_year":"1950","number_of_floors_above_ground":2,"predominant_space_use":"Office","accessibility_rating":"3","bicycle_spaces":0}},{"type":"Feature","geometry":{"type":"Point","coordinates":[144.961732,-37.803036]},"properties":{"property_id":"101250","street_address":"149-153 Bouverie Street CARLTON VIC 3053","construction_year":"1920","number_of_floors_above_ground":2,"predominant_space_use":"Office","accessibility_rating":"1","bicycle_spaces":0}},{"type":"Feature","geometry":{"type":"Point","coordinates":[144.96159,-37.802855]},"properties":{"property_id":"101252","street_address":"157-161 Bouverie Street CARLTON VIC 3053","construction_year":"1995","number_of_floors_above_ground":3,"predominant_space_use":"Residential Apartment","accessibility_rating":"1","bicycle_spaces":0}},{"type":"Feature","geometry":{"type":"Point","coordinates":[144.960881,-37.802632]},"properties":{"property_id":"105518","street_address":"150 Leicester Street CARLTON VIC 3053","number_of_floors_above_ground":2,"predominant_space_use":"House/Townhouse","accessibility_rating":"0"}},{"type":"Feature","geometry":{"type":"Point","coordinates":[144.960858,-37.802754]},"properties":{"property_id":"105520","street_address":"142-146 Leicester Street CARLTON VIC 3053","construction_year":"1930","number_of_floors_above_ground":2,"predominant_space_use":"Workshop/Studio","accessibility_rating":"1","bicycle_spaces":0}},{"type":"Feature","geometry":{"type":"Point","coordinates":[144.961073,-37.802393]},"properties":{"property_id":"525988","street_address":"165 Pelham Street CARLTON VIC 3053","construction_year":"1943","number_of_floors_above_ground":2,"predominant_space_use":"Entertainment/Recreation - Indoor","accessibility_rating":"2","bicycle_spaces":0}},{"type":"Feature","geometry":{"type":"Point","coordinates":[144.961131,-37.802399]},"properties":{"property_id":"525989","street_address":"163 Pelham Street CARLTON VIC 3053","construction_year":"1943","number_of_floors_above_ground":2,"predominant_space_use":"Storage","accessibility_rating":"1","bicycle_spaces":0}},{"type":"Feature","geometry":{"type":"Point","coordinates":[144.961195,-37.802406]},"properties":{"property_id":"525990","street_address":"161 Pelham Street CARLTON VIC 3053","construction_year":"1943","number_of_floors_above_ground":3,"predominant_space_use":"Unoccupied - Unused","accessibility_rating":"1","bicycle_spaces":0}},{"type":"Feature","geometry":{"type":"Point","coordinates":[144.961124,-37.802496]},"properties":{"property_id":"525994","street_address":"11 Leicester Place CARLTON VIC 3053","number_of_floors_above_ground":3,"predominant_space_use":"House/Townhouse","accessibility_rating":"0"}},{"type":"Feature","geometry":{"type":"Point","coordinates":[144.960087,-37.803147]},"properties":{"property_id":"100843","street_address":"34-40 Barry Street CARLTON VIC 3053","construction_year":"1987","number_of_floors_above_ground":4,"predominant_space_use":"Office","accessibility_rating":"2","bicycle_spaces":0}},{"type":"Feature","geometry":{"type":"Point","coordinates":[144.960242,-37.803061]},"properties":{"property_id":"105511","street_address":"119-125 Leicester Street CARLTON VIC 3053","construction_year":"1900","number_of_floors_above_ground":5,"predominant_space_use":"Residential Apartment","accessibility_rating":"3","bicycle_spaces":0}},{"type":"Feature","geometry":{"type":"Point","coordinates":[144.959953,-37.802677]},"properties":{"property_id":"502499","street_address":"58 Barry Street CARLTON VIC 3053","number_of_floors_above_ground":2,"predominant_space_use":"House/Townhouse","accessibility_rating":"0"}},{"type":"Feature","geometry":{"type":"Point","coordinates":[144.960126,-37.802314]},"properties":{"property_id":"568078","building_name":"Telstra Carlton Exchange","street_address":"Telstra Carlton Exchange 183 Pelham Street CARLTON VIC 3053","construction_year":"2002","number_of_floors_above_ground":1,"predominant_space_use":"Equipment Installation","accessibility_rating":"0","bicycle_spaces":0}},{"type":"Feature","geometry":{"type":"Point","coordinates":[144.958881,-37.802318]},"properties":{"property_id":"101056","street_address":"140 Berkeley Street CARLTON VIC 3053","number_of_floors_above_ground":2,"predominant_space_use":"House/Townhouse","accessibility_rating":"0"}},{"type":"Feature","geometry":{"type":"Point","coordinates":[144.959127,-37.802878]},"properties":{"property_id":"101061","street_address":"106-114 Berkeley Street CARLTON VIC 3053","construction_year":"1936","number_of_floors_above_ground":1,"predominant_space_use":"Entertainment/Recreation - Indoor","accessibility_rating":"3","bicycle_spaces":9}},{"type":"Feature","geometry":{"type":"Point","coordinates":[144.959245,-37.803119]},"properties":{"property_id":"101062","street_address":"90-104 Berkeley Street CARLTON VIC 3053","construction_year":"1937","number_of_floors_above_ground":4,"predominant_space_use":"Unoccupied - Unused","accessibility_rating":"0","bicycle_spaces":0}},{"type":"Feature","geometry":{"type":"Point","coordinates":[144.958364,-37.802493]},"properties":{"property_id":"103265","building_name":"Evanevans","street_address":"680-682 Elizabeth Street MELBOURNE VIC 3000","construction_year":"1914","number_of_floors_above_ground":4,"predominant_space_use":"Retail - Shop","accessibility_rating":"1","bicycle_spaces":0}},{"type":"Feature","geometry":{"type":"Point","coordinates":[144.958494,-37.803025]},"properties":{"property_id":"103269","street_address":"656-658 Elizabeth Street MELBOURNE VIC 3000","construction_year":"1897","number_of_floors_above_ground":1,"predominant_space_use":"Unoccupied - Unused","accessibility_rating":"1","bicycle_spaces":0}},{"type":"Feature","geometry":{"type":"Point","coordinates":[144.959511,-37.804987]},"properties":{"property_id":"103283","street_address":"564-566 Elizabeth Street MELBOURNE VIC 3000","construction_year":"1920","number_of_floors_above_ground":2,"predominant_space_use":"Unoccupied - Unused","accessibility_rating":"3","bicycle_spaces":0}},{"type":"Feature","geometry":{"type":"Point","coordinates":[144.959648,-37.805281]},"properties":{"property_id":"103286","street_address":"544-548 Elizabeth Street MELBOURNE VIC 3000","construction_year":"1909","number_of_floors_above_ground":1,"predominant_space_use":"Unoccupied - Unused","accessibility_rating":"3","bicycle_spaces":0}},{"type":"Feature","geometry":{"type":"Point","coordinates":[144.959714,-37.805451]},"properties":{"property_id":"103287","building_name":"John Cummins Building","street_address":"536-542 Elizabeth Street MELBOURNE VIC 3000","construction_year":"1989","number_of_floors_above_ground":8,"predominant_space_use":"Office","accessibility_rating":"3","bicycle_spaces":0}},{"type":"Feature","geometry":{"type":"Point","coordinates":[144.959759,-37.805794]},"properties":{"property_id":"103290","street_address":"520-522 Elizabeth Street MELBOURNE VIC 3000","construction_year":"1954","number_of_floors_above_ground":2,"predominant_space_use":"Entertainment/Recreation - Indoor","accessibility_rating":"1","bicycle_spaces":0}},{"type":"Feature","geometry":{"type":"Point","coordinates":[144.959929,-37.804551]},"properties":{"property_id":"101063","building_name":"The Berkeley","street_address":"36-42 Berkeley Street CARLTON VIC 3053","construction_year":"2002","number_of_floors_above_ground":4,"predominant_space_use":"Residential Apartment","accessibility_rating":"1","bicycle_spaces":0}},{"type":"Feature","geometry":{"type":"Point","coordinates":[144.959963,-37.804772]},"properties":{"property_id":"105508","street_address":"51-61 Leicester Street CARLTON VIC 3053","construction_year":"1920","number_of_floors_above_ground":2,"predominant_space_use":"Office","accessibility_rating":"1","bicycle_spaces":0}},{"type":"Feature","geometry":{"type":"Point","coordinates":[144.960038,-37.804418]},"properties":{"property_id":"107874","street_address":"255-259 Queensberry Street CARLTON VIC 3053","construction_year":"1870","number_of_floors_above_ground":2,"predominant_space_use":"Unoccupied - Unused","accessibility_rating":"1","bicycle_spaces":0}},{"type":"Feature","geometry":{"type":"Point","coordinates":[144.959942,-37.804637]},"properties":{"property_id":"518468","street_address":"63 Leicester Street CARLTON VIC 3053","construction_year":"1910","number_of_floors_above_ground":2,"predominant_space_use":"Unoccupied - Unused","accessibility_rating":"1","bicycle_spaces":0}},{"type":"Feature","geometry":{"type":"Point","coordinates":[144.961078,-37.805761]},"properties":{"property_id":"101240","street_address":"21-25 Bouverie Street CARLTON VIC 3053","construction_year":"1928","number_of_floors_above_ground":3,"predominant_space_use":"Office","accessibility_rating":"1","bicycle_spaces":0}},{"type":"Feature","geometry":{"type":"Point","coordinates":[144.960806,-37.805307]},"properties":{"property_id":"105526","building_name":"Leicester Garden","street_address":"34-58 Leicester Street CARLTON VIC 3053","construction_year":"1994","number_of_floors_above_ground":4,"predominant_space_use":"Residential Apartment","accessibility_rating":"0","bicycle_spaces":0}},{"type":"Feature","geometry":{"type":"Point","coordinates":[144.960509,-37.8057]},"properties":{"property_id":"105527","street_address":"Journal - Uni Place 16-32 Leicester Street CARLTON VIC 3053","construction_year":"2019","number_of_floors_above_ground":16,"predominant_space_use":"Student Accommodation","accessibility_rating":"0","bicycle_spaces":100}},{"type":"Feature","geometry":{"type":"Point","coordinates":[144.962817,-37.805171]},"properties":{"property_id":"101269","street_address":"557-591 Swanston Street CARLTON VIC 3053","construction_year":"2020","number_of_floors_above_ground":22,"predominant_space_use":"Student Accommodation","accessibility_rating":"3","bicycle_spaces":453}},{"type":"Feature","geometry":{"type":"Point","coordinates":[144.961998,-37.804657]},"properties":{"property_id":"107869","building_name":"Pixel","street_address":"205-209 Queensberry Street CARLTON VIC 3053","construction_year":"2010","number_of_floors_above_ground":4,"predominant_space_use":"Office","accessibility_rating":"3","bicycle_spaces":4}},{"type":"Feature","geometry":{"type":"Point","coordinates":[144.964271,-37.805483]},"properties":{"property_id":"101580","street_address":"53 Cardigan Street CARLTON VIC 3053","construction_year":"1896","number_of_floors_above_ground":2,"predominant_space_use":"Unoccupied - Unused","accessibility_rating":"1","bicycle_spaces":0}},{"type":"Feature","geometry":{"type":"Point","coordinates":[144.964291,-37.805395]},"properties":{"property_id":"101582","street_address":"57 Cardigan Street CARLTON VIC 3053","construction_year":"1896","number_of_floors_above_ground":2,"predominant_space_use":"Office","accessibility_rating":"1","bicycle_spaces":0}},{"type":"Feature","geometry":{"type":"Point","coordinates":[144.964318,-37.805306]},"properties":{"property_id":"101584","building_name":"George's Terrace","street_address":"61 Cardigan Street CARLTON VIC 3053","number_of_floors_above_ground":2,"predominant_space_use":"House/Townhouse","accessibility_rating":"0"}},{"type":"Feature","geometry":{"type":"Point","coordinates":[144.964344,-37.805174]},"properties":{"property_id":"101587","street_address":"71 Cardigan Street CARLTON VIC 3053","construction_year":"1890","number_of_floors_above_ground":2,"predominant_space_use":"House/Townhouse","accessibility_rating":"0"}},{"type":"Feature","geometry":{"type":"Point","coordinates":[144.964446,-37.804862]},"properties":{"property_id":"101592","street_address":"87 Cardigan Street CARLTON VIC 3053","construction_year":"1900","number_of_floors_above_ground":2,"predominant_space_use":"Residential Apartment","accessibility_rating":"3","bicycle_spaces":0}},{"type":"Feature","geometry":{"type":"Point","coordinates":[144.963528,-37.804836]},"properties":{"property_id":"109377","street_address":"514-520 Swanston Street CARLTON VIC 3053","construction_year":"2014","number_of_floors_above_ground":17,"predominant_space_use":"Residential Apartment","accessibility_rating":"3","bicycle_spaces":0}},{"type":"Feature","geometry":{"type":"Point","coordinates":[144.96333,-37.806008]},"properties":{"property_id":"109384","building_name":"UNI @ Swanston","street_address":"462-468 Swanston Street CARLTON VIC 3053","construction_year":"1895","number_of_floors_above_ground":8,"predominant_space_use":"Student Accommodation","accessibility_rating":"3","bicycle_spaces":0}},{"type":"Feature","geometry":{"type":"Point","coordinates":[144.963305,-37.806131]},"properties":{"property_id":"109385","street_address":"458-460 Swanston Street CARLTON VIC 3053","construction_year":"1920","number_of_floors_above_ground":5,"predominant_space_use":"Office","accessibility_rating":"1","bicycle_spaces":0}},{"type":"Feature","geometry":{"type":"Point","coordinates":[144.96368,-37.806312]},"properties":{"property_id":"109845","building_name":"RMIT University Building 91","street_address":"RMIT Building 91 110-120 Victoria Street CARLTON VIC 3053","construction_year":"1989","number_of_floors_above_ground":7,"predominant_space_use":"Parking - Commercial Covered","accessibility_rating":"3","bicycle_spaces":0}},{"type":"Feature","geometry":{"type":"Point","coordinates":[144.964023,-37.806481]},"properties":{"property_id":"109847","building_name":"RMIT University Building 98","street_address":"102-104 Victoria Street CARLTON VIC 3053","construction_year":"1970","number_of_floors_above_ground":3,"predominant_space_use":"Office","accessibility_rating":"3","bicycle_spaces":0}},{"type":"Feature","geometry":{"type":"Point","coordinates":[144.963513,-37.805552]},"properties":{"property_id":"559514","building_name":"Arrow On Swanston Apartments","street_address":"Arrow On Swanston 470-496 Swanston Street CARLTON VIC 3053","construction_year":"2000","number_of_floors_above_ground":12,"predominant_space_use":"Student Accommodation","accessibility_rating":"3","bicycle_spaces":10}},{"type":"Feature","geometry":{"type":"Point","coordinates":[144.963958,-37.805935]},"properties":{"property_id":"664021","building_name":"RMIT Building 94","street_address":"23-37 Cardigan Street CARLTON VIC 3053","number_of_floors_above_ground":6,"predominant_space_use":"Educational/Research","accessibility_rating":"0","bicycle_spaces":0}},{"type":"Feature","geometry":{"type":"Point","coordinates":[144.964975,-37.805156]},"properties":{"property_id":"101703","building_name":"RMIT- George Thompson - Building 55","street_address":"George Thompson - RMIT Building 55 58-80 Cardigan Street CARLTON VIC 3053","construction_year":"1960","number_of_floors_above_ground":3,"predominant_space_use":"Educational/Research","accessibility_rating":"3","bicycle_spaces":0}},{"type":"Feature","geometry":{"type":"Point","coordinates":[144.964904,-37.805515]},"properties":{"property_id":"101704","building_name":"Marys Terrace - Building 43, 74 & 76","street_address":"RMIT Building 43,74 & 76 52-56 Cardigan Street CARLTON VIC 3053","construction_year":"1885","number_of_floors_above_ground":2,"predominant_space_use":"Office","accessibility_rating":"1","bicycle_spaces":0}},{"type":"Feature","geometry":{"type":"Point","coordinates":[144.96479,-37.806099]},"properties":{"property_id":"101706","building_name":"RMIT - Building 78","street_address":"26-30 Cardigan Street CARLTON VIC 3053","construction_year":"1930","number_of_floors_above_ground":1,"predominant_space_use":"Entertainment/Recreation - Indoor","accessibility_rating":"1","bicycle_spaces":0}},{"type":"Feature","geometry":{"type":"Point","coordinates":[144.964743,-37.806361]},"properties":{"property_id":"101708","building_name":"RMIT Building 53","street_address":"18 Cardigan Street CARLTON VIC 3053","construction_year":"1874","number_of_floors_above_ground":2,"predominant_space_use":"Office","accessibility_rating":"1","bicycle_spaces":0}},{"type":"Feature","geometry":{"type":"Point","coordinates":[144.965639,-37.806739]},"properties":{"property_id":"106076","street_address":"1-7 Lygon Street CARLTON VIC 3053","construction_year":"1960","number_of_floors_above_ground":3,"predominant_space_use":"Office","accessibility_rating":"1","bicycle_spaces":0}},{"type":"Feature","geometry":{"type":"Point","coordinates":[144.965669,-37.806373]},"properties":{"property_id":"106080","building_name":"RMIT- Building 96","street_address":"RMIT 17-25 Lygon Street CARLTON VIC 3053","construction_year":"1960","number_of_floors_above_ground":4,"predominant_space_use":"Educational/Research","accessibility_rating":"3","bicycle_spaces":0}},{"type":"Feature","geometry":{"type":"Point","coordinates":[144.965699,-37.806199]},"properties":{"property_id":"106081","building_name":"John Curtin Hotel","street_address":"John Curtin Hotel 27-31 Lygon Street CARLTON VIC 3053","construction_year":"1860","number_of_floors_above_ground":2,"predominant_space_use":"Entertainment/Recreation - Indoor","accessibility_rating":"1","bicycle_spaces":0}},{"type":"Feature","geometry":{"type":"Point","coordinates":[144.965493,-37.80549]},"properties":{"property_id":"106082","building_name":"RMIT Building 45,56,57","street_address":"33-89 Lygon Street CARLTON VIC 3053","construction_year":"1974","number_of_floors_above_ground":5,"predominant_space_use":"Educational/Research","accessibility_rating":"0","bicycle_spaces":0}},{"type":"Feature","geometry":{"type":"Point","coordinates":[144.965052,-37.806193]},"properties":{"property_id":"107084","building_name":"RMIT","street_address":"RMIT 15-27 Orr Street CARLTON VIC 3053","construction_year":"1930","number_of_floors_above_ground":1,"predominant_space_use":"Workshop/Studio","accessibility_rating":"1","bicycle_spaces":0}},{"type":"Feature","geometry":{"type":"Point","coordinates":[144.965431,-37.806167]},"properties":{"property_id":"107085","building_name":"Melbourne UniLodge On Campus","street_address":"9-13 Earl Street CARLTON VIC 3053","construction_year":"2003","number_of_floors_above_ground":8,"predominant_space_use":"Student Accommodation","accessibility_rating":"1","bicycle_spaces":6}},{"type":"Feature","geometry":{"type":"Point","coordinates":[144.964831,-37.80658]},"properties":{"property_id":"109849","building_name":"RMIT - Building 51(Frederick Campbell)","street_address":"Frederick Campbell - RMIT Building 51 80-92 Victoria Street CARLTON VIC 3053","construction_year":"1971","number_of_floors_above_ground":9,"predominant_space_use":"Educational/Research","accessibility_rating":"2","bicycle_spaces":64}},{"type":"Feature","geometry":{"type":"Point","coordinates":[144.965401,-37.80634]},"properties":{"property_id":"111078","building_name":"Unilodge D2 Apartments","street_address":"16-26 Orr Street CARLTON VIC 3053","construction_year":"2008","number_of_floors_above_ground":9,"predominant_space_use":"Student Accommodation","accessibility_rating":"3","bicycle_spaces":6}},{"type":"Feature","geometry":{"type":"Point","coordinates":[144.964761,-37.806262]},"properties":{"property_id":"664004","street_address":"22 Cardigan Street CARLTON VIC 3053","number_of_floors_above_ground":2,"predominant_space_use":"Office","accessibility_rating":"1","bicycle_spaces":0}},{"type":"Feature","geometry":{"type":"Point","coordinates":[144.967037,-37.806937]},"properties":{"property_id":"102601","building_name":"Melbournia Terrace","street_address":"1 Drummond Street CARLTON VIC 3053","construction_year":"1877","number_of_floors_above_ground":2,"predominant_space_use":"House/Townhouse","accessibility_rating":"0"}},{"type":"Feature","geometry":{"type":"Point","coordinates":[144.967045,-37.806884]},"properties":{"property_id":"102602","building_name":"Melbournia Terrace","street_address":"3 Drummond Street CARLTON VIC 3053","construction_year":"1877","number_of_floors_above_ground":2,"predominant_space_use":"House/Townhouse","accessibility_rating":"1","bicycle_spaces":0}},{"type":"Feature","geometry":{"type":"Point","coordinates":[144.96706,-37.806786]},"properties":{"property_id":"102604","building_name":"Melbournia Terrace","street_address":"7 Drummond Street CARLTON VIC 3053","construction_year":"1877","number_of_floors_above_ground":2,"predominant_space_use":"House/Townhouse","accessibility_rating":"0"}},{"type":"Feature","geometry":{"type":"Point","coordinates":[144.967068,-37.806025]},"properties":{"property_id":"102615","street_address":"35 Drummond Street CARLTON VIC 3053","construction_year":"1870","number_of_floors_above_ground":2,"predominant_space_use":"House/Townhouse","accessibility_rating":"1","bicycle_spaces":0}},{"type":"Feature","geometry":{"type":"Point","coordinates":[144.967125,-37.805785]},"properties":{"property_id":"102618","street_address":"45 Drummond Street CARLTON VIC 3053","construction_year":"1866","number_of_floors_above_ground":2,"predominant_space_use":"House/Townhouse","accessibility_rating":"0"}},{"type":"Feature","geometry":{"type":"Point","coordinates":[144.967275,-37.805664]},"properties":{"property_id":"102620","street_address":"49 Drummond Street CARLTON VIC 3053","construction_year":"1870","number_of_floors_above_ground":2,"predominant_space_use":"House/Townhouse","accessibility_rating":"1","bicycle_spaces":0}},{"type":"Feature","geometry":{"type":"Point","coordinates":[144.967323,-37.805412]},"properties":{"property_id":"102624","building_name":"Albert House","street_address":"57-65 Drummond Street CARLTON VIC 3053","construction_year":"1981","number_of_floors_above_ground":3,"predominant_space_use":"Student Accommodation","accessibility_rating":"1","bicycle_spaces":0}},{"type":"Feature","geometry":{"type":"Point","coordinates":[144.967045,-37.806302]},"properties":{"property_id":"111490","street_address":"25 Drummond Street CARLTON VIC 3053","construction_year":"1868","number_of_floors_above_ground":2,"predominant_space_use":"Office","accessibility_rating":"1","bicycle_spaces":0}},{"type":"Feature","geometry":{"type":"Point","coordinates":[144.967053,-37.806257]},"properties":{"property_id":"111491","street_address":"27 Drummond Street CARLTON VIC 3053","construction_year":"1868","number_of_floors_above_ground":2,"predominant_space_use":"House/Townhouse","accessibility_rating":"0"}},{"type":"Feature","geometry":{"type":"Point","coordinates":[144.967368,-37.805192]},"properties":{"property_id":"557926","building_name":"Louisa Terrace","street_address":"69-71 Drummond Street CARLTON VIC 3053","construction_year":"1873","number_of_floors_above_ground":2,"predominant_space_use":"Office","accessibility_rating":"1","bicycle_spaces":0}},{"type":"Feature","geometry":{"type":"Point","coordinates":[144.967237,-37.805277]},"properties":{"property_id":"567291","street_address":"4 Snowball Lane CARLTON VIC 3053","number_of_floors_above_ground":1,"predominant_space_use":"House/Townhouse","accessibility_rating":"0"}},{"type":"Feature","geometry":{"type":"Point","coordinates":[144.967934,-37.806266]},"properties":{"property_id":"102775","street_address":"28-32 Drummond Street CARLTON VIC 3053","construction_year":"1912","number_of_floors_above_ground":2,"predominant_space_use":"Office","accessibility_rating":"1","bicycle_spaces":0}},{"type":"Feature","geometry":{"type":"Point","coordinates":[144.967887,-37.806418]},"properties":{"property_id":"102777","building_name":"Chelsworth House","street_address":"24 Drummond Street CARLTON VIC 3053","construction_year":"1870","number_of_floors_above_ground":2,"predominant_space_use":"Unoccupied - Unused","accessibility_rating":"1","bicycle_spaces":0}},{"type":"Feature","geometry":{"type":"Point","coordinates":[144.967884,-37.806479]},"properties":{"property_id":"102778","street_address":"22 Drummond Street CARLTON VIC 3053","construction_year":"1872","number_of_floors_above_ground":2,"predominant_space_use":"Office","accessibility_rating":"1","bicycle_spaces":0}},{"type":"Feature","geometry":{"type":"Point","coordinates":[144.967711,-37.806856]},"properties":{"property_id":"102782","street_address":"2-14 Drummond Street CARLTON VIC 3053","construction_year":"1890","number_of_floors_above_ground":4,"predominant_space_use":"Residential Apartment","accessibility_rating":"1","bicycle_spaces":0}},{"type":"Feature","geometry":{"type":"Point","coordinates":[144.967862,-37.806598]},"properties":{"property_id":"589593","building_name":"Zabulon Terrace","street_address":"16-18 Drummond Street CARLTON VIC 3053","construction_year":"1872","number_of_floors_above_ground":2,"predominant_space_use":"Unoccupied - Unused","accessibility_rating":"1","bicycle_spaces":0}},{"type":"Feature","geometry":{"type":"Point","coordinates":[144.947783,-37.802346]},"properties":{"property_id":"106070","street_address":"3 Little Provost Street NORTH MELBOURNE VIC 3051","number_of_floors_above_ground":1,"predominant_space_use":"House/Townhouse","accessibility_rating":"0"}},{"type":"Feature","geometry":{"type":"Point","coordinates":[144.947785,-37.802473]},"properties":{"property_id":"106072","street_address":"9-11 Little Provost Street NORTH MELBOURNE VIC 3051","number_of_floors_above_ground":1,"predominant_space_use":"House/Townhouse","accessibility_rating":"0"}},{"type":"Feature","geometry":{"type":"Point","coordinates":[144.947381,-37.802554]},"properties":{"property_id":"107979","street_address":"600-602 Queensberry Street NORTH MELBOURNE VIC 3051","number_of_floors_above_ground":2,"predominant_space_use":"House/Townhouse","accessibility_rating":"0"}},{"type":"Feature","geometry":{"type":"Point","coordinates":[144.947467,-37.802563]},"properties":{"property_id":"107980","street_address":"596-598 Queensberry Street NORTH MELBOURNE VIC 3051","number_of_floors_above_ground":1,"predominant_space_use":"House/Townhouse","accessibility_rating":"0"}},{"type":"Feature","geometry":{"type":"Point","coordinates":[144.94759,-37.802601]},"properties":{"property_id":"107982","street_address":"592 Queensberry Street NORTH MELBOURNE VIC 3051","construction_year":"1880","number_of_floors_above_ground":2,"predominant_space_use":"House/Townhouse","accessibility_rating":"0","bicycle_spaces":0}},{"type":"Feature","geometry":{"type":"Point","coordinates":[144.947982,-37.802263]},"properties":{"property_id":"562213","street_address":"81 Curzon Street NORTH MELBOURNE VIC 3051","construction_year":"2000","number_of_floors_above_ground":3,"predominant_space_use":"House/Townhouse","accessibility_rating":"0"}},{"type":"Feature","geometry":{"type":"Point","coordinates":[144.947027,-37.803299]},"properties":{"property_id":"107929","building_name":"Bastow Institute of Educational Leadership","street_address":"Bastow Institute of Educational Leadership 603-615 Queensberry Street NORTH MELBOURNE VIC 3051","construction_year":"1880","number_of_floors_above_ground":4,"predominant_space_use":"Educational/Research","accessibility_rating":"2","bicycle_spaces":0}},{"type":"Feature","geometry":{"type":"Point","coordinates":[144.947543,-37.804186]},"properties":{"property_id":"102338","street_address":"39 Curzon Street NORTH MELBOURNE VIC 3051","number_of_floors_above_ground":1,"predominant_space_use":"House/Townhouse","accessibility_rating":"0"}},{"type":"Feature","geometry":{"type":"Point","coordinates":[144.947552,-37.804129]},"properties":{"property_id":"102339","street_address":"41 Curzon Street NORTH MELBOURNE VIC 3051","number_of_floors_above_ground":1,"predominant_space_use":"House/Townhouse","accessibility_rating":"0"}},{"type":"Feature","geometry":{"type":"Point","coordinates":[144.94757,-37.804025]},"properties":{"property_id":"102341","street_address":"45 Curzon Street NORTH MELBOURNE VIC 3051","number_of_floors_above_ground":1,"predominant_space_use":"House/Townhouse","accessibility_rating":"0"}},{"type":"Feature","geometry":{"type":"Point","coordinates":[144.946636,-37.804033]},"properties":{"property_id":"103342","street_address":"19 Elm Street NORTH MELBOURNE VIC 3051","number_of_floors_above_ground":1,"predominant_space_use":"House/Townhouse","accessibility_rating":"0"}},{"type":"Feature","geometry":{"type":"Point","coordinates":[144.946497,-37.804016]},"properties":{"property_id":"103344","street_address":"23 Elm Street NORTH MELBOURNE VIC 3051","number_of_floors_above_ground":1,"predominant_space_use":"House/Townhouse","accessibility_rating":"0"}},{"type":"Feature","geometry":{"type":"Point","coordinates":[144.94633,-37.804458]},"properties":{"property_id":"109777","building_name":"Headingley","street_address":"600 Victoria Street NORTH MELBOURNE VIC 3051","number_of_floors_above_ground":1,"predominant_space_use":"House/Townhouse","accessibility_rating":"0"}},{"type":"Feature","geometry":{"type":"Point","coordinates":[144.946407,-37.804467]},"properties":{"property_id":"109778","street_address":"598 Victoria Street NORTH MELBOURNE VIC 3051","number_of_floors_above_ground":1,"predominant_space_use":"House/Townhouse","accessibility_rating":"0"}},{"type":"Feature","geometry":{"type":"Point","coordinates":[144.946752,-37.804505]},"properties":{"property_id":"109782","street_address":"584 Victoria Street NORTH MELBOURNE VIC 3051","number_of_floors_above_ground":1,"predominant_space_use":"House/Townhouse","accessibility_rating":"0"}},{"type":"Feature","geometry":{"type":"Point","coordinates":[144.946819,-37.804513]},"properties":{"property_id":"109783","street_address":"582 Victoria Street NORTH MELBOURNE VIC 3051","number_of_floors_above_ground":1,"predominant_space_use":"House/Townhouse","accessibility_rating":"0"}},{"type":"Feature","geometry":{"type":"Point","coordinates":[144.947436,-37.804579]},"properties":{"property_id":"109786","street_address":"552-568 Victoria Street NORTH MELBOURNE VIC 3051","number_of_floors_above_ground":2,"predominant_space_use":"Office","accessibility_rating":"3","bicycle_spaces":0}},{"type":"Feature","geometry":{"type":"Point","coordinates":[144.948898,-37.80357]},"properties":{"property_id":"100591","building_name":"Moss Estate","street_address":"16-22 Atkin Street NORTH MELBOURNE VIC 3051","construction_year":"1930","number_of_floors_above_ground":3,"predominant_space_use":"House/Townhouse","accessibility_rating":"1","bicycle_spaces":0}},{"type":"Feature","geometry":{"type":"Point","coordinates":[144.948282,-37.803742]},"properties":{"property_id":"102382","building_name":"Kincora","street_address":"40 Curzon Street NORTH MELBOURNE VIC 3051","number_of_floors_above_ground":1,"predominant_space_use":"House/Townhouse","accessibility_rating":"0"}},{"type":"Feature","geometry":{"type":"Point","coordinates":[144.948206,-37.804208]},"properties":{"property_id":"102386","street_address":"26-28 Curzon Street NORTH MELBOURNE VIC 3051","construction_year":"1970","number_of_floors_above_ground":1,"predominant_space_use":"Unoccupied - Unused","accessibility_rating":"1","bicycle_spaces":0}},{"type":"Feature","geometry":{"type":"Point","coordinates":[144.948194,-37.804356]},"properties":{"property_id":"102388","building_name":"Dunvegan","street_address":"16-20 Curzon Street NORTH MELBOURNE VIC 3051","number_of_floors_above_ground":1,"predominant_space_use":"House/Townhouse","accessibility_rating":"0"}},{"type":"Feature","geometry":{"type":"Point","coordinates":[144.948176,-37.804453]},"properties":{"property_id":"102390","street_address":"12 Curzon Street NORTH MELBOURNE VIC 3051","number_of_floors_above_ground":1,"predominant_space_use":"House/Townhouse","accessibility_rating":"0"}},{"type":"Feature","geometry":{"type":"Point","coordinates":[144.948152,-37.804588]},"properties":{"property_id":"102393","street_address":"6 Curzon Street NORTH MELBOURNE VIC 3051","number_of_floors_above_ground":1,"predominant_space_use":"House/Townhouse","accessibility_rating":"0","bicycle_spaces":0}},{"type":"Feature","geometry":{"type":"Point","coordinates":[144.949013,-37.804798]},"properties":{"property_id":"103393","street_address":"7 Errol Street NORTH MELBOURNE VIC 3051","construction_year":"1880","number_of_floors_above_ground":2,"predominant_space_use":"Entertainment/Recreation - Indoor","accessibility_rating":"3","bicycle_spaces":0}},{"type":"Feature","geometry":{"type":"Point","coordinates":[144.948971,-37.804732]},"properties":{"property_id":"103394","street_address":"9 Errol Street NORTH MELBOURNE VIC 3051","construction_year":"1880","number_of_floors_above_ground":2,"predominant_space_use":"Entertainment/Recreation - Indoor","accessibility_rating":"1","bicycle_spaces":0}},{"type":"Feature","geometry":{"type":"Point","coordinates":[144.948907,-37.804141]},"properties":{"property_id":"103402","building_name":"Town Hall Hotel","street_address":"33 Errol Street NORTH MELBOURNE VIC 3051","number_of_floors_above_ground":2,"predominant_space_use":"Residential Apartment","accessibility_rating":"1","bicycle_spaces":0}},{"type":"Feature","geometry":{"type":"Point","coordinates":[144.949094,-37.804073]},"properties":{"property_id":"103404","street_address":"39 Errol Street NORTH MELBOURNE VIC 3051","construction_year":"1880","number_of_floors_above_ground":2,"predominant_space_use":"Retail - Shop","accessibility_rating":"3","bicycle_spaces":0}},{"type":"Feature","geometry":{"type":"Point","coordinates":[144.949026,-37.80402]},"properties":{"property_id":"103405","street_address":"41 Errol Street NORTH MELBOURNE VIC 3051","construction_year":"1870","number_of_floors_above_ground":2,"predominant_space_use":"Retail - Shop","accessibility_rating":"2","bicycle_spaces":0}},{"type":"Feature","geometry":{"type":"Point","coordinates":[144.949041,-37.803863]},"properties":{"property_id":"103408","street_address":"49 Errol Street NORTH MELBOURNE VIC 3051","construction_year":"1870","number_of_floors_above_ground":2,"predominant_space_use":"Retail - Shop","accessibility_rating":"1","bicycle_spaces":0}},{"type":"Feature","geometry":{"type":"Point","coordinates":[144.9492,-37.803639]},"properties":{"property_id":"103412","street_address":"61 Errol Street NORTH MELBOURNE VIC 3051","construction_year":"1850","number_of_floors_above_ground":2,"predominant_space_use":"Retail - Shop","accessibility_rating":"3","bicycle_spaces":0}},{"type":"Feature","geometry":{"type":"Point","coordinates":[144.949083,-37.803456]},"properties":{"property_id":"103415","street_address":"69-71 Errol Street NORTH MELBOURNE VIC 3051","construction_year":"1910","number_of_floors_above_ground":2,"predominant_space_use":"Entertainment/Recreation - Indoor","accessibility_rating":"3","bicycle_spaces":0}},{"type":"Feature","geometry":{"type":"Point","coordinates":[144.949268,-37.803344]},"properties":{"property_id":"103417","street_address":"75-77 Errol Street NORTH MELBOURNE VIC 3051","construction_year":"1970","number_of_floors_above_ground":1,"predominant_space_use":"Unoccupied - Unused","accessibility_rating":"2","bicycle_spaces":0}},{"type":"Feature","geometry":{"type":"Point","coordinates":[144.94928,-37.803276]},"properties":{"property_id":"103418","street_address":"79 Errol Street NORTH MELBOURNE VIC 3051","number_of_floors_above_ground":2,"predominant_space_use":"Retail - Shop","accessibility_rating":"3","bicycle_spaces":0}},{"type":"Feature","geometry":{"type":"Point","coordinates":[144.949009,-37.803234]},"properties":{"property_id":"107922","street_address":"547-553 Queensberry Street NORTH MELBOURNE VIC 3051","construction_year":"1901","number_of_floors_above_ground":2,"predominant_space_use":"Retail - Shop","accessibility_rating":"3","bicycle_spaces":0}},{"type":"Feature","geometry":{"type":"Point","coordinates":[144.948657,-37.803339]},"properties":{"property_id":"107924","street_address":"559-565 Queensberry Street NORTH MELBOURNE VIC 3051","number_of_floors_above_ground":2,"predominant_space_use":"Unoccupied - Unused","accessibility_rating":"1","bicycle_spaces":0}},{"type":"Feature","geometry":{"type":"Point","coordinates":[144.948458,-37.804627]},"properties":{"property_id":"109787","street_address":"530-538 Victoria Street NORTH MELBOURNE VIC 3051","construction_year":"1990","number_of_floors_above_ground":2,"predominant_space_use":"Unoccupied - Unused","accessibility_rating":"3","bicycle_spaces":0}},{"type":"Feature","geometry":{"type":"Point","coordinates":[144.948714,-37.804747]},"properties":{"property_id":"570824","street_address":"520-528 Victoria Street NORTH MELBOURNE VIC 3051","construction_year":"2006","number_of_floors_above_ground":3,"predominant_space_use":"Residential Apartment","accessibility_rating":"3","bicycle_spaces":11}},{"type":"Feature","geometry":{"type":"Point","coordinates":[144.948828,-37.804515]},"properties":{"property_id":"580094","street_address":"1 Errol Place NORTH MELBOURNE VIC 3051","construction_year":"2016","number_of_floors_above_ground":3,"predominant_space_use":"House/Townhouse","accessibility_rating":"1","bicycle_spaces":0}},{"type":"Feature","geometry":{"type":"Point","coordinates":[144.94856,-37.804129]},"properties":{"property_id":"602914","street_address":"26 Little Curzon Street NORTH MELBOURNE VIC 3051","construction_year":"1990","number_of_floors_above_ground":2,"predominant_space_use":"House/Townhouse","accessibility_rating":"0"}},{"type":"Feature","geometry":{"type":"Point","coordinates":[144.948408,-37.803835]},"properties":{"property_id":"631629","street_address":"5 Curzon Place NORTH MELBOURNE VIC 3051","construction_year":"2011","number_of_floors_above_ground":4,"predominant_space_use":"House/Townhouse","accessibility_rating":"1","bicycle_spaces":0}},{"type":"Feature","geometry":{"type":"Point","coordinates":[144.948466,-37.803841]},"properties":{"property_id":"631630","street_address":"7 Curzon Place NORTH MELBOURNE VIC 3051","construction_year":"2011","number_of_floors_above_ground":4,"predominant_space_use":"House/Townhouse","accessibility_rating":"0"}},{"type":"Feature","geometry":{"type":"Point","coordinates":[144.948221,-37.803655]},"properties":{"property_id":"636571","street_address":"42 Curzon Street NORTH MELBOURNE VIC 3051","construction_year":"2013","number_of_floors_above_ground":3,"predominant_space_use":"House/Townhouse","accessibility_rating":"1","bicycle_spaces":0}},{"type":"Feature","geometry":{"type":"Point","coordinates":[144.94832,-37.804067]},"properties":{"property_id":"636917","street_address":"32 Little Curzon Street NORTH MELBOURNE VIC 3051","construction_year":"2013","number_of_floors_above_ground":3,"predominant_space_use":"House/Townhouse","accessibility_rating":"3","bicycle_spaces":0}},{"type":"Feature","geometry":{"type":"Point","coordinates":[144.948341,-37.803952]},"properties":{"property_id":"636918","street_address":"6 Curzon Place NORTH MELBOURNE VIC 3051","construction_year":"2013","number_of_floors_above_ground":3,"predominant_space_use":"House/Townhouse","accessibility_rating":"1","bicycle_spaces":0}},{"type":"Feature","geometry":{"type":"Point","coordinates":[144.948577,-37.802243]},"properties":{"property_id":"102371","street_address":"84 Curzon Street NORTH MELBOURNE VIC 3051","number_of_floors_above_ground":1,"predominant_space_use":"House/Townhouse","accessibility_rating":"0"}},{"type":"Feature","geometry":{"type":"Point","coordinates":[144.948514,-37.802497]},"properties":{"property_id":"102376","street_address":"72 Curzon Street NORTH MELBOURNE VIC 3051","number_of_floors_above_ground":1,"predominant_space_use":"House/Townhouse","accessibility_rating":"0"}},{"type":"Feature","geometry":{"type":"Point","coordinates":[144.948505,-37.802543]},"properties":{"property_id":"102377","street_address":"70 Curzon Street NORTH MELBOURNE VIC 3051","number_of_floors_above_ground":1,"predominant_space_use":"House/Townhouse","accessibility_rating":"0"}},{"type":"Feature","geometry":{"type":"Point","coordinates":[144.949378,-37.802771]},"properties":{"property_id":"103421","street_address":"91 Errol Street NORTH MELBOURNE VIC 3051","construction_year":"1877","number_of_floors_above_ground":2,"predominant_space_use":"Hospital/Clinic","accessibility_rating":"1","bicycle_spaces":0}},{"type":"Feature","geometry":{"type":"Point","coordinates":[144.949398,-37.802652]},"properties":{"property_id":"103423","street_address":"95 Errol Street NORTH MELBOURNE VIC 3051","construction_year":"1850","number_of_floors_above_ground":2,"predominant_space_use":"Retail - Shop","accessibility_rating":"1","bicycle_spaces":0}},{"type":"Feature","geometry":{"type":"Point","coordinates":[144.949393,-37.802554]},"properties":{"property_id":"103425","street_address":"99-101 Errol Street NORTH MELBOURNE VIC 3051","construction_year":"1850","number_of_floors_above_ground":2,"predominant_space_use":"Residential Apartment","accessibility_rating":"1","bicycle_spaces":0}},{"type":"Feature","geometry":{"type":"Point","coordinates":[144.949487,-37.802205]},"properties":{"property_id":"103428","street_address":"113 Errol Street NORTH MELBOURNE VIC 3051","number_of_floors_above_ground":2,"predominant_space_use":"Residential Apartment","accessibility_rating":"2","bicycle_spaces":0}},{"type":"Feature","geometry":{"type":"Point","coordinates":[144.948524,-37.802025]},"properties":{"property_id":"104375","street_address":"31 Glass Street NORTH MELBOURNE VIC 3051","number_of_floors_above_ground":2,"predominant_space_use":"House/Townhouse","accessibility_rating":"0"}},{"type":"Feature","geometry":{"type":"Point","coordinates":[144.948903,-37.802099]},"properties":{"property_id":"107844","street_address":"18-20 Purcell Street NORTH MELBOURNE VIC 3051","number_of_floors_above_ground":3,"predominant_space_use":"House/Townhouse","accessibility_rating":"1","bicycle_spaces":0}},{"type":"Feature","geometry":{"type":"Point","coordinates":[144.949136,-37.802124]},"properties":{"property_id":"107848","street_address":"10 Purcell Street NORTH MELBOURNE VIC 3051","number_of_floors_above_ground":1,"predominant_space_use":"House/Townhouse","accessibility_rating":"0"}},{"type":"Feature","geometry":{"type":"Point","coordinates":[144.94866,-37.802074]},"properties":{"property_id":"107854","street_address":"28 Purcell Street NORTH MELBOURNE VIC 3051","number_of_floors_above_ground":2,"predominant_space_use":"House/Townhouse","accessibility_rating":"0"}},{"type":"Feature","geometry":{"type":"Point","coordinates":[144.948512,-37.802094]},"properties":{"property_id":"107856","street_address":"32 Purcell Street NORTH MELBOURNE VIC 3051","number_of_floors_above_ground":2,"predominant_space_use":"House/Townhouse","accessibility_rating":"0"}},{"type":"Feature","geometry":{"type":"Point","coordinates":[144.948797,-37.802727]},"properties":{"property_id":"107988","street_address":"558-560 Queensberry Street NORTH MELBOURNE VIC 3051","construction_year":"1900","number_of_floors_above_ground":2,"predominant_space_use":"Retail - Shop","accessibility_rating":"1","bicycle_spaces":0}},{"type":"Feature","geometry":{"type":"Point","coordinates":[144.948882,-37.802737]},"properties":{"property_id":"107989","street_address":"554-556 Queensberry Street NORTH MELBOURNE VIC 3051","construction_year":"1867","number_of_floors_above_ground":2,"predominant_space_use":"Retail - Shop","accessibility_rating":"1","bicycle_spaces":0}},{"type":"Feature","geometry":{"type":"Point","coordinates":[144.948993,-37.802578]},"properties":{"property_id":"107991","street_address":"7-9 Strang Lane NORTH MELBOURNE VIC 3051","number_of_floors_above_ground":3,"predominant_space_use":"House/Townhouse","accessibility_rating":"0","bicycle_spaces":0}},{"type":"Feature","geometry":{"type":"Point","coordinates":[144.948937,-37.802353]},"properties":{"property_id":"576886","street_address":"13 Purcell Street NORTH MELBOURNE VIC 3051","construction_year":"2002","number_of_floors_above_ground":3,"predominant_space_use":"House/Townhouse","accessibility_rating":"0"}},{"type":"Feature","geometry":{"type":"Point","coordinates":[144.948856,-37.802389]},"properties":{"property_id":"681460","street_address":"16 Dangerfield Lane NORTH MELBOURNE VIC 3051","construction_year":"2017","number_of_floors_above_ground":3,"predominant_space_use":"House/Townhouse","accessibility_rating":"1","bicycle_spaces":0}},{"type":"Feature","geometry":{"type":"Point","coordinates":[144.949458,-37.801215]},"properties":{"property_id":"100461","street_address":"45 Arden Street NORTH MELBOURNE VIC 3051","number_of_floors_above_ground":1,"predominant_space_use":"House/Townhouse","accessibility_rating":"0"}},{"type":"Feature","geometry":{"type":"Point","coordinates":[144.94936,-37.80118]},"properties":{"property_id":"100463","street_address":"49 Arden Street NORTH MELBOURNE VIC 3051","number_of_floors_above_ground":1,"predominant_space_use":"House/Townhouse","accessibility_rating":"0"}},{"type":"Feature","geometry":{"type":"Point","coordinates":[144.949162,-37.801106]},"properties":{"property_id":"100465","street_address":"55 Arden Street NORTH MELBOURNE VIC 3051","number_of_floors_above_ground":1,"predominant_space_use":"House/Townhouse","accessibility_rating":"0"}},{"type":"Feature","geometry":{"type":"Point","coordinates":[144.94956,-37.80164]},"properties":{"property_id":"103434","street_address":"137 Errol Street NORTH MELBOURNE VIC 3051","number_of_floors_above_ground":2,"predominant_space_use":"House/Townhouse","accessibility_rating":"0"}},{"type":"Feature","geometry":{"type":"Point","coordinates":[144.9496,-37.801476]},"properties":{"property_id":"103437","street_address":"143-145 Errol Street NORTH MELBOURNE VIC 3051","number_of_floors_above_ground":2,"predominant_space_use":"Residential Apartment","accessibility_rating":"1","bicycle_spaces":0}},{"type":"Feature","geometry":{"type":"Point","coordinates":[144.949337,-37.801895]},"properties":{"property_id":"104374","street_address":"2-6 Glass Street NORTH MELBOURNE VIC 3051","construction_year":"2013","number_of_floors_above_ground":3,"predominant_space_use":"Residential Apartment","accessibility_rating":"1","bicycle_spaces":0}},{"type":"Feature","geometry":{"type":"Point","coordinates":[144.949614,-37.801143]},"properties":{"property_id":"110920","building_name":"Limerick Castle Hotel & Restaurant","street_address":"161-163 Errol Street NORTH MELBOURNE VIC 3051","number_of_floors_above_ground":2,"predominant_space_use":"Commercial Accommodation","accessibility_rating":"1","bicycle_spaces":0}},{"type":"Feature","geometry":{"type":"Point","coordinates":[144.949481,-37.801374]},"properties":{"property_id":"110922","street_address":"2 Scotia Street NORTH MELBOURNE VIC 3051","construction_year":"2000","number_of_floors_above_ground":3,"predominant_space_use":"House/Townhouse","accessibility_rating":"1","bicycle_spaces":0}},{"type":"Feature","geometry":{"type":"Point","coordinates":[144.949569,-37.801823]},"properties":{"property_id":"111178","street_address":"129 Errol Street NORTH MELBOURNE VIC 3051","number_of_floors_above_ground":2,"predominant_space_use":"House/Townhouse","accessibility_rating":"0"}},{"type":"Feature","geometry":{"type":"Point","coordinates":[144.949648,-37.801425]},"properties":{"property_id":"512135","building_name":"Errol Mews","street_address":"147 Errol Street NORTH MELBOURNE VIC 3051","number_of_floors_above_ground":1,"predominant_space_use":"House/Townhouse","accessibility_rating":"0"}},{"type":"Feature","geometry":{"type":"Point","coordinates":[144.949668,-37.80131]},"properties":{"property_id":"512138","building_name":"Errol Mews","street_address":"153 Errol Street NORTH MELBOURNE VIC 3051","number_of_floors_above_ground":1,"predominant_space_use":"House/Townhouse","accessibility_rating":"0"}},{"type":"Feature","geometry":{"type":"Point","coordinates":[144.949161,-37.801911]},"properties":{"property_id":"562197","street_address":"10 Glass Street NORTH MELBOURNE VIC 3051","construction_year":"2000","number_of_floors_above_ground":3,"predominant_space_use":"House/Townhouse","accessibility_rating":"0"}},{"type":"Feature","geometry":{"type":"Point","coordinates":[144.949105,-37.801891]},"properties":{"property_id":"562198","street_address":"12 Glass Street NORTH MELBOURNE VIC 3051","construction_year":"2000","number_of_floors_above_ground":3,"predominant_space_use":"House/Townhouse","accessibility_rating":"0"}},{"type":"Feature","geometry":{"type":"Point","coordinates":[144.949154,-37.801815]},"properties":{"property_id":"562199","street_address":"9-11 Cullens Lane NORTH MELBOURNE VIC 3051","construction_year":"2000","number_of_floors_above_ground":3,"predominant_space_use":"House/Townhouse","accessibility_rating":"0"}},{"type":"Feature","geometry":{"type":"Point","coordinates":[144.94884,-37.801394]},"properties":{"property_id":"633945","street_address":"20 Scotia Street NORTH MELBOURNE VIC 3051","construction_year":"2012","number_of_floors_above_ground":2,"predominant_space_use":"House/Townhouse","accessibility_rating":"2","bicycle_spaces":0}},{"type":"Feature","geometry":{"type":"Point","coordinates":[144.948967,-37.801352]},"properties":{"property_id":"633947","street_address":"16 Scotia Street NORTH MELBOURNE VIC 3051","construction_year":"2012","number_of_floors_above_ground":2,"predominant_space_use":"House/Townhouse","accessibility_rating":"2","bicycle_spaces":0}},{"type":"Feature","geometry":{"type":"Point","coordinates":[144.949185,-37.801402]},"properties":{"property_id":"633951","street_address":"8 Scotia Street NORTH MELBOURNE VIC 3051","construction_year":"2012","number_of_floors_above_ground":2,"predominant_space_use":"House/Townhouse","accessibility_rating":"1","bicycle_spaces":0}},{"type":"Feature","geometry":{"type":"Point","coordinates":[144.94972,-37.800722]},"properties":{"property_id":"100527","street_address":"56 Arden Street NORTH MELBOURNE VIC 3051","number_of_floors_above_ground":1,"predominant_space_use":"House/Townhouse","accessibility_rating":"0"}},{"type":"Feature","geometry":{"type":"Point","coordinates":[144.949774,-37.800727]},"properties":{"property_id":"100528","street_address":"54 Arden Street NORTH MELBOURNE VIC 3051","number_of_floors_above_ground":1,"predominant_space_use":"House/Townhouse","accessibility_rating":"0"}},{"type":"Feature","geometry":{"type":"Point","coordinates":[144.949605,-37.800693]},"properties":{"property_id":"501650","street_address":"60 Arden Street NORTH MELBOURNE VIC 3051","number_of_floors_above_ground":2,"predominant_space_use":"House/Townhouse","accessibility_rating":"0","bicycle_spaces":0}},{"type":"Feature","geometry":{"type":"Point","coordinates":[144.949855,-37.803571]},"properties":{"property_id":"103510","street_address":"66-68 Errol Street NORTH MELBOURNE VIC 3051","construction_year":"1883","number_of_floors_above_ground":2,"predominant_space_use":"Community Use","accessibility_rating":"3","bicycle_spaces":0}},{"type":"Feature","geometry":{"type":"Point","coordinates":[144.949824,-37.803733]},"properties":{"property_id":"103513","street_address":"60 Errol Street NORTH MELBOURNE VIC 3051","construction_year":"1883","number_of_floors_above_ground":2,"predominant_space_use":"Residential Apartment","accessibility_rating":"3","bicycle_spaces":0}},{"type":"Feature","geometry":{"type":"Point","coordinates":[144.949815,-37.803784]},"properties":{"property_id":"103514","street_address":"58 Errol Street NORTH MELBOURNE VIC 3051","construction_year":"1883","number_of_floors_above_ground":2,"predominant_space_use":"Unoccupied - Unused","accessibility_rating":"3","bicycle_spaces":0}},{"type":"Feature","geometry":{"type":"Point","coordinates":[144.949724,-37.804202]},"properties":{"property_id":"103519","street_address":"36-42 Errol Street NORTH MELBOURNE VIC 3051","construction_year":"1850","number_of_floors_above_ground":2,"predominant_space_use":"Retail - Shop","accessibility_rating":"2","bicycle_spaces":0}},{"type":"Feature","geometry":{"type":"Point","coordinates":[144.949722,-37.804357]},"properties":{"property_id":"103520","street_address":"34 Errol Street NORTH MELBOURNE VIC 3051","construction_year":"1850","number_of_floors_above_ground":2,"predominant_space_use":"Entertainment/Recreation - Indoor","accessibility_rating":"3","bicycle_spaces":0}},{"type":"Feature","geometry":{"type":"Point","coordinates":[144.94973,-37.804455]},"properties":{"property_id":"103522","street_address":"28-30 Errol Street NORTH MELBOURNE VIC 3051","construction_year":"1910","number_of_floors_above_ground":2,"predominant_space_use":"Office","accessibility_rating":"3","bicycle_spaces":0}},{"type":"Feature","geometry":{"type":"Point","coordinates":[144.949569,-37.804833]},"properties":{"property_id":"103525","street_address":"10-14 Errol Street NORTH MELBOURNE VIC 3051","construction_year":"1880","number_of_floors_above_ground":2,"predominant_space_use":"Entertainment/Recreation - Indoor","accessibility_rating":"3","bicycle_spaces":0}},{"type":"Feature","geometry":{"type":"Point","coordinates":[144.950493,-37.804702]},"properties":{"property_id":"105604","street_address":"7-9 Leveson Street NORTH MELBOURNE VIC 3051","construction_year":"1855","number_of_floors_above_ground":2,"predominant_space_use":"House/Townhouse","accessibility_rating":"1","bicycle_spaces":0}},{"type":"Feature","geometry":{"type":"Point","coordinates":[144.950523,-37.804586]},"properties":{"property_id":"105605","street_address":"11-17 Leveson Street NORTH MELBOURNE VIC 3051","number_of_floors_above_ground":2,"predominant_space_use":"Office","accessibility_rating":"1","bicycle_spaces":0}},{"type":"Feature","geometry":{"type":"Point","coordinates":[144.950574,-37.804191]},"properties":{"property_id":"105608","street_address":"27-35 Leveson Street NORTH MELBOURNE VIC 3051","construction_year":"1930","number_of_floors_above_ground":1,"predominant_space_use":"Office","accessibility_rating":"3","bicycle_spaces":0}},{"type":"Feature","geometry":{"type":"Point","coordinates":[144.950486,-37.803922]},"properties":{"property_id":"105610","street_address":"39-43 Leveson Street NORTH MELBOURNE VIC 3051","number_of_floors_above_ground":3,"predominant_space_use":"House/Townhouse","accessibility_rating":"0","bicycle_spaces":0}},{"type":"Feature","geometry":{"type":"Point","coordinates":[144.950829,-37.803431]},"properties":{"property_id":"107918","street_address":"493-495 Queensberry Street NORTH MELBOURNE VIC 3051","construction_year":"1920","number_of_floors_above_ground":2,"predominant_space_use":"Unoccupied - Unused","accessibility_rating":"1","bicycle_spaces":0}},{"type":"Feature","geometry":{"type":"Point","coordinates":[144.949929,-37.804226]},"properties":{"property_id":"108128","street_address":"18-24 Raglan Street NORTH MELBOURNE VIC 3051","construction_year":"2007","number_of_floors_above_ground":5,"predominant_space_use":"Residential Apartment","accessibility_rating":"1","bicycle_spaces":0}},{"type":"Feature","geometry":{"type":"Point","coordinates":[144.950048,-37.804239]},"properties":{"property_id":"108129","street_address":"16 Raglan Street NORTH MELBOURNE VIC 3051","number_of_floors_above_ground":4,"predominant_space_use":"House/Townhouse","accessibility_rating":"0"}},{"type":"Feature","geometry":{"type":"Point","coordinates":[144.949915,-37.804756]},"properties":{"property_id":"109541","street_address":"20-28 Trafalgar Place NORTH MELBOURNE VIC 3051","construction_year":"2009","number_of_floors_above_ground":3,"predominant_space_use":"House/Townhouse","accessibility_rating":"1","bicycle_spaces":0}},{"type":"Feature","geometry":{"type":"Point","coordinates":[144.949552,-37.804973]},"properties":{"property_id":"109789","street_address":"502-506 Victoria Street NORTH MELBOURNE VIC 3051","construction_year":"1877","number_of_floors_above_ground":2,"predominant_space_use":"Entertainment/Recreation - Indoor","accessibility_rating":"3","bicycle_spaces":0}},{"type":"Feature","geometry":{"type":"Point","coordinates":[144.949681,-37.804917]},"properties":{"property_id":"109790","street_address":"500 Victoria Street NORTH MELBOURNE VIC 3051","construction_year":"1873","number_of_floors_above_ground":2,"predominant_space_use":"Entertainment/Recreation - Indoor","accessibility_rating":"2","bicycle_spaces":0}},{"type":"Feature","geometry":{"type":"Point","coordinates":[144.949824,-37.804942]},"properties":{"property_id":"109792","street_address":"492-496 Victoria Street NORTH MELBOURNE VIC 3051","construction_year":"1880","number_of_floors_above_ground":2,"predominant_space_use":"Commercial Accommodation","accessibility_rating":"2","bicycle_spaces":0}},{"type":"Feature","geometry":{"type":"Point","coordinates":[144.950503,-37.803731]},"properties":{"property_id":"556121","street_address":"45 Leveson Street NORTH MELBOURNE VIC 3051","number_of_floors_above_ground":4,"predominant_space_use":"Residential Apartment","accessibility_rating":"1","bicycle_spaces":0}},{"type":"Feature","geometry":{"type":"Point","coordinates":[144.950601,-37.804798]},"properties":{"property_id":"614208","street_address":"5 Leveson Street NORTH MELBOURNE VIC 3051","number_of_floors_above_ground":1,"predominant_space_use":"House/Townhouse","accessibility_rating":"0"}},{"type":"Feature","geometry":{"type":"Point","coordinates":[144.950528,-37.804789]},"properties":{"property_id":"614209","street_address":"6 Trafalgar Place NORTH MELBOURNE VIC 3051","number_of_floors_above_ground":1,"predominant_space_use":"House/Townhouse","accessibility_rating":"0"}},{"type":"Feature","geometry":{"type":"Point","coordinates":[144.951993,-37.804438]},"properties":{"property_id":"101927","street_address":"67-69 Chetwynd Street NORTH MELBOURNE VIC 3051","construction_year":"1970","number_of_floors_above_ground":2,"predominant_space_use":"Residential Apartment","accessibility_rating":"1","bicycle_spaces":0}},{"type":"Feature","geometry":{"type":"Point","coordinates":[144.952061,-37.80438]},"properties":{"property_id":"101928","street_address":"71 Chetwynd Street NORTH MELBOURNE VIC 3051","number_of_floors_above_ground":1,"predominant_space_use":"House/Townhouse","accessibility_rating":"0"}},{"type":"Feature","geometry":{"type":"Point","coordinates":[144.952069,-37.804338]},"properties":{"property_id":"101929","street_address":"73 Chetwynd Street NORTH MELBOURNE VIC 3051","number_of_floors_above_ground":1,"predominant_space_use":"House/Townhouse","accessibility_rating":"0"}},{"type":"Feature","geometry":{"type":"Point","coordinates":[144.951988,-37.804221]},"properties":{"property_id":"101930","street_address":"75-79 Chetwynd Street NORTH MELBOURNE VIC 3051","construction_year":"1980","number_of_floors_above_ground":2,"predominant_space_use":"Office","accessibility_rating":"2","bicycle_spaces":9}},{"type":"Feature","geometry":{"type":"Point","coordinates":[144.952164,-37.803926]},"properties":{"property_id":"101933","street_address":"87-91 Chetwynd Street NORTH MELBOURNE VIC 3051","construction_year":"1910","number_of_floors_above_ground":1,"predominant_space_use":"Office","accessibility_rating":"2","bicycle_spaces":0}},{"type":"Feature","geometry":{"type":"Point","coordinates":[144.95126,-37.804131]},"properties":{"property_id":"105639","street_address":"28 Leveson Street NORTH MELBOURNE VIC 3051","number_of_floors_above_ground":2,"predominant_space_use":"House/Townhouse","accessibility_rating":"0"}},{"type":"Feature","geometry":{"type":"Point","coordinates":[144.951228,-37.804317]},"properties":{"property_id":"105643","street_address":"20 Leveson Street NORTH MELBOURNE VIC 3051","number_of_floors_above_ground":2,"predominant_space_use":"House/Townhouse","accessibility_rating":"0"}},{"type":"Feature","geometry":{"type":"Point","coordinates":[144.95122,-37.804364]},"properties":{"property_id":"105644","building_name":"\"Windermere\"","street_address":"18 Leveson Street NORTH MELBOURNE VIC 3051","number_of_floors_above_ground":2,"predominant_space_use":"House/Townhouse","accessibility_rating":"0"}},{"type":"Feature","geometry":{"type":"Point","coordinates":[144.951151,-37.804685]},"properties":{"property_id":"105649","building_name":"Walworth Terrace","street_address":"6 Leveson Street NORTH MELBOURNE VIC 3051","construction_year":"1880","number_of_floors_above_ground":2,"predominant_space_use":"House/Townhouse","accessibility_rating":"0","bicycle_spaces":0}},{"type":"Feature","geometry":{"type":"Point","coordinates":[144.951143,-37.804729]},"properties":{"property_id":"105650","street_address":"4 Leveson Street NORTH MELBOURNE VIC 3051","construction_year":"1880","number_of_floors_above_ground":2,"predominant_space_use":"House/Townhouse","accessibility_rating":"0","bicycle_spaces":0}},{"type":"Feature","geometry":{"type":"Point","coordinates":[144.951134,-37.804774]},"properties":{"property_id":"105651","street_address":"2 Leveson Street NORTH MELBOURNE VIC 3051","number_of_floors_above_ground":2,"predominant_space_use":"House/Townhouse","accessibility_rating":"0","bicycle_spaces":0}},{"type":"Feature","geometry":{"type":"Point","coordinates":[144.951489,-37.804389]},"properties":{"property_id":"105994","street_address":"19-21 Little Leveson Street NORTH MELBOURNE VIC 3051","number_of_floors_above_ground":1,"predominant_space_use":"House/Townhouse","accessibility_rating":"1","bicycle_spaces":0}},{"type":"Feature","geometry":{"type":"Point","coordinates":[144.951521,-37.804183]},"properties":{"property_id":"105997","street_address":"29-31 Little Leveson Street NORTH MELBOURNE VIC 3051","number_of_floors_above_ground":2,"predominant_space_use":"House/Townhouse","accessibility_rating":"3","bicycle_spaces":0}},{"type":"Feature","geometry":{"type":"Point","coordinates":[144.951764,-37.80445]},"properties":{"property_id":"106001","street_address":"10 Little Leveson Street NORTH MELBOURNE VIC 3051","number_of_floors_above_ground":1,"predominant_space_use":"House/Townhouse","accessibility_rating":"0"}},{"type":"Feature","geometry":{"type":"Point","coordinates":[144.951798,-37.804351]},"properties":{"property_id":"106002","street_address":"14 Little Leveson Street NORTH MELBOURNE VIC 3051","number_of_floors_above_ground":1,"predominant_space_use":"House/Townhouse","accessibility_rating":"0"}},{"type":"Feature","geometry":{"type":"Point","coordinates":[144.952336,-37.803595]},"properties":{"property_id":"107903","street_address":"451 Queensberry Street NORTH MELBOURNE VIC 3051","number_of_floors_above_ground":2,"predominant_space_use":"House/Townhouse","accessibility_rating":"0"}},{"type":"Feature","geometry":{"type":"Point","coordinates":[144.952137,-37.803567]},"properties":{"property_id":"107906","street_address":"459 Queensberry Street NORTH MELBOURNE VIC 3051","construction_year":"1870","number_of_floors_above_ground":2,"predominant_space_use":"House/Townhouse","accessibility_rating":"0"}},{"type":"Feature","geometry":{"type":"Point","coordinates":[144.951729,-37.803541]},"properties":{"property_id":"107911","street_address":"473 Queensberry Street NORTH MELBOURNE VIC 3051","number_of_floors_above_ground":2,"predominant_space_use":"House/Townhouse","accessibility_rating":"0"}},{"type":"Feature","geometry":{"type":"Point","coordinates":[144.951549,-37.80352]},"properties":{"property_id":"107914","street_address":"479 Queensberry Street NORTH MELBOURNE VIC 3051","number_of_floors_above_ground":2,"predominant_space_use":"House/Townhouse","accessibility_rating":"0"}},{"type":"Feature","geometry":{"type":"Point","coordinates":[144.951206,-37.805023]},"properties":{"property_id":"109801","street_address":"452 Victoria Street NORTH MELBOURNE VIC 3051","construction_year":"1900","number_of_floors_above_ground":2,"predominant_space_use":"Hospital/Clinic","accessibility_rating":"1","bicycle_spaces":0}},{"type":"Feature","geometry":{"type":"Point","coordinates":[144.951278,-37.805044]},"properties":{"property_id":"109802","street_address":"450 Victoria Street NORTH MELBOURNE VIC 3051","number_of_floors_above_ground":2,"predominant_space_use":"House/Townhouse","accessibility_rating":"0"}},{"type":"Feature","geometry":{"type":"Point","coordinates":[144.951776,-37.805087]},"properties":{"property_id":"109809","street_address":"434 Victoria Street NORTH MELBOURNE VIC 3051","number_of_floors_above_ground":2,"predominant_space_use":"House/Townhouse","accessibility_rating":"0"}},{"type":"Feature","geometry":{"type":"Point","coordinates":[144.951821,-37.805174]},"properties":{"property_id":"109810","street_address":"430 Victoria Street NORTH MELBOURNE VIC 3051","number_of_floors_above_ground":2,"predominant_space_use":"House/Townhouse","accessibility_rating":"0"}},{"type":"Feature","geometry":{"type":"Point","coordinates":[144.951916,-37.805185]},"properties":{"property_id":"109812","street_address":"424 Victoria Street NORTH MELBOURNE VIC 3051","construction_year":"1892","number_of_floors_above_ground":2,"predominant_space_use":"Residential Apartment","accessibility_rating":"2","bicycle_spaces":0}},{"type":"Feature","geometry":{"type":"Point","coordinates":[144.952055,-37.804092]},"properties":{"property_id":"111190","street_address":"81-83 Chetwynd Street NORTH MELBOURNE VIC 3051","number_of_floors_above_ground":2,"predominant_space_use":"House/Townhouse","accessibility_rating":"0"}},{"type":"Feature","geometry":{"type":"Point","coordinates":[144.952197,-37.803818]},"properties":{"property_id":"506082","street_address":"93-95 Chetwynd Street NORTH MELBOURNE VIC 3051","construction_year":"2009","number_of_floors_above_ground":3,"predominant_space_use":"Residential Apartment","accessibility_rating":"3","bicycle_spaces":0}},{"type":"Feature","geometry":{"type":"Point","coordinates":[144.952208,-37.803754]},"properties":{"property_id":"570702","street_address":"97 Chetwynd Street NORTH MELBOURNE VIC 3051","construction_year":"1880","number_of_floors_above_ground":2,"predominant_space_use":"House/Townhouse","accessibility_rating":"0"}},{"type":"Feature","geometry":{"type":"Point","coordinates":[144.952008,-37.803731]},"properties":{"property_id":"593691","street_address":"8 Stedeford Lane NORTH MELBOURNE VIC 3051","number_of_floors_above_ground":1,"predominant_space_use":"House/Townhouse"}},{"type":"Feature","geometry":{"type":"Point","coordinates":[144.951265,-37.804014]},"properties":{"property_id":"597162","street_address":"32-34 Leveson Street NORTH MELBOURNE VIC 3051","construction_year":"2010","number_of_floors_above_ground":2,"predominant_space_use":"House/Townhouse","accessibility_rating":"0","bicycle_spaces":0}},{"type":"Feature","geometry":{"type":"Point","coordinates":[144.951519,-37.804105]},"properties":{"property_id":"597164","street_address":"33 Little Leveson Street NORTH MELBOURNE VIC 3051","number_of_floors_above_ground":3,"predominant_space_use":"House/Townhouse","accessibility_rating":"0"}},{"type":"Feature","geometry":{"type":"Point","coordinates":[144.951277,-37.803939]},"properties":{"property_id":"612506","street_address":"36-38 Leveson Street NORTH MELBOURNE VIC 3051","number_of_floors_above_ground":1,"predominant_space_use":"Storage","accessibility_rating":"1","bicycle_spaces":0}},{"type":"Feature","geometry":{"type":"Point","coordinates":[144.951293,-37.803852]},"properties":{"property_id":"612510","street_address":"40-42 Leveson Street NORTH MELBOURNE VIC 3051","construction_year":"2015","number_of_floors_above_ground":3,"predominant_space_use":"House/Townhouse","accessibility_rating":"0","bicycle_spaces":0}},{"type":"Feature","geometry":{"type":"Point","coordinates":[144.952673,-37.804391]},"properties":{"property_id":"101955","street_address":"140 Chetwynd Street NORTH MELBOURNE VIC 3051","construction_year":"1930","number_of_floors_above_ground":2,"predominant_space_use":"Residential Apartment","accessibility_rating":"1","bicycle_spaces":0}},{"type":"Feature","geometry":{"type":"Point","coordinates":[144.952768,-37.804694]},"properties":{"property_id":"101956","street_address":"124-136 Chetwynd Street NORTH MELBOURNE VIC 3051","construction_year":"1960","number_of_floors_above_ground":1,"predominant_space_use":"Office","accessibility_rating":"1","bicycle_spaces":0}},{"type":"Feature","geometry":{"type":"Point","coordinates":[144.952668,-37.804954]},"properties":{"property_id":"101959","street_address":"118 Chetwynd Street NORTH MELBOURNE VIC 3051","number_of_floors_above_ground":1,"predominant_space_use":"House/Townhouse","accessibility_rating":"0"}},{"type":"Feature","geometry":{"type":"Point","coordinates":[144.953343,-37.804632]},"properties":{"property_id":"104119","street_address":"1-5 Gardiner Street NORTH MELBOURNE VIC 3051","construction_year":"1950","number_of_floors_above_ground":1,"predominant_space_use":"Unoccupied - Unused","accessibility_rating":"3","bicycle_spaces":0}},{"type":"Feature","geometry":{"type":"Point","coordinates":[144.953187,-37.804615]},"properties":{"property_id":"104120","street_address":"7-11 Gardiner Street NORTH MELBOURNE VIC 3051","construction_year":"1960","number_of_floors_above_ground":1,"predominant_space_use":"Unoccupied - Unused","accessibility_rating":"1","bicycle_spaces":0}},{"type":"Feature","geometry":{"type":"Point","coordinates":[144.953007,-37.804581]},"properties":{"property_id":"104122","street_address":"17-19 Gardiner Street NORTH MELBOURNE VIC 3051","construction_year":"2002","number_of_floors_above_ground":2,"predominant_space_use":"House/Townhouse","accessibility_rating":"0"}},{"type":"Feature","geometry":{"type":"Point","coordinates":[144.953473,-37.804448]},"properties":{"property_id":"104126","street_address":"2 Gardiner Street NORTH MELBOURNE VIC 3051","number_of_floors_above_ground":1,"predominant_space_use":"House/Townhouse","accessibility_rating":"0","bicycle_spaces":0}},{"type":"Feature","geometry":{"type":"Point","coordinates":[144.953292,-37.805132]},"properties":{"property_id":"105014","street_address":"79-81 Howard Street NORTH MELBOURNE VIC 3051","construction_year":"1920","number_of_floors_above_ground":1,"predominant_space_use":"Unoccupied - Unused","accessibility_rating":"1","bicycle_spaces":0}},{"type":"Feature","geometry":{"type":"Point","coordinates":[144.95351,-37.804836]},"properties":{"property_id":"105018","street_address":"93 Howard Street NORTH MELBOURNE VIC 3051","construction_year":"1910","number_of_floors_above_ground":2,"predominant_space_use":"Office","accessibility_rating":"1","bicycle_spaces":0}},{"type":"Feature","geometry":{"type":"Point","coordinates":[144.953575,-37.804621]},"properties":{"property_id":"105021","street_address":"103 Howard Street NORTH MELBOURNE VIC 3051","construction_year":"1870","number_of_floors_above_ground":2,"predominant_space_use":"Unoccupied - Unused","accessibility_rating":"2","bicycle_spaces":0}},{"type":"Feature","geometry":{"type":"Point","coordinates":[144.9533,-37.804777]},"properties":{"property_id":"106794","street_address":"3 Moss Place NORTH MELBOURNE VIC 3051","number_of_floors_above_ground":1,"predominant_space_use":"Unoccupied - Unused","accessibility_rating":"2","bicycle_spaces":0}},{"type":"Feature","geometry":{"type":"Point","coordinates":[144.953824,-37.803693]},"properties":{"property_id":"107891","street_address":"409 Queensberry Street NORTH MELBOURNE VIC 3051","construction_year":"1880","number_of_floors_above_ground":2,"predominant_space_use":"House/Townhouse","accessibility_rating":"0","bicycle_spaces":0}},{"type":"Feature","geometry":{"type":"Point","coordinates":[144.953255,-37.803698]},"properties":{"property_id":"107897","street_address":"429 Queensberry Street NORTH MELBOURNE VIC 3051","construction_year":"1870","number_of_floors_above_ground":2,"predominant_space_use":"House/Townhouse","accessibility_rating":"0"}},{"type":"Feature","geometry":{"type":"Point","coordinates":[144.953137,-37.803684]},"properties":{"property_id":"107898","street_address":"431-435 Queensberry Street NORTH MELBOURNE VIC 3051","number_of_floors_above_ground":1,"predominant_space_use":"House/Townhouse","accessibility_rating":"0"}},{"type":"Feature","geometry":{"type":"Point","coordinates":[144.952899,-37.804421]},"properties":{"property_id":"108602","street_address":"1 St Andrews Street NORTH MELBOURNE VIC 3051","number_of_floors_above_ground":2,"predominant_space_use":"House/Townhouse","accessibility_rating":"0"}},{"type":"Feature","geometry":{"type":"Point","coordinates":[144.952915,-37.804315]},"properties":{"property_id":"108604","street_address":"5 St Andrews Street NORTH MELBOURNE VIC 3051","number_of_floors_above_ground":2,"predominant_space_use":"House/Townhouse","accessibility_rating":"0"}},{"type":"Feature","geometry":{"type":"Point","coordinates":[144.952924,-37.804262]},"properties":{"property_id":"108605","street_address":"7 St Andrews Street NORTH MELBOURNE VIC 3051","number_of_floors_above_ground":1,"predominant_space_use":"House/Townhouse","accessibility_rating":"0"}},{"type":"Feature","geometry":{"type":"Point","coordinates":[144.952943,-37.804155]},"properties":{"property_id":"108607","street_address":"11 St Andrews Street NORTH MELBOURNE VIC 3051","number_of_floors_above_ground":1,"predominant_space_use":"House/Townhouse","accessibility_rating":"0"}},{"type":"Feature","geometry":{"type":"Point","coordinates":[144.95278,-37.805203]},"properties":{"property_id":"109815","street_address":"400-404 Victoria Street NORTH MELBOURNE VIC 3051","construction_year":"1930","number_of_floors_above_ground":1,"predominant_space_use":"Unoccupied - Unused","accessibility_rating":"1","bicycle_spaces":0}},{"type":"Feature","geometry":{"type":"Point","coordinates":[144.953496,-37.803926]},"properties":{"property_id":"109957","street_address":"24-30 Warwick Street NORTH MELBOURNE VIC 3051","construction_year":"1980","number_of_floors_above_ground":1,"predominant_space_use":"Unoccupied - Unused","accessibility_rating":"1","bicycle_spaces":0}},{"type":"Feature","geometry":{"type":"Point","coordinates":[144.953465,-37.804283]},"properties":{"property_id":"109962","street_address":"4 Warwick Street NORTH MELBOURNE VIC 3051","number_of_floors_above_ground":2,"predominant_space_use":"House/Townhouse","accessibility_rating":"0"}},{"type":"Feature","geometry":{"type":"Point","coordinates":[144.953648,-37.804371]},"properties":{"property_id":"607043","street_address":"113-115 Howard Street NORTH MELBOURNE VIC 3051","number_of_floors_above_ground":2,"predominant_space_use":"House/Townhouse","accessibility_rating":"0","bicycle_spaces":0}},{"type":"Feature","geometry":{"type":"Point","coordinates":[144.953691,-37.803946]},"properties":{"property_id":"610858","street_address":"133 Howard Street NORTH MELBOURNE VIC 3051","number_of_floors_above_ground":2,"predominant_space_use":"House/Townhouse","accessibility_rating":"0"}},{"type":"Feature","geometry":{"type":"Point","coordinates":[144.953799,-37.803838]},"properties":{"property_id":"637702","street_address":"139 Howard Street NORTH MELBOURNE VIC 3051","construction_year":"2013","number_of_floors_above_ground":3,"predominant_space_use":"House/Townhouse","accessibility_rating":"2","bicycle_spaces":0}},{"type":"Feature","geometry":{"type":"Point","coordinates":[144.953171,-37.804123]},"properties":{"property_id":"638446","street_address":"12 St Andrews Street NORTH MELBOURNE VIC 3051","construction_year":"2012","number_of_floors_above_ground":3,"predominant_space_use":"House/Townhouse","accessibility_rating":"1","bicycle_spaces":0}},{"type":"Feature","geometry":{"type":"Point","coordinates":[144.954301,-37.803955]},"properties":{"property_id":"105030","street_address":"58 Howard Street NORTH MELBOURNE VIC 3051","number_of_floors_above_ground":2,"predominant_space_use":"House/Townhouse","accessibility_rating":"0"}},{"type":"Feature","geometry":{"type":"Point","coordinates":[144.954289,-37.804036]},"properties":{"property_id":"105031","street_address":"54-56 Howard Street NORTH MELBOURNE VIC 3051","construction_year":"2009","number_of_floors_above_ground":3,"predominant_space_use":"Residential Apartment","accessibility_rating":"3","bicycle_spaces":0}},{"type":"Feature","geometry":{"type":"Point","coordinates":[144.954264,-37.804215]},"properties":{"property_id":"105033","street_address":"46-48 Howard Street NORTH MELBOURNE VIC 3051","construction_year":"1990","number_of_floors_above_ground":2,"predominant_space_use":"Office","accessibility_rating":"1","bicycle_spaces":0}},{"type":"Feature","geometry":{"type":"Point","coordinates":[144.954603,-37.804378]},"properties":{"property_id":"105978","street_address":"11-13 Little Howard Street NORTH MELBOURNE VIC 3051","construction_year":"1940","number_of_floors_above_ground":1,"predominant_space_use":"Unoccupied - Unused","accessibility_rating":"0","bicycle_spaces":0}},{"type":"Feature","geometry":{"type":"Point","coordinates":[144.954898,-37.803973]},"properties":{"property_id":"107889","building_name":"St.Josephs College","street_address":"St Josephs College 367-395 Queensberry Street NORTH MELBOURNE VIC 3051","construction_year":"1900","number_of_floors_above_ground":3,"predominant_space_use":"Educational/Research","accessibility_rating":"3","bicycle_spaces":0}},{"type":"Feature","geometry":{"type":"Point","coordinates":[144.954134,-37.805444]},"properties":{"property_id":"109823","street_address":"364-366 Victoria Street NORTH MELBOURNE VIC 3051","construction_year":"1950","number_of_floors_above_ground":2,"predominant_space_use":"Entertainment/Recreation - Indoor","accessibility_rating":"3","bicycle_spaces":0}},{"type":"Feature","geometry":{"type":"Point","coordinates":[144.954763,-37.805426]},"properties":{"property_id":"109825","building_name":"Polaris Apartments","street_address":"328-350 Victoria Street NORTH MELBOURNE VIC 3051","construction_year":"2002","number_of_floors_above_ground":6,"predominant_space_use":"Residential Apartment","accessibility_rating":"3","bicycle_spaces":0}},{"type":"Feature","geometry":{"type":"Point","coordinates":[144.954955,-37.804394]},"properties":{"property_id":"111341","street_address":"149-159 Capel Street NORTH MELBOURNE VIC 3051","construction_year":"1950","number_of_floors_above_ground":4,"predominant_space_use":"Storage","accessibility_rating":"1","bicycle_spaces":0}},{"type":"Feature","geometry":{"type":"Point","coordinates":[144.954548,-37.804255]},"properties":{"property_id":"556744","street_address":"19 Capel Place NORTH MELBOURNE VIC 3051","construction_year":"2000","number_of_floors_above_ground":3,"predominant_space_use":"House/Townhouse","accessibility_rating":"0"}},{"type":"Feature","geometry":{"type":"Point","coordinates":[144.954664,-37.804155]},"properties":{"property_id":"557200","street_address":"16 Capel Place NORTH MELBOURNE VIC 3051","number_of_floors_above_ground":1,"predominant_space_use":"House/Townhouse","accessibility_rating":"0"}},{"type":"Feature","geometry":{"type":"Point","coordinates":[144.954599,-37.804147]},"properties":{"property_id":"557201","street_address":"18 Capel Place NORTH MELBOURNE VIC 3051","number_of_floors_above_ground":3,"predominant_space_use":"House/Townhouse","accessibility_rating":"0"}},{"type":"Feature","geometry":{"type":"Point","coordinates":[144.954533,-37.80414]},"properties":{"property_id":"557202","street_address":"20 Capel Place NORTH MELBOURNE VIC 3051","number_of_floors_above_ground":1,"predominant_space_use":"House/Townhouse","accessibility_rating":"0"}},{"type":"Feature","geometry":{"type":"Point","coordinates":[144.954468,-37.804132]},"properties":{"property_id":"557203","street_address":"22 Capel Place NORTH MELBOURNE VIC 3051","number_of_floors_above_ground":1,"predominant_space_use":"House/Townhouse","accessibility_rating":"0"}},{"type":"Feature","geometry":{"type":"Point","coordinates":[144.955706,-37.80427]},"properties":{"property_id":"101541","street_address":"162 Capel Street NORTH MELBOURNE VIC 3051","number_of_floors_above_ground":2,"predominant_space_use":"House/Townhouse","accessibility_rating":"0"}},{"type":"Feature","geometry":{"type":"Point","coordinates":[144.955644,-37.804626]},"properties":{"property_id":"101549","street_address":"146 Capel Street NORTH MELBOURNE VIC 3051","number_of_floors_above_ground":2,"predominant_space_use":"House/Townhouse","accessibility_rating":"0"}},{"type":"Feature","geometry":{"type":"Point","coordinates":[144.955629,-37.804742]},"properties":{"property_id":"101551","street_address":"140-142 Capel Street NORTH MELBOURNE VIC 3051","construction_year":"1920","number_of_floors_above_ground":1,"predominant_space_use":"Storage","accessibility_rating":"1","bicycle_spaces":0}},{"type":"Feature","geometry":{"type":"Point","coordinates":[144.955571,-37.805033]},"properties":{"property_id":"101554","street_address":"128 Capel Street NORTH MELBOURNE VIC 3051","number_of_floors_above_ground":1,"predominant_space_use":"House/Townhouse","accessibility_rating":"0"}},{"type":"Feature","geometry":{"type":"Point","coordinates":[144.955545,-37.805165]},"properties":{"property_id":"101557","street_address":"122 Capel Street NORTH MELBOURNE VIC 3051","number_of_floors_above_ground":1,"predominant_space_use":"House/Townhouse","accessibility_rating":"0"}},{"type":"Feature","geometry":{"type":"Point","coordinates":[144.95552,-37.805307]},"properties":{"property_id":"101559","street_address":"114-118 Capel Street NORTH MELBOURNE VIC 3051","number_of_floors_above_ground":3,"predominant_space_use":"Office","accessibility_rating":"1","bicycle_spaces":0}},{"type":"Feature","geometry":{"type":"Point","coordinates":[144.955733,-37.805415]},"properties":{"property_id":"107488","street_address":"111 Peel Street NORTH MELBOURNE VIC 3051","number_of_floors_above_ground":2,"predominant_space_use":"House/Townhouse","accessibility_rating":"0"}},{"type":"Feature","geometry":{"type":"Point","coordinates":[144.955757,-37.805282]},"properties":{"property_id":"107490","street_address":"117 Peel Street NORTH MELBOURNE VIC 3051","number_of_floors_above_ground":1,"predominant_space_use":"House/Townhouse","accessibility_rating":"0"}},{"type":"Feature","geometry":{"type":"Point","coordinates":[144.955772,-37.805194]},"properties":{"property_id":"107492","street_address":"121 Peel Street NORTH MELBOURNE VIC 3051","number_of_floors_above_ground":2,"predominant_space_use":"House/Townhouse","accessibility_rating":"0"}},{"type":"Feature","geometry":{"type":"Point","coordinates":[144.955815,-37.804886]},"properties":{"property_id":"107494","street_address":"135 Peel Street NORTH MELBOURNE VIC 3051","number_of_floors_above_ground":2,"predominant_space_use":"House/Townhouse","accessibility_rating":"0"}},{"type":"Feature","geometry":{"type":"Point","coordinates":[144.955872,-37.804655]},"properties":{"property_id":"107499","street_address":"145 Peel Street NORTH MELBOURNE VIC 3051","number_of_floors_above_ground":2,"predominant_space_use":"House/Townhouse","accessibility_rating":"0"}},{"type":"Feature","geometry":{"type":"Point","coordinates":[144.955886,-37.804565]},"properties":{"property_id":"107501","street_address":"149 Peel Street NORTH MELBOURNE VIC 3051","number_of_floors_above_ground":2,"predominant_space_use":"House/Townhouse","accessibility_rating":"0"}},{"type":"Feature","geometry":{"type":"Point","coordinates":[144.955902,-37.804488]},"properties":{"property_id":"107502","street_address":"151 Peel Street NORTH MELBOURNE VIC 3051","number_of_floors_above_ground":2,"predominant_space_use":"House/Townhouse","accessibility_rating":"0"}},{"type":"Feature","geometry":{"type":"Point","coordinates":[144.955705,-37.805632]},"properties":{"property_id":"109829","building_name":"Queen Victoria Hotel/Queen Victoria Hostel","street_address":"Victoria Hotel 312-316 Victoria Street NORTH MELBOURNE VIC 3051","number_of_floors_above_ground":2,"predominant_space_use":"Entertainment/Recreation - Indoor","accessibility_rating":"1","bicycle_spaces":0}},{"type":"Feature","geometry":{"type":"Point","coordinates":[144.957066,-37.804557]},"properties":{"property_id":"102039","street_address":"29 Cobden Street NORTH MELBOURNE VIC 3051","construction_year":"1870","number_of_floors_above_ground":2,"predominant_space_use":"House/Townhouse","accessibility_rating":"0","bicycle_spaces":0}},{"type":"Feature","geometry":{"type":"Point","coordinates":[144.9571,-37.80436]},"properties":{"property_id":"102042","street_address":"37-39 Cobden Street NORTH MELBOURNE VIC 3051","construction_year":"1950","number_of_floors_above_ground":2,"predominant_space_use":"Unoccupied - Unused","accessibility_rating":"1","bicycle_spaces":0}},{"type":"Feature","geometry":{"type":"Point","coordinates":[144.956939,-37.804681]},"properties":{"property_id":"105909","street_address":"10-20 Little Cobden Street NORTH MELBOURNE VIC 3051","number_of_floors_above_ground":2,"predominant_space_use":"House/Townhouse","accessibility_rating":"1","bicycle_spaces":0}},{"type":"Feature","geometry":{"type":"Point","coordinates":[144.957268,-37.804133]},"properties":{"property_id":"107879","street_address":"321-323 Queensberry Street NORTH MELBOURNE VIC 3051","construction_year":"1980","number_of_floors_above_ground":2,"predominant_space_use":"Office","accessibility_rating":"1","bicycle_spaces":0}},{"type":"Feature","geometry":{"type":"Point","coordinates":[144.957168,-37.804121]},"properties":{"property_id":"107880","street_address":"325-327 Queensberry Street NORTH MELBOURNE VIC 3051","construction_year":"1870","number_of_floors_above_ground":2,"predominant_space_use":"Office","accessibility_rating":"2","bicycle_spaces":0}},{"type":"Feature","geometry":{"type":"Point","coordinates":[144.957096,-37.804113]},"properties":{"property_id":"107881","street_address":"329 Queensberry Street NORTH MELBOURNE VIC 3051","construction_year":"1901","number_of_floors_above_ground":2,"predominant_space_use":"Office","accessibility_rating":"1","bicycle_spaces":0}},{"type":"Feature","geometry":{"type":"Point","coordinates":[144.957182,-37.804477]},"properties":{"property_id":"506309","street_address":"33 Cobden Street NORTH MELBOURNE VIC 3051","construction_year":"1870","number_of_floors_above_ground":2,"predominant_space_use":"House/Townhouse","accessibility_rating":"0","bicycle_spaces":0}},{"type":"Feature","geometry":{"type":"Point","coordinates":[144.956494,-37.804772]},"properties":{"property_id":"572114","street_address":"136 Peel Street NORTH MELBOURNE VIC 3051","construction_year":"2002","number_of_floors_above_ground":2,"predominant_space_use":"Retail - Shop","accessibility_rating":"1","bicycle_spaces":0}},{"type":"Feature","geometry":{"type":"Point","coordinates":[144.956475,-37.805108]},"properties":{"property_id":"107530","street_address":"126-128 Peel Street NORTH MELBOURNE VIC 3051","construction_year":"1996","number_of_floors_above_ground":1,"predominant_space_use":"Office","accessibility_rating":"1","bicycle_spaces":0}},{"type":"Feature","geometry":{"type":"Point","coordinates":[144.95657,-37.805377]},"properties":{"property_id":"107535","street_address":"114 Peel Street NORTH MELBOURNE VIC 3051","construction_year":"1866","number_of_floors_above_ground":1,"predominant_space_use":"Unoccupied - Unused","accessibility_rating":"1","bicycle_spaces":0}},{"type":"Feature","geometry":{"type":"Point","coordinates":[144.956682,-37.805178]},"properties":{"property_id":"107728","street_address":"13-15 Princess Street NORTH MELBOURNE VIC 3051","construction_year":"1980","number_of_floors_above_ground":1,"predominant_space_use":"Manufacturing","accessibility_rating":"1","bicycle_spaces":0}},{"type":"Feature","geometry":{"type":"Point","coordinates":[144.957642,-37.805263]},"properties":{"property_id":"106991","building_name":"Mercatore","street_address":"21-27 O'Connell Street NORTH MELBOURNE VIC 3051","construction_year":"1901","number_of_floors_above_ground":4,"predominant_space_use":"Residential Apartment","accessibility_rating":"1","bicycle_spaces":0}},{"type":"Feature","geometry":{"type":"Point","coordinates":[144.957597,-37.804884]},"properties":{"property_id":"585173","street_address":"36 Cobden Street NORTH MELBOURNE VIC 3051","number_of_floors_above_ground":2,"predominant_space_use":"Office","accessibility_rating":"1","bicycle_spaces":0}},{"type":"Feature","geometry":{"type":"Point","coordinates":[144.957602,-37.805829]},"properties":{"property_id":"109838","street_address":"262-266 Victoria Street NORTH MELBOURNE VIC 3051","construction_year":"1910","number_of_floors_above_ground":2,"predominant_space_use":"Entertainment/Recreation - Indoor","accessibility_rating":"3","bicycle_spaces":0}},{"type":"Feature","geometry":{"type":"Point","coordinates":[144.957724,-37.80584]},"properties":{"property_id":"109839","street_address":"260 Victoria Street NORTH MELBOURNE VIC 3051","construction_year":"1880","number_of_floors_above_ground":2,"predominant_space_use":"Entertainment/Recreation - Indoor","accessibility_rating":"1","bicycle_spaces":0}},{"type":"Feature","geometry":{"type":"Point","coordinates":[144.958001,-37.805732]},"properties":{"property_id":"573297","street_address":"1-7 O'Connell Street NORTH MELBOURNE VIC 3051","construction_year":"1910","number_of_floors_above_ground":4,"predominant_space_use":"Residential Apartment","accessibility_rating":"1","bicycle_spaces":0}},{"type":"Feature","geometry":{"type":"Point","coordinates":[144.958611,-37.80567]},"properties":{"property_id":"103236","street_address":"529-541 Elizabeth Street MELBOURNE VIC 3000","construction_year":"2016","number_of_floors_above_ground":10,"predominant_space_use":"Office","accessibility_rating":"2","bicycle_spaces":50}},{"type":"Feature","geometry":{"type":"Point","coordinates":[144.958198,-37.8048]},"properties":{"property_id":"103241","street_address":"575-577 Elizabeth Street MELBOURNE VIC 3000","construction_year":"1915","number_of_floors_above_ground":2,"predominant_space_use":"Office","accessibility_rating":"2","bicycle_spaces":0}},{"type":"Feature","geometry":{"type":"Point","coordinates":[144.958151,-37.804692]},"properties":{"property_id":"103243","street_address":"583-585 Elizabeth Street MELBOURNE VIC 3000","construction_year":"1866","number_of_floors_above_ground":2,"predominant_space_use":"Unoccupied - Unused","accessibility_rating":"1","bicycle_spaces":0}},{"type":"Feature","geometry":{"type":"Point","coordinates":[144.958084,-37.804523]},"properties":{"property_id":"103245","building_name":"Vista 8","street_address":"591-593 Elizabeth Street MELBOURNE VIC 3000","construction_year":"2007","number_of_floors_above_ground":7,"predominant_space_use":"Student Accommodation","accessibility_rating":"3","bicycle_spaces":20}},{"type":"Feature","geometry":{"type":"Point","coordinates":[144.958121,-37.80435]},"properties":{"property_id":"103248","street_address":"599 Elizabeth Street MELBOURNE VIC 3000","construction_year":"1890","number_of_floors_above_ground":2,"predominant_space_use":"Unoccupied - Unused","accessibility_rating":"1","bicycle_spaces":0}},{"type":"Feature","geometry":{"type":"Point","coordinates":[144.958095,-37.804286]},"properties":{"property_id":"103249","street_address":"601-603 Elizabeth Street MELBOURNE VIC 3000","construction_year":"1980","number_of_floors_above_ground":2,"predominant_space_use":"Performances, Conferences, Ceremonies","accessibility_rating":"2","bicycle_spaces":0}},{"type":"Feature","geometry":{"type":"Point","coordinates":[144.958588,-37.805933]},"properties":{"property_id":"109843","building_name":"National Hotel","street_address":"232-238 Victoria Street MELBOURNE VIC 3000","number_of_floors_above_ground":4,"predominant_space_use":"Unoccupied - Under Renovation","accessibility_rating":"1","bicycle_spaces":0}},{"type":"Feature","geometry":{"type":"Point","coordinates":[144.957175,-37.802546]},"properties":{"property_id":"103252","street_address":"671-673 Elizabeth Street MELBOURNE VIC 3000","number_of_floors_above_ground":1,"predominant_space_use":"Unoccupied - Under Construction","accessibility_rating":"0","bicycle_spaces":0}},{"type":"Feature","geometry":{"type":"Point","coordinates":[144.957119,-37.802423]},"properties":{"property_id":"103253","street_address":"675-681 Elizabeth Street MELBOURNE VIC 3000","number_of_floors_above_ground":1,"predominant_space_use":"Unoccupied - Under Construction","accessibility_rating":"0","bicycle_spaces":0}},{"type":"Feature","geometry":{"type":"Point","coordinates":[144.957068,-37.802309]},"properties":{"property_id":"103254","street_address":"683-685 Elizabeth Street MELBOURNE VIC 3000","construction_year":"1970","number_of_floors_above_ground":1,"predominant_space_use":"Unoccupied - Unused","accessibility_rating":"1","bicycle_spaces":2}},{"type":"Feature","geometry":{"type":"Point","coordinates":[144.956804,-37.802981]},"properties":{"property_id":"107521","street_address":"198-210 Peel Street NORTH MELBOURNE VIC 3051","number_of_floors_above_ground":4,"predominant_space_use":"Residential Apartment","accessibility_rating":"1","bicycle_spaces":0}},{"type":"Feature","geometry":{"type":"Point","coordinates":[144.95678,-37.803365]},"properties":{"property_id":"107523","street_address":"186 Peel Street NORTH MELBOURNE VIC 3051","construction_year":"1870","number_of_floors_above_ground":2,"predominant_space_use":"House/Townhouse","accessibility_rating":"0"}},{"type":"Feature","geometry":{"type":"Point","coordinates":[144.957093,-37.803635]},"properties":{"property_id":"108020","street_address":"324-332 Queensberry Street NORTH MELBOURNE VIC 3051","construction_year":"1950","number_of_floors_above_ground":2,"predominant_space_use":"Retail - Shop","accessibility_rating":"1","bicycle_spaces":0}},{"type":"Feature","geometry":{"type":"Point","coordinates":[144.955979,-37.80265]},"properties":{"property_id":"101534","street_address":"208 Capel Street NORTH MELBOURNE VIC 3051","number_of_floors_above_ground":2,"predominant_space_use":"House/Townhouse","accessibility_rating":"0"}},{"type":"Feature","geometry":{"type":"Point","coordinates":[144.955952,-37.80288]},"properties":{"property_id":"101537","street_address":"200 Capel Street NORTH MELBOURNE VIC 3051","number_of_floors_above_ground":2,"predominant_space_use":"House/Townhouse","accessibility_rating":"0"}},{"type":"Feature","geometry":{"type":"Point","coordinates":[144.955944,-37.802921]},"properties":{"property_id":"101538","street_address":"198 Capel Street NORTH MELBOURNE VIC 3051","number_of_floors_above_ground":1,"predominant_space_use":"House/Townhouse","accessibility_rating":"0"}},{"type":"Feature","geometry":{"type":"Point","coordinates":[144.955935,-37.802967]},"properties":{"property_id":"101539","street_address":"196 Capel Street NORTH MELBOURNE VIC 3051","number_of_floors_above_ground":2,"predominant_space_use":"House/Townhouse","accessibility_rating":"0"}},{"type":"Feature","geometry":{"type":"Point","coordinates":[144.955909,-37.803149]},"properties":{"property_id":"101540","street_address":"182-194 Capel Street NORTH MELBOURNE VIC 3051","construction_year":"1990","number_of_floors_above_ground":3,"predominant_space_use":"Unoccupied - Unused","accessibility_rating":"1","bicycle_spaces":0}},{"type":"Feature","geometry":{"type":"Point","coordinates":[144.956019,-37.803374]},"properties":{"property_id":"102242","street_address":"4 Courtney Street NORTH MELBOURNE VIC 3051","number_of_floors_above_ground":2,"predominant_space_use":"House/Townhouse","accessibility_rating":"0"}},{"type":"Feature","geometry":{"type":"Point","coordinates":[144.956108,-37.803391]},"properties":{"property_id":"107509","street_address":"179-185 Peel Street NORTH MELBOURNE VIC 3051","construction_year":"1960","number_of_floors_above_ground":1,"predominant_space_use":"Office","accessibility_rating":"3","bicycle_spaces":0}},{"type":"Feature","geometry":{"type":"Point","coordinates":[144.956113,-37.803184]},"properties":{"property_id":"107511","street_address":"191 Peel Street NORTH MELBOURNE VIC 3051","number_of_floors_above_ground":2,"predominant_space_use":"House/Townhouse","accessibility_rating":"0"}},{"type":"Feature","geometry":{"type":"Point","coordinates":[144.956123,-37.803125]},"properties":{"property_id":"107512","street_address":"193 Peel Street NORTH MELBOURNE VIC 3051","number_of_floors_above_ground":2,"predominant_space_use":"House/Townhouse","accessibility_rating":"0"}},{"type":"Feature","geometry":{"type":"Point","coordinates":[144.956137,-37.803059]},"properties":{"property_id":"107513","street_address":"195 Peel Street NORTH MELBOURNE VIC 3051","number_of_floors_above_ground":2,"predominant_space_use":"House/Townhouse","accessibility_rating":"0"}},{"type":"Feature","geometry":{"type":"Point","coordinates":[144.956148,-37.802985]},"properties":{"property_id":"107514","street_address":"197 Peel Street NORTH MELBOURNE VIC 3051","number_of_floors_above_ground":2,"predominant_space_use":"House/Townhouse","accessibility_rating":"0"}},{"type":"Feature","geometry":{"type":"Point","coordinates":[144.956188,-37.80278]},"properties":{"property_id":"107517","street_address":"199-217 Peel Street NORTH MELBOURNE VIC 3051","construction_year":"2020","number_of_floors_above_ground":8,"predominant_space_use":"Residential Apartment","accessibility_rating":"3","bicycle_spaces":18}},{"type":"Feature","geometry":{"type":"Point","coordinates":[144.956276,-37.802388]},"properties":{"property_id":"107518","building_name":"Electra Dakota Viscount","street_address":"219-237 Peel Street NORTH MELBOURNE VIC 3051","number_of_floors_above_ground":4,"predominant_space_use":"Residential Apartment","accessibility_rating":"1","bicycle_spaces":0}},{"type":"Feature","geometry":{"type":"Point","coordinates":[144.954971,-37.803257]},"properties":{"property_id":"676733","street_address":"388 Queensberry Street NORTH MELBOURNE VIC 3051","construction_year":"2017","number_of_floors_above_ground":4,"predominant_space_use":"Residential Apartment","accessibility_rating":"3","bicycle_spaces":0}},{"type":"Feature","geometry":{"type":"Point","coordinates":[144.954971,-37.803257]},"properties":{"property_id":"676734","street_address":"1 Courtney Street NORTH MELBOURNE VIC 3051","construction_year":"2017","number_of_floors_above_ground":4,"predominant_space_use":"Residential Apartment","accessibility_rating":"3","bicycle_spaces":0}},{"type":"Feature","geometry":{"type":"Point","coordinates":[144.953089,-37.80272]},"properties":{"property_id":"101946","street_address":"202 Chetwynd Street NORTH MELBOURNE VIC 3051","number_of_floors_above_ground":1,"predominant_space_use":"House/Townhouse","accessibility_rating":"0"}},{"type":"Feature","geometry":{"type":"Point","coordinates":[144.953469,-37.802247]},"properties":{"property_id":"638784","street_address":"Unit 1-8, 185 Howard Street NORTH MELBOURNE VIC 3051","construction_year":"2012","number_of_floors_above_ground":2,"predominant_space_use":"Residential Apartment","accessibility_rating":"1","bicycle_spaces":0}},{"type":"Feature","geometry":{"type":"Point","coordinates":[144.953469,-37.802247]},"properties":{"property_id":"638787","street_address":"214 Chetwynd Street NORTH MELBOURNE VIC 3051","construction_year":"2012","number_of_floors_above_ground":3,"predominant_space_use":"Residential Apartment","accessibility_rating":"3","bicycle_spaces":4}},{"type":"Feature","geometry":{"type":"Point","coordinates":[144.953469,-37.802247]},"properties":{"property_id":"638788","street_address":"216 Chetwynd Street NORTH MELBOURNE VIC 3051","construction_year":"2012","number_of_floors_above_ground":4,"predominant_space_use":"Residential Apartment","accessibility_rating":"3","bicycle_spaces":4}},{"type":"Feature","geometry":{"type":"Point","coordinates":[144.953217,-37.80167]},"properties":{"property_id":"102206","street_address":"45 Courtney Street NORTH MELBOURNE VIC 3051","number_of_floors_above_ground":2,"predominant_space_use":"House/Townhouse","accessibility_rating":"0"}},{"type":"Feature","geometry":{"type":"Point","coordinates":[144.953559,-37.802965]},"properties":{"property_id":"554475","street_address":"Rear 430-434 Queensberry Street NORTH MELBOURNE VIC 3051","number_of_floors_above_ground":1,"predominant_space_use":"Educational/Research","accessibility_rating":"3","bicycle_spaces":0}},{"type":"Feature","geometry":{"type":"Point","coordinates":[144.952254,-37.802022]},"properties":{"property_id":"101336","street_address":"11 Byron Street NORTH MELBOURNE VIC 3051","number_of_floors_above_ground":2,"predominant_space_use":"House/Townhouse","accessibility_rating":"0"}},{"type":"Feature","geometry":{"type":"Point","coordinates":[144.95246,-37.802149]},"properties":{"property_id":"101939","street_address":"153 Chetwynd Street NORTH MELBOURNE VIC 3051","number_of_floors_above_ground":2,"predominant_space_use":"House/Townhouse","accessibility_rating":"0"}},{"type":"Feature","geometry":{"type":"Point","coordinates":[144.952512,-37.802091]},"properties":{"property_id":"101940","street_address":"155-157 Chetwynd Street NORTH MELBOURNE VIC 3051","number_of_floors_above_ground":1,"predominant_space_use":"House/Townhouse","accessibility_rating":"0"}},{"type":"Feature","geometry":{"type":"Point","coordinates":[144.952567,-37.801781]},"properties":{"property_id":"101944","street_address":"171 Chetwynd Street NORTH MELBOURNE VIC 3051","number_of_floors_above_ground":2,"predominant_space_use":"House/Townhouse","accessibility_rating":"0"}},{"type":"Feature","geometry":{"type":"Point","coordinates":[144.951727,-37.801371]},"properties":{"property_id":"105624","street_address":"17-19 Arden Street NORTH MELBOURNE VIC 3051","construction_year":"1870","number_of_floors_above_ground":2,"predominant_space_use":"Residential Apartment","accessibility_rating":"3","bicycle_spaces":0}},{"type":"Feature","geometry":{"type":"Point","coordinates":[144.951494,-37.802692]},"properties":{"property_id":"105633","street_address":"66 Leveson Street NORTH MELBOURNE VIC 3051","construction_year":"1870","number_of_floors_above_ground":1,"predominant_space_use":"House/Townhouse","accessibility_rating":"0"}},{"type":"Feature","geometry":{"type":"Point","coordinates":[144.951755,-37.802968]},"properties":{"property_id":"108009","street_address":"470-478 Queensberry Street NORTH MELBOURNE VIC 3051","number_of_floors_above_ground":3,"predominant_space_use":"House/Townhouse","accessibility_rating":"2","bicycle_spaces":0}},{"type":"Feature","geometry":{"type":"Point","coordinates":[144.95193,-37.803015]},"properties":{"property_id":"108010","street_address":"468 Queensberry Street NORTH MELBOURNE VIC 3051","number_of_floors_above_ground":1,"predominant_space_use":"House/Townhouse","accessibility_rating":"0"}},{"type":"Feature","geometry":{"type":"Point","coordinates":[144.95213,-37.803037]},"properties":{"property_id":"108013","street_address":"460 Queensberry Street NORTH MELBOURNE VIC 3051","construction_year":"1880","number_of_floors_above_ground":2,"predominant_space_use":"House/Townhouse","accessibility_rating":"0"}},{"type":"Feature","geometry":{"type":"Point","coordinates":[144.952373,-37.802834]},"properties":{"property_id":"110806","street_address":"123 Chetwynd Street NORTH MELBOURNE VIC 3051","number_of_floors_above_ground":2,"predominant_space_use":"House/Townhouse","accessibility_rating":"0"}},{"type":"Feature","geometry":{"type":"Point","coordinates":[144.952381,-37.802793]},"properties":{"property_id":"110807","street_address":"125 Chetwynd Street NORTH MELBOURNE VIC 3051","number_of_floors_above_ground":2,"predominant_space_use":"House/Townhouse","accessibility_rating":"0"}},{"type":"Feature","geometry":{"type":"Point","coordinates":[144.952388,-37.802751]},"properties":{"property_id":"110808","street_address":"127 Chetwynd Street NORTH MELBOURNE VIC 3051","number_of_floors_above_ground":2,"predominant_space_use":"House/Townhouse","accessibility_rating":"0"}},{"type":"Feature","geometry":{"type":"Point","coordinates":[144.952395,-37.80271]},"properties":{"property_id":"110809","street_address":"129 Chetwynd Street NORTH MELBOURNE VIC 3051","number_of_floors_above_ground":2,"predominant_space_use":"House/Townhouse","accessibility_rating":"0"}},{"type":"Feature","geometry":{"type":"Point","coordinates":[144.952417,-37.802587]},"properties":{"property_id":"110812","street_address":"135 Chetwynd Street NORTH MELBOURNE VIC 3051","number_of_floors_above_ground":2,"predominant_space_use":"House/Townhouse","accessibility_rating":"0"}},{"type":"Feature","geometry":{"type":"Point","coordinates":[144.950269,-37.802358]},"properties":{"property_id":"103500","building_name":"Imperial Theatre Building","street_address":"110-114 Errol Street NORTH MELBOURNE VIC 3051","construction_year":"2000","number_of_floors_above_ground":3,"predominant_space_use":"Residential Apartment","accessibility_rating":"1","bicycle_spaces":0}},{"type":"Feature","geometry":{"type":"Point","coordinates":[144.950331,-37.802564]},"properties":{"property_id":"105419","street_address":"10-12 Lancashire Lane NORTH MELBOURNE VIC 3051","construction_year":"2009","number_of_floors_above_ground":4,"predominant_space_use":"House/Townhouse","accessibility_rating":"1","bicycle_spaces":0}},{"type":"Feature","geometry":{"type":"Point","coordinates":[144.950191,-37.802871]},"properties":{"property_id":"107996","street_address":"518-520 Queensberry Street NORTH MELBOURNE VIC 3051","construction_year":"1890","number_of_floors_above_ground":2,"predominant_space_use":"Storage","accessibility_rating":"1","bicycle_spaces":0}},{"type":"Feature","geometry":{"type":"Point","coordinates":[144.950274,-37.802881]},"properties":{"property_id":"107997","street_address":"514-516 Queensberry Street NORTH MELBOURNE VIC 3051","number_of_floors_above_ground":2,"predominant_space_use":"House/Townhouse","accessibility_rating":"0"}},{"type":"Feature","geometry":{"type":"Point","coordinates":[144.950797,-37.802974]},"properties":{"property_id":"108003","street_address":"496 Queensberry Street NORTH MELBOURNE VIC 3051","construction_year":"1880","number_of_floors_above_ground":2,"predominant_space_use":"Office","accessibility_rating":"2","bicycle_spaces":0}},{"type":"Feature","geometry":{"type":"Point","coordinates":[144.950858,-37.802981]},"properties":{"property_id":"108004","street_address":"494 Queensberry Street NORTH MELBOURNE VIC 3051","construction_year":"1880","number_of_floors_above_ground":2,"predominant_space_use":"Office","accessibility_rating":"2","bicycle_spaces":0}},{"type":"Feature","geometry":{"type":"Point","coordinates":[144.950648,-37.802315]},"properties":{"property_id":"560415","street_address":"7-9 Bendigo Street NORTH MELBOURNE VIC 3051","number_of_floors_above_ground":2,"predominant_space_use":"House/Townhouse","accessibility_rating":"0"}},{"type":"Feature","geometry":{"type":"Point","coordinates":[144.950224,-37.801377]},"properties":{"property_id":"103489","building_name":"Taunton","street_address":"156 Errol Street NORTH MELBOURNE VIC 3051","number_of_floors_above_ground":1,"predominant_space_use":"House/Townhouse","accessibility_rating":"0"}},{"type":"Feature","geometry":{"type":"Point","coordinates":[144.950234,-37.801428]},"properties":{"property_id":"103490","street_address":"154 Errol Street NORTH MELBOURNE VIC 3051","number_of_floors_above_ground":1,"predominant_space_use":"House/Townhouse","accessibility_rating":"0"}},{"type":"Feature","geometry":{"type":"Point","coordinates":[144.950189,-37.801545]},"properties":{"property_id":"103492","street_address":"148-150 Errol Street NORTH MELBOURNE VIC 3051","construction_year":"1910","number_of_floors_above_ground":1,"predominant_space_use":"Entertainment/Recreation - Indoor","accessibility_rating":"1","bicycle_spaces":0}},{"type":"Feature","geometry":{"type":"Point","coordinates":[144.950189,-37.801836]},"properties":{"property_id":"103494","street_address":"130-140 Errol Street NORTH MELBOURNE VIC 3051","construction_year":"2013","number_of_floors_above_ground":4,"predominant_space_use":"Residential Apartment","accessibility_rating":"1","bicycle_spaces":14}},{"type":"Feature","geometry":{"type":"Point","coordinates":[144.950146,-37.801953]},"properties":{"property_id":"103495","street_address":"128 Errol Street NORTH MELBOURNE VIC 3051","construction_year":"1870","number_of_floors_above_ground":1,"predominant_space_use":"Office","accessibility_rating":"1","bicycle_spaces":0}},{"type":"Feature","geometry":{"type":"Point","coordinates":[144.950128,-37.802049]},"properties":{"property_id":"103497","street_address":"122-124 Errol Street NORTH MELBOURNE VIC 3051","construction_year":"1980","number_of_floors_above_ground":2,"predominant_space_use":"Office","accessibility_rating":"1","bicycle_spaces":0}},{"type":"Feature","geometry":{"type":"Point","coordinates":[144.950757,-37.801588]},"properties":{"property_id":"579249","street_address":"42-48 Byron Street NORTH MELBOURNE VIC 3051","construction_year":"2003","number_of_floors_above_ground":3,"predominant_space_use":"House/Townhouse","accessibility_rating":"2","bicycle_spaces":0}},{"type":"Feature","geometry":{"type":"Point","coordinates":[144.951214,-37.80128]},"properties":{"property_id":"592679","street_address":"23 Arden Street NORTH MELBOURNE VIC 3051","number_of_floors_above_ground":1,"predominant_space_use":"House/Townhouse","accessibility_rating":"2"}},{"type":"Feature","geometry":{"type":"Point","coordinates":[144.951205,-37.801343]},"properties":{"property_id":"592680","street_address":"123 Leveson Street NORTH MELBOURNE VIC 3051","number_of_floors_above_ground":3,"predominant_space_use":"House/Townhouse"}},{"type":"Feature","geometry":{"type":"Point","coordinates":[144.951194,-37.801397]},"properties":{"property_id":"592681","street_address":"121 Leveson Street NORTH MELBOURNE VIC 3051","number_of_floors_above_ground":3,"predominant_space_use":"House/Townhouse"}},{"type":"Feature","geometry":{"type":"Point","coordinates":[144.951007,-37.801323]},"properties":{"property_id":"592684","street_address":"25A Arden Street NORTH MELBOURNE VIC 3051","number_of_floors_above_ground":3,"predominant_space_use":"House/Townhouse"}},{"type":"Feature","geometry":{"type":"Point","coordinates":[144.951084,-37.801691]},"properties":{"property_id":"592693","street_address":"38 Byron Street NORTH MELBOURNE VIC 3051","number_of_floors_above_ground":3,"predominant_space_use":"House/Townhouse"}},{"type":"Feature","geometry":{"type":"Point","coordinates":[144.950584,-37.800805]},"properties":{"property_id":"100530","street_address":"50 Arden Street NORTH MELBOURNE VIC 3051","number_of_floors_above_ground":2,"predominant_space_use":"House/Townhouse","accessibility_rating":"0"}},{"type":"Feature","geometry":{"type":"Point","coordinates":[144.951064,-37.800851]},"properties":{"property_id":"100538","street_address":"34 Arden Street NORTH MELBOURNE VIC 3051","number_of_floors_above_ground":1,"predominant_space_use":"House/Townhouse","accessibility_rating":"0"}},{"type":"Feature","geometry":{"type":"Point","coordinates":[144.950319,-37.80078]},"properties":{"property_id":"103483","street_address":"170-172 Errol Street NORTH MELBOURNE VIC 3051","number_of_floors_above_ground":1,"predominant_space_use":"House/Townhouse","accessibility_rating":"0"}},{"type":"Feature","geometry":{"type":"Point","coordinates":[144.95031,-37.800844]},"properties":{"property_id":"103484","street_address":"168 Errol Street NORTH MELBOURNE VIC 3051","number_of_floors_above_ground":1,"predominant_space_use":"House/Townhouse","accessibility_rating":"0"}},{"type":"Feature","geometry":{"type":"Point","coordinates":[144.951233,-37.800813]},"properties":{"property_id":"105622","street_address":"129-133 Leveson Street NORTH MELBOURNE VIC 3051","number_of_floors_above_ground":2,"predominant_space_use":"House/Townhouse","accessibility_rating":"0","bicycle_spaces":0}},{"type":"Feature","geometry":{"type":"Point","coordinates":[144.951117,-37.80061]},"properties":{"property_id":"107088","street_address":"1-3 O'Shanassy Street NORTH MELBOURNE VIC 3051","number_of_floors_above_ground":2,"predominant_space_use":"House/Townhouse","accessibility_rating":"0"}},{"type":"Feature","geometry":{"type":"Point","coordinates":[144.950842,-37.800581]},"properties":{"property_id":"107090","street_address":"11 O'Shanassy Street NORTH MELBOURNE VIC 3051","number_of_floors_above_ground":1,"predominant_space_use":"House/Townhouse","accessibility_rating":"0"}},{"type":"Feature","geometry":{"type":"Point","coordinates":[144.950773,-37.800572]},"properties":{"property_id":"107091","street_address":"13 O'Shanassy Street NORTH MELBOURNE VIC 3051","number_of_floors_above_ground":1,"predominant_space_use":"House/Townhouse","accessibility_rating":"0"}},{"type":"Feature","geometry":{"type":"Point","coordinates":[144.950718,-37.800567]},"properties":{"property_id":"107092","street_address":"15 O'Shanassy Street NORTH MELBOURNE VIC 3051","number_of_floors_above_ground":1,"predominant_space_use":"House/Townhouse","accessibility_rating":"0"}},{"type":"Feature","geometry":{"type":"Point","coordinates":[144.950611,-37.800554]},"properties":{"property_id":"107094","street_address":"19 O'Shanassy Street NORTH MELBOURNE VIC 3051","number_of_floors_above_ground":2,"predominant_space_use":"House/Townhouse","accessibility_rating":"0"}},{"type":"Feature","geometry":{"type":"Point","coordinates":[144.950553,-37.800549]},"properties":{"property_id":"107095","building_name":"Potter House","street_address":"21 O'Shanassy Street NORTH MELBOURNE VIC 3051","construction_year":"1900","number_of_floors_above_ground":2,"predominant_space_use":"Office","accessibility_rating":"1","bicycle_spaces":0}},{"type":"Feature","geometry":{"type":"Point","coordinates":[144.950351,-37.800598]},"properties":{"property_id":"111474","street_address":"180 Errol Street NORTH MELBOURNE VIC 3051","number_of_floors_above_ground":1,"predominant_space_use":"House/Townhouse","accessibility_rating":"0"}},{"type":"Feature","geometry":{"type":"Point","coordinates":[144.950643,-37.800855]},"properties":{"property_id":"556070","street_address":"48 Arden Street NORTH MELBOURNE VIC 3051","construction_year":"1998","number_of_floors_above_ground":3,"predominant_space_use":"House/Townhouse","accessibility_rating":"0"}},{"type":"Feature","geometry":{"type":"Point","coordinates":[144.950695,-37.800755]},"properties":{"property_id":"556071","street_address":"17-19 Arden Lane NORTH MELBOURNE VIC 3051","construction_year":"1998","number_of_floors_above_ground":1,"predominant_space_use":"House/Townhouse","accessibility_rating":"0"}},{"type":"Feature","geometry":{"type":"Point","coordinates":[144.951118,-37.800065]},"properties":{"property_id":"102223","street_address":"87 Courtney Street NORTH MELBOURNE VIC 3051","number_of_floors_above_ground":2,"predominant_space_use":"House/Townhouse","accessibility_rating":"0"}},{"type":"Feature","geometry":{"type":"Point","coordinates":[144.951012,-37.79998]},"properties":{"property_id":"102226","street_address":"93 Courtney Street NORTH MELBOURNE VIC 3051","number_of_floors_above_ground":2,"predominant_space_use":"House/Townhouse","accessibility_rating":"0"}},{"type":"Feature","geometry":{"type":"Point","coordinates":[144.951195,-37.800127]},"properties":{"property_id":"508929","street_address":"83 Courtney Street NORTH MELBOURNE VIC 3051","number_of_floors_above_ground":2,"predominant_space_use":"House/Townhouse","accessibility_rating":"0"}},{"type":"Feature","geometry":{"type":"Point","coordinates":[144.951751,-37.800927]},"properties":{"property_id":"100539","street_address":"24 Arden Street NORTH MELBOURNE VIC 3051","number_of_floors_above_ground":2,"predominant_space_use":"House/Townhouse","accessibility_rating":"0"}},{"type":"Feature","geometry":{"type":"Point","coordinates":[144.951913,-37.800957]},"properties":{"property_id":"100542","street_address":"18 Arden Street NORTH MELBOURNE VIC 3051","number_of_floors_above_ground":2,"predominant_space_use":"House/Townhouse","accessibility_rating":"0"}},{"type":"Feature","geometry":{"type":"Point","coordinates":[144.952017,-37.800981]},"properties":{"property_id":"100544","street_address":"14 Arden Street NORTH MELBOURNE VIC 3051","number_of_floors_above_ground":1,"predominant_space_use":"House/Townhouse","accessibility_rating":"0"}},{"type":"Feature","geometry":{"type":"Point","coordinates":[144.952123,-37.801002]},"properties":{"property_id":"100545","street_address":"12 Arden Street NORTH MELBOURNE VIC 3051","number_of_floors_above_ground":2,"predominant_space_use":"House/Townhouse","accessibility_rating":"0"}},{"type":"Feature","geometry":{"type":"Point","coordinates":[144.952297,-37.801045]},"properties":{"property_id":"100548","street_address":"6 Arden Street NORTH MELBOURNE VIC 3051","number_of_floors_above_ground":2,"predominant_space_use":"House/Townhouse","accessibility_rating":"0"}},{"type":"Feature","geometry":{"type":"Point","coordinates":[144.952525,-37.801074]},"properties":{"property_id":"102209","street_address":"55 Courtney Street NORTH MELBOURNE VIC 3051","number_of_floors_above_ground":2,"predominant_space_use":"House/Townhouse","accessibility_rating":"0"}},{"type":"Feature","geometry":{"type":"Point","coordinates":[144.952429,-37.801052]},"properties":{"property_id":"102211","street_address":"Unit 2, 57 Courtney Street NORTH MELBOURNE VIC 3051","number_of_floors_above_ground":2,"predominant_space_use":"House/Townhouse","accessibility_rating":"0"}},{"type":"Feature","geometry":{"type":"Point","coordinates":[144.952261,-37.800902]},"properties":{"property_id":"102214","building_name":"Kooringa","street_address":"63 Courtney Street NORTH MELBOURNE VIC 3051","number_of_floors_above_ground":1,"predominant_space_use":"House/Townhouse","accessibility_rating":"0"}},{"type":"Feature","geometry":{"type":"Point","coordinates":[144.952025,-37.800762]},"properties":{"property_id":"102218","street_address":"71 Courtney Street NORTH MELBOURNE VIC 3051","number_of_floors_above_ground":1,"predominant_space_use":"House/Townhouse","accessibility_rating":"0"}},{"type":"Feature","geometry":{"type":"Point","coordinates":[144.951933,-37.800691]},"properties":{"property_id":"102220","building_name":"Monteith","street_address":"75 Courtney Street NORTH MELBOURNE VIC 3051","number_of_floors_above_ground":1,"predominant_space_use":"House/Townhouse","accessibility_rating":"0"}},{"type":"Feature","geometry":{"type":"Point","coordinates":[144.956227,-37.80164]},"properties":{"property_id":"100952","street_address":"39-43 Bedford Street NORTH MELBOURNE VIC 3051","number_of_floors_above_ground":3,"predominant_space_use":"House/Townhouse","accessibility_rating":"1","bicycle_spaces":0}},{"type":"Feature","geometry":{"type":"Point","coordinates":[144.954851,-37.802154]},"properties":{"property_id":"102240","street_address":"22-28 Courtney Street NORTH MELBOURNE VIC 3051","construction_year":"2021","number_of_floors_above_ground":5,"predominant_space_use":"Residential Apartment","accessibility_rating":"3","bicycle_spaces":52}},{"type":"Feature","geometry":{"type":"Point","coordinates":[144.955188,-37.802371]},"properties":{"property_id":"102241","building_name":"University Place","street_address":"10-20 Courtney Street NORTH MELBOURNE VIC 3051","number_of_floors_above_ground":4,"predominant_space_use":"Residential Apartment","accessibility_rating":"1","bicycle_spaces":0}},{"type":"Feature","geometry":{"type":"Point","coordinates":[144.956406,-37.801584]},"properties":{"property_id":"107519","street_address":"243 Peel Street NORTH MELBOURNE VIC 3051","construction_year":"1910","number_of_floors_above_ground":2,"predominant_space_use":"Retail - Shop","accessibility_rating":"1","bicycle_spaces":0}},{"type":"Feature","geometry":{"type":"Point","coordinates":[144.95473,-37.801258]},"properties":{"property_id":"101089","street_address":"9-11 Blackwood Street NORTH MELBOURNE VIC 3051","construction_year":"1920","number_of_floors_above_ground":2,"predominant_space_use":"Unoccupied - Unused","accessibility_rating":"1","bicycle_spaces":2}},{"type":"Feature","geometry":{"type":"Point","coordinates":[144.95517,-37.800322]},"properties":{"property_id":"103812","street_address":"37 Flemington Road NORTH MELBOURNE VIC 3051","construction_year":"1873","number_of_floors_above_ground":2,"predominant_space_use":"Entertainment/Recreation - Indoor","accessibility_rating":"2","bicycle_spaces":0}},{"type":"Feature","geometry":{"type":"Point","coordinates":[144.954977,-37.80015]},"properties":{"property_id":"103813","street_address":"39-45 Flemington Road NORTH MELBOURNE VIC 3051","construction_year":"1965","number_of_floors_above_ground":1,"predominant_space_use":"Retail - Shop","accessibility_rating":"3","bicycle_spaces":0}},{"type":"Feature","geometry":{"type":"Point","coordinates":[144.954633,-37.801131]},"properties":{"property_id":"109555","street_address":"2-4 Tyrone Street NORTH MELBOURNE VIC 3051","construction_year":"1932","number_of_floors_above_ground":1,"predominant_space_use":"Equipment Installation","accessibility_rating":"0","bicycle_spaces":0}},{"type":"Feature","geometry":{"type":"Point","coordinates":[144.954096,-37.799428]},"properties":{"property_id":"103815","street_address":"61-63 Flemington Road NORTH MELBOURNE VIC 3051","construction_year":"1920","number_of_floors_above_ground":1,"predominant_space_use":"Unoccupied - Unused","accessibility_rating":"3","bicycle_spaces":0}},{"type":"Feature","geometry":{"type":"Point","coordinates":[144.954,-37.799369]},"properties":{"property_id":"103816","street_address":"65-67 Flemington Road NORTH MELBOURNE VIC 3051","construction_year":"1910","number_of_floors_above_ground":2,"predominant_space_use":"Entertainment/Recreation - Indoor","accessibility_rating":"2","bicycle_spaces":0}},{"type":"Feature","geometry":{"type":"Point","coordinates":[144.953792,-37.799308]},"properties":{"property_id":"103817","street_address":"52-60 Villiers Street NORTH MELBOURNE VIC 3051","construction_year":"2019","number_of_floors_above_ground":14,"predominant_space_use":"Residential Apartment","accessibility_rating":"3","bicycle_spaces":100}},{"type":"Feature","geometry":{"type":"Point","coordinates":[144.953818,-37.799584]},"properties":{"property_id":"104822","building_name":"Sunshine","street_address":"3-11 High Street NORTH MELBOURNE VIC 3051","construction_year":"2011","number_of_floors_above_ground":8,"predominant_space_use":"Student Accommodation","accessibility_rating":"3","bicycle_spaces":0}},{"type":"Feature","geometry":{"type":"Point","coordinates":[144.953543,-37.799993]},"properties":{"property_id":"109599","street_address":"13-23 Vale Street NORTH MELBOURNE VIC 3051","construction_year":"1990","number_of_floors_above_ground":2,"predominant_space_use":"Office","accessibility_rating":"1","bicycle_spaces":0}},{"type":"Feature","geometry":{"type":"Point","coordinates":[144.953402,-37.799591]},"properties":{"property_id":"109863","street_address":"44 Villiers Street NORTH MELBOURNE VIC 3051","construction_year":"1901","number_of_floors_above_ground":1,"predominant_space_use":"Hospital/Clinic","accessibility_rating":"1","bicycle_spaces":0}},{"type":"Feature","geometry":{"type":"Point","coordinates":[144.95325,-37.799713]},"properties":{"property_id":"109864","street_address":"40-42 Villiers Street NORTH MELBOURNE VIC 3051","construction_year":"1890","number_of_floors_above_ground":2,"predominant_space_use":"Unoccupied - Unused","accessibility_rating":"1","bicycle_spaces":0}},{"type":"Feature","geometry":{"type":"Point","coordinates":[144.953118,-37.800066]},"properties":{"property_id":"109866","building_name":"Lort Smith Animal Hospital","street_address":"24-34 Villiers Street NORTH MELBOURNE VIC 3051","construction_year":"1935","number_of_floors_above_ground":2,"predominant_space_use":"Office","accessibility_rating":"3","bicycle_spaces":0}},{"type":"Feature","geometry":{"type":"Point","coordinates":[144.953205,-37.800766]},"properties":{"property_id":"110254","street_address":"3-9 Wreckyn Street NORTH MELBOURNE VIC 3051","construction_year":"1980","number_of_floors_above_ground":2,"predominant_space_use":"Office","accessibility_rating":"1","bicycle_spaces":0}},{"type":"Feature","geometry":{"type":"Point","coordinates":[144.953358,-37.800646]},"properties":{"property_id":"110256","street_address":"13 Wreckyn Street NORTH MELBOURNE VIC 3051","construction_year":"1950","number_of_floors_above_ground":1,"predominant_space_use":"Unoccupied - Unused","accessibility_rating":"1","bicycle_spaces":0}},{"type":"Feature","geometry":{"type":"Point","coordinates":[144.953583,-37.799691]},"properties":{"property_id":"533326","street_address":"20-24 Vale Street NORTH MELBOURNE VIC 3051","number_of_floors_above_ground":2,"predominant_space_use":"Retail - Shop","accessibility_rating":"3","bicycle_spaces":0}},{"type":"Feature","geometry":{"type":"Point","coordinates":[144.953101,-37.800491]},"properties":{"property_id":"573798","street_address":"11 Hotham Place NORTH MELBOURNE VIC 3051","construction_year":"2002","number_of_floors_above_ground":2,"predominant_space_use":"House/Townhouse","accessibility_rating":"0"}},{"type":"Feature","geometry":{"type":"Point","coordinates":[144.953197,-37.800413]},"properties":{"property_id":"573801","street_address":"17 Hotham Place NORTH MELBOURNE VIC 3051","construction_year":"2002","number_of_floors_above_ground":2,"predominant_space_use":"House/Townhouse","accessibility_rating":"0"}},{"type":"Feature","geometry":{"type":"Point","coordinates":[144.952731,-37.800659]},"properties":{"property_id":"580860","street_address":"66A Courtney Street NORTH MELBOURNE VIC 3051","construction_year":"2003","number_of_floors_above_ground":2,"predominant_space_use":"House/Townhouse","accessibility_rating":"0"}},{"type":"Feature","geometry":{"type":"Point","coordinates":[144.95276,-37.800683]},"properties":{"property_id":"580861","street_address":"66 Courtney Street NORTH MELBOURNE VIC 3051","construction_year":"2003","number_of_floors_above_ground":2,"predominant_space_use":"House/Townhouse","accessibility_rating":"0"}},{"type":"Feature","geometry":{"type":"Point","coordinates":[144.952844,-37.80076]},"properties":{"property_id":"596468","street_address":"1B Hotham Place NORTH MELBOURNE VIC 3051","number_of_floors_above_ground":1,"predominant_space_use":"House/Townhouse"}},{"type":"Feature","geometry":{"type":"Point","coordinates":[144.953001,-37.800567]},"properties":{"property_id":"623920","street_address":"5 Hotham Place NORTH MELBOURNE VIC 3051","construction_year":"2010","number_of_floors_above_ground":3,"predominant_space_use":"House/Townhouse","accessibility_rating":"1","bicycle_spaces":0}},{"type":"Feature","geometry":{"type":"Point","coordinates":[144.953672,-37.799755]},"properties":{"property_id":"633354","street_address":"1 High Street NORTH MELBOURNE VIC 3051","construction_year":"2011","number_of_floors_above_ground":4,"predominant_space_use":"House/Townhouse","accessibility_rating":"1","bicycle_spaces":0}},{"type":"Feature","geometry":{"type":"Point","coordinates":[144.947367,-37.805499]},"properties":{"property_id":"102334","street_address":"21 Curzon Street WEST MELBOURNE VIC 3003","number_of_floors_above_ground":1,"predominant_space_use":"House/Townhouse","accessibility_rating":"0"}},{"type":"Feature","geometry":{"type":"Point","coordinates":[144.947377,-37.805443]},"properties":{"property_id":"102335","street_address":"23 Curzon Street WEST MELBOURNE VIC 3003","number_of_floors_above_ground":1,"predominant_space_use":"House/Townhouse","accessibility_rating":"0"}},{"type":"Feature","geometry":{"type":"Point","coordinates":[144.945833,-37.805428]},"properties":{"property_id":"106606","street_address":"58 Miller Street WEST MELBOURNE VIC 3003","number_of_floors_above_ground":1,"predominant_space_use":"House/Townhouse","accessibility_rating":"0"}},{"type":"Feature","geometry":{"type":"Point","coordinates":[144.946013,-37.805446]},"properties":{"property_id":"106608","building_name":"Incoda","street_address":"48 Miller Street WEST MELBOURNE VIC 3003","number_of_floors_above_ground":1,"predominant_space_use":"House/Townhouse","accessibility_rating":"0"}},{"type":"Feature","geometry":{"type":"Point","coordinates":[144.946385,-37.805484]},"properties":{"property_id":"106611","street_address":"42 Miller Street WEST MELBOURNE VIC 3003","number_of_floors_above_ground":1,"predominant_space_use":"House/Townhouse","accessibility_rating":"0"}},{"type":"Feature","geometry":{"type":"Point","coordinates":[144.946799,-37.805527]},"properties":{"property_id":"106616","street_address":"24 Miller Street WEST MELBOURNE VIC 3003","number_of_floors_above_ground":1,"predominant_space_use":"House/Townhouse","accessibility_rating":"0"}},{"type":"Feature","geometry":{"type":"Point","coordinates":[144.947445,-37.805226]},"properties":{"property_id":"109723","street_address":"375-379 Victoria Street WEST MELBOURNE VIC 3003","construction_year":"1930","number_of_floors_above_ground":2,"predominant_space_use":"Residential Apartment","accessibility_rating":"1","bicycle_spaces":0}},{"type":"Feature","geometry":{"type":"Point","coordinates":[144.947156,-37.8052]},"properties":{"property_id":"109725","building_name":"Ennisvale","street_address":"383 Victoria Street WEST MELBOURNE VIC 3003","number_of_floors_above_ground":1,"predominant_space_use":"House/Townhouse","accessibility_rating":"0"}},{"type":"Feature","geometry":{"type":"Point","coordinates":[144.946973,-37.805182]},"properties":{"property_id":"109727","street_address":"387 Victoria Street WEST MELBOURNE VIC 3003","number_of_floors_above_ground":1,"predominant_space_use":"House/Townhouse","accessibility_rating":"0"}},{"type":"Feature","geometry":{"type":"Point","coordinates":[144.946666,-37.805154]},"properties":{"property_id":"109730","street_address":"393 Victoria Street WEST MELBOURNE VIC 3003","number_of_floors_above_ground":1,"predominant_space_use":"House/Townhouse","accessibility_rating":"0"}},{"type":"Feature","geometry":{"type":"Point","coordinates":[144.946114,-37.805102]},"properties":{"property_id":"109735","building_name":"Delmont","street_address":"425 Victoria Street WEST MELBOURNE VIC 3003","number_of_floors_above_ground":1,"predominant_space_use":"House/Townhouse","accessibility_rating":"0"}},{"type":"Feature","geometry":{"type":"Point","coordinates":[144.945905,-37.805082]},"properties":{"property_id":"109738","street_address":"431 Victoria Street WEST MELBOURNE VIC 3003","number_of_floors_above_ground":1,"predominant_space_use":"House/Townhouse","accessibility_rating":"0"}},{"type":"Feature","geometry":{"type":"Point","coordinates":[144.946208,-37.805234]},"properties":{"property_id":"639693","street_address":"45 Silk Place WEST MELBOURNE VIC 3003","construction_year":"2011","number_of_floors_above_ground":2,"predominant_space_use":"House/Townhouse","accessibility_rating":"0","bicycle_spaces":0}},{"type":"Feature","geometry":{"type":"Point","coordinates":[144.947208,-37.806346]},"properties":{"property_id":"102330","street_address":"7 Curzon Street WEST MELBOURNE VIC 3003","number_of_floors_above_ground":1,"predominant_space_use":"House/Townhouse","accessibility_rating":"0"}},{"type":"Feature","geometry":{"type":"Point","coordinates":[144.947369,-37.806169]},"properties":{"property_id":"106561","street_address":"1 Miller Street WEST MELBOURNE VIC 3003","number_of_floors_above_ground":2,"predominant_space_use":"House/Townhouse","accessibility_rating":"0"}},{"type":"Feature","geometry":{"type":"Point","coordinates":[144.947248,-37.806157]},"properties":{"property_id":"106564","street_address":"5 Miller Street WEST MELBOURNE VIC 3003","number_of_floors_above_ground":2,"predominant_space_use":"House/Townhouse","accessibility_rating":"0"}},{"type":"Feature","geometry":{"type":"Point","coordinates":[144.947189,-37.806151]},"properties":{"property_id":"106565","street_address":"7 Miller Street WEST MELBOURNE VIC 3003","number_of_floors_above_ground":2,"predominant_space_use":"House/Townhouse","accessibility_rating":"0"}},{"type":"Feature","geometry":{"type":"Point","coordinates":[144.947019,-37.806133]},"properties":{"property_id":"106568","street_address":"13 Miller Street WEST MELBOURNE VIC 3003","number_of_floors_above_ground":1,"predominant_space_use":"House/Townhouse","accessibility_rating":"0"}},{"type":"Feature","geometry":{"type":"Point","coordinates":[144.946425,-37.806118]},"properties":{"property_id":"106577","street_address":"33-35 Miller Street WEST MELBOURNE VIC 3003","number_of_floors_above_ground":1,"predominant_space_use":"House/Townhouse","accessibility_rating":"0"}},{"type":"Feature","geometry":{"type":"Point","coordinates":[144.946251,-37.806077]},"properties":{"property_id":"106580","street_address":"39-41 Miller Street WEST MELBOURNE VIC 3003","number_of_floors_above_ground":2,"predominant_space_use":"House/Townhouse","accessibility_rating":"0","bicycle_spaces":0}},{"type":"Feature","geometry":{"type":"Point","coordinates":[144.945978,-37.806024]},"properties":{"property_id":"106583","street_address":"51 Miller Street WEST MELBOURNE VIC 3003","number_of_floors_above_ground":1,"predominant_space_use":"House/Townhouse","accessibility_rating":"0"}},{"type":"Feature","geometry":{"type":"Point","coordinates":[144.945795,-37.805992]},"properties":{"property_id":"106586","street_address":"57 Miller Street WEST MELBOURNE VIC 3003","number_of_floors_above_ground":1,"predominant_space_use":"House/Townhouse","accessibility_rating":"0"}},{"type":"Feature","geometry":{"type":"Point","coordinates":[144.945673,-37.805971]},"properties":{"property_id":"106588","street_address":"61 Miller Street WEST MELBOURNE VIC 3003","number_of_floors_above_ground":1,"predominant_space_use":"House/Townhouse","accessibility_rating":"0"}},{"type":"Feature","geometry":{"type":"Point","coordinates":[144.94561,-37.806204]},"properties":{"property_id":"108906","street_address":"636 Spencer Street WEST MELBOURNE VIC 3003","number_of_floors_above_ground":1,"predominant_space_use":"House/Townhouse","accessibility_rating":"0"}},{"type":"Feature","geometry":{"type":"Point","coordinates":[144.945659,-37.806228]},"properties":{"property_id":"108907","street_address":"634 Spencer Street WEST MELBOURNE VIC 3003","number_of_floors_above_ground":1,"predominant_space_use":"House/Townhouse","accessibility_rating":"0"}},{"type":"Feature","geometry":{"type":"Point","coordinates":[144.945834,-37.806285]},"properties":{"property_id":"108910","street_address":"626 Spencer Street WEST MELBOURNE VIC 3003","number_of_floors_above_ground":1,"predominant_space_use":"House/Townhouse","accessibility_rating":"0"}},{"type":"Feature","geometry":{"type":"Point","coordinates":[144.945948,-37.806325]},"properties":{"property_id":"108912","street_address":"620-622 Spencer Street WEST MELBOURNE VIC 3003","number_of_floors_above_ground":1,"predominant_space_use":"House/Townhouse","accessibility_rating":"0"}},{"type":"Feature","geometry":{"type":"Point","coordinates":[144.946089,-37.806369]},"properties":{"property_id":"108914","street_address":"616 Spencer Street WEST MELBOURNE VIC 3003","number_of_floors_above_ground":1,"predominant_space_use":"House/Townhouse","accessibility_rating":"0"}},{"type":"Feature","geometry":{"type":"Point","coordinates":[144.946179,-37.806411]},"properties":{"property_id":"108916","street_address":"612 Spencer Street WEST MELBOURNE VIC 3003","number_of_floors_above_ground":1,"predominant_space_use":"House/Townhouse","accessibility_rating":"0"}},{"type":"Feature","geometry":{"type":"Point","coordinates":[144.946452,-37.806513]},"properties":{"property_id":"108920","street_address":"600 Spencer Street WEST MELBOURNE VIC 3003","number_of_floors_above_ground":2,"predominant_space_use":"House/Townhouse","accessibility_rating":"0"}},{"type":"Feature","geometry":{"type":"Point","coordinates":[144.946592,-37.806612]},"properties":{"property_id":"108923","street_address":"594 Spencer Street WEST MELBOURNE VIC 3003","number_of_floors_above_ground":2,"predominant_space_use":"House/Townhouse","accessibility_rating":"0"}},{"type":"Feature","geometry":{"type":"Point","coordinates":[144.946725,-37.806702]},"properties":{"property_id":"108927","building_name":"Annach Terrace","street_address":"588 Spencer Street WEST MELBOURNE VIC 3003","number_of_floors_above_ground":2,"predominant_space_use":"House/Townhouse","accessibility_rating":"0"}},{"type":"Feature","geometry":{"type":"Point","coordinates":[144.946971,-37.806826]},"properties":{"property_id":"108931","street_address":"580 Spencer Street WEST MELBOURNE VIC 3003","number_of_floors_above_ground":2,"predominant_space_use":"House/Townhouse","accessibility_rating":"0"}},{"type":"Feature","geometry":{"type":"Point","coordinates":[144.946094,-37.806047]},"properties":{"property_id":"523499","street_address":"45 Miller Street WEST MELBOURNE VIC 3003","number_of_floors_above_ground":1,"predominant_space_use":"House/Townhouse"}},{"type":"Feature","geometry":{"type":"Point","coordinates":[144.945997,-37.807626]},"properties":{"property_id":"104767","street_address":"58 Hawke Street WEST MELBOURNE VIC 3003","number_of_floors_above_ground":1,"predominant_space_use":"House/Townhouse","accessibility_rating":"0"}},{"type":"Feature","geometry":{"type":"Point","coordinates":[144.946146,-37.807458]},"properties":{"property_id":"104771","street_address":"48 Hawke Street WEST MELBOURNE VIC 3003","number_of_floors_above_ground":1,"predominant_space_use":"House/Townhouse","accessibility_rating":"0"}},{"type":"Feature","geometry":{"type":"Point","coordinates":[144.946211,-37.807413]},"properties":{"property_id":"104772","street_address":"44-46 Hawke Street WEST MELBOURNE VIC 3003","construction_year":"1901","number_of_floors_above_ground":2,"predominant_space_use":"House/Townhouse","accessibility_rating":"0","bicycle_spaces":0}},{"type":"Feature","geometry":{"type":"Point","coordinates":[144.946299,-37.807325]},"properties":{"property_id":"104773","street_address":"38-42 Hawke Street WEST MELBOURNE VIC 3003","construction_year":"1980","number_of_floors_above_ground":2,"predominant_space_use":"House/Townhouse","accessibility_rating":"0","bicycle_spaces":0}},{"type":"Feature","geometry":{"type":"Point","coordinates":[144.946316,-37.807084]},"properties":{"property_id":"108880","street_address":"593-597 Spencer Street WEST MELBOURNE VIC 3003","construction_year":"2010","number_of_floors_above_ground":2,"predominant_space_use":"Residential Apartment","accessibility_rating":"0","bicycle_spaces":0}},{"type":"Feature","geometry":{"type":"Point","coordinates":[144.945453,-37.808123]},"properties":{"property_id":"104759","street_address":"78 Hawke Street WEST MELBOURNE VIC 3003","number_of_floors_above_ground":2,"predominant_space_use":"House/Townhouse","accessibility_rating":"0"}},{"type":"Feature","geometry":{"type":"Point","coordinates":[144.945578,-37.808004]},"properties":{"property_id":"104762","street_address":"72 Hawke Street WEST MELBOURNE VIC 3003","construction_year":"1901","number_of_floors_above_ground":1,"predominant_space_use":"Entertainment/Recreation - Indoor","accessibility_rating":"2","bicycle_spaces":0}},{"type":"Feature","geometry":{"type":"Point","coordinates":[144.945653,-37.809026]},"properties":{"property_id":"100203","street_address":"193 Adderley Street WEST MELBOURNE VIC 3003","number_of_floors_above_ground":1,"predominant_space_use":"House/Townhouse","accessibility_rating":"0"}},{"type":"Feature","geometry":{"type":"Point","coordinates":[144.94557,-37.808966]},"properties":{"property_id":"100205","street_address":"197 Adderley Street WEST MELBOURNE VIC 3003","number_of_floors_above_ground":1,"predominant_space_use":"House/Townhouse","accessibility_rating":"0"}},{"type":"Feature","geometry":{"type":"Point","coordinates":[144.946625,-37.807842]},"properties":{"property_id":"104728","street_address":"109-115 Hawke Street WEST MELBOURNE VIC 3003","construction_year":"1920","number_of_floors_above_ground":3,"predominant_space_use":"Office","accessibility_rating":"1","bicycle_spaces":0}},{"type":"Feature","geometry":{"type":"Point","coordinates":[144.946479,-37.80798]},"properties":{"property_id":"104729","street_address":"117-125 Hawke Street WEST MELBOURNE VIC 3003","construction_year":"1922","number_of_floors_above_ground":2,"predominant_space_use":"Office","accessibility_rating":"1","bicycle_spaces":0}},{"type":"Feature","geometry":{"type":"Point","coordinates":[144.946382,-37.808064]},"properties":{"property_id":"104730","street_address":"127 Hawke Street WEST MELBOURNE VIC 3003","number_of_floors_above_ground":2,"predominant_space_use":"House/Townhouse","accessibility_rating":"0"}},{"type":"Feature","geometry":{"type":"Point","coordinates":[144.946301,-37.808348]},"properties":{"property_id":"108368","street_address":"164-170 Roden Street WEST MELBOURNE VIC 3003","number_of_floors_above_ground":1,"predominant_space_use":"Unoccupied - Under Construction","accessibility_rating":"0","bicycle_spaces":0}},{"type":"Feature","geometry":{"type":"Point","coordinates":[144.946707,-37.808244]},"properties":{"property_id":"108370","street_address":"156 Roden Street WEST MELBOURNE VIC 3003","construction_year":"1870","number_of_floors_above_ground":2,"predominant_space_use":"House/Townhouse","accessibility_rating":"0"}},{"type":"Feature","geometry":{"type":"Point","coordinates":[144.946748,-37.808212]},"properties":{"property_id":"108371","street_address":"154 Roden Street WEST MELBOURNE VIC 3003","number_of_floors_above_ground":2,"predominant_space_use":"House/Townhouse","accessibility_rating":"0"}},{"type":"Feature","geometry":{"type":"Point","coordinates":[144.946809,-37.808165]},"properties":{"property_id":"108372","street_address":"150-152 Roden Street WEST MELBOURNE VIC 3003","number_of_floors_above_ground":2,"predominant_space_use":"House/Townhouse","accessibility_rating":"0"}},{"type":"Feature","geometry":{"type":"Point","coordinates":[144.947047,-37.807955]},"properties":{"property_id":"108375","street_address":"136-140 Roden Street WEST MELBOURNE VIC 3003","construction_year":"1970","number_of_floors_above_ground":2,"predominant_space_use":"Storage","accessibility_rating":"1","bicycle_spaces":0}},{"type":"Feature","geometry":{"type":"Point","coordinates":[144.947176,-37.807926]},"properties":{"property_id":"108376","street_address":"132-134 Roden Street WEST MELBOURNE VIC 3003","number_of_floors_above_ground":2,"predominant_space_use":"House/Townhouse","accessibility_rating":"0"}},{"type":"Feature","geometry":{"type":"Point","coordinates":[144.948314,-37.806338]},"properties":{"property_id":"104715","street_address":"33 Hawke Street WEST MELBOURNE VIC 3003","number_of_floors_above_ground":1,"predominant_space_use":"House/Townhouse","accessibility_rating":"0"}},{"type":"Feature","geometry":{"type":"Point","coordinates":[144.948038,-37.80658]},"properties":{"property_id":"104722","street_address":"47 Hawke Street WEST MELBOURNE VIC 3003","number_of_floors_above_ground":2,"predominant_space_use":"House/Townhouse","accessibility_rating":"0"}},{"type":"Feature","geometry":{"type":"Point","coordinates":[144.949309,-37.806274]},"properties":{"property_id":"105350","street_address":"585 King Street WEST MELBOURNE VIC 3003","number_of_floors_above_ground":2,"predominant_space_use":"House/Townhouse","accessibility_rating":"0"}},{"type":"Feature","geometry":{"type":"Point","coordinates":[144.949071,-37.806151]},"properties":{"property_id":"105354","street_address":"595 King Street WEST MELBOURNE VIC 3003","number_of_floors_above_ground":2,"predominant_space_use":"House/Townhouse","accessibility_rating":"0"}},{"type":"Feature","geometry":{"type":"Point","coordinates":[144.948939,-37.806034]},"properties":{"property_id":"105356","street_address":"599-601 King Street WEST MELBOURNE VIC 3003","construction_year":"1875","number_of_floors_above_ground":2,"predominant_space_use":"House/Townhouse","accessibility_rating":"0","bicycle_spaces":0}},{"type":"Feature","geometry":{"type":"Point","coordinates":[144.94804,-37.807195]},"properties":{"property_id":"108378","street_address":"96 Roden Street WEST MELBOURNE VIC 3003","number_of_floors_above_ground":2,"predominant_space_use":"House/Townhouse","accessibility_rating":"0"}},{"type":"Feature","geometry":{"type":"Point","coordinates":[144.948146,-37.80711]},"properties":{"property_id":"108380","street_address":"92 Roden Street WEST MELBOURNE VIC 3003","number_of_floors_above_ground":2,"predominant_space_use":"House/Townhouse","accessibility_rating":"0"}},{"type":"Feature","geometry":{"type":"Point","coordinates":[144.948193,-37.807072]},"properties":{"property_id":"108381","street_address":"90 Roden Street WEST MELBOURNE VIC 3003","number_of_floors_above_ground":2,"predominant_space_use":"House/Townhouse","accessibility_rating":"0"}},{"type":"Feature","geometry":{"type":"Point","coordinates":[144.947901,-37.807338]},"properties":{"property_id":"108934","street_address":"550-558 Spencer Street WEST MELBOURNE VIC 3003","construction_year":"1950","number_of_floors_above_ground":1,"predominant_space_use":"Unoccupied - Unused","accessibility_rating":"3","bicycle_spaces":0}},{"type":"Feature","geometry":{"type":"Point","coordinates":[144.949085,-37.806474]},"properties":{"property_id":"110916","street_address":"52 Roden Street WEST MELBOURNE VIC 3003","number_of_floors_above_ground":1,"predominant_space_use":"House/Townhouse","accessibility_rating":"0"}},{"type":"Feature","geometry":{"type":"Point","coordinates":[144.948068,-37.805535]},"properties":{"property_id":"109722","street_address":"18-30B Curzon Street WEST MELBOURNE VIC 3003","construction_year":"2018","number_of_floors_above_ground":6,"predominant_space_use":"Residential Apartment","accessibility_rating":"0","bicycle_spaces":57}},{"type":"Feature","geometry":{"type":"Point","coordinates":[144.949962,-37.805466]},"properties":{"property_id":"109714","street_address":"345 Victoria Street WEST MELBOURNE VIC 3003","construction_year":"1887","number_of_floors_above_ground":2,"predominant_space_use":"Entertainment/Recreation - Indoor","accessibility_rating":"2","bicycle_spaces":0}},{"type":"Feature","geometry":{"type":"Point","coordinates":[144.94988,-37.805507]},"properties":{"property_id":"109715","building_name":"Victoria Buildings","street_address":"347 Victoria Street WEST MELBOURNE VIC 3003","construction_year":"1887","number_of_floors_above_ground":2,"predominant_space_use":"Retail - Shop","accessibility_rating":"2","bicycle_spaces":0}},{"type":"Feature","geometry":{"type":"Point","coordinates":[144.949793,-37.805394]},"properties":{"property_id":"109716","street_address":"349-351 Victoria Street WEST MELBOURNE VIC 3003","construction_year":"1880","number_of_floors_above_ground":2,"predominant_space_use":"Unoccupied - Unused","accessibility_rating":"1","bicycle_spaces":0}},{"type":"Feature","geometry":{"type":"Point","coordinates":[144.949678,-37.805389]},"properties":{"property_id":"109718","street_address":"355 Victoria Street WEST MELBOURNE VIC 3003","construction_year":"1930","number_of_floors_above_ground":2,"predominant_space_use":"Retail - Shop","accessibility_rating":"1","bicycle_spaces":0}},{"type":"Feature","geometry":{"type":"Point","coordinates":[144.951744,-37.806207]},"properties":{"property_id":"101915","street_address":"7 Chetwynd Street WEST MELBOURNE VIC 3003","number_of_floors_above_ground":1,"predominant_space_use":"House/Townhouse","accessibility_rating":"0","bicycle_spaces":0}},{"type":"Feature","geometry":{"type":"Point","coordinates":[144.951737,-37.806134]},"properties":{"property_id":"101916","street_address":"9 Chetwynd Street WEST MELBOURNE VIC 3003","number_of_floors_above_ground":2,"predominant_space_use":"House/Townhouse","accessibility_rating":"0"}},{"type":"Feature","geometry":{"type":"Point","coordinates":[144.95174,-37.806003]},"properties":{"property_id":"101917","building_name":"Cardini Motor Co.","street_address":"15-19 Chetwynd Street WEST MELBOURNE VIC 3003","construction_year":"1900","number_of_floors_above_ground":1,"predominant_space_use":"House/Townhouse","accessibility_rating":"0"}},{"type":"Feature","geometry":{"type":"Point","coordinates":[144.951845,-37.805901]},"properties":{"property_id":"101918","street_address":"21 Chetwynd Street WEST MELBOURNE VIC 3003","number_of_floors_above_ground":2,"predominant_space_use":"House/Townhouse","accessibility_rating":"0"}},{"type":"Feature","geometry":{"type":"Point","coordinates":[144.951864,-37.805856]},"properties":{"property_id":"101919","street_address":"23 Chetwynd Street WEST MELBOURNE VIC 3003","number_of_floors_above_ground":2,"predominant_space_use":"House/Townhouse","accessibility_rating":"0"}},{"type":"Feature","geometry":{"type":"Point","coordinates":[144.951093,-37.805717]},"properties":{"property_id":"103015","street_address":"38-40 Eades Place WEST MELBOURNE VIC 3003","construction_year":"1871","number_of_floors_above_ground":2,"predominant_space_use":"House/Townhouse","accessibility_rating":"0","bicycle_spaces":0}},{"type":"Feature","geometry":{"type":"Point","coordinates":[144.951367,-37.806205]},"properties":{"property_id":"103024","street_address":"16 Eades Place WEST MELBOURNE VIC 3003","number_of_floors_above_ground":2,"predominant_space_use":"House/Townhouse","accessibility_rating":"0"}},{"type":"Feature","geometry":{"type":"Point","coordinates":[144.951861,-37.805658]},"properties":{"property_id":"109701","street_address":"283 Victoria Street WEST MELBOURNE VIC 3003","construction_year":"1881","number_of_floors_above_ground":2,"predominant_space_use":"Hospital/Clinic","accessibility_rating":"3","bicycle_spaces":0}},{"type":"Feature","geometry":{"type":"Point","coordinates":[144.95121,-37.805579]},"properties":{"property_id":"109707","street_address":"309 Victoria Street WEST MELBOURNE VIC 3003","construction_year":"1901","number_of_floors_above_ground":2,"predominant_space_use":"Unoccupied - Unused","accessibility_rating":"3","bicycle_spaces":0}},{"type":"Feature","geometry":{"type":"Point","coordinates":[144.951147,-37.805571]},"properties":{"property_id":"109708","street_address":"311 Victoria Street WEST MELBOURNE VIC 3003","construction_year":"1901","number_of_floors_above_ground":1,"predominant_space_use":"Retail - Shop","accessibility_rating":"3","bicycle_spaces":0}},{"type":"Feature","geometry":{"type":"Point","coordinates":[144.951093,-37.805568]},"properties":{"property_id":"109709","street_address":"313 Victoria Street WEST MELBOURNE VIC 3003","construction_year":"1901","number_of_floors_above_ground":2,"predominant_space_use":"Entertainment/Recreation - Indoor","accessibility_rating":"2","bicycle_spaces":0}},{"type":"Feature","geometry":{"type":"Point","coordinates":[144.951048,-37.805568]},"properties":{"property_id":"109710","street_address":"315 Victoria Street WEST MELBOURNE VIC 3003","construction_year":"1901","number_of_floors_above_ground":2,"predominant_space_use":"Entertainment/Recreation - Indoor","accessibility_rating":"1","bicycle_spaces":0}},{"type":"Feature","geometry":{"type":"Point","coordinates":[144.950286,-37.807107]},"properties":{"property_id":"105343","building_name":"Cadell House","street_address":"545-547 King Street WEST MELBOURNE VIC 3003","construction_year":"1990","number_of_floors_above_ground":3,"predominant_space_use":"Office","accessibility_rating":"1","bicycle_spaces":0}},{"type":"Feature","geometry":{"type":"Point","coordinates":[144.950135,-37.806958]},"properties":{"property_id":"105345","street_address":"555 King Street WEST MELBOURNE VIC 3003","construction_year":"1880","number_of_floors_above_ground":2,"predominant_space_use":"House/Townhouse","accessibility_rating":"1","bicycle_spaces":0}},{"type":"Feature","geometry":{"type":"Point","coordinates":[144.949773,-37.807023]},"properties":{"property_id":"105347","street_address":"559-577 King Street WEST MELBOURNE VIC 3003","construction_year":"1970","number_of_floors_above_ground":1,"predominant_space_use":"Retail - Cars","accessibility_rating":"1","bicycle_spaces":0}},{"type":"Feature","geometry":{"type":"Point","coordinates":[144.94696,-37.808813]},"properties":{"property_id":"108348","street_address":"163-165 Roden Street WEST MELBOURNE VIC 3003","number_of_floors_above_ground":1,"predominant_space_use":"House/Townhouse","accessibility_rating":"0"}},{"type":"Feature","geometry":{"type":"Point","coordinates":[144.948006,-37.808315]},"properties":{"property_id":"108869","street_address":"527-531 Spencer Street WEST MELBOURNE VIC 3003","construction_year":"1930","number_of_floors_above_ground":1,"predominant_space_use":"Office","accessibility_rating":"3","bicycle_spaces":0}},{"type":"Feature","geometry":{"type":"Point","coordinates":[144.947039,-37.80922]},"properties":{"property_id":"109040","street_address":"174-176 Stanley Street WEST MELBOURNE VIC 3003","number_of_floors_above_ground":2,"predominant_space_use":"House/Townhouse","accessibility_rating":"0"}},{"type":"Feature","geometry":{"type":"Point","coordinates":[144.947093,-37.809185]},"properties":{"property_id":"109041","street_address":"172 Stanley Street WEST MELBOURNE VIC 3003","construction_year":"1960","number_of_floors_above_ground":2,"predominant_space_use":"Office","accessibility_rating":"1","bicycle_spaces":0}},{"type":"Feature","geometry":{"type":"Point","coordinates":[144.94717,-37.809045]},"properties":{"property_id":"109042","street_address":"162-170 Stanley Street WEST MELBOURNE VIC 3003","construction_year":"2014","number_of_floors_above_ground":4,"predominant_space_use":"Residential Apartment","accessibility_rating":"0","bicycle_spaces":0}},{"type":"Feature","geometry":{"type":"Point","coordinates":[144.947348,-37.808934]},"properties":{"property_id":"109043","street_address":"154-160 Stanley Street WEST MELBOURNE VIC 3003","construction_year":"1930","number_of_floors_above_ground":1,"predominant_space_use":"Storage","accessibility_rating":"1","bicycle_spaces":0}},{"type":"Feature","geometry":{"type":"Point","coordinates":[144.94746,-37.808862]},"properties":{"property_id":"109044","street_address":"150-152 Stanley Street WEST MELBOURNE VIC 3003","construction_year":"1930","number_of_floors_above_ground":1,"predominant_space_use":"Unoccupied - Unused","accessibility_rating":"2","bicycle_spaces":0}},{"type":"Feature","geometry":{"type":"Point","coordinates":[144.947593,-37.808776]},"properties":{"property_id":"109045","street_address":"142-148 Stanley Street WEST MELBOURNE VIC 3003","construction_year":"1950","number_of_floors_above_ground":1,"predominant_space_use":"Wholesale","accessibility_rating":"1","bicycle_spaces":0}},{"type":"Feature","geometry":{"type":"Point","coordinates":[144.946805,-37.809362]},"properties":{"property_id":"558176","street_address":"158 Adderley Street WEST MELBOURNE VIC 3003","construction_year":"2000","number_of_floors_above_ground":3,"predominant_space_use":"House/Townhouse","accessibility_rating":"0","bicycle_spaces":0}},{"type":"Feature","geometry":{"type":"Point","coordinates":[144.94677,-37.809331]},"properties":{"property_id":"558177","street_address":"160 Adderley Street WEST MELBOURNE VIC 3003","construction_year":"2000","number_of_floors_above_ground":3,"predominant_space_use":"House/Townhouse","accessibility_rating":"0","bicycle_spaces":0}},{"type":"Feature","geometry":{"type":"Point","coordinates":[144.946363,-37.809613]},"properties":{"property_id":"100196","street_address":"161-167 Adderley Street WEST MELBOURNE VIC 3003","construction_year":"1940","number_of_floors_above_ground":1,"predominant_space_use":"Workshop/Studio","accessibility_rating":"1","bicycle_spaces":0}},{"type":"Feature","geometry":{"type":"Point","coordinates":[144.946191,-37.80947]},"properties":{"property_id":"100198","street_address":"173-175 Adderley Street WEST MELBOURNE VIC 3003","number_of_floors_above_ground":1,"predominant_space_use":"House/Townhouse","accessibility_rating":"0"}},{"type":"Feature","geometry":{"type":"Point","coordinates":[144.945959,-37.809526]},"properties":{"property_id":"108354","street_address":"197 Roden Street WEST MELBOURNE VIC 3003","construction_year":"1900","number_of_floors_above_ground":2,"predominant_space_use":"House/Townhouse","accessibility_rating":"0"}},{"type":"Feature","geometry":{"type":"Point","coordinates":[144.945917,-37.809557]},"properties":{"property_id":"108355","street_address":"199 Roden Street WEST MELBOURNE VIC 3003","number_of_floors_above_ground":2,"predominant_space_use":"House/Townhouse","accessibility_rating":"0"}},{"type":"Feature","geometry":{"type":"Point","coordinates":[144.945831,-37.80962]},"properties":{"property_id":"108357","street_address":"203 Roden Street WEST MELBOURNE VIC 3003","number_of_floors_above_ground":1,"predominant_space_use":"House/Townhouse","accessibility_rating":"0"}},{"type":"Feature","geometry":{"type":"Point","coordinates":[144.94622,-37.809693]},"properties":{"property_id":"109038","street_address":"200 Stanley Street WEST MELBOURNE VIC 3003","number_of_floors_above_ground":1,"predominant_space_use":"House/Townhouse","accessibility_rating":"0"}},{"type":"Feature","geometry":{"type":"Point","coordinates":[144.946787,-37.810103]},"properties":{"property_id":"100195","street_address":"137-157 Adderley Street WEST MELBOURNE VIC 3003","construction_year":"1950","number_of_floors_above_ground":2,"predominant_space_use":"Unoccupied - Unused","accessibility_rating":"1","bicycle_spaces":0}},{"type":"Feature","geometry":{"type":"Point","coordinates":[144.946489,-37.810399]},"properties":{"property_id":"108421","street_address":"260-262 Rosslyn Street WEST MELBOURNE VIC 3003","construction_year":"1920","number_of_floors_above_ground":1,"predominant_space_use":"Unoccupied - Unused","accessibility_rating":"1","bicycle_spaces":0}},{"type":"Feature","geometry":{"type":"Point","coordinates":[144.946072,-37.810368]},"properties":{"property_id":"109020","street_address":"191 Stanley Street WEST MELBOURNE VIC 3003","number_of_floors_above_ground":2,"predominant_space_use":"House/Townhouse","accessibility_rating":"0"}},{"type":"Feature","geometry":{"type":"Point","coordinates":[144.947308,-37.809791]},"properties":{"property_id":"100242","street_address":"142 Adderley Street WEST MELBOURNE VIC 3003","number_of_floors_above_ground":2,"predominant_space_use":"House/Townhouse","accessibility_rating":"0"}},{"type":"Feature","geometry":{"type":"Point","coordinates":[144.947363,-37.809872]},"properties":{"property_id":"100244","street_address":"138 Adderley Street WEST MELBOURNE VIC 3003","construction_year":"2010","number_of_floors_above_ground":3,"predominant_space_use":"House/Townhouse","accessibility_rating":"0","bicycle_spaces":0}},{"type":"Feature","geometry":{"type":"Point","coordinates":[144.948901,-37.809256]},"properties":{"property_id":"108857","building_name":"Alessi Apartments","street_address":"162-174 Rosslyn Street WEST MELBOURNE VIC 3003","construction_year":"2014","number_of_floors_above_ground":6,"predominant_space_use":"Residential Apartment","accessibility_rating":"1","bicycle_spaces":16}},{"type":"Feature","geometry":{"type":"Point","coordinates":[144.948901,-37.809114]},"properties":{"property_id":"108858","street_address":"487-489 Spencer Street WEST MELBOURNE VIC 3003","number_of_floors_above_ground":1,"predominant_space_use":"Unoccupied - Unused","accessibility_rating":"1","bicycle_spaces":0}},{"type":"Feature","geometry":{"type":"Point","coordinates":[144.948857,-37.809065]},"properties":{"property_id":"108859","street_address":"491 Spencer Street WEST MELBOURNE VIC 3003","construction_year":"1885","number_of_floors_above_ground":3,"predominant_space_use":"Office","accessibility_rating":"1","bicycle_spaces":0}},{"type":"Feature","geometry":{"type":"Point","coordinates":[144.948711,-37.809137]},"properties":{"property_id":"108860","street_address":"493 Spencer Street WEST MELBOURNE VIC 3003","construction_year":"1888","number_of_floors_above_ground":2,"predominant_space_use":"Office","accessibility_rating":"1","bicycle_spaces":0}},{"type":"Feature","geometry":{"type":"Point","coordinates":[144.948703,-37.808948]},"properties":{"property_id":"108862","street_address":"499-501 Spencer Street WEST MELBOURNE VIC 3003","construction_year":"1901","number_of_floors_above_ground":3,"predominant_space_use":"Residential Apartment","accessibility_rating":"3","bicycle_spaces":0}},{"type":"Feature","geometry":{"type":"Point","coordinates":[144.948678,-37.808884]},"properties":{"property_id":"108863","street_address":"503 Spencer Street WEST MELBOURNE VIC 3003","construction_year":"1910","number_of_floors_above_ground":1,"predominant_space_use":"Unoccupied - Unused","accessibility_rating":"2","bicycle_spaces":0}},{"type":"Feature","geometry":{"type":"Point","coordinates":[144.948587,-37.808786]},"properties":{"property_id":"108865","street_address":"509 Spencer Street WEST MELBOURNE VIC 3003","construction_year":"1901","number_of_floors_above_ground":2,"predominant_space_use":"Unoccupied - Unused","accessibility_rating":"1","bicycle_spaces":0}},{"type":"Feature","geometry":{"type":"Point","coordinates":[144.948421,-37.808987]},"properties":{"property_id":"109008","street_address":"97 Stanley Street WEST MELBOURNE VIC 3003","number_of_floors_above_ground":1,"predominant_space_use":"House/Townhouse","accessibility_rating":"0"}},{"type":"Feature","geometry":{"type":"Point","coordinates":[144.948289,-37.809006]},"properties":{"property_id":"109010","street_address":"101 Stanley Street WEST MELBOURNE VIC 3003","number_of_floors_above_ground":1,"predominant_space_use":"House/Townhouse","accessibility_rating":"0"}},{"type":"Feature","geometry":{"type":"Point","coordinates":[144.948409,-37.809141]},"properties":{"property_id":"109011","street_address":"15 McKendrick Lane WEST MELBOURNE VIC 3003","construction_year":"2003","number_of_floors_above_ground":3,"predominant_space_use":"House/Townhouse","accessibility_rating":"0"}},{"type":"Feature","geometry":{"type":"Point","coordinates":[144.948249,-37.809266]},"properties":{"property_id":"109012","street_address":"103-113 Stanley Street WEST MELBOURNE VIC 3003","construction_year":"1950","number_of_floors_above_ground":2,"predominant_space_use":"Manufacturing","accessibility_rating":"1","bicycle_spaces":6}},{"type":"Feature","geometry":{"type":"Point","coordinates":[144.950154,-37.80855]},"properties":{"property_id":"108426","street_address":"124 Rosslyn Street WEST MELBOURNE VIC 3003","construction_year":"1865","number_of_floors_above_ground":2,"predominant_space_use":"House/Townhouse","accessibility_rating":"0"}},{"type":"Feature","geometry":{"type":"Point","coordinates":[144.949094,-37.808542]},"properties":{"property_id":"108938","street_address":"504 Spencer Street WEST MELBOURNE VIC 3003","construction_year":"1901","number_of_floors_above_ground":2,"predominant_space_use":"Unoccupied - Unused","accessibility_rating":"1","bicycle_spaces":0}},{"type":"Feature","geometry":{"type":"Point","coordinates":[144.949257,-37.808623]},"properties":{"property_id":"108940","street_address":"496-500 Spencer Street WEST MELBOURNE VIC 3003","construction_year":"1990","number_of_floors_above_ground":2,"predominant_space_use":"Educational/Research","accessibility_rating":"1","bicycle_spaces":0}},{"type":"Feature","geometry":{"type":"Point","coordinates":[144.949769,-37.808734]},"properties":{"property_id":"108942","street_address":"478-486 Spencer Street WEST MELBOURNE VIC 3003","construction_year":"1960","number_of_floors_above_ground":3,"predominant_space_use":"Storage","accessibility_rating":"1","bicycle_spaces":0}},{"type":"Feature","geometry":{"type":"Point","coordinates":[144.95026,-37.807809]},"properties":{"property_id":"108999","street_address":"21-23 Stanley Street WEST MELBOURNE VIC 3003","construction_year":"1960","number_of_floors_above_ground":1,"predominant_space_use":"Retail - Shop","accessibility_rating":"3","bicycle_spaces":0}},{"type":"Feature","geometry":{"type":"Point","coordinates":[144.950232,-37.808031]},"properties":{"property_id":"109001","street_address":"31-47 Stanley Street WEST MELBOURNE VIC 3003","construction_year":"1920","number_of_floors_above_ground":3,"predominant_space_use":"Workshop/Studio","accessibility_rating":"3","bicycle_spaces":0}},{"type":"Feature","geometry":{"type":"Point","coordinates":[144.949792,-37.808214]},"properties":{"property_id":"109002","street_address":"49-59 Stanley Street WEST MELBOURNE VIC 3003","construction_year":"1990","number_of_floors_above_ground":2,"predominant_space_use":"Unoccupied - Unused","accessibility_rating":"1","bicycle_spaces":0}},{"type":"Feature","geometry":{"type":"Point","coordinates":[144.949329,-37.808765]},"properties":{"property_id":"530926","street_address":"Suite 3-4, 490 Spencer Street WEST MELBOURNE VIC 3003","construction_year":"1988","number_of_floors_above_ground":2,"predominant_space_use":"Office","accessibility_rating":"1","bicycle_spaces":0}},{"type":"Feature","geometry":{"type":"Point","coordinates":[144.952488,-37.806407]},"properties":{"property_id":"101961","street_address":"66 Chetwynd Street WEST MELBOURNE VIC 3003","number_of_floors_above_ground":1,"predominant_space_use":"House/Townhouse","accessibility_rating":"0"}},{"type":"Feature","geometry":{"type":"Point","coordinates":[144.952509,-37.806439]},"properties":{"property_id":"101962","street_address":"64 Chetwynd Street WEST MELBOURNE VIC 3003","number_of_floors_above_ground":1,"predominant_space_use":"House/Townhouse","accessibility_rating":"0"}},{"type":"Feature","geometry":{"type":"Point","coordinates":[144.952483,-37.806515]},"properties":{"property_id":"101963","street_address":"62 Chetwynd Street WEST MELBOURNE VIC 3003","number_of_floors_above_ground":1,"predominant_space_use":"House/Townhouse","accessibility_rating":"0"}},{"type":"Feature","geometry":{"type":"Point","coordinates":[144.952385,-37.807081]},"properties":{"property_id":"101966","building_name":"Norwellan House","street_address":"30-44 Chetwynd Street WEST MELBOURNE VIC 3003","construction_year":"2003","number_of_floors_above_ground":5,"predominant_space_use":"Residential Apartment","accessibility_rating":"3","bicycle_spaces":0}},{"type":"Feature","geometry":{"type":"Point","coordinates":[144.95216,-37.807404]},"properties":{"property_id":"101968","building_name":"\"Parkview\"","street_address":"22 Chetwynd Street WEST MELBOURNE VIC 3003","number_of_floors_above_ground":1,"predominant_space_use":"House/Townhouse","accessibility_rating":"0"}},{"type":"Feature","geometry":{"type":"Point","coordinates":[144.952045,-37.807645]},"properties":{"property_id":"101971","street_address":"12 Chetwynd Street WEST MELBOURNE VIC 3003","number_of_floors_above_ground":1,"predominant_space_use":"House/Townhouse","accessibility_rating":"0"}},{"type":"Feature","geometry":{"type":"Point","coordinates":[144.952453,-37.807473]},"properties":{"property_id":"108442","building_name":"James Harrison House","street_address":"52-54 Rosslyn Street WEST MELBOURNE VIC 3003","construction_year":"1970","number_of_floors_above_ground":4,"predominant_space_use":"Office","accessibility_rating":"3","bicycle_spaces":0}},{"type":"Feature","geometry":{"type":"Point","coordinates":[144.952894,-37.807264]},"properties":{"property_id":"108444","street_address":"22-40 Rosslyn Street WEST MELBOURNE VIC 3003","construction_year":"1932","number_of_floors_above_ground":3,"predominant_space_use":"Office","accessibility_rating":"2","bicycle_spaces":2}},{"type":"Feature","geometry":{"type":"Point","coordinates":[144.954701,-37.806421]},"properties":{"property_id":"101522","street_address":"71-75 Capel Street WEST MELBOURNE VIC 3003","construction_year":"1960","number_of_floors_above_ground":2,"predominant_space_use":"Storage","accessibility_rating":"1","bicycle_spaces":0}},{"type":"Feature","geometry":{"type":"Point","coordinates":[144.954541,-37.806175]},"properties":{"property_id":"101526","street_address":"83A Capel Street WEST MELBOURNE VIC 3003","number_of_floors_above_ground":3,"predominant_space_use":"House/Townhouse","accessibility_rating":"0"}},{"type":"Feature","geometry":{"type":"Point","coordinates":[144.954915,-37.805982]},"properties":{"property_id":"109685","street_address":"193-195 Victoria Street WEST MELBOURNE VIC 3003","construction_year":"1901","number_of_floors_above_ground":2,"predominant_space_use":"Office","accessibility_rating":"1","bicycle_spaces":0}},{"type":"Feature","geometry":{"type":"Point","coordinates":[144.95446,-37.805956]},"properties":{"property_id":"109691","street_address":"209 Victoria Street WEST MELBOURNE VIC 3003","construction_year":"1901","number_of_floors_above_ground":2,"predominant_space_use":"Retail - Shop","accessibility_rating":"2","bicycle_spaces":0}},{"type":"Feature","geometry":{"type":"Point","coordinates":[144.954299,-37.805918]},"properties":{"property_id":"109693","street_address":"213 Victoria Street WEST MELBOURNE VIC 3003","construction_year":"1901","number_of_floors_above_ground":2,"predominant_space_use":"Retail - Shop","accessibility_rating":"3","bicycle_spaces":0}},{"type":"Feature","geometry":{"type":"Point","coordinates":[144.954099,-37.805906]},"properties":{"property_id":"109696","street_address":"221 Victoria Street WEST MELBOURNE VIC 3003","construction_year":"1865","number_of_floors_above_ground":2,"predominant_space_use":"Educational/Research","accessibility_rating":"3","bicycle_spaces":0}},{"type":"Feature","geometry":{"type":"Point","coordinates":[144.954045,-37.8059]},"properties":{"property_id":"109697","street_address":"223 Victoria Street WEST MELBOURNE VIC 3003","construction_year":"1910","number_of_floors_above_ground":2,"predominant_space_use":"Entertainment/Recreation - Indoor","accessibility_rating":"3","bicycle_spaces":0}},{"type":"Feature","geometry":{"type":"Point","coordinates":[144.95396,-37.805872]},"properties":{"property_id":"109698","street_address":"225-229 Victoria Street WEST MELBOURNE VIC 3003","construction_year":"1870","number_of_floors_above_ground":2,"predominant_space_use":"Entertainment/Recreation - Indoor","accessibility_rating":"1","bicycle_spaces":0}},{"type":"Feature","geometry":{"type":"Point","coordinates":[144.954262,-37.806215]},"properties":{"property_id":"110120","street_address":"480 William Street WEST MELBOURNE VIC 3003","number_of_floors_above_ground":2,"predominant_space_use":"House/Townhouse","accessibility_rating":"0"}},{"type":"Feature","geometry":{"type":"Point","coordinates":[144.954303,-37.806327]},"properties":{"property_id":"110122","street_address":"474-476 William Street WEST MELBOURNE VIC 3003","construction_year":"1900","number_of_floors_above_ground":2,"predominant_space_use":"House/Townhouse","accessibility_rating":"0"}},{"type":"Feature","geometry":{"type":"Point","coordinates":[144.954438,-37.806736]},"properties":{"property_id":"110127","building_name":"Walnut Tree Apartments","street_address":"Walnut Tree Apartments 456-460 William Street WEST MELBOURNE VIC 3003","construction_year":"2000","number_of_floors_above_ground":4,"predominant_space_use":"Residential Apartment","accessibility_rating":"1","bicycle_spaces":0}},{"type":"Feature","geometry":{"type":"Point","coordinates":[144.95463,-37.807203]},"properties":{"property_id":"110134","street_address":"436 William Street WEST MELBOURNE VIC 3003","construction_year":"1860","number_of_floors_above_ground":3,"predominant_space_use":"House/Townhouse","accessibility_rating":"1","bicycle_spaces":0}},{"type":"Feature","geometry":{"type":"Point","coordinates":[144.954653,-37.807386]},"properties":{"property_id":"110136","street_address":"428-430 William Street WEST MELBOURNE VIC 3003","construction_year":"1980","number_of_floors_above_ground":4,"predominant_space_use":"Unoccupied - Unused","accessibility_rating":"1","bicycle_spaces":0}},{"type":"Feature","geometry":{"type":"Point","coordinates":[144.955322,-37.806464]},"properties":{"property_id":"101563","street_address":"66-78 Capel Street WEST MELBOURNE VIC 3003","construction_year":"1990","number_of_floors_above_ground":2,"predominant_space_use":"House/Townhouse","accessibility_rating":"1","bicycle_spaces":0}},{"type":"Feature","geometry":{"type":"Point","coordinates":[144.95529,-37.806698]},"properties":{"property_id":"101565","street_address":"62 Capel Street WEST MELBOURNE VIC 3003","number_of_floors_above_ground":2,"predominant_space_use":"House/Townhouse","accessibility_rating":"0"}},{"type":"Feature","geometry":{"type":"Point","coordinates":[144.955188,-37.807234]},"properties":{"property_id":"101568","building_name":"Isabella","street_address":"38 Capel Street WEST MELBOURNE VIC 3003","number_of_floors_above_ground":1,"predominant_space_use":"House/Townhouse","accessibility_rating":"0"}},{"type":"Feature","geometry":{"type":"Point","coordinates":[144.955165,-37.807276]},"properties":{"property_id":"101569","building_name":"Florence","street_address":"36 Capel Street WEST MELBOURNE VIC 3003","number_of_floors_above_ground":1,"predominant_space_use":"House/Townhouse","accessibility_rating":"0"}},{"type":"Feature","geometry":{"type":"Point","coordinates":[144.955139,-37.807548]},"properties":{"property_id":"101573","street_address":"22 Capel Street WEST MELBOURNE VIC 3003","number_of_floors_above_ground":2,"predominant_space_use":"House/Townhouse","accessibility_rating":"0"}},{"type":"Feature","geometry":{"type":"Point","coordinates":[144.955127,-37.80766]},"properties":{"property_id":"101575","street_address":"18 Capel Street WEST MELBOURNE VIC 3003","construction_year":"1870","number_of_floors_above_ground":2,"predominant_space_use":"House/Townhouse","accessibility_rating":"0"}},{"type":"Feature","geometry":{"type":"Point","coordinates":[144.955146,-37.807722]},"properties":{"property_id":"101576","street_address":"16 Capel Street WEST MELBOURNE VIC 3003","number_of_floors_above_ground":2,"predominant_space_use":"House/Townhouse","accessibility_rating":"1","bicycle_spaces":0}},{"type":"Feature","geometry":{"type":"Point","coordinates":[144.955294,-37.808199]},"properties":{"property_id":"102978","street_address":"2 Dudley Street WEST MELBOURNE VIC 3003","number_of_floors_above_ground":2,"predominant_space_use":"House/Townhouse","accessibility_rating":"0"}},{"type":"Feature","geometry":{"type":"Point","coordinates":[144.95504,-37.808151]},"properties":{"property_id":"110137","street_address":"426 William Street WEST MELBOURNE VIC 3003","construction_year":"1901","number_of_floors_above_ground":1,"predominant_space_use":"Retail - Shop","accessibility_rating":"1","bicycle_spaces":0}},{"type":"Feature","geometry":{"type":"Point","coordinates":[144.95548,-37.8069]},"properties":{"property_id":"111444","street_address":"55 Peel Street WEST MELBOURNE VIC 3003","construction_year":"1901","number_of_floors_above_ground":2,"predominant_space_use":"Unoccupied - Unused","accessibility_rating":"1","bicycle_spaces":0}},{"type":"Feature","geometry":{"type":"Point","coordinates":[144.954194,-37.808175]},"properties":{"property_id":"535387","street_address":"13 Walsh Street WEST MELBOURNE VIC 3003","construction_year":"1995","number_of_floors_above_ground":4,"predominant_space_use":"House/Townhouse","accessibility_rating":"0","bicycle_spaces":0}},{"type":"Feature","geometry":{"type":"Point","coordinates":[144.954247,-37.808159]},"properties":{"property_id":"535388","street_address":"11 Walsh Street WEST MELBOURNE VIC 3003","number_of_floors_above_ground":4,"predominant_space_use":"House/Townhouse","accessibility_rating":"0","bicycle_spaces":0}},{"type":"Feature","geometry":{"type":"Point","coordinates":[144.953986,-37.807889]},"properties":{"property_id":"106680","street_address":"24-28 Milton Street WEST MELBOURNE VIC 3003","construction_year":"1901","number_of_floors_above_ground":2,"predominant_space_use":"House/Townhouse","accessibility_rating":"1","bicycle_spaces":0}},{"type":"Feature","geometry":{"type":"Point","coordinates":[144.954254,-37.807814]},"properties":{"property_id":"110111","building_name":"Royal Standard Hotel","street_address":"Royal Standard Hotel 333-337 William Street WEST MELBOURNE VIC 3003","construction_year":"1865","number_of_floors_above_ground":2,"predominant_space_use":"Entertainment/Recreation - Indoor","accessibility_rating":"1","bicycle_spaces":2}},{"type":"Feature","geometry":{"type":"Point","coordinates":[144.9542,-37.807708]},"properties":{"property_id":"110112","street_address":"339-341 William Street WEST MELBOURNE VIC 3003","construction_year":"1980","number_of_floors_above_ground":2,"predominant_space_use":"Office","accessibility_rating":"1","bicycle_spaces":0}},{"type":"Feature","geometry":{"type":"Point","coordinates":[144.954078,-37.807625]},"properties":{"property_id":"535400","street_address":"345 William Street WEST MELBOURNE VIC 3003","construction_year":"2001","number_of_floors_above_ground":2,"predominant_space_use":"House/Townhouse","accessibility_rating":"0"}},{"type":"Feature","geometry":{"type":"Point","coordinates":[144.95414,-37.807555]},"properties":{"property_id":"535401","street_address":"347 William Street WEST MELBOURNE VIC 3003","construction_year":"2001","number_of_floors_above_ground":2,"predominant_space_use":"House/Townhouse","accessibility_rating":"0"}},{"type":"Feature","geometry":{"type":"Point","coordinates":[144.952277,-37.808184]},"properties":{"property_id":"105366","street_address":"364 King Street WEST MELBOURNE VIC 3003","number_of_floors_above_ground":2,"predominant_space_use":"House/Townhouse","accessibility_rating":"0"}},{"type":"Feature","geometry":{"type":"Point","coordinates":[144.952363,-37.808319]},"properties":{"property_id":"105367","street_address":"356-362 King Street WEST MELBOURNE VIC 3003","construction_year":"1870","number_of_floors_above_ground":2,"predominant_space_use":"Commercial Accommodation","accessibility_rating":"1","bicycle_spaces":0}},{"type":"Feature","geometry":{"type":"Point","coordinates":[144.952465,-37.808044]},"properties":{"property_id":"108406","street_address":"67 Rosslyn Street WEST MELBOURNE VIC 3003","construction_year":"1901","number_of_floors_above_ground":1,"predominant_space_use":"Hospital/Clinic","accessibility_rating":"1","bicycle_spaces":0}},{"type":"Feature","geometry":{"type":"Point","coordinates":[144.952537,-37.808263]},"properties":{"property_id":"109947","building_name":"Residential","street_address":"62 Walsh Street WEST MELBOURNE VIC 3003","number_of_floors_above_ground":2,"predominant_space_use":"House/Townhouse","accessibility_rating":"0"}},{"type":"Feature","geometry":{"type":"Point","coordinates":[144.953135,-37.808067]},"properties":{"property_id":"558813","street_address":"38 Walsh Street WEST MELBOURNE VIC 3003","construction_year":"1970","number_of_floors_above_ground":2,"predominant_space_use":"Residential Apartment","accessibility_rating":"0","bicycle_spaces":0}},{"type":"Feature","geometry":{"type":"Point","coordinates":[144.953372,-37.807667]},"properties":{"property_id":"568043","street_address":"37-49 Milton Street WEST MELBOURNE VIC 3003","construction_year":"2001","number_of_floors_above_ground":4,"predominant_space_use":"Residential Apartment","accessibility_rating":"1","bicycle_spaces":6}},{"type":"Feature","geometry":{"type":"Point","coordinates":[144.952964,-37.80881]},"properties":{"property_id":"102965","street_address":"72 Dudley Street WEST MELBOURNE VIC 3003","number_of_floors_above_ground":2,"predominant_space_use":"House/Townhouse","accessibility_rating":"0"}},{"type":"Feature","geometry":{"type":"Point","coordinates":[144.953098,-37.808764]},"properties":{"property_id":"102967","street_address":"66-68 Dudley Street WEST MELBOURNE VIC 3003","construction_year":"1971","number_of_floors_above_ground":3,"predominant_space_use":"Retail - Showroom","accessibility_rating":"2","bicycle_spaces":0}},{"type":"Feature","geometry":{"type":"Point","coordinates":[144.953164,-37.808704]},"properties":{"property_id":"102968","building_name":"Richhill Terrace","street_address":"64 Dudley Street WEST MELBOURNE VIC 3003","construction_year":"1862","number_of_floors_above_ground":2,"predominant_space_use":"House/Townhouse","accessibility_rating":"0"}},{"type":"Feature","geometry":{"type":"Point","coordinates":[144.953413,-37.808685]},"properties":{"property_id":"102971","street_address":"56 Dudley Street WEST MELBOURNE VIC 3003","construction_year":"1901","number_of_floors_above_ground":3,"predominant_space_use":"Unoccupied - Unused","accessibility_rating":"1","bicycle_spaces":0}},{"type":"Feature","geometry":{"type":"Point","coordinates":[144.95355,-37.808632]},"properties":{"property_id":"102973","street_address":"50 Dudley Street WEST MELBOURNE VIC 3003","construction_year":"1901","number_of_floors_above_ground":2,"predominant_space_use":"Hospital/Clinic","accessibility_rating":"2","bicycle_spaces":0}},{"type":"Feature","geometry":{"type":"Point","coordinates":[144.95385,-37.808556]},"properties":{"property_id":"102975","street_address":"38-40 Dudley Street WEST MELBOURNE VIC 3003","construction_year":"1865","number_of_floors_above_ground":2,"predominant_space_use":"Office","accessibility_rating":"1","bicycle_spaces":0}},{"type":"Feature","geometry":{"type":"Point","coordinates":[144.953392,-37.808426]},"properties":{"property_id":"109942","street_address":"33-37 Walsh Street WEST MELBOURNE VIC 3003","construction_year":"1973","number_of_floors_above_ground":6,"predominant_space_use":"Residential Apartment","accessibility_rating":"1","bicycle_spaces":2}},{"type":"Feature","geometry":{"type":"Point","coordinates":[144.950604,-37.809517]},"properties":{"property_id":"102958","building_name":"Ikebana","street_address":"130-154 Dudley Street WEST MELBOURNE VIC 3003","construction_year":"2016","predominant_space_use":"Parking - Private Covered","accessibility_rating":"3","bicycle_spaces":121}},{"type":"Feature","geometry":{"type":"Point","coordinates":[144.951756,-37.809006]},"properties":{"property_id":"105331","building_name":"Brickley House","street_address":"469-471 King Street WEST MELBOURNE VIC 3003","construction_year":"1930","number_of_floors_above_ground":2,"predominant_space_use":"Office","accessibility_rating":"1","bicycle_spaces":0}},{"type":"Feature","geometry":{"type":"Point","coordinates":[144.951719,-37.808917]},"properties":{"property_id":"105332","street_address":"473-475 King Street WEST MELBOURNE VIC 3003","number_of_floors_above_ground":2,"predominant_space_use":"Unoccupied - Unused","accessibility_rating":"1","bicycle_spaces":0}},{"type":"Feature","geometry":{"type":"Point","coordinates":[144.950651,-37.809061]},"properties":{"property_id":"108411","street_address":"109-133 Rosslyn Street WEST MELBOURNE VIC 3003","construction_year":"2018","number_of_floors_above_ground":9,"predominant_space_use":"Residential Apartment","accessibility_rating":"3","bicycle_spaces":95}},{"type":"Feature","geometry":{"type":"Point","coordinates":[144.949809,-37.80939]},"properties":{"property_id":"108944","street_address":"464-466 Spencer Street WEST MELBOURNE VIC 3003","number_of_floors_above_ground":2,"predominant_space_use":"Retail - Shop","accessibility_rating":"1","bicycle_spaces":0}},{"type":"Feature","geometry":{"type":"Point","coordinates":[144.950105,-37.809732]},"properties":{"property_id":"108946","street_address":"438-452 Spencer Street WEST MELBOURNE VIC 3003","construction_year":"1950","number_of_floors_above_ground":1,"predominant_space_use":"Workshop/Studio","accessibility_rating":"3","bicycle_spaces":0}},{"type":"Feature","geometry":{"type":"Point","coordinates":[144.948451,-37.810255]},"properties":{"property_id":"714407","street_address":"211-231 Rosslyn Street WEST MELBOURNE VIC 3003","construction_year":"2021","number_of_floors_above_ground":10,"predominant_space_use":"Parking - Private Covered","accessibility_rating":"3","bicycle_spaces":203}},{"type":"Feature","geometry":{"type":"Point","coordinates":[144.948451,-37.810255]},"properties":{"property_id":"714409","street_address":"1-9 Wominjeka Walk WEST MELBOURNE VIC 3003","construction_year":"2021","number_of_floors_above_ground":11,"predominant_space_use":"Residential Apartment","accessibility_rating":"3","bicycle_spaces":0}},{"type":"Feature","geometry":{"type":"Point","coordinates":[144.949629,-37.810543]},"properties":{"property_id":"102951","street_address":"91-95 Dudley Street WEST MELBOURNE VIC 3003","construction_year":"1930","number_of_floors_above_ground":1,"predominant_space_use":"Unoccupied - Unused","accessibility_rating":"3","bicycle_spaces":0}},{"type":"Feature","geometry":{"type":"Point","coordinates":[144.948908,-37.811027]},"properties":{"property_id":"102953","street_address":"100-154 Batman Street WEST MELBOURNE VIC 3003","construction_year":"2011","number_of_floors_above_ground":3,"predominant_space_use":"Office","accessibility_rating":"3","bicycle_spaces":0}},{"type":"Feature","geometry":{"type":"Point","coordinates":[144.949953,-37.810894]},"properties":{"property_id":"108848","street_address":"405-417 Spencer Street WEST MELBOURNE VIC 3003","construction_year":"1906","number_of_floors_above_ground":2,"predominant_space_use":"Unoccupied - Unused","accessibility_rating":"1","bicycle_spaces":0}},{"type":"Feature","geometry":{"type":"Point","coordinates":[144.949812,-37.810727]},"properties":{"property_id":"108849","street_address":"419-421 Spencer Street WEST MELBOURNE VIC 3003","construction_year":"1940","number_of_floors_above_ground":1,"predominant_space_use":"Unoccupied - Unused","accessibility_rating":"1","bicycle_spaces":0}},{"type":"Feature","geometry":{"type":"Point","coordinates":[144.949302,-37.811614]},"properties":{"property_id":"100853","street_address":"115-129 Batman Street WEST MELBOURNE VIC 3003","construction_year":"1900","number_of_floors_above_ground":4,"predominant_space_use":"Office","accessibility_rating":"3","bicycle_spaces":0}},{"type":"Feature","geometry":{"type":"Point","coordinates":[144.950118,-37.812019]},"properties":{"property_id":"517248","street_address":"102-108 Jeffcott Street WEST MELBOURNE VIC 3003","number_of_floors_above_ground":2,"predominant_space_use":"Unoccupied - Unused","accessibility_rating":"1","bicycle_spaces":0}},{"type":"Feature","geometry":{"type":"Point","coordinates":[144.949266,-37.811918]},"properties":{"property_id":"613009","street_address":"Unit 3, 23 Franklin Place WEST MELBOURNE VIC 3003","construction_year":"2009","number_of_floors_above_ground":3,"predominant_space_use":"House/Townhouse","accessibility_rating":"0"}},{"type":"Feature","geometry":{"type":"Point","coordinates":[144.950458,-37.812785]},"properties":{"property_id":"105463","building_name":"Melbourne Assessment Prison","street_address":"Melbourne Assessment Prison 317-353 Spencer Street WEST MELBOURNE VIC 3003","construction_year":"1989","number_of_floors_above_ground":4,"predominant_space_use":"Community Use","accessibility_rating":"2","bicycle_spaces":0}},{"type":"Feature","geometry":{"type":"Point","coordinates":[144.956578,-37.800094]},"properties":{"property_id":"103256","building_name":"Victorian Comprehensive Cancer Center","street_address":"Victorian Comprehensive Cancer Centre 301-327 Grattan Street MELBOURNE VIC 3000","construction_year":"2016","number_of_floors_above_ground":15,"predominant_space_use":"Hospital/Clinic","accessibility_rating":"3","bicycle_spaces":400}},{"type":"Feature","geometry":{"type":"Point","coordinates":[144.950998,-37.813799]},"properties":{"property_id":"108847","building_name":"City West Police Complex","street_address":"285-313 Spencer Street DOCKLANDS VIC 3008","construction_year":"2014","number_of_floors_above_ground":15,"predominant_space_use":"Office","accessibility_rating":"3","bicycle_spaces":220}},{"type":"Feature","geometry":{"type":"Point","coordinates":[144.951187,-37.815017]},"properties":{"property_id":"110843","building_name":"Spencer Street Fashion","street_address":"Spencer Outlet Centre 163-261 Spencer Street DOCKLANDS VIC 3008","construction_year":"2007","number_of_floors_above_ground":2,"predominant_space_use":"Retail - Shop","accessibility_rating":"0","bicycle_spaces":0}},{"type":"Feature","geometry":{"type":"Point","coordinates":[144.947294,-37.812089]},"properties":{"property_id":"611578","street_address":"275-299 Dudley Street DOCKLANDS VIC 3008","construction_year":"1923","number_of_floors_above_ground":3,"predominant_space_use":"Workshop/Studio","accessibility_rating":"3","bicycle_spaces":0}}]}