{"type":"FeatureCollection","features":[{"type":"Feature","geometry":{"type":"Point","coordinates":[144.961448,-37.803003]},"properties":{"development_key":"X000395","status":"COMPLETED","year_completed":"2005","street_address":"24-30 Barkly Place CARLTON VIC 3053","floors_above":6,"resi_dwellings":0,"office_flr":0,"retail_flr":0,"car_spaces":0,"bike_spaces":0}},{"type":"Feature","geometry":{"type":"Point","coordinates":[144.949303,-37.811614]},"properties":{"development_key":"X000617","status":"COMPLETED","year_completed":"2009","street_address":"115-129 Batman Street WEST MELBOURNE VIC 3003","floors_above":4,"resi_dwellings":0,"office_flr":2704,"retail_flr":0,"car_spaces":0,"bike_spaces":0}},{"type":"Feature","geometry":{"type":"Point","coordinates":[144.967921,-37.809052]},"properties":{"development_key":"X000229","status":"COMPLETED","year_completed":"2010","street_address":"10-14 Bennetts Lane MELBOURNE VIC 3000","floors_above":14,"resi_dwellings":0,"office_flr":0,"retail_flr":0,"car_spaces":0,"bike_spaces":0}},{"type":"Feature","geometry":{"type":"Point","coordinates":[144.958434,-37.800276]},"properties":{"development_key":"X000362","status":"COMPLETED","year_completed":"2006","street_address":"223 Berkeley Street MELBOURNE VIC 3000","floors_above":8,"resi_dwellings":0,"office_flr":0,"retail_flr":0,"car_spaces":0,"bike_spaces":0}},{"type":"Feature","geometry":{"type":"Point","coordinates":[144.954746,-37.801915]},"properties":{"development_key":"X000532","status":"COMPLETED","year_completed":"2003","street_address":"4-12 Blackwood Street NORTH MELBOURNE VIC 3051","floors_above":4,"resi_dwellings":13,"office_flr":572,"retail_flr":0,"car_spaces":0,"bike_spaces":0}},{"type":"Feature","geometry":{"type":"Point","coordinates":[144.956756,-37.815509]},"properties":{"development_key":"X000129","status":"COMPLETED","year_completed":"2015","street_address":"562-574 Bourke Street MELBOURNE VIC 3000","floors_above":13,"resi_dwellings":0,"office_flr":14881,"retail_flr":560,"car_spaces":0,"bike_spaces":341}},{"type":"Feature","geometry":{"type":"Point","coordinates":[144.963289,-37.813604]},"properties":{"development_key":"X000136","status":"COMPLETED","year_completed":"2004","street_address":"General Post Office 338-352 Bourke Street MELBOURNE VIC 3000","floors_above":4,"resi_dwellings":0,"office_flr":321,"retail_flr":5110,"car_spaces":0,"bike_spaces":0}},{"type":"Feature","geometry":{"type":"Point","coordinates":[144.963827,-37.813448]},"properties":{"development_key":"X000135","status":"COMPLETED","year_completed":"2010","street_address":"314-336 Bourke Street MELBOURNE VIC 3000","floors_above":9,"resi_dwellings":0,"office_flr":0,"retail_flr":0,"car_spaces":0,"bike_spaces":0}},{"type":"Feature","geometry":{"type":"Point","coordinates":[144.964429,-37.813331]},"properties":{"development_key":"X000134","status":"COMPLETED","year_completed":"2009","street_address":"294-312 Bourke Street MELBOURNE VIC 3000","floors_above":2,"resi_dwellings":0,"office_flr":0,"retail_flr":0,"car_spaces":0,"bike_spaces":0}},{"type":"Feature","geometry":{"type":"Point","coordinates":[144.961699,-37.803224]},"properties":{"development_key":"X000393","status":"COMPLETED","year_completed":"2006","street_address":"139-143 Bouverie Street CARLTON VIC 3053","floors_above":9,"resi_dwellings":0,"office_flr":0,"retail_flr":0,"car_spaces":0,"bike_spaces":0}},{"type":"Feature","geometry":{"type":"Point","coordinates":[144.955907,-37.803162]},"properties":{"development_key":"X000514","status":"COMPLETED","year_completed":"2012","street_address":"182-194 Capel Street NORTH MELBOURNE VIC 3051","floors_above":1,"resi_dwellings":0,"office_flr":500,"retail_flr":0,"car_spaces":0,"bike_spaces":0}},{"type":"Feature","geometry":{"type":"Point","coordinates":[144.955501,-37.805411]},"properties":{"development_key":"X000502","status":"COMPLETED","year_completed":"2009","street_address":"108-112 Capel Street NORTH MELBOURNE VIC 3051","floors_above":4,"resi_dwellings":0,"office_flr":0,"retail_flr":0,"car_spaces":0,"bike_spaces":0}},{"type":"Feature","geometry":{"type":"Point","coordinates":[144.957495,-37.805527]},"properties":{"development_key":"X000507","status":"COMPLETED","year_completed":"2012","street_address":"2-14 Cobden Street NORTH MELBOURNE VIC 3051","floors_above":4,"resi_dwellings":0,"office_flr":0,"retail_flr":0,"car_spaces":0,"bike_spaces":0}},{"type":"Feature","geometry":{"type":"Point","coordinates":[144.948606,-37.801805]},"properties":{"development_key":"X000488","status":"COMPLETED","year_completed":"2015","street_address":"90-98 Curzon Street NORTH MELBOURNE VIC 3051","floors_above":3,"resi_dwellings":16,"office_flr":0,"retail_flr":0,"car_spaces":0,"bike_spaces":0}},{"type":"Feature","geometry":{"type":"Point","coordinates":[144.948943,-37.811012]},"properties":{"development_key":"X000611","status":"COMPLETED","year_completed":"2011","street_address":"100-154 Batman Street WEST MELBOURNE VIC 3003","floors_above":3,"resi_dwellings":0,"office_flr":10390,"retail_flr":0,"car_spaces":0,"bike_spaces":0}},{"type":"Feature","geometry":{"type":"Point","coordinates":[144.951271,-37.809254]},"properties":{"development_key":"X000604","status":"COMPLETED","year_completed":"2005","street_address":"104-128 Dudley Street WEST MELBOURNE VIC 3003","floors_above":10,"resi_dwellings":103,"office_flr":0,"retail_flr":0,"car_spaces":0,"bike_spaces":0}},{"type":"Feature","geometry":{"type":"Point","coordinates":[144.958124,-37.804607]},"properties":{"development_key":"X000511","status":"COMPLETED","year_completed":"2014","street_address":"587-589 Elizabeth Street MELBOURNE VIC 3000","floors_above":10,"resi_dwellings":55,"office_flr":0,"retail_flr":140,"car_spaces":0,"bike_spaces":0}},{"type":"Feature","geometry":{"type":"Point","coordinates":[144.958084,-37.804523]},"properties":{"development_key":"X000512","status":"COMPLETED","year_completed":"2007","street_address":"591-593 Elizabeth Street MELBOURNE VIC 3000","floors_above":7,"resi_dwellings":0,"office_flr":0,"retail_flr":0,"car_spaces":0,"bike_spaces":0}},{"type":"Feature","geometry":{"type":"Point","coordinates":[144.959698,-37.805451]},"properties":{"development_key":"X000405","status":"COMPLETED","year_completed":"2009","street_address":"536-542 Elizabeth Street MELBOURNE VIC 3000","floors_above":3,"resi_dwellings":0,"office_flr":1260,"retail_flr":0,"car_spaces":0,"bike_spaces":0}},{"type":"Feature","geometry":{"type":"Point","coordinates":[144.9542,-37.813676]},"properties":{"development_key":"X000179","status":"COMPLETED","year_completed":"2014","street_address":"Hotel Sophia 277-287 King Street MELBOURNE VIC 3000","floors_above":3,"resi_dwellings":0,"office_flr":0,"retail_flr":0,"car_spaces":0,"bike_spaces":0}},{"type":"Feature","geometry":{"type":"Point","coordinates":[144.953252,-37.811663]},"properties":{"development_key":"X000241","status":"COMPLETED","year_completed":"2010","street_address":"369-379 King Street WEST MELBOURNE VIC 3003","floors_above":6,"resi_dwellings":0,"office_flr":1524,"retail_flr":232,"car_spaces":0,"bike_spaces":0}},{"type":"Feature","geometry":{"type":"Point","coordinates":[144.958044,-37.810915]},"properties":{"development_key":"X000250","status":"COMPLETED","year_completed":"2004","street_address":"378-392 La Trobe Street MELBOURNE VIC 3000","floors_above":22,"resi_dwellings":0,"office_flr":22962,"retail_flr":0,"car_spaces":0,"bike_spaces":0}},{"type":"Feature","geometry":{"type":"Point","coordinates":[144.966943,-37.808297]},"properties":{"development_key":"X000272","status":"COMPLETED","year_completed":"2008","street_address":"58-66 La Trobe Street MELBOURNE VIC 3000","floors_above":4,"resi_dwellings":33,"office_flr":0,"retail_flr":0,"car_spaces":0,"bike_spaces":0}},{"type":"Feature","geometry":{"type":"Point","coordinates":[144.960986,-37.802986]},"properties":{"development_key":"X000392","status":"COMPLETED","year_completed":"2007","street_address":"130-138 Leicester Street CARLTON VIC 3053","floors_above":4,"resi_dwellings":0,"office_flr":471,"retail_flr":443,"car_spaces":0,"bike_spaces":0}},{"type":"Feature","geometry":{"type":"Point","coordinates":[144.960858,-37.803708]},"properties":{"development_key":"X000388","status":"COMPLETED","year_completed":"2011","street_address":"100-106 Leicester Street CARLTON VIC 3053","floors_above":10,"resi_dwellings":0,"office_flr":0,"retail_flr":0,"car_spaces":0,"bike_spaces":0}},{"type":"Feature","geometry":{"type":"Point","coordinates":[144.951727,-37.80137]},"properties":{"development_key":"X000519","status":"COMPLETED","year_completed":"2010","street_address":"17-19 Arden Street NORTH MELBOURNE VIC 3051","floors_above":2,"resi_dwellings":11,"office_flr":60,"retail_flr":0,"car_spaces":0,"bike_spaces":0}},{"type":"Feature","geometry":{"type":"Point","coordinates":[144.951821,-37.801759]},"properties":{"development_key":"X000523","status":"COMPLETED","year_completed":"2003","street_address":"98-104 Leveson Street NORTH MELBOURNE VIC 3051","floors_above":4,"resi_dwellings":23,"office_flr":0,"retail_flr":0,"car_spaces":0,"bike_spaces":0}},{"type":"Feature","geometry":{"type":"Point","coordinates":[144.951841,-37.801981]},"properties":{"development_key":"X000518","status":"COMPLETED","year_completed":"2011","street_address":"15-33 Byron Street NORTH MELBOURNE VIC 3051","floors_above":4,"resi_dwellings":34,"office_flr":0,"retail_flr":0,"car_spaces":0,"bike_spaces":0}},{"type":"Feature","geometry":{"type":"Point","coordinates":[144.953625,-37.815422]},"properties":{"development_key":"X000154","status":"COMPLETED","year_completed":"2013","street_address":"617-639 Lonsdale Street MELBOURNE VIC 3000","floors_above":47,"resi_dwellings":699,"office_flr":0,"retail_flr":0,"car_spaces":0,"bike_spaces":0}},{"type":"Feature","geometry":{"type":"Point","coordinates":[144.967369,-37.810567]},"properties":{"development_key":"X000201","status":"COMPLETED","year_completed":"2015","street_address":"166-170 Lonsdale Street MELBOURNE VIC 3000","floors_above":15,"resi_dwellings":0,"office_flr":3072,"retail_flr":384,"car_spaces":0,"bike_spaces":0}},{"type":"Feature","geometry":{"type":"Point","coordinates":[144.959416,-37.814463]},"properties":{"development_key":"X000130","status":"COMPLETED","year_completed":"2004","street_address":"451-457 Little Bourke Street MELBOURNE VIC 3000","floors_above":5,"resi_dwellings":0,"office_flr":2404,"retail_flr":0,"car_spaces":0,"bike_spaces":0}},{"type":"Feature","geometry":{"type":"Point","coordinates":[144.96148,-37.813425]},"properties":{"development_key":"X000160","status":"COMPLETED","year_completed":"2007","street_address":"372-378 Little Bourke Street MELBOURNE VIC 3000","floors_above":6,"resi_dwellings":0,"office_flr":0,"retail_flr":0,"car_spaces":0,"bike_spaces":0}},{"type":"Feature","geometry":{"type":"Point","coordinates":[144.951521,-37.804183]},"properties":{"development_key":"X000491","status":"COMPLETED","year_completed":"2011","street_address":"29-31 Little Leveson Street NORTH MELBOURNE VIC 3051","floors_above":2,"resi_dwellings":0,"office_flr":0,"retail_flr":0,"car_spaces":0,"bike_spaces":0}},{"type":"Feature","geometry":{"type":"Point","coordinates":[144.955366,-37.813353]},"properties":{"development_key":"X000186","status":"COMPLETED","year_completed":"2014","street_address":"Metro Park West Apartments 557-561 Little Lonsdale Street MELBOURNE VIC 3000","floors_above":25,"resi_dwellings":195,"office_flr":0,"retail_flr":0,"car_spaces":0,"bike_spaces":60}},{"type":"Feature","geometry":{"type":"Point","coordinates":[144.955573,-37.812905]},"properties":{"development_key":"X000209","status":"COMPLETED","year_completed":"2005","street_address":"466-468 Little Lonsdale Street MELBOURNE VIC 3000","floors_above":5,"resi_dwellings":0,"office_flr":964,"retail_flr":0,"car_spaces":0,"bike_spaces":0}},{"type":"Feature","geometry":{"type":"Point","coordinates":[144.960941,-37.811274]},"properties":{"development_key":"X000218","status":"COMPLETED","year_completed":"2014","street_address":"280-294 Little Lonsdale Street MELBOURNE VIC 3000","floors_above":40,"resi_dwellings":318,"office_flr":0,"retail_flr":0,"car_spaces":125,"bike_spaces":164}},{"type":"Feature","geometry":{"type":"Point","coordinates":[144.966702,-37.804438]},"properties":{"development_key":"X000376","status":"COMPLETED","year_completed":"2003","street_address":"98-126 Lygon Street CARLTON VIC 3053","floors_above":5,"resi_dwellings":16,"office_flr":0,"retail_flr":362,"car_spaces":0,"bike_spaces":0}},{"type":"Feature","geometry":{"type":"Point","coordinates":[144.96068,-37.814028]},"properties":{"development_key":"X000133","status":"COMPLETED","year_completed":"2003","street_address":"184-192 Queen Street MELBOURNE VIC 3000","floors_above":18,"resi_dwellings":0,"office_flr":2504,"retail_flr":110,"car_spaces":0,"bike_spaces":0}},{"type":"Feature","geometry":{"type":"Point","coordinates":[144.948778,-37.807504]},"properties":{"development_key":"X000585","status":"COMPLETED","year_completed":"2013","street_address":"87-101 Roden Street WEST MELBOURNE VIC 3003","floors_above":6,"resi_dwellings":92,"office_flr":0,"retail_flr":0,"car_spaces":0,"bike_spaces":0}},{"type":"Feature","geometry":{"type":"Point","coordinates":[144.952558,-37.807409]},"properties":{"development_key":"X000595","status":"COMPLETED","year_completed":"2011","street_address":"42-50 Rosslyn Street WEST MELBOURNE VIC 3003","floors_above":5,"resi_dwellings":35,"office_flr":0,"retail_flr":0,"car_spaces":0,"bike_spaces":0}},{"type":"Feature","geometry":{"type":"Point","coordinates":[144.966102,-37.807483]},"properties":{"development_key":"X000304","status":"COMPLETED","year_completed":"2010","street_address":"380-388 Russell Street MELBOURNE VIC 3000","floors_above":4,"resi_dwellings":0,"office_flr":0,"retail_flr":0,"car_spaces":0,"bike_spaces":0}},{"type":"Feature","geometry":{"type":"Point","coordinates":[144.948908,-37.809255]},"properties":{"development_key":"X000591","status":"COMPLETED","year_completed":"2014","street_address":"162-174 Rosslyn Street WEST MELBOURNE VIC 3003","floors_above":6,"resi_dwellings":54,"office_flr":0,"retail_flr":0,"car_spaces":45,"bike_spaces":0}},{"type":"Feature","geometry":{"type":"Point","coordinates":[144.947599,-37.808356]},"properties":{"development_key":"X000586","status":"COMPLETED","year_completed":"2015","street_address":"135-137 Roden Street WEST MELBOURNE VIC 3003","floors_above":5,"resi_dwellings":41,"office_flr":0,"retail_flr":0,"car_spaces":31,"bike_spaces":48}},{"type":"Feature","geometry":{"type":"Point","coordinates":[144.952167,-37.813952]},"properties":{"development_key":"X000204","status":"COMPLETED","year_completed":"2005","street_address":"Mondriane Tower 278-282 Spencer Street MELBOURNE VIC 3000","floors_above":26,"resi_dwellings":150,"office_flr":210,"retail_flr":209,"car_spaces":0,"bike_spaces":0}},{"type":"Feature","geometry":{"type":"Point","coordinates":[144.96333,-37.806009]},"properties":{"development_key":"X000424","status":"COMPLETED","year_completed":"2005","street_address":"462-468 Swanston Street CARLTON VIC 3053","floors_above":8,"resi_dwellings":0,"office_flr":0,"retail_flr":0,"car_spaces":0,"bike_spaces":0}},{"type":"Feature","geometry":{"type":"Point","coordinates":[144.954339,-37.805379]},"properties":{"development_key":"X000499","status":"COMPLETED","year_completed":"2009","street_address":"Ramsden Apartments 352-362 Victoria Street NORTH MELBOURNE VIC 3051","floors_above":4,"resi_dwellings":18,"office_flr":0,"retail_flr":0,"car_spaces":0,"bike_spaces":0}},{"type":"Feature","geometry":{"type":"Point","coordinates":[144.952264,-37.79962]},"properties":{"development_key":"X000549","status":"COMPLETED","year_completed":"2005","street_address":"11-21A Villiers Street NORTH MELBOURNE VIC 3051","floors_above":3,"resi_dwellings":25,"office_flr":0,"retail_flr":0,"car_spaces":0,"bike_spaces":0}},{"type":"Feature","geometry":{"type":"Point","coordinates":[144.953388,-37.808428]},"properties":{"development_key":"X001170","status":"COMPLETED","year_completed":"2015","street_address":"33-37 Walsh Street WEST MELBOURNE VIC 3003","floors_above":5,"resi_dwellings":10,"office_flr":0,"retail_flr":0,"car_spaces":0,"bike_spaces":0}},{"type":"Feature","geometry":{"type":"Point","coordinates":[144.953919,-37.799886]},"properties":{"development_key":"X000547","status":"COMPLETED","year_completed":"2004","street_address":"2-6 High Street NORTH MELBOURNE VIC 3051","floors_above":6,"resi_dwellings":4,"office_flr":0,"retail_flr":0,"car_spaces":0,"bike_spaces":0}},{"type":"Feature","geometry":{"type":"Point","coordinates":[144.964336,-37.801948]},"properties":{"development_key":"X000370","status":"COMPLETED","year_completed":"2003","street_address":"Uropa Apartments 604-640 Swanston Street CARLTON VIC 3053","floors_above":12,"resi_dwellings":352,"office_flr":0,"retail_flr":227,"car_spaces":0,"bike_spaces":0}},{"type":"Feature","geometry":{"type":"Point","coordinates":[144.956636,-37.809697]},"properties":{"development_key":"X000285","status":"COMPLETED","year_completed":"2011","street_address":"Infinity 8 Apartments 243-263 Franklin Street MELBOURNE VIC 3000","floors_above":11,"resi_dwellings":93,"office_flr":0,"retail_flr":197,"car_spaces":0,"bike_spaces":0}},{"type":"Feature","geometry":{"type":"Point","coordinates":[144.954037,-37.81627]},"properties":{"development_key":"X000126","status":"COMPLETED","year_completed":"2002","street_address":"City Point On Bourke Apartments 654-670 Bourke Street MELBOURNE VIC 3000","floors_above":31,"resi_dwellings":298,"office_flr":87,"retail_flr":110,"car_spaces":0,"bike_spaces":0}},{"type":"Feature","geometry":{"type":"Point","coordinates":[144.960661,-37.806084]},"properties":{"development_key":"X000407","status":"COMPLETED","year_completed":"2010","street_address":"194-208 Victoria Street CARLTON VIC 3053","floors_above":7,"resi_dwellings":0,"office_flr":0,"retail_flr":500,"car_spaces":0,"bike_spaces":0}},{"type":"Feature","geometry":{"type":"Point","coordinates":[144.9519,-37.811015]},"properties":{"development_key":"X000276","status":"COMPLETED","year_completed":"2012","street_address":"33-43 Batman Street WEST MELBOURNE VIC 3003","floors_above":14,"resi_dwellings":137,"office_flr":0,"retail_flr":0,"car_spaces":0,"bike_spaces":0}},{"type":"Feature","geometry":{"type":"Point","coordinates":[144.962089,-37.807289]},"properties":{"development_key":"X000313","status":"COMPLETED","year_completed":"2011","street_address":"475-497 Swanston Street MELBOURNE VIC 3000","floors_above":1,"resi_dwellings":0,"office_flr":0,"retail_flr":803,"car_spaces":0,"bike_spaces":0}},{"type":"Feature","geometry":{"type":"Point","coordinates":[144.95229,-37.802387]},"properties":{"development_key":"X000517","status":"COMPLETED","year_completed":"2015","street_address":"139-145 Chetwynd Street NORTH MELBOURNE VIC 3051","floors_above":5,"resi_dwellings":67,"office_flr":0,"retail_flr":0,"car_spaces":0,"bike_spaces":0}},{"type":"Feature","geometry":{"type":"Point","coordinates":[144.957081,-37.810059]},"properties":{"development_key":"X000281","status":"COMPLETED","year_completed":"2012","street_address":"Pegasus Apartment Hotel 206-216 A'Beckett Street MELBOURNE VIC 3000","floors_above":25,"resi_dwellings":2,"office_flr":0,"retail_flr":50,"car_spaces":0,"bike_spaces":0}},{"type":"Feature","geometry":{"type":"Point","coordinates":[144.956599,-37.810173]},"properties":{"development_key":"X000282","status":"COMPLETED","year_completed":"2015","street_address":"218-236 A'Beckett Street MELBOURNE VIC 3000","floors_above":25,"resi_dwellings":320,"office_flr":0,"retail_flr":289,"car_spaces":0,"bike_spaces":0}},{"type":"Feature","geometry":{"type":"Point","coordinates":[144.957391,-37.81532]},"properties":{"development_key":"X000128","status":"COMPLETED","year_completed":"2009","street_address":"CBW Melbourne 147-185 William Street MELBOURNE VIC 3000","floors_above":19,"resi_dwellings":0,"office_flr":24500,"retail_flr":2750,"car_spaces":0,"bike_spaces":0}},{"type":"Feature","geometry":{"type":"Point","coordinates":[144.951186,-37.814332]},"properties":{"development_key":"X001002","status":"COMPLETED","year_completed":"2015","street_address":"263-283 Spencer Street DOCKLANDS VIC 3008","floors_above":15,"resi_dwellings":0,"office_flr":0,"retail_flr":0,"car_spaces":0,"bike_spaces":0}},{"type":"Feature","geometry":{"type":"Point","coordinates":[144.955178,-37.800677]},"properties":{"development_key":"X000536","status":"COMPLETED","year_completed":"2016","street_address":"19-35 Flemington Road NORTH MELBOURNE VIC 3051","floors_above":19,"resi_dwellings":454,"office_flr":0,"retail_flr":173,"car_spaces":337,"bike_spaces":134}},{"type":"Feature","geometry":{"type":"Point","coordinates":[144.952968,-37.805231]},"properties":{"development_key":"X000493","status":"COMPLETED","year_completed":"2016","street_address":"392-398 Victoria Street NORTH MELBOURNE VIC 3051","floors_above":4,"resi_dwellings":17,"office_flr":0,"retail_flr":0,"car_spaces":0,"bike_spaces":0}},{"type":"Feature","geometry":{"type":"Point","coordinates":[144.955018,-37.803267]},"properties":{"development_key":"X001516","status":"COMPLETED","year_completed":"2016","street_address":"366-392 Queensberry Street NORTH MELBOURNE VIC 3051","floors_above":4,"resi_dwellings":35,"office_flr":0,"retail_flr":0,"car_spaces":0,"bike_spaces":0}},{"type":"Feature","geometry":{"type":"Point","coordinates":[144.960351,-37.807198]},"properties":{"development_key":"X000315","status":"COMPLETED","year_completed":"2016","street_address":"496-504 Elizabeth Street MELBOURNE VIC 3000","floors_above":72,"resi_dwellings":542,"office_flr":0,"retail_flr":539,"car_spaces":185,"bike_spaces":0}},{"type":"Feature","geometry":{"type":"Point","coordinates":[144.952924,-37.811108]},"properties":{"development_key":"X001256","status":"COMPLETED","year_completed":"2017","street_address":"383-405 King Street WEST MELBOURNE VIC 3003","floors_above":10,"resi_dwellings":0,"office_flr":0,"retail_flr":115,"car_spaces":0,"bike_spaces":0}},{"type":"Feature","geometry":{"type":"Point","coordinates":[144.950614,-37.809522]},"properties":{"development_key":"X001519","status":"COMPLETED","year_completed":"2017","street_address":"130-154 Dudley Street WEST MELBOURNE VIC 3003","floors_above":9,"resi_dwellings":80,"office_flr":0,"retail_flr":0,"car_spaces":0,"bike_spaces":0}},{"type":"Feature","geometry":{"type":"Point","coordinates":[144.958249,-37.802193]},"properties":{"development_key":"X000402","status":"COMPLETED","year_completed":"2017","street_address":"149-155 Berkeley Street MELBOURNE VIC 3000","floors_above":20,"resi_dwellings":150,"office_flr":0,"retail_flr":267,"car_spaces":51,"bike_spaces":121}},{"type":"Feature","geometry":{"type":"Point","coordinates":[144.960864,-37.810736]},"properties":{"development_key":"X000215","status":"COMPLETED","year_completed":"2017","street_address":"Eporo Tower 279-289 La Trobe Street MELBOURNE VIC 3000","floors_above":42,"resi_dwellings":307,"office_flr":0,"retail_flr":292,"car_spaces":118,"bike_spaces":120}},{"type":"Feature","geometry":{"type":"Point","coordinates":[144.959794,-37.811026]},"properties":{"development_key":"X000224","status":"COMPLETED","year_completed":"2017","street_address":"La Trobe Tower 323-331 La Trobe Street MELBOURNE VIC 3000","floors_above":42,"resi_dwellings":210,"office_flr":0,"retail_flr":115,"car_spaces":0,"bike_spaces":35}},{"type":"Feature","geometry":{"type":"Point","coordinates":[144.967575,-37.808129]},"properties":{"development_key":"X000270","status":"COMPLETED","year_completed":"2017","street_address":"36-40 La Trobe Street MELBOURNE VIC 3000","floors_above":38,"resi_dwellings":224,"office_flr":0,"retail_flr":228,"car_spaces":2,"bike_spaces":77}},{"type":"Feature","geometry":{"type":"Point","coordinates":[144.953625,-37.815422]},"properties":{"development_key":"X000153","status":"COMPLETED","year_completed":"2017","street_address":"617-639 Lonsdale Street MELBOURNE VIC 3000","floors_above":54,"resi_dwellings":683,"office_flr":0,"retail_flr":3198,"car_spaces":0,"bike_spaces":0}},{"type":"Feature","geometry":{"type":"Point","coordinates":[144.959763,-37.80989]},"properties":{"development_key":"X000252","status":"COMPLETED","year_completed":"2017","street_address":"127-141 A'Beckett Street MELBOURNE VIC 3000","floors_above":64,"resi_dwellings":632,"office_flr":0,"retail_flr":720,"car_spaces":212,"bike_spaces":212}},{"type":"Feature","geometry":{"type":"Point","coordinates":[144.963925,-37.804934]},"properties":{"development_key":"X000423","status":"COMPLETED","year_completed":"2017","street_address":"139-155 Queensberry Street CARLTON VIC 3053","floors_above":15,"resi_dwellings":193,"office_flr":0,"retail_flr":329,"car_spaces":138,"bike_spaces":72}},{"type":"Feature","geometry":{"type":"Point","coordinates":[144.965409,-37.804531]},"properties":{"development_key":"X000378","status":"COMPLETED","year_completed":"2017","street_address":"106-112 Queensberry Street CARLTON VIC 3053","floors_above":6,"resi_dwellings":54,"office_flr":0,"retail_flr":0,"car_spaces":35,"bike_spaces":40}},{"type":"Feature","geometry":{"type":"Point","coordinates":[144.959962,-37.810976]},"properties":{"development_key":"X000222","status":"COMPLETED","year_completed":"2017","street_address":"315-321 La Trobe Street MELBOURNE VIC 3000","floors_above":34,"resi_dwellings":149,"office_flr":0,"retail_flr":110,"car_spaces":0,"bike_spaces":44}},{"type":"Feature","geometry":{"type":"Point","coordinates":[144.965669,-37.806373]},"properties":{"development_key":"X001556","status":"COMPLETED","year_completed":"2017","street_address":"RMIT 17-25 Lygon Street CARLTON VIC 3053","floors_above":2,"resi_dwellings":0,"office_flr":0,"retail_flr":0,"car_spaces":0,"bike_spaces":0}},{"type":"Feature","geometry":{"type":"Point","coordinates":[144.958984,-37.802256]},"properties":{"development_key":"X001340","status":"COMPLETED","year_completed":"2018","street_address":"221 Pelham Street, CARLTON, 3053","floors_above":14,"resi_dwellings":0,"office_flr":0,"retail_flr":0,"car_spaces":0,"bike_spaces":120}},{"type":"Feature","geometry":{"type":"Point","coordinates":[144.960136,-37.812046]},"properties":{"development_key":"X001320","status":"COMPLETED","year_completed":"2018","street_address":"Carpark 399-401 Little Lonsdale Street MELBOURNE VIC 3000","floors_above":38,"resi_dwellings":0,"office_flr":0,"retail_flr":442,"car_spaces":130,"bike_spaces":0}},{"type":"Feature","geometry":{"type":"Point","coordinates":[144.967395,-37.807682]},"properties":{"development_key":"X000274","status":"COMPLETED","year_completed":"2018","street_address":"9-23 MacKenzie Street MELBOURNE VIC 3000","floors_above":37,"resi_dwellings":473,"office_flr":0,"retail_flr":0,"car_spaces":123,"bike_spaces":523}},{"type":"Feature","geometry":{"type":"Point","coordinates":[144.953459,-37.799546]},"properties":{"development_key":"X000543","status":"COMPLETED","year_completed":"2018","street_address":"46 Villiers Street NORTH MELBOURNE VIC 3051","floors_above":8,"resi_dwellings":11,"office_flr":0,"retail_flr":0,"car_spaces":0,"bike_spaces":12}},{"type":"Feature","geometry":{"type":"Point","coordinates":[144.952318,-37.810897]},"properties":{"development_key":"X000275","status":"COMPLETED","year_completed":"2019","street_address":"15-31 Batman Street WEST MELBOURNE VIC 3003","floors_above":21,"resi_dwellings":247,"office_flr":251,"retail_flr":263,"car_spaces":205,"bike_spaces":257}},{"type":"Feature","geometry":{"type":"Point","coordinates":[144.953521,-37.800407]},"properties":{"development_key":"X001338","status":"COMPLETED","year_completed":"2019","street_address":"15-27 Wreckyn Street NORTH MELBOURNE VIC 3051","floors_above":9,"resi_dwellings":0,"office_flr":0,"retail_flr":69,"car_spaces":0,"bike_spaces":92}},{"type":"Feature","geometry":{"type":"Point","coordinates":[144.952378,-37.803065]},"properties":{"development_key":"X0005213","status":"COMPLETED","year_completed":"2019","street_address":"450-454 Queensberry Street NORTH MELBOURNE VIC 3051","floors_above":4,"resi_dwellings":1,"office_flr":0,"retail_flr":0,"car_spaces":12,"bike_spaces":10}},{"type":"Feature","geometry":{"type":"Point","coordinates":[144.955841,-37.801424]},"properties":{"development_key":"X0002805","status":"COMPLETED","year_completed":"2019","street_address":"RMIT Village 5-17 Flemington Road NORTH MELBOURNE VIC 3051","floors_above":12,"resi_dwellings":0,"office_flr":0,"retail_flr":212,"car_spaces":0,"bike_spaces":123}},{"type":"Feature","geometry":{"type":"Point","coordinates":[144.945752,-37.809098]},"properties":{"development_key":"X001199","status":"COMPLETED","year_completed":"2020","street_address":"187-189 Adderley Street WEST MELBOURNE VIC 3003","floors_above":4,"resi_dwellings":10,"office_flr":0,"retail_flr":0,"car_spaces":0,"bike_spaces":0}},{"type":"Feature","geometry":{"type":"Point","coordinates":[144.951186,-37.814332]},"properties":{"development_key":"X0001634","status":"COMPLETED","year_completed":"2020","street_address":"263-283 Spencer Street DOCKLANDS VIC 3008","floors_above":41,"resi_dwellings":0,"office_flr":60079,"retail_flr":0,"car_spaces":600,"bike_spaces":169}},{"type":"Feature","geometry":{"type":"Point","coordinates":[144.959234,-37.810041]},"properties":{"development_key":"X001216","status":"COMPLETED","year_completed":"2020","street_address":"143-171 A'Beckett Street, Melbourne, 3000","floors_above":79,"resi_dwellings":815,"office_flr":2313,"retail_flr":1734,"car_spaces":256,"bike_spaces":290}},{"type":"Feature","geometry":{"type":"Point","coordinates":[144.95264,-37.814466]},"properties":{"development_key":"X000175","status":"COMPLETED","year_completed":"2021","street_address":"244-276 Spencer Street MELBOURNE VIC 3000","floors_above":80,"resi_dwellings":663,"office_flr":0,"retail_flr":1194,"car_spaces":465,"bike_spaces":0}},{"type":"Feature","geometry":{"type":"Point","coordinates":[144.954852,-37.802153]},"properties":{"development_key":"X0004004","status":"COMPLETED","year_completed":"2021","street_address":"22-28 Courtney Street NORTH MELBOURNE VIC 3051","floors_above":5,"resi_dwellings":46,"office_flr":0,"retail_flr":0,"car_spaces":53,"bike_spaces":54}},{"type":"Feature","geometry":{"type":"Point","coordinates":[144.959303,-37.811202]},"properties":{"development_key":"X000223","status":"COMPLETED","year_completed":"2021","street_address":"The Celtic Club 316-322 Queen Street MELBOURNE VIC 3000","floors_above":48,"resi_dwellings":227,"office_flr":0,"retail_flr":1882,"car_spaces":30,"bike_spaces":64}},{"type":"Feature","geometry":{"type":"Point","coordinates":[144.961933,-37.814858]},"properties":{"development_key":"X001511","status":"COMPLETED","year_completed":"2021","street_address":"405-411 Bourke Street MELBOURNE VIC 3000","floors_above":44,"resi_dwellings":92,"office_flr":61500,"retail_flr":1440,"car_spaces":250,"bike_spaces":0}},{"type":"Feature","geometry":{"type":"Point","coordinates":[144.954805,-37.815959]},"properties":{"development_key":"X0006805","status":"COMPLETED","year_completed":"2021","street_address":"628 Bourke Street, Melbourne, 3000","floors_above":0,"resi_dwellings":0,"office_flr":0,"retail_flr":1140,"car_spaces":28,"bike_spaces":90}},{"type":"Feature","geometry":{"type":"Point","coordinates":[144.961337,-37.808292]},"properties":{"development_key":"X0001800","status":"COMPLETED","year_completed":"2021","street_address":"97-111 Franklin Street MELBOURNE VIC 3000","floors_above":60,"resi_dwellings":142,"office_flr":11377,"retail_flr":320,"car_spaces":249,"bike_spaces":7}},{"type":"Feature","geometry":{"type":"Point","coordinates":[144.958058,-37.810407]},"properties":{"development_key":"X0004001","status":"COMPLETED","year_completed":"2022","street_address":"183-189 A'Beckett Street MELBOURNE VIC 3000","floors_above":48,"resi_dwellings":0,"office_flr":0,"retail_flr":130,"car_spaces":0,"bike_spaces":226}},{"type":"Feature","geometry":{"type":"Point","coordinates":[144.96679,-37.811439]},"properties":{"development_key":"X0005214","status":"COMPLETED","year_completed":"2022","street_address":"24-32 Heffernan Lane, Melbourne, 3000","floors_above":1,"resi_dwellings":0,"office_flr":0,"retail_flr":655,"car_spaces":0,"bike_spaces":0}},{"type":"Feature","geometry":{"type":"Point","coordinates":[144.9676,-37.8101]},"properties":{"development_key":"X0008804","status":"COMPLETED","year_completed":"2022","street_address":"150-162 Lonsdale Street MELBOURNE VIC 3000","floors_above":6,"resi_dwellings":0,"office_flr":1280,"retail_flr":0,"car_spaces":0,"bike_spaces":0}},{"type":"Feature","geometry":{"type":"Point","coordinates":[144.9639,-37.8036]},"properties":{"development_key":"X0010625","status":"COMPLETED","year_completed":"2022","street_address":"558-566 Swanston Street CARLTON VIC 3053","floors_above":13,"resi_dwellings":0,"office_flr":0,"retail_flr":211,"car_spaces":0,"bike_spaces":184}},{"type":"Feature","geometry":{"type":"Point","coordinates":[144.96305,-37.801382]},"properties":{"development_key":"X0002001","status":"COMPLETED","year_completed":"2022","street_address":"18-20 Lincoln Square North, CARLTON, 3053","floors_above":15,"resi_dwellings":63,"office_flr":0,"retail_flr":132,"car_spaces":9,"bike_spaces":20}},{"type":"Feature","geometry":{"type":"Point","coordinates":[144.9488,-37.8079]},"properties":{"development_key":"X0010203","status":"COMPLETED","year_completed":"2022","street_address":"512-544 Spencer Street, West Melbourne, 3003","floors_above":8,"resi_dwellings":145,"office_flr":0,"retail_flr":2405,"car_spaces":207,"bike_spaces":87}},{"type":"Feature","geometry":{"type":"Point","coordinates":[144.952726,-37.810684]},"properties":{"development_key":"X0003200","status":"COMPLETED","year_completed":"2022","street_address":"407-415 King Street, West Melbourne, 3003","floors_above":19,"resi_dwellings":0,"office_flr":0,"retail_flr":0,"car_spaces":0,"bike_spaces":70}},{"type":"Feature","geometry":{"type":"Point","coordinates":[144.958771,-37.814957]},"properties":{"development_key":"X0009802","status":"COMPLETED","year_completed":"2022","street_address":"494-512 Bourke Street, Melbourne, 3000","floors_above":5,"resi_dwellings":0,"office_flr":0,"retail_flr":0,"car_spaces":292,"bike_spaces":508}},{"type":"Feature","geometry":{"type":"Point","coordinates":[144.95698,-37.81095]},"properties":{"development_key":"X0007603","status":"COMPLETED","year_completed":"2023","street_address":"17-23 Wills Street MELBOURNE VIC 3000","floors_above":38,"resi_dwellings":0,"office_flr":0,"retail_flr":0,"car_spaces":0,"bike_spaces":166}},{"type":"Feature","geometry":{"type":"Point","coordinates":[144.953371,-37.814257]},"properties":{"development_key":"X000178","status":"COMPLETED","year_completed":"2023","street_address":"244-276 Spencer Street MELBOURNE VIC 3000","floors_above":72,"resi_dwellings":849,"office_flr":0,"retail_flr":4813,"car_spaces":480,"bike_spaces":0}},{"type":"Feature","geometry":{"type":"Point","coordinates":[144.958123,-37.805911]},"properties":{"development_key":"X0007609","status":"COMPLETED","year_completed":"2023","street_address":"240-248 Victoria Street, North Melbourne, 3051","floors_above":8,"resi_dwellings":0,"office_flr":0,"retail_flr":375,"car_spaces":0,"bike_spaces":0}},{"type":"Feature","geometry":{"type":"Point","coordinates":[144.9575,-37.803247]},"properties":{"development_key":"X0006400","status":"COMPLETED","year_completed":"2023","street_address":"611-669 Elizabeth Street, Melbourne, 3000","floors_above":18,"resi_dwellings":0,"office_flr":14275,"retail_flr":1382,"car_spaces":180,"bike_spaces":310}},{"type":"Feature","geometry":{"type":"Point","coordinates":[144.9566,-37.8129]},"properties":{"development_key":"X0009204","status":"COMPLETED","year_completed":"2023","street_address":"263-267 William Street MELBOURNE VIC 3000","floors_above":21,"resi_dwellings":0,"office_flr":3968,"retail_flr":729,"car_spaces":0,"bike_spaces":28}},{"type":"Feature","geometry":{"type":"Point","coordinates":[144.9585,-37.8055]},"properties":{"development_key":"X0011400","status":"COMPLETED","year_completed":"2023","street_address":"543 Elizabeth Street, Melbourne, 3000","floors_above":14,"resi_dwellings":55,"office_flr":1238,"retail_flr":150,"car_spaces":22,"bike_spaces":67}},{"type":"Feature","geometry":{"type":"Point","coordinates":[144.94605,-37.808538]},"properties":{"development_key":"X0006809","status":"COMPLETED","year_completed":"2023","street_address":"172-184 Roden Street WEST MELBOURNE VIC 3003","floors_above":7,"resi_dwellings":172,"office_flr":0,"retail_flr":0,"car_spaces":188,"bike_spaces":121}},{"type":"Feature","geometry":{"type":"Point","coordinates":[144.960986,-37.802986]},"properties":{"development_key":"X0010000","status":"COMPLETED","year_completed":"2024","street_address":"132-138 Leicester Street, Carlton, 3053","floors_above":14,"resi_dwellings":0,"office_flr":0,"retail_flr":90,"car_spaces":0,"bike_spaces":114}},{"type":"Feature","geometry":{"type":"Point","coordinates":[144.945819,-37.809776]},"properties":{"development_key":"X0005003","status":"COMPLETED","year_completed":"2025","street_address":"205-211 Roden Street, West Melbourne, 3003","floors_above":5,"resi_dwellings":56,"office_flr":0,"retail_flr":122,"car_spaces":60,"bike_spaces":35}},{"type":"Feature","geometry":{"type":"Point","coordinates":[144.962757,-37.80054]},"properties":{"development_key":"X0013700","status":"COMPLETED","year_completed":"2025","street_address":"183-187 Grattan Street, Carlton, 3053","floors_above":15,"resi_dwellings":0,"office_flr":0,"retail_flr":247,"car_spaces":0,"bike_spaces":66}},{"type":"Feature","geometry":{"type":"Point","coordinates":[144.95975,-37.805578]},"properties":{"development_key":"X0014014","status":"COMPLETED","year_completed":"2025","street_address":"532 Elizabeth Street, Melbourne, 3000","floors_above":6,"resi_dwellings":0,"office_flr":19,"retail_flr":0,"car_spaces":0,"bike_spaces":8}},{"type":"Feature","geometry":{"type":"Point","coordinates":[144.951863,-37.802154]},"properties":{"development_key":"X0004407","status":"COMPLETED","year_completed":"2025","street_address":"84-88 Leveson Street NORTH MELBOURNE VIC 3051","floors_above":4,"resi_dwellings":15,"office_flr":0,"retail_flr":0,"car_spaces":30,"bike_spaces":0}},{"type":"Feature","geometry":{"type":"Point","coordinates":[144.9524,-37.8125]},"properties":{"development_key":"X0009200","status":"COMPLETED","year_completed":"2026","street_address":"488-494 La Trobe Street WEST MELBOURNE VIC 3003","floors_above":17,"resi_dwellings":0,"office_flr":0,"retail_flr":85,"car_spaces":9,"bike_spaces":48}},{"type":"Feature","geometry":{"type":"Point","coordinates":[144.95076,-37.811158]},"properties":{"development_key":"X0017705","status":"APPLIED","street_address":"396-400 Spencer Street, WEST MELBOURNE VIC 3003","floors_above":12,"resi_dwellings":0,"office_flr":0,"retail_flr":165,"car_spaces":0,"bike_spaces":40}},{"type":"Feature","geometry":{"type":"Point","coordinates":[144.948844,-37.801173]},"properties":{"development_key":"X0018201","status":"APPLIED","street_address":"65-67 Arden Street NORTH MELBOURNE VIC 3051","floors_above":4,"resi_dwellings":26,"office_flr":65,"retail_flr":40,"car_spaces":0,"bike_spaces":25}},{"type":"Feature","geometry":{"type":"Point","coordinates":[144.947379,-37.80951]},"properties":{"development_key":"X0018302","status":"APPLIED","street_address":"127-153 Stanley Street, WEST MELBOURNE VIC 3003","floors_above":5,"resi_dwellings":22,"office_flr":0,"retail_flr":0,"car_spaces":21,"bike_spaces":28}},{"type":"Feature","geometry":{"type":"Point","coordinates":[144.952705,-37.800104]},"properties":{"development_key":"X0018308","status":"APPLIED","street_address":"14-22 Villiers Street, NORTH MELBOURNE VIC 3051","floors_above":4,"resi_dwellings":20,"office_flr":0,"retail_flr":0,"car_spaces":18,"bike_spaces":0}},{"type":"Feature","geometry":{"type":"Point","coordinates":[144.961238,-37.805766]},"properties":{"development_key":"X0016204","status":"APPROVED","street_address":"21-25 Bouverie Street CARLTON VIC 3053","floors_above":29,"resi_dwellings":0,"office_flr":0,"retail_flr":254,"car_spaces":0,"bike_spaces":100}},{"type":"Feature","geometry":{"type":"Point","coordinates":[144.967017,-37.808439]},"properties":{"development_key":"X0017601","status":"APPROVED","street_address":"58-66 La Trobe Street, MELBOURNE VIC 3000","floors_above":43,"resi_dwellings":0,"office_flr":0,"retail_flr":0,"car_spaces":0,"bike_spaces":305}},{"type":"Feature","geometry":{"type":"Point","coordinates":[144.96179,-37.80297]},"properties":{"development_key":"X0017404","status":"APPROVED","street_address":"155 Bouverie Street, CARLTON VIC 3053","floors_above":4,"resi_dwellings":1,"office_flr":0,"retail_flr":38,"car_spaces":1,"bike_spaces":3}},{"type":"Feature","geometry":{"type":"Point","coordinates":[144.966576,-37.807765]},"properties":{"development_key":"X0016903","status":"APPROVED","street_address":"41-45 MacKenzie Street MELBOURNE VIC 3000","floors_above":35,"resi_dwellings":0,"office_flr":0,"retail_flr":0,"car_spaces":0,"bike_spaces":202}},{"type":"Feature","geometry":{"type":"Point","coordinates":[144.9535,-37.7995]},"properties":{"development_key":"X0017102","status":"APPROVED","street_address":"48-50 Villiers Street NORTH MELBOURNE VIC 3051","floors_above":9,"resi_dwellings":0,"office_flr":0,"retail_flr":124,"car_spaces":0,"bike_spaces":4}},{"type":"Feature","geometry":{"type":"Point","coordinates":[144.946112,-37.810592]},"properties":{"development_key":"X0015808","status":"APPROVED","street_address":"276-278 Rosslyn Street WEST MELBOURNE VIC 3003","floors_above":5,"resi_dwellings":12,"office_flr":49,"retail_flr":41,"car_spaces":0,"bike_spaces":12}},{"type":"Feature","geometry":{"type":"Point","coordinates":[144.954801,-37.814915]},"properties":{"development_key":"X0016009","status":"APPROVED","street_address":"225-237 King Street MELBOURNE VIC 3000","floors_above":15,"resi_dwellings":0,"office_flr":0,"retail_flr":253,"car_spaces":0,"bike_spaces":38}},{"type":"Feature","geometry":{"type":"Point","coordinates":[144.967795,-37.808808]},"properties":{"development_key":"X0016211","status":"APPROVED","street_address":"22-24 Bennetts Lane MELBOURNE VIC 3000","floors_above":9,"resi_dwellings":0,"office_flr":0,"retail_flr":0,"car_spaces":0,"bike_spaces":35}},{"type":"Feature","geometry":{"type":"Point","coordinates":[144.958971,-37.812944]},"properties":{"development_key":"X0015815","status":"APPROVED","street_address":"436-450 Lonsdale Street MELBOURNE VIC 3000","floors_above":24,"resi_dwellings":0,"office_flr":16932,"retail_flr":0,"car_spaces":0,"bike_spaces":182}},{"type":"Feature","geometry":{"type":"Point","coordinates":[144.958138,-37.81164]},"properties":{"development_key":"X0015804","status":"APPROVED","street_address":"371-389 La Trobe Street MELBOURNE VIC 3000","floors_above":71,"resi_dwellings":797,"office_flr":0,"retail_flr":650,"car_spaces":110,"bike_spaces":250}},{"type":"Feature","geometry":{"type":"Point","coordinates":[144.958494,-37.803025]},"properties":{"development_key":"X0015305","status":"APPROVED","street_address":"656-658 Elizabeth Street MELBOURNE VIC 3000","floors_above":15,"resi_dwellings":0,"office_flr":0,"retail_flr":29,"car_spaces":0,"bike_spaces":6}},{"type":"Feature","geometry":{"type":"Point","coordinates":[144.94996,-37.809258]},"properties":{"development_key":"X0014302","status":"APPROVED","street_address":"145-147 Rosslyn Street, West Melbourne, 3003","floors_above":7,"resi_dwellings":18,"office_flr":132,"retail_flr":68,"car_spaces":13,"bike_spaces":36}},{"type":"Feature","geometry":{"type":"Point","coordinates":[144.956127,-37.80984]},"properties":{"development_key":"X0014202","status":"APPROVED","street_address":"386-412 William Street MELBOURNE VIC 3000","floors_above":3,"resi_dwellings":0,"office_flr":1278,"retail_flr":0,"car_spaces":0,"bike_spaces":0}},{"type":"Feature","geometry":{"type":"Point","coordinates":[144.961235,-37.810844]},"properties":{"development_key":"X0014012","status":"APPROVED","street_address":"337-347 Elizabeth Street, Melbourne, 3000","floors_above":10,"resi_dwellings":0,"office_flr":0,"retail_flr":6923,"car_spaces":0,"bike_spaces":44}},{"type":"Feature","geometry":{"type":"Point","coordinates":[144.959838,-37.812275]},"properties":{"development_key":"X0011401","status":"APPROVED","street_address":"266-270 Queen Street MELBOURNE VIC 3000","floors_above":18,"resi_dwellings":0,"office_flr":4113,"retail_flr":330,"car_spaces":0,"bike_spaces":24}},{"type":"Feature","geometry":{"type":"Point","coordinates":[144.955381,-37.814027]},"properties":{"development_key":"X0008010","status":"APPROVED","street_address":"572-574 Lonsdale Street, Melbourne, 3000","floors_above":21,"resi_dwellings":0,"office_flr":24786,"retail_flr":696,"car_spaces":60,"bike_spaces":145}},{"type":"Feature","geometry":{"type":"Point","coordinates":[144.959695,-37.814696]},"properties":{"development_key":"X0008003","status":"APPROVED","street_address":"470 Bourke Street, Melbourne, 3000","floors_above":11,"resi_dwellings":0,"office_flr":0,"retail_flr":86,"car_spaces":0,"bike_spaces":50}},{"type":"Feature","geometry":{"type":"Point","coordinates":[144.960887,-37.810973]},"properties":{"development_key":"X0008807","status":"APPROVED","street_address":"22 Sutherland Street, Melbourne, 3000","floors_above":6,"resi_dwellings":0,"office_flr":748,"retail_flr":0,"car_spaces":0,"bike_spaces":8}},{"type":"Feature","geometry":{"type":"Point","coordinates":[144.9598,-37.8121]},"properties":{"development_key":"X0008815","status":"APPROVED","street_address":"272-282 Queen Street MELBOURNE VIC 3000","floors_above":67,"resi_dwellings":560,"office_flr":1328,"retail_flr":469,"car_spaces":127,"bike_spaces":175}},{"type":"Feature","geometry":{"type":"Point","coordinates":[144.956389,-37.80563]},"properties":{"development_key":"X0005618","status":"APPROVED","street_address":"300-308 Victoria Street NORTH MELBOURNE VIC 3051","floors_above":10,"resi_dwellings":0,"office_flr":0,"retail_flr":237,"car_spaces":0,"bike_spaces":25}},{"type":"Feature","geometry":{"type":"Point","coordinates":[144.966943,-37.808297]},"properties":{"development_key":"X001562","status":"APPROVED","street_address":"58-66 La Trobe Street MELBOURNE VIC 3000","floors_above":34,"resi_dwellings":98,"office_flr":0,"retail_flr":448,"car_spaces":32,"bike_spaces":50}},{"type":"Feature","geometry":{"type":"Point","coordinates":[144.958815,-37.809059]},"properties":{"development_key":"X0004803","status":"APPROVED","street_address":"21-23 Anthony Street MELBOURNE VIC 3000","floors_above":11,"resi_dwellings":0,"office_flr":0,"retail_flr":0,"car_spaces":0,"bike_spaces":61}},{"type":"Feature","geometry":{"type":"Point","coordinates":[144.961642,-37.808572]},"properties":{"development_key":"X0001661","status":"APPROVED","street_address":"48-50 A'Beckett Street MELBOURNE VIC 3000","floors_above":43,"resi_dwellings":0,"office_flr":0,"retail_flr":132,"car_spaces":0,"bike_spaces":172}},{"type":"Feature","geometry":{"type":"Point","coordinates":[144.9522,-37.8073]},"properties":{"development_key":"X0009402","status":"UNDER CONSTRUCTION","street_address":"24-28 Chetwynd Street WEST MELBOURNE VIC 3003","floors_above":4,"resi_dwellings":9,"office_flr":0,"retail_flr":0,"car_spaces":9,"bike_spaces":18}},{"type":"Feature","geometry":{"type":"Point","coordinates":[144.966759,-37.806769]},"properties":{"development_key":"X0015701","status":"UNDER CONSTRUCTION","street_address":"50-52 Victoria Street CARLTON VIC 3053","floors_above":4,"resi_dwellings":0,"office_flr":601,"retail_flr":0,"car_spaces":4,"bike_spaces":5}},{"type":"Feature","geometry":{"type":"Point","coordinates":[144.952855,-37.806173]},"properties":{"development_key":"X0012004","status":"UNDER CONSTRUCTION","street_address":"273 Victoria Street, West Melbourne, 3003","floors_above":4,"resi_dwellings":0,"office_flr":0,"retail_flr":0,"car_spaces":23,"bike_spaces":58}},{"type":"Feature","geometry":{"type":"Point","coordinates":[144.955309,-37.814786]},"properties":{"development_key":"X0015813","status":"UNDER CONSTRUCTION","street_address":"570-576 Little Bourke Street, Melbourne, 3000","floors_above":25,"resi_dwellings":0,"office_flr":0,"retail_flr":652,"car_spaces":0,"bike_spaces":131}},{"type":"Feature","geometry":{"type":"Point","coordinates":[144.946806,-37.810068]},"properties":{"development_key":"X0017405","status":"UNDER CONSTRUCTION","street_address":"137-157 Adderley Street, WEST MELBOURNE VIC 3003","floors_above":9,"resi_dwellings":105,"office_flr":0,"retail_flr":0,"car_spaces":62,"bike_spaces":78}},{"type":"Feature","geometry":{"type":"Point","coordinates":[144.958971,-37.809597]},"properties":{"development_key":"X000288","status":"COMPLETED","year_completed":"2011","street_address":"150-154 A'Beckett Street MELBOURNE VIC 3000","floors_above":3,"resi_dwellings":0,"office_flr":0,"retail_flr":0,"car_spaces":0,"bike_spaces":0}},{"type":"Feature","geometry":{"type":"Point","coordinates":[144.951554,-37.811134]},"properties":{"development_key":"X000279","status":"COMPLETED","year_completed":"2014","street_address":"49-53 Batman Street WEST MELBOURNE VIC 3003","floors_above":16,"resi_dwellings":140,"office_flr":0,"retail_flr":0,"car_spaces":0,"bike_spaces":90}},{"type":"Feature","geometry":{"type":"Point","coordinates":[144.962921,-37.814929]},"properties":{"development_key":"X000102","status":"COMPLETED","year_completed":"2005","street_address":"359-385 Bourke Street MELBOURNE VIC 3000","floors_above":42,"resi_dwellings":0,"office_flr":0,"retail_flr":3300,"car_spaces":0,"bike_spaces":0}},{"type":"Feature","geometry":{"type":"Point","coordinates":[144.961573,-37.803766]},"properties":{"development_key":"X000390","status":"COMPLETED","year_completed":"2003","street_address":"117-121 Bouverie Street CARLTON VIC 3053","floors_above":4,"resi_dwellings":0,"office_flr":300,"retail_flr":0,"car_spaces":0,"bike_spaces":0}},{"type":"Feature","geometry":{"type":"Point","coordinates":[144.96064,-37.809558]},"properties":{"development_key":"X000257","status":"COMPLETED","year_completed":"2009","street_address":"399-411 Elizabeth Street MELBOURNE VIC 3000","floors_above":5,"resi_dwellings":34,"office_flr":0,"retail_flr":0,"car_spaces":0,"bike_spaces":0}},{"type":"Feature","geometry":{"type":"Point","coordinates":[144.960166,-37.808459]},"properties":{"development_key":"X000294","status":"COMPLETED","year_completed":"2007","street_address":"453-459 Elizabeth Street MELBOURNE VIC 3000","floors_above":12,"resi_dwellings":71,"office_flr":0,"retail_flr":120,"car_spaces":0,"bike_spaces":0}},{"type":"Feature","geometry":{"type":"Point","coordinates":[144.958264,-37.800072]},"properties":{"development_key":"X000364","status":"COMPLETED","year_completed":"2013","street_address":"786-798 Elizabeth Street MELBOURNE VIC 3000","floors_above":10,"resi_dwellings":0,"office_flr":0,"retail_flr":0,"car_spaces":0,"bike_spaces":0}},{"type":"Feature","geometry":{"type":"Point","coordinates":[144.958496,-37.802792]},"properties":{"development_key":"X000401","status":"COMPLETED","year_completed":"2010","street_address":"660-674 Elizabeth Street MELBOURNE VIC 3000","floors_above":10,"resi_dwellings":0,"office_flr":1088,"retail_flr":0,"car_spaces":0,"bike_spaces":0}},{"type":"Feature","geometry":{"type":"Point","coordinates":[144.961157,-37.808949]},"properties":{"development_key":"X000295","status":"COMPLETED","year_completed":"2014","street_address":"410-420 Elizabeth Street MELBOURNE VIC 3000","floors_above":55,"resi_dwellings":487,"office_flr":0,"retail_flr":260,"car_spaces":137,"bike_spaces":202}},{"type":"Feature","geometry":{"type":"Point","coordinates":[144.954318,-37.79973]},"properties":{"development_key":"X000544","status":"COMPLETED","year_completed":"2006","street_address":"47-59 Flemington Road NORTH MELBOURNE VIC 3051","floors_above":1,"resi_dwellings":0,"office_flr":923,"retail_flr":41,"car_spaces":0,"bike_spaces":0}},{"type":"Feature","geometry":{"type":"Point","coordinates":[144.960816,-37.807417]},"properties":{"development_key":"X000316","status":"COMPLETED","year_completed":"2009","street_address":"58-64 Franklin Street MELBOURNE VIC 3000","floors_above":11,"resi_dwellings":0,"office_flr":0,"retail_flr":0,"car_spaces":0,"bike_spaces":0}},{"type":"Feature","geometry":{"type":"Point","coordinates":[144.946761,-37.807711]},"properties":{"development_key":"X000578","status":"COMPLETED","year_completed":"2011","street_address":"101-107 Hawke Street WEST MELBOURNE VIC 3003","floors_above":4,"resi_dwellings":27,"office_flr":0,"retail_flr":0,"car_spaces":0,"bike_spaces":0}},{"type":"Feature","geometry":{"type":"Point","coordinates":[144.953819,-37.799584]},"properties":{"development_key":"X000542","status":"COMPLETED","year_completed":"2011","street_address":"3-11 High Street NORTH MELBOURNE VIC 3051","floors_above":8,"resi_dwellings":0,"office_flr":0,"retail_flr":0,"car_spaces":0,"bike_spaces":0}},{"type":"Feature","geometry":{"type":"Point","coordinates":[144.951613,-37.811577]},"properties":{"development_key":"X000280","status":"COMPLETED","year_completed":"2009","street_address":"Cityside 50-64 Jeffcott Street WEST MELBOURNE VIC 3003","floors_above":15,"resi_dwellings":175,"office_flr":71,"retail_flr":0,"car_spaces":0,"bike_spaces":0}},{"type":"Feature","geometry":{"type":"Point","coordinates":[144.96007,-37.810289]},"properties":{"development_key":"X000254","status":"COMPLETED","year_completed":"2014","street_address":"312-318 La Trobe Street MELBOURNE VIC 3000","floors_above":24,"resi_dwellings":0,"office_flr":0,"retail_flr":0,"car_spaces":0,"bike_spaces":0}},{"type":"Feature","geometry":{"type":"Point","coordinates":[144.960175,-37.803365]},"properties":{"development_key":"X000398","status":"COMPLETED","year_completed":"2005","street_address":"97-113 Leicester Street CARLTON VIC 3053","floors_above":8,"resi_dwellings":45,"office_flr":0,"retail_flr":0,"car_spaces":0,"bike_spaces":0}},{"type":"Feature","geometry":{"type":"Point","coordinates":[144.950806,-37.801977]},"properties":{"development_key":"X000529","status":"COMPLETED","year_completed":"2009","street_address":"91-101 Leveson Street NORTH MELBOURNE VIC 3051","floors_above":4,"resi_dwellings":44,"office_flr":0,"retail_flr":0,"car_spaces":0,"bike_spaces":0}},{"type":"Feature","geometry":{"type":"Point","coordinates":[144.960327,-37.812451]},"properties":{"development_key":"X000193","status":"COMPLETED","year_completed":"2002","street_address":"University City Apartments 402-408 Lonsdale Street MELBOURNE VIC 3000","floors_above":13,"resi_dwellings":0,"office_flr":97,"retail_flr":195,"car_spaces":0,"bike_spaces":0}},{"type":"Feature","geometry":{"type":"Point","coordinates":[144.96147,-37.812231]},"properties":{"development_key":"X000190","status":"COMPLETED","year_completed":"2011","street_address":"364-372 Lonsdale Street MELBOURNE VIC 3000","floors_above":6,"resi_dwellings":0,"office_flr":3337,"retail_flr":0,"car_spaces":0,"bike_spaces":0}},{"type":"Feature","geometry":{"type":"Point","coordinates":[144.965725,-37.810679]},"properties":{"development_key":"X000196","status":"COMPLETED","year_completed":"2004","street_address":"QV Village 278-300 Swanston Street MELBOURNE VIC 3000","floors_above":5,"resi_dwellings":0,"office_flr":18450,"retail_flr":0,"car_spaces":0,"bike_spaces":0}},{"type":"Feature","geometry":{"type":"Point","coordinates":[144.965725,-37.810679]},"properties":{"development_key":"X000197","status":"COMPLETED","year_completed":"2004","street_address":"QV Village 278-300 Swanston Street MELBOURNE VIC 3000","floors_above":44,"resi_dwellings":458,"office_flr":0,"retail_flr":0,"car_spaces":0,"bike_spaces":0}},{"type":"Feature","geometry":{"type":"Point","coordinates":[144.958102,-37.812098]},"properties":{"development_key":"X000212","status":"COMPLETED","year_completed":"2010","street_address":"La Banque Apartments 380-386 Little Lonsdale Street MELBOURNE VIC 3000","floors_above":36,"resi_dwellings":257,"office_flr":0,"retail_flr":70,"car_spaces":0,"bike_spaces":0}},{"type":"Feature","geometry":{"type":"Point","coordinates":[144.957839,-37.805433]},"properties":{"development_key":"X000504","status":"COMPLETED","year_completed":"2005","street_address":"15-19 O'Connell Street NORTH MELBOURNE VIC 3051","floors_above":4,"resi_dwellings":0,"office_flr":0,"retail_flr":0,"car_spaces":0,"bike_spaces":0}},{"type":"Feature","geometry":{"type":"Point","coordinates":[144.955412,-37.807179]},"properties":{"development_key":"X000597","status":"COMPLETED","year_completed":"2008","street_address":"39-47 Peel Street WEST MELBOURNE VIC 3003","floors_above":4,"resi_dwellings":9,"office_flr":0,"retail_flr":245,"car_spaces":0,"bike_spaces":0}},{"type":"Feature","geometry":{"type":"Point","coordinates":[144.956841,-37.80322]},"properties":{"development_key":"X000513","status":"COMPLETED","year_completed":"2011","street_address":"188-196 Peel Street NORTH MELBOURNE VIC 3051","floors_above":5,"resi_dwellings":85,"office_flr":0,"retail_flr":0,"car_spaces":0,"bike_spaces":0}},{"type":"Feature","geometry":{"type":"Point","coordinates":[144.961997,-37.804657]},"properties":{"development_key":"X000415","status":"COMPLETED","year_completed":"2010","street_address":"205-209 Queensberry Street CARLTON VIC 3053","floors_above":4,"resi_dwellings":0,"office_flr":827,"retail_flr":0,"car_spaces":0,"bike_spaces":0}},{"type":"Feature","geometry":{"type":"Point","coordinates":[144.966102,-37.807483]},"properties":{"development_key":"X000303","status":"COMPLETED","year_completed":"2008","street_address":"380-388 Russell Street MELBOURNE VIC 3000","floors_above":5,"resi_dwellings":0,"office_flr":0,"retail_flr":0,"car_spaces":0,"bike_spaces":0}},{"type":"Feature","geometry":{"type":"Point","coordinates":[144.96647,-37.808252]},"properties":{"development_key":"X000269","status":"COMPLETED","year_completed":"2004","street_address":"336-376 Russell Street MELBOURNE VIC 3000","floors_above":27,"resi_dwellings":400,"office_flr":0,"retail_flr":0,"car_spaces":0,"bike_spaces":0}},{"type":"Feature","geometry":{"type":"Point","coordinates":[144.949546,-37.808358]},"properties":{"development_key":"X000593","status":"COMPLETED","year_completed":"2003","street_address":"61-63 Stanley Street WEST MELBOURNE VIC 3003","floors_above":2,"resi_dwellings":13,"office_flr":0,"retail_flr":0,"car_spaces":0,"bike_spaces":0}},{"type":"Feature","geometry":{"type":"Point","coordinates":[144.947949,-37.809289]},"properties":{"development_key":"X000590","status":"COMPLETED","year_completed":"2007","street_address":"115-121 Stanley Street WEST MELBOURNE VIC 3003","floors_above":3,"resi_dwellings":10,"office_flr":0,"retail_flr":0,"car_spaces":0,"bike_spaces":0}},{"type":"Feature","geometry":{"type":"Point","coordinates":[144.947171,-37.809044]},"properties":{"development_key":"X000588","status":"COMPLETED","year_completed":"2014","street_address":"162-170 Stanley Street WEST MELBOURNE VIC 3003","floors_above":4,"resi_dwellings":14,"office_flr":0,"retail_flr":0,"car_spaces":0,"bike_spaces":0}},{"type":"Feature","geometry":{"type":"Point","coordinates":[144.962689,-37.808264]},"properties":{"development_key":"X000296","status":"COMPLETED","year_completed":"2012","street_address":"427-457 Swanston Street MELBOURNE VIC 3000","floors_above":10,"resi_dwellings":0,"office_flr":0,"retail_flr":0,"car_spaces":0,"bike_spaces":0}},{"type":"Feature","geometry":{"type":"Point","coordinates":[144.963945,-37.80277]},"properties":{"development_key":"X000382","status":"COMPLETED","year_completed":"2009","street_address":"127-135 Pelham Street CARLTON VIC 3053","floors_above":13,"resi_dwellings":0,"office_flr":0,"retail_flr":235,"car_spaces":0,"bike_spaces":0}},{"type":"Feature","geometry":{"type":"Point","coordinates":[144.954362,-37.800915]},"properties":{"development_key":"X000534","status":"COMPLETED","year_completed":"2005","street_address":"12-24 Tyrone Street NORTH MELBOURNE VIC 3051","floors_above":4,"resi_dwellings":18,"office_flr":0,"retail_flr":0,"car_spaces":0,"bike_spaces":0}},{"type":"Feature","geometry":{"type":"Point","coordinates":[144.951352,-37.805055]},"properties":{"development_key":"X000492","status":"COMPLETED","year_completed":"2012","street_address":"448 Victoria Street NORTH MELBOURNE VIC 3051","floors_above":2,"resi_dwellings":0,"office_flr":0,"retail_flr":0,"car_spaces":0,"bike_spaces":0}},{"type":"Feature","geometry":{"type":"Point","coordinates":[144.952065,-37.799896]},"properties":{"development_key":"X000548","status":"COMPLETED","year_completed":"2003","street_address":"1-9 Villiers Street NORTH MELBOURNE VIC 3051","floors_above":4,"resi_dwellings":30,"office_flr":0,"retail_flr":0,"car_spaces":0,"bike_spaces":0}},{"type":"Feature","geometry":{"type":"Point","coordinates":[144.957065,-37.814646]},"properties":{"development_key":"X000155","status":"COMPLETED","year_completed":"2014","street_address":"189-203 William Street MELBOURNE VIC 3000","floors_above":24,"resi_dwellings":480,"office_flr":0,"retail_flr":0,"car_spaces":0,"bike_spaces":0}},{"type":"Feature","geometry":{"type":"Point","coordinates":[144.954775,-37.800378]},"properties":{"development_key":"X000538","status":"COMPLETED","year_completed":"2010","street_address":"36-48 Wreckyn Street NORTH MELBOURNE VIC 3051","floors_above":3,"resi_dwellings":0,"office_flr":2295,"retail_flr":0,"car_spaces":0,"bike_spaces":0}},{"type":"Feature","geometry":{"type":"Point","coordinates":[144.9603,-37.806043]},"properties":{"development_key":"X000408","status":"COMPLETED","year_completed":"2014","street_address":"2-14 Leicester Street CARLTON VIC 3053","floors_above":19,"resi_dwellings":283,"office_flr":0,"retail_flr":397,"car_spaces":85,"bike_spaces":0}},{"type":"Feature","geometry":{"type":"Point","coordinates":[144.957668,-37.813014]},"properties":{"development_key":"X000188","status":"COMPLETED","year_completed":"2002","street_address":"Victorian County Court 240-278 William Street MELBOURNE VIC 3000","floors_above":11,"resi_dwellings":0,"office_flr":23732,"retail_flr":72,"car_spaces":0,"bike_spaces":0}},{"type":"Feature","geometry":{"type":"Point","coordinates":[144.958351,-37.813057]},"properties":{"development_key":"X000187","status":"COMPLETED","year_completed":"2002","street_address":"458-468 Lonsdale Street MELBOURNE VIC 3000","floors_above":19,"resi_dwellings":0,"office_flr":11387,"retail_flr":0,"car_spaces":0,"bike_spaces":0}},{"type":"Feature","geometry":{"type":"Point","coordinates":[144.965193,-37.803929]},"properties":{"development_key":"X000379","status":"COMPLETED","year_completed":"2007","street_address":"114-118 Cardigan Street CARLTON VIC 3053","floors_above":3,"resi_dwellings":0,"office_flr":1212,"retail_flr":0,"car_spaces":0,"bike_spaces":0}},{"type":"Feature","geometry":{"type":"Point","coordinates":[144.95724,-37.810677]},"properties":{"development_key":"X000247","status":"COMPLETED","year_completed":"2002","street_address":"Wills Tower & Wills Court 28 Wills Street MELBOURNE VIC 3000","floors_above":26,"resi_dwellings":358,"office_flr":0,"retail_flr":0,"car_spaces":0,"bike_spaces":0}},{"type":"Feature","geometry":{"type":"Point","coordinates":[144.95216,-37.811421]},"properties":{"development_key":"X000277","status":"COMPLETED","year_completed":"2015","street_address":"34-36 Jeffcott Street WEST MELBOURNE VIC 3003","floors_above":3,"resi_dwellings":0,"office_flr":563,"retail_flr":0,"car_spaces":9,"bike_spaces":7}},{"type":"Feature","geometry":{"type":"Point","coordinates":[144.957983,-37.80572]},"properties":{"development_key":"X000505","status":"COMPLETED","year_completed":"2007","street_address":"1-7 O'Connell Street NORTH MELBOURNE VIC 3051","floors_above":3,"resi_dwellings":27,"office_flr":55,"retail_flr":0,"car_spaces":0,"bike_spaces":0}},{"type":"Feature","geometry":{"type":"Point","coordinates":[144.95943,-37.800526]},"properties":{"development_key":"X000366","status":"COMPLETED","year_completed":"2003","street_address":"143-151 Barry Street CARLTON VIC 3053","floors_above":2,"resi_dwellings":0,"office_flr":659,"retail_flr":0,"car_spaces":0,"bike_spaces":0}},{"type":"Feature","geometry":{"type":"Point","coordinates":[144.960013,-37.802957]},"properties":{"development_key":"X000397","status":"COMPLETED","year_completed":"2006","street_address":"42-50 Barry Street CARLTON VIC 3053","floors_above":7,"resi_dwellings":0,"office_flr":0,"retail_flr":0,"car_spaces":0,"bike_spaces":0}},{"type":"Feature","geometry":{"type":"Point","coordinates":[144.960211,-37.802903]},"properties":{"development_key":"X000396","status":"COMPLETED","year_completed":"2007","street_address":"127-133 Leicester Street CARLTON VIC 3053","floors_above":9,"resi_dwellings":0,"office_flr":0,"retail_flr":0,"car_spaces":0,"bike_spaces":0}},{"type":"Feature","geometry":{"type":"Point","coordinates":[144.96364,-37.804307]},"properties":{"development_key":"X000384","status":"COMPLETED","year_completed":"2005","street_address":"522-536 Swanston Street CARLTON VIC 3053","floors_above":10,"resi_dwellings":0,"office_flr":0,"retail_flr":0,"car_spaces":0,"bike_spaces":0}},{"type":"Feature","geometry":{"type":"Point","coordinates":[144.957391,-37.81532]},"properties":{"development_key":"X000127","status":"COMPLETED","year_completed":"2008","street_address":"CBW Melbourne 147-185 William Street MELBOURNE VIC 3000","floors_above":27,"resi_dwellings":0,"office_flr":48000,"retail_flr":907,"car_spaces":0,"bike_spaces":0}},{"type":"Feature","geometry":{"type":"Point","coordinates":[144.962521,-37.805702]},"properties":{"development_key":"X000422","status":"COMPLETED","year_completed":"2014","street_address":"539-555 Swanston Street CARLTON VIC 3053","floors_above":32,"resi_dwellings":536,"office_flr":0,"retail_flr":1235,"car_spaces":0,"bike_spaces":0}},{"type":"Feature","geometry":{"type":"Point","coordinates":[144.964361,-37.805056]},"properties":{"development_key":"X000428","status":"COMPLETED","year_completed":"2016","street_address":"73-81 Cardigan Street CARLTON VIC 3053","floors_above":9,"resi_dwellings":44,"office_flr":0,"retail_flr":0,"car_spaces":12,"bike_spaces":20}},{"type":"Feature","geometry":{"type":"Point","coordinates":[144.955018,-37.803267]},"properties":{"development_key":"X001518","status":"COMPLETED","year_completed":"2016","street_address":"366-392 Queensberry Street NORTH MELBOURNE VIC 3051","floors_above":4,"resi_dwellings":34,"office_flr":0,"retail_flr":0,"car_spaces":0,"bike_spaces":0}},{"type":"Feature","geometry":{"type":"Point","coordinates":[144.953831,-37.81381]},"properties":{"development_key":"X000181","status":"COMPLETED","year_completed":"2016","street_address":"Australis Apartments 593-611 Little Lonsdale Street MELBOURNE VIC 3000","floors_above":46,"resi_dwellings":520,"office_flr":0,"retail_flr":456,"car_spaces":324,"bike_spaces":0}},{"type":"Feature","geometry":{"type":"Point","coordinates":[144.950614,-37.809522]},"properties":{"development_key":"X000605","status":"COMPLETED","year_completed":"2017","street_address":"130-154 Dudley Street WEST MELBOURNE VIC 3003","floors_above":9,"resi_dwellings":81,"office_flr":0,"retail_flr":0,"car_spaces":0,"bike_spaces":0}},{"type":"Feature","geometry":{"type":"Point","coordinates":[144.963543,-37.805587]},"properties":{"development_key":"X000429","status":"COMPLETED","year_completed":"2017","street_address":"Arrow On Swanston 470-496 Swanston Street CARLTON VIC 3053","floors_above":12,"resi_dwellings":10,"office_flr":0,"retail_flr":0,"car_spaces":0,"bike_spaces":0}},{"type":"Feature","geometry":{"type":"Point","coordinates":[144.95052,-37.801353]},"properties":{"development_key":"X000528","status":"COMPLETED","year_completed":"2017","street_address":"33-35 Arden Street NORTH MELBOURNE VIC 3051","floors_above":4,"resi_dwellings":45,"office_flr":0,"retail_flr":0,"car_spaces":41,"bike_spaces":0}},{"type":"Feature","geometry":{"type":"Point","coordinates":[144.961334,-37.809337]},"properties":{"development_key":"X000264","status":"COMPLETED","year_completed":"2017","street_address":"75-89 A'Beckett Street MELBOURNE VIC 3000","floors_above":55,"resi_dwellings":465,"office_flr":418,"retail_flr":1004,"car_spaces":96,"bike_spaces":58}},{"type":"Feature","geometry":{"type":"Point","coordinates":[144.950588,-37.810257]},"properties":{"development_key":"X000305","status":"COMPLETED","year_completed":"2017","street_address":"57-77 Dudley Street WEST MELBOURNE VIC 3003","floors_above":39,"resi_dwellings":438,"office_flr":2603,"retail_flr":0,"car_spaces":202,"bike_spaces":0}},{"type":"Feature","geometry":{"type":"Point","coordinates":[144.950945,-37.811326]},"properties":{"development_key":"X001191","status":"COMPLETED","year_completed":"2018","street_address":"386-394 Spencer Street WEST MELBOURNE VIC 3003","floors_above":16,"resi_dwellings":105,"office_flr":0,"retail_flr":137,"car_spaces":87,"bike_spaces":63}},{"type":"Feature","geometry":{"type":"Point","coordinates":[144.958611,-37.805669]},"properties":{"development_key":"X000509","status":"COMPLETED","year_completed":"2018","street_address":"529-533 Elizabeth Street MELBOURNE VIC 3000","floors_above":10,"resi_dwellings":0,"office_flr":7314,"retail_flr":114,"car_spaces":66,"bike_spaces":50}},{"type":"Feature","geometry":{"type":"Point","coordinates":[144.961485,-37.808803]},"properties":{"development_key":"X001190","status":"COMPLETED","year_completed":"2018","street_address":"58-64 A'Beckett Street MELBOURNE VIC 3000","floors_above":57,"resi_dwellings":463,"office_flr":0,"retail_flr":78,"car_spaces":80,"bike_spaces":135}},{"type":"Feature","geometry":{"type":"Point","coordinates":[144.96735,-37.804232]},"properties":{"development_key":"X001272","status":"COMPLETED","year_completed":"2018","street_address":"103 Drummond Street CARLTON VIC 3053","floors_above":3,"resi_dwellings":0,"office_flr":0,"retail_flr":0,"car_spaces":0,"bike_spaces":32}},{"type":"Feature","geometry":{"type":"Point","coordinates":[144.961462,-37.803496]},"properties":{"development_key":"X000391","status":"COMPLETED","year_completed":"2015","street_address":"123-127 Bouverie Street CARLTON VIC 3053","floors_above":14,"resi_dwellings":0,"office_flr":0,"retail_flr":0,"car_spaces":0,"bike_spaces":0}},{"type":"Feature","geometry":{"type":"Point","coordinates":[144.957102,-37.809707]},"properties":{"development_key":"X001233","status":"COMPLETED","year_completed":"2018","street_address":"229-241 Franklin Street MELBOURNE VIC 3000","floors_above":24,"resi_dwellings":0,"office_flr":0,"retail_flr":0,"car_spaces":0,"bike_spaces":310}},{"type":"Feature","geometry":{"type":"Point","coordinates":[144.948126,-37.805547]},"properties":{"development_key":"X000582","status":"COMPLETED","year_completed":"2018","street_address":"621-643 King Street WEST MELBOURNE VIC 3003","floors_above":6,"resi_dwellings":82,"office_flr":0,"retail_flr":60,"car_spaces":103,"bike_spaces":57}},{"type":"Feature","geometry":{"type":"Point","coordinates":[144.960635,-37.811479]},"properties":{"development_key":"X000220","status":"COMPLETED","year_completed":"2018","street_address":"296-300 Little Lonsdale Street MELBOURNE VIC 3000","floors_above":40,"resi_dwellings":185,"office_flr":0,"retail_flr":0,"car_spaces":29,"bike_spaces":55}},{"type":"Feature","geometry":{"type":"Point","coordinates":[144.960508,-37.805702]},"properties":{"development_key":"X001551","status":"COMPLETED","year_completed":"2018","street_address":"16-32 Leicester Street CARLTON VIC 3053","floors_above":17,"resi_dwellings":0,"office_flr":0,"retail_flr":126,"car_spaces":0,"bike_spaces":100}},{"type":"Feature","geometry":{"type":"Point","coordinates":[144.962782,-37.804296]},"properties":{"development_key":"X001332","status":"COMPLETED","year_completed":"2018","street_address":"599-605 Swanston Street CARLTON VIC 3053","floors_above":20,"resi_dwellings":0,"office_flr":0,"retail_flr":0,"car_spaces":0,"bike_spaces":87}},{"type":"Feature","geometry":{"type":"Point","coordinates":[144.948638,-37.803742]},"properties":{"development_key":"X001371","status":"COMPLETED","year_completed":"2018","street_address":"6-12 Atkin Street NORTH MELBOURNE VIC 3051","floors_above":4,"resi_dwellings":9,"office_flr":0,"retail_flr":149,"car_spaces":0,"bike_spaces":0}},{"type":"Feature","geometry":{"type":"Point","coordinates":[144.956348,-37.801352]},"properties":{"development_key":"X001552","status":"COMPLETED","year_completed":"2019","street_address":"1-3 Flemington Road NORTH MELBOURNE VIC 3051","floors_above":22,"resi_dwellings":0,"office_flr":0,"retail_flr":180,"car_spaces":0,"bike_spaces":104}},{"type":"Feature","geometry":{"type":"Point","coordinates":[144.958969,-37.802508]},"properties":{"development_key":"X0001805","status":"COMPLETED","year_completed":"2019","street_address":"122-136 Berkeley Street CARLTON VIC 3053","floors_above":12,"resi_dwellings":0,"office_flr":0,"retail_flr":0,"car_spaces":0,"bike_spaces":30}},{"type":"Feature","geometry":{"type":"Point","coordinates":[144.964176,-37.806498]},"properties":{"development_key":"X0005605","status":"COMPLETED","year_completed":"2019","street_address":"96-100 Victoria Street, Carlton, 3053","floors_above":2,"resi_dwellings":0,"office_flr":0,"retail_flr":803,"car_spaces":0,"bike_spaces":0}},{"type":"Feature","geometry":{"type":"Point","coordinates":[144.949913,-37.811595]},"properties":{"development_key":"X000618","status":"COMPLETED","year_completed":"2019","street_address":"83-113 Batman Street WEST MELBOURNE VIC 3003","floors_above":26,"resi_dwellings":360,"office_flr":671,"retail_flr":958,"car_spaces":515,"bike_spaces":444}},{"type":"Feature","geometry":{"type":"Point","coordinates":[144.949913,-37.811595]},"properties":{"development_key":"X000619","status":"COMPLETED","year_completed":"2019","street_address":"83-113 Batman Street WEST MELBOURNE VIC 3003","floors_above":21,"resi_dwellings":169,"office_flr":0,"retail_flr":0,"car_spaces":0,"bike_spaces":0}},{"type":"Feature","geometry":{"type":"Point","coordinates":[144.960794,-37.812369]},"properties":{"development_key":"X000192","status":"COMPLETED","year_completed":"2020","street_address":"386-392 Lonsdale Street MELBOURNE VIC 3000","floors_above":19,"resi_dwellings":168,"office_flr":480,"retail_flr":370,"car_spaces":0,"bike_spaces":32}},{"type":"Feature","geometry":{"type":"Point","coordinates":[144.961462,-37.803496]},"properties":{"development_key":"X0001652","status":"COMPLETED","year_completed":"2020","street_address":"123-127 Bouverie Street CARLTON VIC 3053","floors_above":14,"resi_dwellings":0,"office_flr":0,"retail_flr":0,"car_spaces":0,"bike_spaces":0}},{"type":"Feature","geometry":{"type":"Point","coordinates":[144.956185,-37.802778]},"properties":{"development_key":"X0004601","status":"COMPLETED","year_completed":"2020","street_address":"199-217 Peel Street NORTH MELBOURNE VIC 3051","floors_above":8,"resi_dwellings":49,"office_flr":0,"retail_flr":245,"car_spaces":57,"bike_spaces":18}},{"type":"Feature","geometry":{"type":"Point","coordinates":[144.967479,-37.808775]},"properties":{"development_key":"X001570","status":"COMPLETED","year_completed":"2020","street_address":"141-149 La Trobe Street MELBOURNE VIC 3000","floors_above":43,"resi_dwellings":177,"office_flr":0,"retail_flr":364,"car_spaces":58,"bike_spaces":0}},{"type":"Feature","geometry":{"type":"Point","coordinates":[144.951865,-37.810269]},"properties":{"development_key":"X0006407","status":"COMPLETED","year_completed":"2020","street_address":"28 Batman Street, West Melbourne, 3003","floors_above":0,"resi_dwellings":0,"office_flr":0,"retail_flr":0,"car_spaces":0,"bike_spaces":0}},{"type":"Feature","geometry":{"type":"Point","coordinates":[144.95264,-37.814466]},"properties":{"development_key":"X000176","status":"COMPLETED","year_completed":"2021","street_address":"244-276 Spencer Street MELBOURNE VIC 3000","floors_above":64,"resi_dwellings":707,"office_flr":843,"retail_flr":911,"car_spaces":500,"bike_spaces":0}},{"type":"Feature","geometry":{"type":"Point","coordinates":[144.9486,-37.8102]},"properties":{"development_key":"X0008408","status":"COMPLETED","year_completed":"2021","street_address":"177-231 Rosslyn Street WEST MELBOURNE VIC 3003","floors_above":9,"resi_dwellings":0,"office_flr":0,"retail_flr":375,"car_spaces":558,"bike_spaces":203}},{"type":"Feature","geometry":{"type":"Point","coordinates":[144.9486,-37.8102]},"properties":{"development_key":"X0008412","status":"COMPLETED","year_completed":"2021","street_address":"177-231 Rosslyn Street WEST MELBOURNE VIC 3003","floors_above":11,"resi_dwellings":102,"office_flr":0,"retail_flr":1677,"car_spaces":0,"bike_spaces":0}},{"type":"Feature","geometry":{"type":"Point","coordinates":[144.960478,-37.807516]},"properties":{"development_key":"X0005612","status":"COMPLETED","year_completed":"2021","street_address":"480-488 Elizabeth Street MELBOURNE VIC 3000","floors_above":52,"resi_dwellings":0,"office_flr":845,"retail_flr":0,"car_spaces":0,"bike_spaces":204}},{"type":"Feature","geometry":{"type":"Point","coordinates":[144.959,-37.807713]},"properties":{"development_key":"X0003211","status":"COMPLETED","year_completed":"2021","street_address":"131-151 Therry Street, Melbourne, 3000","floors_above":10,"resi_dwellings":48,"office_flr":0,"retail_flr":1332,"car_spaces":0,"bike_spaces":132}},{"type":"Feature","geometry":{"type":"Point","coordinates":[144.962818,-37.80518]},"properties":{"development_key":"X0001603","status":"COMPLETED","year_completed":"2022","street_address":"557-591 Swanston Street CARLTON VIC 3053","floors_above":30,"resi_dwellings":0,"office_flr":62,"retail_flr":799,"car_spaces":0,"bike_spaces":179}},{"type":"Feature","geometry":{"type":"Point","coordinates":[144.9512,-37.8105]},"properties":{"development_key":"X0007435","status":"COMPLETED","year_completed":"2022","street_address":"50-56 Batman Street WEST MELBOURNE VIC 3003","floors_above":17,"resi_dwellings":0,"office_flr":0,"retail_flr":94,"car_spaces":17,"bike_spaces":42}},{"type":"Feature","geometry":{"type":"Point","coordinates":[144.953184,-37.804385]},"properties":{"development_key":"X0001623","status":"COMPLETED","year_completed":"2022","street_address":"6-10 Gardiner Street NORTH MELBOURNE VIC 3051","floors_above":4,"resi_dwellings":8,"office_flr":0,"retail_flr":0,"car_spaces":8,"bike_spaces":0}},{"type":"Feature","geometry":{"type":"Point","coordinates":[144.959,-37.807713]},"properties":{"development_key":"X0003210","status":"COMPLETED","year_completed":"2022","street_address":"93-129 Therry Street, Melbourne, 3000","floors_above":38,"resi_dwellings":362,"office_flr":0,"retail_flr":823,"car_spaces":666,"bike_spaces":2}},{"type":"Feature","geometry":{"type":"Point","coordinates":[144.967573,-37.810122]},"properties":{"development_key":"X0004602","status":"COMPLETED","year_completed":"2022","street_address":"150-162 Lonsdale Street MELBOURNE VIC 3000","floors_above":21,"resi_dwellings":0,"office_flr":22450,"retail_flr":280,"car_spaces":138,"bike_spaces":200}},{"type":"Feature","geometry":{"type":"Point","coordinates":[144.957442,-37.809992]},"properties":{"development_key":"X0009412","status":"COMPLETED","year_completed":"2023","street_address":"196-200 A'Beckett Street, Melbourne, 3000","floors_above":28,"resi_dwellings":0,"office_flr":0,"retail_flr":0,"car_spaces":0,"bike_spaces":144}},{"type":"Feature","geometry":{"type":"Point","coordinates":[144.954708,-37.806297]},"properties":{"development_key":"X001369","status":"COMPLETED","year_completed":"2023","street_address":"77-79 Capel Street WEST MELBOURNE VIC 3003","floors_above":4,"resi_dwellings":0,"office_flr":27,"retail_flr":48,"car_spaces":0,"bike_spaces":0}},{"type":"Feature","geometry":{"type":"Point","coordinates":[144.950642,-37.810658]},"properties":{"development_key":"X0003217","status":"COMPLETED","year_completed":"2023","street_address":"404-418 Spencer Street, West Melbourne, 3003","floors_above":20,"resi_dwellings":161,"office_flr":0,"retail_flr":336,"car_spaces":48,"bike_spaces":96}},{"type":"Feature","geometry":{"type":"Point","coordinates":[144.9602,-37.8097]},"properties":{"development_key":"X0010010","status":"COMPLETED","year_completed":"2023","street_address":"111-125 A'Beckett Street MELBOURNE VIC 3000","floors_above":65,"resi_dwellings":655,"office_flr":0,"retail_flr":558,"car_spaces":149,"bike_spaces":200}},{"type":"Feature","geometry":{"type":"Point","coordinates":[144.947909,-37.807337]},"properties":{"development_key":"X0008020","status":"COMPLETED","year_completed":"2024","street_address":"550-558 Spencer Street, West Melbourne, 3003","floors_above":8,"resi_dwellings":0,"office_flr":3637,"retail_flr":250,"car_spaces":46,"bike_spaces":60}},{"type":"Feature","geometry":{"type":"Point","coordinates":[144.952464,-37.806632]},"properties":{"development_key":"X0014705","status":"COMPLETED","year_completed":"2024","street_address":"52-58 Chetwynd Street, West Melbourne, 3003","floors_above":3,"resi_dwellings":0,"office_flr":0,"retail_flr":0,"car_spaces":3,"bike_spaces":10}},{"type":"Feature","geometry":{"type":"Point","coordinates":[144.9648,-37.8023]},"properties":{"development_key":"X0011801","status":"COMPLETED","year_completed":"2025","street_address":"86-94 Pelham Street CARLTON VIC 3053","floors_above":7,"resi_dwellings":36,"office_flr":595,"retail_flr":0,"car_spaces":56,"bike_spaces":137}},{"type":"Feature","geometry":{"type":"Point","coordinates":[144.948532,-37.803999]},"properties":{"development_key":"X0008012","status":"COMPLETED","year_completed":"2025","street_address":"8-10 Curzon Place, North Melbourne, 3051","floors_above":3,"resi_dwellings":14,"office_flr":0,"retail_flr":0,"car_spaces":2,"bike_spaces":0}},{"type":"Feature","geometry":{"type":"Point","coordinates":[144.965226,-37.811175]},"properties":{"development_key":"X0016004","status":"COMPLETED","year_completed":"2025","street_address":"222 Lonsdale Street MELBOURNE VIC 3000","floors_above":1,"resi_dwellings":0,"office_flr":0,"retail_flr":0,"car_spaces":0,"bike_spaces":0}},{"type":"Feature","geometry":{"type":"Point","coordinates":[144.966543,-37.8117]},"properties":{"development_key":"X0008417","status":"COMPLETED","year_completed":"2026","street_address":"15-21 Heffernan Lane, Melbourne, 3000","floors_above":4,"resi_dwellings":0,"office_flr":173,"retail_flr":517,"car_spaces":0,"bike_spaces":0}},{"type":"Feature","geometry":{"type":"Point","coordinates":[144.954344,-37.807777]},"properties":{"development_key":"X0017704","status":"APPLIED","street_address":"Royal Standard Hotel, 333-337 William Street, WEST MELBOURNE VIC 3003","floors_above":4,"resi_dwellings":5,"office_flr":0,"retail_flr":245,"car_spaces":6,"bike_spaces":8}},{"type":"Feature","geometry":{"type":"Point","coordinates":[144.958634,-37.809548]},"properties":{"development_key":"X0018101","status":"APPLIED","street_address":"382-406 Queen Street MELBOURNE VIC 3000","floors_above":65,"resi_dwellings":595,"office_flr":10103,"retail_flr":3341,"car_spaces":85,"bike_spaces":360}},{"type":"Feature","geometry":{"type":"Point","coordinates":[144.966354,-37.811331]},"properties":{"development_key":"X0018203","status":"APPLIED","street_address":"203-207 Lonsdale Street, Melbourne, 3000","floors_above":11,"resi_dwellings":0,"office_flr":0,"retail_flr":260,"car_spaces":0,"bike_spaces":15}},{"type":"Feature","geometry":{"type":"Point","coordinates":[144.961238,-37.805766]},"properties":{"development_key":"X0018205","status":"APPLIED","street_address":"21-25 Bouverie Street CARLTON VIC 3053","floors_above":18,"resi_dwellings":0,"office_flr":0,"retail_flr":0,"car_spaces":0,"bike_spaces":78}},{"type":"Feature","geometry":{"type":"Point","coordinates":[144.962511,-37.804678]},"properties":{"development_key":"X0018305","status":"APPLIED","street_address":"185-195 Queensberry Street, CARLTON VIC 3053","floors_above":28,"resi_dwellings":0,"office_flr":0,"retail_flr":322,"car_spaces":0,"bike_spaces":184}},{"type":"Feature","geometry":{"type":"Point","coordinates":[144.962511,-37.804678]},"properties":{"development_key":"X0018306","status":"APPLIED","street_address":"185-195 Queensberry Street, CARLTON VIC 3053","floors_above":46,"resi_dwellings":0,"office_flr":0,"retail_flr":185,"car_spaces":0,"bike_spaces":241}},{"type":"Feature","geometry":{"type":"Point","coordinates":[144.962511,-37.804678]},"properties":{"development_key":"X0018307","status":"APPLIED","street_address":"185-195 Queensberry Street, CARLTON VIC 3053","floors_above":56,"resi_dwellings":606,"office_flr":0,"retail_flr":1332,"car_spaces":120,"bike_spaces":290}},{"type":"Feature","geometry":{"type":"Point","coordinates":[144.953864,-37.815659]},"properties":{"development_key":"X0017301","status":"APPROVED","street_address":"620-632 Little Bourke Street, MELBOURNE VIC 3000","floors_above":25,"resi_dwellings":0,"office_flr":0,"retail_flr":0,"car_spaces":8,"bike_spaces":34}},{"type":"Feature","geometry":{"type":"Point","coordinates":[144.954912,-37.813973]},"properties":{"development_key":"X0017401","status":"APPROVED","street_address":"256-260 King Street, MELBOURNE VIC 3000","floors_above":48,"resi_dwellings":465,"office_flr":955,"retail_flr":621,"car_spaces":75,"bike_spaces":145}},{"type":"Feature","geometry":{"type":"Point","coordinates":[144.958634,-37.809548]},"properties":{"development_key":"X0016904","status":"APPROVED","street_address":"382-406 Queen Street MELBOURNE VIC 3000","floors_above":65,"resi_dwellings":693,"office_flr":10103,"retail_flr":3419,"car_spaces":154,"bike_spaces":356}},{"type":"Feature","geometry":{"type":"Point","coordinates":[144.955477,-37.801497]},"properties":{"development_key":"X0015301","status":"APPROVED","street_address":"26-28 Blackwood Street NORTH MELBOURNE VIC 3051","floors_above":16,"resi_dwellings":0,"office_flr":7520,"retail_flr":157,"car_spaces":36,"bike_spaces":88}},{"type":"Feature","geometry":{"type":"Point","coordinates":[144.962565,-37.803324]},"properties":{"development_key":"X0016209","status":"APPROVED","street_address":"23-31 Lincoln Square South CARLTON VIC 3053","floors_above":16,"resi_dwellings":0,"office_flr":0,"retail_flr":120,"car_spaces":0,"bike_spaces":72}},{"type":"Feature","geometry":{"type":"Point","coordinates":[144.95546,-37.807398]},"properties":{"development_key":"X0015908","status":"APPROVED","street_address":"33-37 Peel Street WEST MELBOURNE VIC 3003","floors_above":4,"resi_dwellings":0,"office_flr":0,"retail_flr":346,"car_spaces":0,"bike_spaces":0}},{"type":"Feature","geometry":{"type":"Point","coordinates":[144.966354,-37.811331]},"properties":{"development_key":"X0015809","status":"APPROVED","street_address":"203-207 Lonsdale Street, Melbourne, 3000","floors_above":8,"resi_dwellings":0,"office_flr":0,"retail_flr":682,"car_spaces":0,"bike_spaces":36}},{"type":"Feature","geometry":{"type":"Point","coordinates":[144.954408,-37.816177]},"properties":{"development_key":"X0015700","status":"APPROVED","street_address":"640-652 Bourke Street MELBOURNE VIC 3000","floors_above":71,"resi_dwellings":607,"office_flr":0,"retail_flr":430,"car_spaces":294,"bike_spaces":387}},{"type":"Feature","geometry":{"type":"Point","coordinates":[144.950862,-37.811142]},"properties":{"development_key":"X0015702","status":"APPROVED","street_address":"396-400 Spencer Street, West Melbourne, 3003","floors_above":12,"resi_dwellings":35,"office_flr":325,"retail_flr":171,"car_spaces":0,"bike_spaces":51}},{"type":"Feature","geometry":{"type":"Point","coordinates":[144.9511,-37.8081]},"properties":{"development_key":"X0015004","status":"APPROVED","street_address":"501-509 King Street, West Melbourne, 3003","floors_above":5,"resi_dwellings":0,"office_flr":0,"retail_flr":4753,"car_spaces":77,"bike_spaces":122}},{"type":"Feature","geometry":{"type":"Point","coordinates":[144.967359,-37.809502]},"properties":{"development_key":"X0015306","status":"APPROVED","street_address":"152-156 Little Lonsdale Street MELBOURNE VIC 3000","floors_above":26,"resi_dwellings":125,"office_flr":0,"retail_flr":0,"car_spaces":14,"bike_spaces":38}},{"type":"Feature","geometry":{"type":"Point","coordinates":[144.950848,-37.810601]},"properties":{"development_key":"X0014806","status":"APPROVED","street_address":"66-68 Batman Street WEST MELBOURNE VIC 3003","floors_above":0,"resi_dwellings":0,"office_flr":1731,"retail_flr":0,"car_spaces":10,"bike_spaces":21}},{"type":"Feature","geometry":{"type":"Point","coordinates":[144.956127,-37.80984]},"properties":{"development_key":"X0014201","status":"APPROVED","street_address":"386-412 William Street MELBOURNE VIC 3000","floors_above":34,"resi_dwellings":0,"office_flr":22289,"retail_flr":740,"car_spaces":111,"bike_spaces":276}},{"type":"Feature","geometry":{"type":"Point","coordinates":[144.9504,-37.8119]},"properties":{"development_key":"X0011211","status":"APPROVED","street_address":"355-369 Spencer Street, West Melbourne, 3003","floors_above":6,"resi_dwellings":0,"office_flr":8572,"retail_flr":362,"car_spaces":0,"bike_spaces":45}},{"type":"Feature","geometry":{"type":"Point","coordinates":[144.959562,-37.805068]},"properties":{"development_key":"X0012413","status":"APPROVED","street_address":"556 Elizabeth Street, Melbourne, 3000","floors_above":4,"resi_dwellings":0,"office_flr":890,"retail_flr":127,"car_spaces":0,"bike_spaces":6}},{"type":"Feature","geometry":{"type":"Point","coordinates":[144.959234,-37.810041]},"properties":{"development_key":"X0012812","status":"APPROVED","street_address":"332-346 La Trobe Street, Melbourne, 3000","floors_above":80,"resi_dwellings":815,"office_flr":0,"retail_flr":0,"car_spaces":73,"bike_spaces":331}},{"type":"Feature","geometry":{"type":"Point","coordinates":[144.96148,-37.813425]},"properties":{"development_key":"X0003601","status":"APPROVED","street_address":"372-378 Little Bourke Street MELBOURNE VIC 3000","floors_above":18,"resi_dwellings":0,"office_flr":6396,"retail_flr":510,"car_spaces":0,"bike_spaces":83}},{"type":"Feature","geometry":{"type":"Point","coordinates":[144.9564,-37.8053]},"properties":{"development_key":"X0011208","status":"APPROVED","street_address":"116-120 Peel Street, North Melbourne, 3051","floors_above":9,"resi_dwellings":32,"office_flr":0,"retail_flr":102,"car_spaces":15,"bike_spaces":11}},{"type":"Feature","geometry":{"type":"Point","coordinates":[144.962261,-37.809043]},"properties":{"development_key":"X0011000","status":"APPROVED","street_address":"41-45 A'Beckett Street, Melbourne, 3000","floors_above":8,"resi_dwellings":0,"office_flr":0,"retail_flr":1663,"car_spaces":0,"bike_spaces":15}},{"type":"Feature","geometry":{"type":"Point","coordinates":[144.959085,-37.804308]},"properties":{"development_key":"X0008803","status":"APPROVED","street_address":"600-608 Elizabeth Street, Melbourne, 3000","floors_above":17,"resi_dwellings":0,"office_flr":18963,"retail_flr":2149,"car_spaces":60,"bike_spaces":135}},{"type":"Feature","geometry":{"type":"Point","coordinates":[144.9614,-37.8046]},"properties":{"development_key":"X0008014","status":"APPROVED","street_address":"81-89 Bouverie Street CARLTON VIC 3053","floors_above":9,"resi_dwellings":0,"office_flr":0,"retail_flr":250,"car_spaces":0,"bike_spaces":32}},{"type":"Feature","geometry":{"type":"Point","coordinates":[144.954315,-37.803787]},"properties":{"development_key":"X001202","status":"APPROVED","street_address":"399-405 Queensberry Street NORTH MELBOURNE VIC 3051","floors_above":4,"resi_dwellings":12,"office_flr":0,"retail_flr":320,"car_spaces":8,"bike_spaces":18}},{"type":"Feature","geometry":{"type":"Point","coordinates":[144.961472,-37.815016]},"properties":{"development_key":"X0014802","status":"UNDER CONSTRUCTION","street_address":"148-156 Queen Street MELBOURNE VIC 3000","floors_above":51,"resi_dwellings":0,"office_flr":62754,"retail_flr":1576,"car_spaces":118,"bike_spaces":543}},{"type":"Feature","geometry":{"type":"Point","coordinates":[144.956454,-37.810955]},"properties":{"development_key":"X0014603","status":"UNDER CONSTRUCTION","street_address":"354-360 William Street MELBOURNE VIC 3000","floors_above":23,"resi_dwellings":0,"office_flr":0,"retail_flr":0,"car_spaces":0,"bike_spaces":80}},{"type":"Feature","geometry":{"type":"Point","coordinates":[144.959341,-37.808095]},"properties":{"development_key":"X0015601","status":"UNDER CONSTRUCTION","street_address":"104 Franklin Street, Melbourne, 3000","floors_above":39,"resi_dwellings":0,"office_flr":0,"retail_flr":418,"car_spaces":0,"bike_spaces":172}},{"type":"Feature","geometry":{"type":"Point","coordinates":[144.967313,-37.805408]},"properties":{"development_key":"X0015003","status":"UNDER CONSTRUCTION","street_address":"57-65 Drummond Street CARLTON VIC 3053","floors_above":3,"resi_dwellings":7,"office_flr":0,"retail_flr":0,"car_spaces":4,"bike_spaces":0}},{"type":"Feature","geometry":{"type":"Point","coordinates":[144.955841,-37.801424]},"properties":{"development_key":"X0013005","status":"UNDER CONSTRUCTION","street_address":"5-17 Flemington Road, North Melbourne, 3051","floors_above":18,"resi_dwellings":0,"office_flr":0,"retail_flr":152,"car_spaces":4,"bike_spaces":160}},{"type":"Feature","geometry":{"type":"Point","coordinates":[144.958366,-37.802493]},"properties":{"development_key":"X0015602","status":"UNDER CONSTRUCTION","street_address":"680 Elizabeth Street, Melbourne, 3000","floors_above":21,"resi_dwellings":0,"office_flr":0,"retail_flr":0,"car_spaces":0,"bike_spaces":84}},{"type":"Feature","geometry":{"type":"Point","coordinates":[144.9498,-37.8107]},"properties":{"development_key":"X0010401","status":"UNDER CONSTRUCTION","street_address":"419-421 Spencer Street WEST MELBOURNE VIC 3003","floors_above":20,"resi_dwellings":198,"office_flr":437,"retail_flr":545,"car_spaces":69,"bike_spaces":126}},{"type":"Feature","geometry":{"type":"Point","coordinates":[144.949751,-37.806966]},"properties":{"development_key":"X0014004","status":"UNDER CONSTRUCTION","street_address":"559-577 King Street WEST MELBOURNE VIC 3003","floors_above":9,"resi_dwellings":105,"office_flr":1067,"retail_flr":0,"car_spaces":100,"bike_spaces":209}},{"type":"Feature","geometry":{"type":"Point","coordinates":[144.949751,-37.806966]},"properties":{"development_key":"X0014005","status":"UNDER CONSTRUCTION","street_address":"559-577 King Street WEST MELBOURNE VIC 3003","floors_above":6,"resi_dwellings":44,"office_flr":0,"retail_flr":0,"car_spaces":0,"bike_spaces":0}},{"type":"Feature","geometry":{"type":"Point","coordinates":[144.949751,-37.806966]},"properties":{"development_key":"X0014006","status":"UNDER CONSTRUCTION","street_address":"559-577 King Street WEST MELBOURNE VIC 3003","floors_above":9,"resi_dwellings":155,"office_flr":0,"retail_flr":298,"car_spaces":0,"bike_spaces":0}},{"type":"Feature","geometry":{"type":"Point","coordinates":[144.96142,-37.803201]},"properties":{"development_key":"X000394","status":"COMPLETED","year_completed":"2002","street_address":"16-18 Barkly Place CARLTON VIC 3053","floors_above":5,"resi_dwellings":14,"office_flr":0,"retail_flr":0,"car_spaces":0,"bike_spaces":0}},{"type":"Feature","geometry":{"type":"Point","coordinates":[144.967682,-37.809166]},"properties":{"development_key":"X000231","status":"COMPLETED","year_completed":"2003","street_address":"11-21 Bennetts Lane MELBOURNE VIC 3000","floors_above":2,"resi_dwellings":0,"office_flr":580,"retail_flr":320,"car_spaces":0,"bike_spaces":0}},{"type":"Feature","geometry":{"type":"Point","coordinates":[144.958795,-37.803103]},"properties":{"development_key":"X000404","status":"COMPLETED","year_completed":"2013","street_address":"97-115 Berkeley Street MELBOURNE VIC 3000","floors_above":12,"resi_dwellings":0,"office_flr":0,"retail_flr":0,"car_spaces":0,"bike_spaces":0}},{"type":"Feature","geometry":{"type":"Point","coordinates":[144.962191,-37.815139]},"properties":{"development_key":"X000103","status":"COMPLETED","year_completed":"2007","street_address":"393-403 Bourke Street MELBOURNE VIC 3000","floors_above":8,"resi_dwellings":92,"office_flr":0,"retail_flr":6197,"car_spaces":0,"bike_spaces":0}},{"type":"Feature","geometry":{"type":"Point","coordinates":[144.959585,-37.815886]},"properties":{"development_key":"X000095","status":"COMPLETED","year_completed":"2005","street_address":"RACV Building 483-501 Bourke Street MELBOURNE VIC 3000","floors_above":18,"resi_dwellings":0,"office_flr":11330,"retail_flr":725,"car_spaces":0,"bike_spaces":0}},{"type":"Feature","geometry":{"type":"Point","coordinates":[144.957815,-37.816365]},"properties":{"development_key":"X000094","status":"COMPLETED","year_completed":"2012","street_address":"527-555 Bourke Street MELBOURNE VIC 3000","floors_above":8,"resi_dwellings":0,"office_flr":20443,"retail_flr":2055,"car_spaces":300,"bike_spaces":0}},{"type":"Feature","geometry":{"type":"Point","coordinates":[144.954712,-37.816282]},"properties":{"development_key":"X000124","status":"COMPLETED","year_completed":"2006","street_address":"636-638 Bourke Street MELBOURNE VIC 3000","floors_above":5,"resi_dwellings":0,"office_flr":0,"retail_flr":0,"car_spaces":0,"bike_spaces":0}},{"type":"Feature","geometry":{"type":"Point","coordinates":[144.961377,-37.804958]},"properties":{"development_key":"X000411","status":"COMPLETED","year_completed":"2008","street_address":"The Bellagio Carlton 63-69 Bouverie Street CARLTON VIC 3053","floors_above":8,"resi_dwellings":44,"office_flr":0,"retail_flr":230,"car_spaces":0,"bike_spaces":0}},{"type":"Feature","geometry":{"type":"Point","coordinates":[144.961409,-37.804781]},"properties":{"development_key":"X000412","status":"COMPLETED","year_completed":"2012","street_address":"71-79 Bouverie Street CARLTON VIC 3053","floors_above":8,"resi_dwellings":0,"office_flr":40,"retail_flr":0,"car_spaces":0,"bike_spaces":0}},{"type":"Feature","geometry":{"type":"Point","coordinates":[144.961618,-37.801037]},"properties":{"development_key":"X000367","status":"COMPLETED","year_completed":"2009","street_address":"Melbourne University 197-235 Bouverie Street CARLTON VIC 3053","floors_above":5,"resi_dwellings":0,"office_flr":0,"retail_flr":0,"car_spaces":0,"bike_spaces":0}},{"type":"Feature","geometry":{"type":"Point","coordinates":[144.964251,-37.805529]},"properties":{"development_key":"X000425","status":"COMPLETED","year_completed":"2012","street_address":"51 Cardigan Street CARLTON VIC 3053","floors_above":2,"resi_dwellings":0,"office_flr":0,"retail_flr":0,"car_spaces":0,"bike_spaces":0}},{"type":"Feature","geometry":{"type":"Point","coordinates":[144.964945,-37.801708]},"properties":{"development_key":"X000369","status":"COMPLETED","year_completed":"2002","street_address":"203-225 Cardigan Street CARLTON VIC 3053","floors_above":4,"resi_dwellings":33,"office_flr":0,"retail_flr":0,"car_spaces":0,"bike_spaces":0}},{"type":"Feature","geometry":{"type":"Point","coordinates":[144.952385,-37.807082]},"properties":{"development_key":"X000594","status":"COMPLETED","year_completed":"2003","street_address":"30-44 Chetwynd Street WEST MELBOURNE VIC 3003","floors_above":5,"resi_dwellings":64,"office_flr":140,"retail_flr":0,"car_spaces":0,"bike_spaces":0}},{"type":"Feature","geometry":{"type":"Point","coordinates":[144.953511,-37.802217]},"properties":{"development_key":"X000516","status":"COMPLETED","year_completed":"2012","street_address":"La Trobe Close 13-39 Courtney Street NORTH MELBOURNE VIC 3051","floors_above":7,"resi_dwellings":146,"office_flr":0,"retail_flr":0,"car_spaces":117,"bike_spaces":0}},{"type":"Feature","geometry":{"type":"Point","coordinates":[144.95348,-37.808666]},"properties":{"development_key":"X000603","status":"COMPLETED","year_completed":"2015","street_address":"52-54 Dudley Street WEST MELBOURNE VIC 3003","floors_above":5,"resi_dwellings":0,"office_flr":0,"retail_flr":0,"car_spaces":1,"bike_spaces":0}},{"type":"Feature","geometry":{"type":"Point","coordinates":[144.96085,-37.810014]},"properties":{"development_key":"X000253","status":"COMPLETED","year_completed":"2014","street_address":"284-294 La Trobe Street MELBOURNE VIC 3000","floors_above":9,"resi_dwellings":0,"office_flr":0,"retail_flr":0,"car_spaces":0,"bike_spaces":0}},{"type":"Feature","geometry":{"type":"Point","coordinates":[144.95667,-37.800193]},"properties":{"development_key":"X000958","status":"COMPLETED","year_completed":"2015","street_address":"Victorian Comprehensive Cancer Centre 301-327 Grattan Street MELBOURNE VIC 3000","floors_above":15,"resi_dwellings":0,"office_flr":0,"retail_flr":0,"car_spaces":0,"bike_spaces":0}},{"type":"Feature","geometry":{"type":"Point","coordinates":[144.958773,-37.803385]},"properties":{"development_key":"X000400","status":"COMPLETED","year_completed":"2011","street_address":"Elan Apartments 634-640 Elizabeth Street MELBOURNE VIC 3000","floors_above":11,"resi_dwellings":56,"office_flr":0,"retail_flr":0,"car_spaces":0,"bike_spaces":0}},{"type":"Feature","geometry":{"type":"Point","coordinates":[144.962883,-37.812702]},"properties":{"development_key":"X000161","status":"COMPLETED","year_completed":"2003","street_address":"222-260 Elizabeth Street MELBOURNE VIC 3000","floors_above":21,"resi_dwellings":225,"office_flr":0,"retail_flr":2103,"car_spaces":0,"bike_spaces":0}},{"type":"Feature","geometry":{"type":"Point","coordinates":[144.950189,-37.801836]},"properties":{"development_key":"X000525","status":"COMPLETED","year_completed":"2013","street_address":"130-140 Errol Street NORTH MELBOURNE VIC 3051","floors_above":5,"resi_dwellings":29,"office_flr":0,"retail_flr":0,"car_spaces":34,"bike_spaces":14}},{"type":"Feature","geometry":{"type":"Point","coordinates":[144.955841,-37.801424]},"properties":{"development_key":"X000533","status":"COMPLETED","year_completed":"2005","street_address":"RMIT Village 5-17 Flemington Road NORTH MELBOURNE VIC 3051","floors_above":6,"resi_dwellings":0,"office_flr":0,"retail_flr":0,"car_spaces":0,"bike_spaces":0}},{"type":"Feature","geometry":{"type":"Point","coordinates":[144.959569,-37.809044]},"properties":{"development_key":"X000289","status":"COMPLETED","year_completed":"2015","street_address":"151-165 Franklin Street MELBOURNE VIC 3000","floors_above":45,"resi_dwellings":782,"office_flr":494,"retail_flr":1060,"car_spaces":342,"bike_spaces":293}},{"type":"Feature","geometry":{"type":"Point","coordinates":[144.95634,-37.798639]},"properties":{"development_key":"X000960","status":"COMPLETED","year_completed":"2015","street_address":"Royal Melbourne Hospital 300-328 Grattan Street PARKVILLE VIC 3050","floors_above":0,"resi_dwellings":0,"office_flr":0,"retail_flr":0,"car_spaces":0,"bike_spaces":0}},{"type":"Feature","geometry":{"type":"Point","coordinates":[144.954187,-37.804366]},"properties":{"development_key":"X000500","status":"COMPLETED","year_completed":"2008","street_address":"38-40 Howard Street NORTH MELBOURNE VIC 3051","floors_above":4,"resi_dwellings":0,"office_flr":0,"retail_flr":0,"car_spaces":0,"bike_spaces":0}},{"type":"Feature","geometry":{"type":"Point","coordinates":[144.954308,-37.804719]},"properties":{"development_key":"X000497","status":"COMPLETED","year_completed":"2003","street_address":"22-26 Howard Street NORTH MELBOURNE VIC 3051","floors_above":4,"resi_dwellings":26,"office_flr":75,"retail_flr":0,"car_spaces":0,"bike_spaces":0}},{"type":"Feature","geometry":{"type":"Point","coordinates":[144.951798,-37.8122]},"properties":{"development_key":"X000243","status":"COMPLETED","year_completed":"2014","street_address":"55-63 Jeffcott Street WEST MELBOURNE VIC 3003","floors_above":14,"resi_dwellings":68,"office_flr":0,"retail_flr":1000,"car_spaces":0,"bike_spaces":29}},{"type":"Feature","geometry":{"type":"Point","coordinates":[144.9542,-37.813676]},"properties":{"development_key":"X000180","status":"COMPLETED","year_completed":"2005","street_address":"Hotel Sophia 277-287 King Street MELBOURNE VIC 3000","floors_above":4,"resi_dwellings":0,"office_flr":0,"retail_flr":0,"car_spaces":0,"bike_spaces":0}},{"type":"Feature","geometry":{"type":"Point","coordinates":[144.95493,-37.813724]},"properties":{"development_key":"X000183","status":"COMPLETED","year_completed":"2002","street_address":"262-274 King Street MELBOURNE VIC 3000","floors_above":18,"resi_dwellings":157,"office_flr":909,"retail_flr":0,"car_spaces":0,"bike_spaces":0}},{"type":"Feature","geometry":{"type":"Point","coordinates":[144.961044,-37.803348]},"properties":{"development_key":"X000389","status":"COMPLETED","year_completed":"2015","street_address":"108-128 Leicester Street CARLTON VIC 3053","floors_above":14,"resi_dwellings":0,"office_flr":0,"retail_flr":0,"car_spaces":5,"bike_spaces":118}},{"type":"Feature","geometry":{"type":"Point","coordinates":[144.960858,-37.803708]},"properties":{"development_key":"X000387","status":"COMPLETED","year_completed":"2009","street_address":"100-106 Leicester Street CARLTON VIC 3053","floors_above":10,"resi_dwellings":0,"office_flr":6300,"retail_flr":0,"car_spaces":0,"bike_spaces":0}},{"type":"Feature","geometry":{"type":"Point","coordinates":[144.951699,-37.802502]},"properties":{"development_key":"X000521","status":"COMPLETED","year_completed":"2015","street_address":"68-82 Leveson Street NORTH MELBOURNE VIC 3051","floors_above":4,"resi_dwellings":99,"office_flr":0,"retail_flr":0,"car_spaces":99,"bike_spaces":60}},{"type":"Feature","geometry":{"type":"Point","coordinates":[144.96393,-37.812472]},"properties":{"development_key":"X000163","status":"COMPLETED","year_completed":"2014","street_address":"269-321 Lonsdale Street MELBOURNE VIC 3000","floors_above":5,"resi_dwellings":0,"office_flr":0,"retail_flr":42000,"car_spaces":0,"bike_spaces":0}},{"type":"Feature","geometry":{"type":"Point","coordinates":[144.953625,-37.815422]},"properties":{"development_key":"X000152","status":"COMPLETED","year_completed":"2014","street_address":"617-639 Lonsdale Street MELBOURNE VIC 3000","floors_above":50,"resi_dwellings":584,"office_flr":0,"retail_flr":0,"car_spaces":0,"bike_spaces":0}},{"type":"Feature","geometry":{"type":"Point","coordinates":[144.962771,-37.810509]},"properties":{"development_key":"X000226","status":"COMPLETED","year_completed":"2005","street_address":"Melbourne Central 183-265 La Trobe Street MELBOURNE VIC 3000","floors_above":6,"resi_dwellings":0,"office_flr":0,"retail_flr":3000,"car_spaces":0,"bike_spaces":0}},{"type":"Feature","geometry":{"type":"Point","coordinates":[144.965725,-37.810679]},"properties":{"development_key":"X000195","status":"COMPLETED","year_completed":"2003","street_address":"QV Village 278-300 Swanston Street MELBOURNE VIC 3000","floors_above":31,"resi_dwellings":0,"office_flr":44840,"retail_flr":32834,"car_spaces":0,"bike_spaces":0}},{"type":"Feature","geometry":{"type":"Point","coordinates":[144.965725,-37.810679]},"properties":{"development_key":"X000198","status":"COMPLETED","year_completed":"2004","street_address":"QV Village 278-300 Swanston Street MELBOURNE VIC 3000","floors_above":48,"resi_dwellings":135,"office_flr":0,"retail_flr":0,"car_spaces":0,"bike_spaces":0}},{"type":"Feature","geometry":{"type":"Point","coordinates":[144.963128,-37.812926]},"properties":{"development_key":"X000164","status":"COMPLETED","year_completed":"2002","street_address":"Break Free (Heritage on Little Bourke) 318-322 Little Bourke Street MELBOURNE VIC 3000","floors_above":13,"resi_dwellings":0,"office_flr":0,"retail_flr":0,"car_spaces":0,"bike_spaces":0}},{"type":"Feature","geometry":{"type":"Point","coordinates":[144.962672,-37.809172]},"properties":{"development_key":"X000261","status":"COMPLETED","year_completed":"2014","street_address":"22-32 Little La Trobe Street MELBOURNE VIC 3000","floors_above":18,"resi_dwellings":122,"office_flr":0,"retail_flr":120,"car_spaces":0,"bike_spaces":0}},{"type":"Feature","geometry":{"type":"Point","coordinates":[144.955565,-37.813296]},"properties":{"development_key":"X000185","status":"COMPLETED","year_completed":"2010","street_address":"551-555 Little Lonsdale Street MELBOURNE VIC 3000","floors_above":3,"resi_dwellings":0,"office_flr":810,"retail_flr":413,"car_spaces":0,"bike_spaces":0}},{"type":"Feature","geometry":{"type":"Point","coordinates":[144.960941,-37.811274]},"properties":{"development_key":"X000217","status":"COMPLETED","year_completed":"2014","street_address":"280-294 Little Lonsdale Street MELBOURNE VIC 3000","floors_above":36,"resi_dwellings":200,"office_flr":0,"retail_flr":0,"car_spaces":107,"bike_spaces":0}},{"type":"Feature","geometry":{"type":"Point","coordinates":[144.967187,-37.80954]},"properties":{"development_key":"X000234","status":"COMPLETED","year_completed":"2004","street_address":"158-162 Little Lonsdale Street MELBOURNE VIC 3000","floors_above":9,"resi_dwellings":80,"office_flr":0,"retail_flr":0,"car_spaces":0,"bike_spaces":0}},{"type":"Feature","geometry":{"type":"Point","coordinates":[144.966952,-37.807811]},"properties":{"development_key":"X000268","status":"COMPLETED","year_completed":"2012","street_address":"Mackenzie Tower 27-39 MacKenzie Street MELBOURNE VIC 3000","floors_above":32,"resi_dwellings":372,"office_flr":0,"retail_flr":0,"car_spaces":0,"bike_spaces":0}},{"type":"Feature","geometry":{"type":"Point","coordinates":[144.961819,-37.815146]},"properties":{"development_key":"X000099","status":"COMPLETED","year_completed":"2004","street_address":"18-22 McKillop Street MELBOURNE VIC 3000","floors_above":7,"resi_dwellings":12,"office_flr":0,"retail_flr":0,"car_spaces":0,"bike_spaces":0}},{"type":"Feature","geometry":{"type":"Point","coordinates":[144.957648,-37.805251]},"properties":{"development_key":"X000506","status":"COMPLETED","year_completed":"2002","street_address":"21-27 O'Connell Street NORTH MELBOURNE VIC 3051","floors_above":4,"resi_dwellings":25,"office_flr":0,"retail_flr":0,"car_spaces":0,"bike_spaces":0}},{"type":"Feature","geometry":{"type":"Point","coordinates":[144.965431,-37.806167]},"properties":{"development_key":"X000431","status":"COMPLETED","year_completed":"2003","street_address":"9-13 Earl Street CARLTON VIC 3053","floors_above":8,"resi_dwellings":0,"office_flr":0,"retail_flr":0,"car_spaces":0,"bike_spaces":0}},{"type":"Feature","geometry":{"type":"Point","coordinates":[144.956661,-37.804444]},"properties":{"development_key":"X000503","status":"COMPLETED","year_completed":"2005","street_address":"140-164 Peel Street NORTH MELBOURNE VIC 3051","floors_above":4,"resi_dwellings":54,"office_flr":0,"retail_flr":0,"car_spaces":0,"bike_spaces":0}},{"type":"Feature","geometry":{"type":"Point","coordinates":[144.964422,-37.802822]},"properties":{"development_key":"X000381","status":"COMPLETED","year_completed":"2014","street_address":"95-125 Pelham Street CARLTON VIC 3053","floors_above":15,"resi_dwellings":118,"office_flr":0,"retail_flr":52,"car_spaces":0,"bike_spaces":40}},{"type":"Feature","geometry":{"type":"Point","coordinates":[144.960697,-37.804608]},"properties":{"development_key":"X000410","status":"COMPLETED","year_completed":"2006","street_address":"233-251 Queensberry Street CARLTON VIC 3053","floors_above":3,"resi_dwellings":0,"office_flr":5494,"retail_flr":0,"car_spaces":0,"bike_spaces":0}},{"type":"Feature","geometry":{"type":"Point","coordinates":[144.947025,-37.803298]},"properties":{"development_key":"X000481","status":"COMPLETED","year_completed":"2012","street_address":"Bastow Institute of Educational Leadership 603-615 Queensberry Street NORTH MELBOURNE VIC 3051","floors_above":3,"resi_dwellings":0,"office_flr":0,"retail_flr":0,"car_spaces":0,"bike_spaces":0}},{"type":"Feature","geometry":{"type":"Point","coordinates":[144.958212,-37.81022]},"properties":{"development_key":"X000246","status":"COMPLETED","year_completed":"2010","street_address":"CityTempo Apartments 175-181 A'Beckett Street MELBOURNE VIC 3000","floors_above":29,"resi_dwellings":187,"office_flr":0,"retail_flr":84,"car_spaces":0,"bike_spaces":0}},{"type":"Feature","geometry":{"type":"Point","coordinates":[144.95908,-37.810426]},"properties":{"development_key":"X000256","status":"COMPLETED","year_completed":"2003","street_address":"350-370 Queen Street MELBOURNE VIC 3000","floors_above":21,"resi_dwellings":0,"office_flr":3187,"retail_flr":1578,"car_spaces":0,"bike_spaces":0}},{"type":"Feature","geometry":{"type":"Point","coordinates":[144.94739,-37.808512]},"properties":{"development_key":"X000587","status":"COMPLETED","year_completed":"2013","street_address":"141-149 Roden Street WEST MELBOURNE VIC 3003","floors_above":6,"resi_dwellings":65,"office_flr":0,"retail_flr":0,"car_spaces":62,"bike_spaces":26}},{"type":"Feature","geometry":{"type":"Point","coordinates":[144.966805,-37.809302]},"properties":{"development_key":"X000239","status":"COMPLETED","year_completed":"2015","street_address":"302-324 Russell Street MELBOURNE VIC 3000","floors_above":55,"resi_dwellings":439,"office_flr":263,"retail_flr":204,"car_spaces":146,"bike_spaces":149}},{"type":"Feature","geometry":{"type":"Point","coordinates":[144.951017,-37.813808]},"properties":{"development_key":"X001003","status":"COMPLETED","year_completed":"2015","street_address":"285-313 Spencer Street DOCKLANDS VIC 3008","floors_above":15,"resi_dwellings":0,"office_flr":28021,"retail_flr":224,"car_spaces":300,"bike_spaces":220}},{"type":"Feature","geometry":{"type":"Point","coordinates":[144.949826,-37.808743]},"properties":{"development_key":"X000592","status":"COMPLETED","year_completed":"2008","street_address":"478-486 Spencer Street WEST MELBOURNE VIC 3003","floors_above":3,"resi_dwellings":0,"office_flr":0,"retail_flr":0,"car_spaces":0,"bike_spaces":0}},{"type":"Feature","geometry":{"type":"Point","coordinates":[144.952055,-37.813706]},"properties":{"development_key":"X000205","status":"COMPLETED","year_completed":"2009","street_address":"Atlantis Hotel & Tower 284-302 Spencer Street MELBOURNE VIC 3000","floors_above":36,"resi_dwellings":205,"office_flr":0,"retail_flr":288,"car_spaces":0,"bike_spaces":0}},{"type":"Feature","geometry":{"type":"Point","coordinates":[144.962964,-37.804043]},"properties":{"development_key":"X000386","status":"COMPLETED","year_completed":"2013","street_address":"Tune Hotel 607-621 Swanston Street CARLTON VIC 3053","floors_above":9,"resi_dwellings":42,"office_flr":0,"retail_flr":0,"car_spaces":26,"bike_spaces":18}},{"type":"Feature","geometry":{"type":"Point","coordinates":[144.963533,-37.804837]},"properties":{"development_key":"X000426","status":"COMPLETED","year_completed":"2014","street_address":"514-520 Swanston Street CARLTON VIC 3053","floors_above":17,"resi_dwellings":110,"office_flr":0,"retail_flr":0,"car_spaces":0,"bike_spaces":0}},{"type":"Feature","geometry":{"type":"Point","coordinates":[144.960631,-37.806708]},"properties":{"development_key":"X000317","status":"COMPLETED","year_completed":"2011","street_address":"51-57 Victoria Street MELBOURNE VIC 3000","floors_above":8,"resi_dwellings":59,"office_flr":375,"retail_flr":0,"car_spaces":0,"bike_spaces":0}},{"type":"Feature","geometry":{"type":"Point","coordinates":[144.952573,-37.80518]},"properties":{"development_key":"X000494","status":"COMPLETED","year_completed":"2011","street_address":"406-416 Victoria Street NORTH MELBOURNE VIC 3051","floors_above":1,"resi_dwellings":0,"office_flr":0,"retail_flr":1009,"car_spaces":0,"bike_spaces":0}},{"type":"Feature","geometry":{"type":"Point","coordinates":[144.954763,-37.805426]},"properties":{"development_key":"X000498","status":"COMPLETED","year_completed":"2002","street_address":"328-350 Victoria Street NORTH MELBOURNE VIC 3051","floors_above":5,"resi_dwellings":64,"office_flr":0,"retail_flr":130,"car_spaces":0,"bike_spaces":0}},{"type":"Feature","geometry":{"type":"Point","coordinates":[144.957026,-37.814038]},"properties":{"development_key":"X000157","status":"COMPLETED","year_completed":"2010","street_address":"William Cooper Justice Centre 223-229 William Street MELBOURNE VIC 3000","floors_above":12,"resi_dwellings":0,"office_flr":10730,"retail_flr":0,"car_spaces":0,"bike_spaces":0}},{"type":"Feature","geometry":{"type":"Point","coordinates":[144.956362,-37.812521]},"properties":{"development_key":"X000207","status":"COMPLETED","year_completed":"2004","street_address":"277-287 William Street MELBOURNE VIC 3000","floors_above":13,"resi_dwellings":0,"office_flr":1603,"retail_flr":355,"car_spaces":0,"bike_spaces":0}},{"type":"Feature","geometry":{"type":"Point","coordinates":[144.956575,-37.811246]},"properties":{"development_key":"X000248","status":"COMPLETED","year_completed":"2014","street_address":"Art on the Park Apartments 330-352 William Street MELBOURNE VIC 3000","floors_above":36,"resi_dwellings":354,"office_flr":0,"retail_flr":444,"car_spaces":445,"bike_spaces":266}},{"type":"Feature","geometry":{"type":"Point","coordinates":[144.954132,-37.800035]},"properties":{"development_key":"X000541","status":"COMPLETED","year_completed":"2003","street_address":"29-35 Wreckyn Street NORTH MELBOURNE VIC 3051","floors_above":6,"resi_dwellings":45,"office_flr":99,"retail_flr":0,"car_spaces":0,"bike_spaces":0}},{"type":"Feature","geometry":{"type":"Point","coordinates":[144.954542,-37.800537]},"properties":{"development_key":"X000537","status":"COMPLETED","year_completed":"2005","street_address":"30-34 Wreckyn Street NORTH MELBOURNE VIC 3051","floors_above":6,"resi_dwellings":49,"office_flr":0,"retail_flr":0,"car_spaces":0,"bike_spaces":0}},{"type":"Feature","geometry":{"type":"Point","coordinates":[144.954237,-37.800697]},"properties":{"development_key":"X000535","status":"COMPLETED","year_completed":"2010","street_address":"16-28 Wreckyn Street NORTH MELBOURNE VIC 3051","floors_above":4,"resi_dwellings":37,"office_flr":404,"retail_flr":0,"car_spaces":0,"bike_spaces":0}},{"type":"Feature","geometry":{"type":"Point","coordinates":[144.95056,-37.814504]},"properties":{"development_key":"X001001","status":"COMPLETED","year_completed":"2007","street_address":"Spencer Outlet Centre 163-261 Spencer Street DOCKLANDS VIC 3008","floors_above":3,"resi_dwellings":0,"office_flr":112,"retail_flr":21158,"car_spaces":0,"bike_spaces":0}},{"type":"Feature","geometry":{"type":"Point","coordinates":[144.965401,-37.80634]},"properties":{"development_key":"X000430","status":"COMPLETED","year_completed":"2008","street_address":"16-26 Orr Street CARLTON VIC 3053","floors_above":9,"resi_dwellings":0,"office_flr":261,"retail_flr":0,"car_spaces":0,"bike_spaces":0}},{"type":"Feature","geometry":{"type":"Point","coordinates":[144.96261,-37.808941]},"properties":{"development_key":"X000259","status":"COMPLETED","year_completed":"2010","street_address":"A'Beckett Tower 19-37 A'Beckett Street MELBOURNE VIC 3000","floors_above":34,"resi_dwellings":287,"office_flr":0,"retail_flr":287,"car_spaces":0,"bike_spaces":0}},{"type":"Feature","geometry":{"type":"Point","coordinates":[144.959377,-37.80082]},"properties":{"development_key":"X000365","status":"COMPLETED","year_completed":"2003","street_address":"131-137 Barry Street CARLTON VIC 3053","floors_above":2,"resi_dwellings":0,"office_flr":602,"retail_flr":0,"car_spaces":0,"bike_spaces":0}},{"type":"Feature","geometry":{"type":"Point","coordinates":[144.956636,-37.809697]},"properties":{"development_key":"X000284","status":"COMPLETED","year_completed":"2015","street_address":"Infinity 8 Apartments 243-263 Franklin Street MELBOURNE VIC 3000","floors_above":12,"resi_dwellings":54,"office_flr":0,"retail_flr":80,"car_spaces":0,"bike_spaces":0}},{"type":"Feature","geometry":{"type":"Point","coordinates":[144.956636,-37.809697]},"properties":{"development_key":"X000286","status":"COMPLETED","year_completed":"2012","street_address":"Infinity 8 Apartments 243-263 Franklin Street MELBOURNE VIC 3000","floors_above":19,"resi_dwellings":168,"office_flr":0,"retail_flr":0,"car_spaces":0,"bike_spaces":0}},{"type":"Feature","geometry":{"type":"Point","coordinates":[144.950923,-37.802394]},"properties":{"development_key":"X000524","status":"COMPLETED","year_completed":"2014","street_address":"79-89 Leveson Street NORTH MELBOURNE VIC 3051","floors_above":4,"resi_dwellings":21,"office_flr":0,"retail_flr":0,"car_spaces":0,"bike_spaces":0}},{"type":"Feature","geometry":{"type":"Point","coordinates":[144.96109,-37.806093]},"properties":{"development_key":"X000406","status":"COMPLETED","year_completed":"2003","street_address":"Bouverie Close Apartments 1-19 Bouverie Street CARLTON VIC 3053","floors_above":10,"resi_dwellings":155,"office_flr":735,"retail_flr":0,"car_spaces":0,"bike_spaces":0}},{"type":"Feature","geometry":{"type":"Point","coordinates":[144.953082,-37.80778]},"properties":{"development_key":"X000601","status":"COMPLETED","year_completed":"2005","street_address":"37-47 Rosslyn Street WEST MELBOURNE VIC 3003","floors_above":4,"resi_dwellings":15,"office_flr":0,"retail_flr":0,"car_spaces":0,"bike_spaces":0}},{"type":"Feature","geometry":{"type":"Point","coordinates":[144.948714,-37.804748]},"properties":{"development_key":"X000484","status":"COMPLETED","year_completed":"2006","street_address":"520-528 Victoria Street NORTH MELBOURNE VIC 3051","floors_above":3,"resi_dwellings":0,"office_flr":500,"retail_flr":1000,"car_spaces":0,"bike_spaces":0}},{"type":"Feature","geometry":{"type":"Point","coordinates":[144.957906,-37.805604]},"properties":{"development_key":"X000508","status":"COMPLETED","year_completed":"2008","street_address":"9-13 O'Connell Street NORTH MELBOURNE VIC 3051","floors_above":6,"resi_dwellings":40,"office_flr":0,"retail_flr":44,"car_spaces":0,"bike_spaces":0}},{"type":"Feature","geometry":{"type":"Point","coordinates":[144.962089,-37.807289]},"properties":{"development_key":"X000314","status":"COMPLETED","year_completed":"2007","street_address":"475-497 Swanston Street MELBOURNE VIC 3000","floors_above":49,"resi_dwellings":520,"office_flr":0,"retail_flr":2344,"car_spaces":0,"bike_spaces":0}},{"type":"Feature","geometry":{"type":"Point","coordinates":[144.951215,-37.80128]},"properties":{"development_key":"X000526","status":"COMPLETED","year_completed":"2007","street_address":"23 Arden Street NORTH MELBOURNE VIC 3051","floors_above":3,"resi_dwellings":16,"office_flr":0,"retail_flr":0,"car_spaces":0,"bike_spaces":0}},{"type":"Feature","geometry":{"type":"Point","coordinates":[144.951064,-37.801309]},"properties":{"development_key":"X000527","status":"COMPLETED","year_completed":"2004","street_address":"25 Arden Street NORTH MELBOURNE VIC 3051","floors_above":3,"resi_dwellings":16,"office_flr":0,"retail_flr":0,"car_spaces":0,"bike_spaces":0}},{"type":"Feature","geometry":{"type":"Point","coordinates":[144.965598,-37.804102]},"properties":{"development_key":"X000380","status":"COMPLETED","year_completed":"2006","street_address":"26-34 Little Cardigan Street CARLTON VIC 3053","floors_above":5,"resi_dwellings":27,"office_flr":0,"retail_flr":0,"car_spaces":0,"bike_spaces":0}},{"type":"Feature","geometry":{"type":"Point","coordinates":[144.954995,-37.79885]},"properties":{"development_key":"X000959","status":"COMPLETED","year_completed":"2008","street_address":"Royal Womens Hospital 18-22 Flemington Road PARKVILLE VIC 3050","floors_above":8,"resi_dwellings":0,"office_flr":0,"retail_flr":626,"car_spaces":0,"bike_spaces":0}},{"type":"Feature","geometry":{"type":"Point","coordinates":[144.962512,-37.806195]},"properties":{"development_key":"X000413","status":"COMPLETED","year_completed":"2013","street_address":"136-154 Victoria Street CARLTON VIC 3053","floors_above":9,"resi_dwellings":0,"office_flr":1500,"retail_flr":200,"car_spaces":0,"bike_spaces":0}},{"type":"Feature","geometry":{"type":"Point","coordinates":[144.961032,-37.807096]},"properties":{"development_key":"X000311","status":"COMPLETED","year_completed":"2012","street_address":"Zen Apartments 23-39 Therry Street MELBOURNE VIC 3000","floors_above":49,"resi_dwellings":427,"office_flr":42,"retail_flr":0,"car_spaces":157,"bike_spaces":0}},{"type":"Feature","geometry":{"type":"Point","coordinates":[144.953625,-37.815422]},"properties":{"development_key":"X000151","status":"COMPLETED","year_completed":"2016","street_address":"617-639 Lonsdale Street MELBOURNE VIC 3000","floors_above":32,"resi_dwellings":282,"office_flr":0,"retail_flr":0,"car_spaces":946,"bike_spaces":660}},{"type":"Feature","geometry":{"type":"Point","coordinates":[144.949893,-37.81055]},"properties":{"development_key":"X000612","status":"COMPLETED","year_completed":"2016","street_address":"DUO Apartments 423-435 Spencer Street WEST MELBOURNE VIC 3003","floors_above":17,"resi_dwellings":89,"office_flr":275,"retail_flr":0,"car_spaces":0,"bike_spaces":0}},{"type":"Feature","geometry":{"type":"Point","coordinates":[144.955018,-37.803267]},"properties":{"development_key":"X000515","status":"COMPLETED","year_completed":"2016","street_address":"366-392 Queensberry Street NORTH MELBOURNE VIC 3051","floors_above":4,"resi_dwellings":35,"office_flr":0,"retail_flr":0,"car_spaces":128,"bike_spaces":0}},{"type":"Feature","geometry":{"type":"Point","coordinates":[144.955018,-37.803267]},"properties":{"development_key":"X001517","status":"COMPLETED","year_completed":"2016","street_address":"366-392 Queensberry Street NORTH MELBOURNE VIC 3051","floors_above":4,"resi_dwellings":34,"office_flr":0,"retail_flr":0,"car_spaces":0,"bike_spaces":0}},{"type":"Feature","geometry":{"type":"Point","coordinates":[144.953917,-37.814239]},"properties":{"development_key":"X000182","status":"COMPLETED","year_completed":"2016","street_address":"Melbourne One Apartments 612-620 Lonsdale Street MELBOURNE VIC 3000","floors_above":46,"resi_dwellings":468,"office_flr":0,"retail_flr":740,"car_spaces":395,"bike_spaces":481}},{"type":"Feature","geometry":{"type":"Point","coordinates":[144.950614,-37.809522]},"properties":{"development_key":"X000607","status":"COMPLETED","year_completed":"2017","street_address":"130-154 Dudley Street WEST MELBOURNE VIC 3003","floors_above":9,"resi_dwellings":80,"office_flr":0,"retail_flr":333,"car_spaces":209,"bike_spaces":121}},{"type":"Feature","geometry":{"type":"Point","coordinates":[144.949073,-37.809717]},"properties":{"development_key":"X000609","status":"COMPLETED","year_completed":"2017","street_address":"171-175 Rosslyn Street WEST MELBOURNE VIC 3003","floors_above":5,"resi_dwellings":18,"office_flr":93,"retail_flr":0,"car_spaces":11,"bike_spaces":4}},{"type":"Feature","geometry":{"type":"Point","coordinates":[144.962771,-37.810509]},"properties":{"development_key":"X001192","status":"COMPLETED","year_completed":"2017","street_address":"Melbourne Central 183-265 La Trobe Street MELBOURNE VIC 3000","floors_above":1,"resi_dwellings":0,"office_flr":0,"retail_flr":0,"car_spaces":0,"bike_spaces":0}},{"type":"Feature","geometry":{"type":"Point","coordinates":[144.960624,-37.807837]},"properties":{"development_key":"X000312","status":"COMPLETED","year_completed":"2017","street_address":"452-472 Elizabeth Street MELBOURNE VIC 3000","floors_above":54,"resi_dwellings":622,"office_flr":0,"retail_flr":635,"car_spaces":163,"bike_spaces":263}},{"type":"Feature","geometry":{"type":"Point","coordinates":[144.960859,-37.808308]},"properties":{"development_key":"X000297","status":"COMPLETED","year_completed":"2017","street_address":"442-450 Elizabeth Street MELBOURNE VIC 3000","floors_above":70,"resi_dwellings":607,"office_flr":0,"retail_flr":1065,"car_spaces":90,"bike_spaces":178}},{"type":"Feature","geometry":{"type":"Point","coordinates":[144.961985,-37.805663]},"properties":{"development_key":"X000419","status":"COMPLETED","year_completed":"2017","street_address":"28-44 Bouverie Street CARLTON VIC 3053","floors_above":20,"resi_dwellings":216,"office_flr":0,"retail_flr":350,"car_spaces":7,"bike_spaces":77}},{"type":"Feature","geometry":{"type":"Point","coordinates":[144.954248,-37.814989]},"properties":{"development_key":"X000149","status":"COMPLETED","year_completed":"2017","street_address":"20-40 Rose Lane MELBOURNE VIC 3000","floors_above":51,"resi_dwellings":399,"office_flr":0,"retail_flr":279,"car_spaces":204,"bike_spaces":122}},{"type":"Feature","geometry":{"type":"Point","coordinates":[144.952362,-37.808317]},"properties":{"development_key":"X000600","status":"COMPLETED","year_completed":"2017","street_address":"356-362 King Street WEST MELBOURNE VIC 3003","floors_above":2,"resi_dwellings":0,"office_flr":0,"retail_flr":0,"car_spaces":5,"bike_spaces":0}},{"type":"Feature","geometry":{"type":"Point","coordinates":[144.963246,-37.809278]},"properties":{"development_key":"X000267","status":"COMPLETED","year_completed":"2018","street_address":"Deakin House 393-397 Swanston Street MELBOURNE VIC 3000","floors_above":43,"resi_dwellings":0,"office_flr":0,"retail_flr":0,"car_spaces":0,"bike_spaces":157}},{"type":"Feature","geometry":{"type":"Point","coordinates":[144.95006,-37.805744]},"properties":{"development_key":"X000583","status":"COMPLETED","year_completed":"2018","street_address":"14-20 Roden Street WEST MELBOURNE VIC 3003","floors_above":4,"resi_dwellings":10,"office_flr":0,"retail_flr":0,"car_spaces":10,"bike_spaces":0}},{"type":"Feature","geometry":{"type":"Point","coordinates":[144.967174,-37.808049]},"properties":{"development_key":"X001331","status":"COMPLETED","year_completed":"2018","street_address":"42-50 La Trobe Street MELBOURNE VIC 3000","floors_above":43,"resi_dwellings":0,"office_flr":0,"retail_flr":0,"car_spaces":0,"bike_spaces":159}},{"type":"Feature","geometry":{"type":"Point","coordinates":[144.958304,-37.802366]},"properties":{"development_key":"X001341","status":"COMPLETED","year_completed":"2019","street_address":"684-688 Elizabeth Street MELBOURNE VIC 3000","floors_above":19,"resi_dwellings":120,"office_flr":0,"retail_flr":186,"car_spaces":36,"bike_spaces":134}},{"type":"Feature","geometry":{"type":"Point","coordinates":[144.962281,-37.809653]},"properties":{"development_key":"X000262","status":"COMPLETED","year_completed":"2019","street_address":"224-252 La Trobe Street MELBOURNE VIC 3000","floors_above":84,"resi_dwellings":1139,"office_flr":3408,"retail_flr":3037,"car_spaces":364,"bike_spaces":786}},{"type":"Feature","geometry":{"type":"Point","coordinates":[144.95064,-37.809057]},"properties":{"development_key":"X001234","status":"COMPLETED","year_completed":"2019","street_address":"109-133 Rosslyn Street WEST MELBOURNE VIC 3003","floors_above":8,"resi_dwellings":191,"office_flr":0,"retail_flr":0,"car_spaces":163,"bike_spaces":95}},{"type":"Feature","geometry":{"type":"Point","coordinates":[144.96194,-37.806145]},"properties":{"development_key":"X000414","status":"COMPLETED","year_completed":"2019","street_address":"156-172 Victoria Street CARLTON VIC 3053","floors_above":77,"resi_dwellings":1035,"office_flr":0,"retail_flr":1821,"car_spaces":232,"bike_spaces":470}},{"type":"Feature","geometry":{"type":"Point","coordinates":[144.953792,-37.799308]},"properties":{"development_key":"X000546","status":"COMPLETED","year_completed":"2019","street_address":"69-73 Flemington Road NORTH MELBOURNE VIC 3051","floors_above":15,"resi_dwellings":165,"office_flr":0,"retail_flr":280,"car_spaces":115,"bike_spaces":100}},{"type":"Feature","geometry":{"type":"Point","coordinates":[144.952979,-37.807015]},"properties":{"development_key":"X001360","status":"COMPLETED","year_completed":"2020","street_address":"3-11 Howard Street WEST MELBOURNE VIC 3003","floors_above":5,"resi_dwellings":17,"office_flr":0,"retail_flr":186,"car_spaces":39,"bike_spaces":11}},{"type":"Feature","geometry":{"type":"Point","coordinates":[144.950513,-37.803923]},"properties":{"development_key":"X0004802","status":"COMPLETED","year_completed":"2020","street_address":"39-43 Leveson Street NORTH MELBOURNE VIC 3051","floors_above":3,"resi_dwellings":10,"office_flr":0,"retail_flr":0,"car_spaces":11,"bike_spaces":0}},{"type":"Feature","geometry":{"type":"Point","coordinates":[144.963719,-37.805217]},"properties":{"development_key":"X0002802","status":"COMPLETED","year_completed":"2020","street_address":"498-504 Swanston Street CARLTON VIC 3053","floors_above":17,"resi_dwellings":0,"office_flr":0,"retail_flr":262,"car_spaces":0,"bike_spaces":80}},{"type":"Feature","geometry":{"type":"Point","coordinates":[144.955581,-37.813743]},"properties":{"development_key":"X001220","status":"COMPLETED","year_completed":"2020","street_address":"560-566 Lonsdale Street MELBOURNE VIC 3000","floors_above":68,"resi_dwellings":887,"office_flr":543,"retail_flr":298,"car_spaces":308,"bike_spaces":272}},{"type":"Feature","geometry":{"type":"Point","coordinates":[144.9596,-37.814861]},"properties":{"development_key":"X0002812","status":"COMPLETED","year_completed":"2020","street_address":"Equity Chambers 472-478 Bourke Street MELBOURNE VIC 3000","floors_above":17,"resi_dwellings":0,"office_flr":0,"retail_flr":445,"car_spaces":0,"bike_spaces":10}},{"type":"Feature","geometry":{"type":"Point","coordinates":[144.964145,-37.811484]},"properties":{"development_key":"X001563","status":"COMPLETED","year_completed":"2021","street_address":"268-270 Lonsdale Street MELBOURNE VIC 3000","floors_above":5,"resi_dwellings":0,"office_flr":0,"retail_flr":449,"car_spaces":0,"bike_spaces":0}},{"type":"Feature","geometry":{"type":"Point","coordinates":[144.961114,-37.812026]},"properties":{"development_key":"X001528","status":"COMPLETED","year_completed":"2021","street_address":"374-380 Lonsdale Street MELBOURNE VIC 3000","floors_above":68,"resi_dwellings":728,"office_flr":1152,"retail_flr":440,"car_spaces":456,"bike_spaces":728}},{"type":"Feature","geometry":{"type":"Point","coordinates":[144.9486,-37.8102]},"properties":{"development_key":"X0008409","status":"COMPLETED","year_completed":"2021","street_address":"177-231 Rosslyn Street WEST MELBOURNE VIC 3003","floors_above":16,"resi_dwellings":118,"office_flr":1433,"retail_flr":446,"car_spaces":0,"bike_spaces":0}},{"type":"Feature","geometry":{"type":"Point","coordinates":[144.9486,-37.8102]},"properties":{"development_key":"X0008410","status":"COMPLETED","year_completed":"2021","street_address":"177-231 Rosslyn Street WEST MELBOURNE VIC 3003","floors_above":11,"resi_dwellings":98,"office_flr":1490,"retail_flr":1504,"car_spaces":0,"bike_spaces":0}},{"type":"Feature","geometry":{"type":"Point","coordinates":[144.9486,-37.8102]},"properties":{"development_key":"X0008411","status":"COMPLETED","year_completed":"2021","street_address":"177-231 Rosslyn Street WEST MELBOURNE VIC 3003","floors_above":8,"resi_dwellings":56,"office_flr":0,"retail_flr":769,"car_spaces":0,"bike_spaces":0}},{"type":"Feature","geometry":{"type":"Point","coordinates":[144.962976,-37.803568]},"properties":{"development_key":"X0002605","status":"COMPLETED","year_completed":"2021","street_address":"623-645 Swanston Street CARLTON VIC 3053","floors_above":14,"resi_dwellings":0,"office_flr":0,"retail_flr":250,"car_spaces":20,"bike_spaces":172}},{"type":"Feature","geometry":{"type":"Point","coordinates":[144.9575,-37.803247]},"properties":{"development_key":"X0005602","status":"COMPLETED","year_completed":"2021","street_address":"611-669 Elizabeth Street MELBOURNE VIC 3000","floors_above":9,"resi_dwellings":0,"office_flr":766,"retail_flr":4461,"car_spaces":106,"bike_spaces":97}},{"type":"Feature","geometry":{"type":"Point","coordinates":[144.95843,-37.811999]},"properties":{"development_key":"X0001801","status":"COMPLETED","year_completed":"2022","street_address":"364-378 Little Lonsdale Street MELBOURNE VIC 3000","floors_above":30,"resi_dwellings":0,"office_flr":0,"retail_flr":152,"car_spaces":107,"bike_spaces":558}},{"type":"Feature","geometry":{"type":"Point","coordinates":[144.9488,-37.8079]},"properties":{"development_key":"X0010202","status":"COMPLETED","year_completed":"2022","street_address":"512-544 Spencer Street, West Melbourne, 3003","floors_above":8,"resi_dwellings":53,"office_flr":0,"retail_flr":432,"car_spaces":69,"bike_spaces":53}},{"type":"Feature","geometry":{"type":"Point","coordinates":[144.951028,-37.810105]},"properties":{"development_key":"X0002808","status":"COMPLETED","year_completed":"2023","street_address":"Flagstaff City Inn 45-55 Dudley Street WEST MELBOURNE VIC 3003","floors_above":25,"resi_dwellings":169,"office_flr":0,"retail_flr":159,"car_spaces":45,"bike_spaces":166}},{"type":"Feature","geometry":{"type":"Point","coordinates":[144.9605,-37.8108]},"properties":{"development_key":"X0007400","status":"COMPLETED","year_completed":"2023","street_address":"293-299 La Trobe Street MELBOURNE VIC 3000","floors_above":44,"resi_dwellings":0,"office_flr":0,"retail_flr":190,"car_spaces":0,"bike_spaces":180}},{"type":"Feature","geometry":{"type":"Point","coordinates":[144.953371,-37.814257]},"properties":{"development_key":"X000177","status":"COMPLETED","year_completed":"2023","street_address":"244-276 Spencer Street MELBOURNE VIC 3000","floors_above":68,"resi_dwellings":575,"office_flr":0,"retail_flr":265,"car_spaces":320,"bike_spaces":0}},{"type":"Feature","geometry":{"type":"Point","coordinates":[144.961903,-37.815331]},"properties":{"development_key":"X0006600","status":"COMPLETED","year_completed":"2023","street_address":"10-16 Mckillop Street, Melbourne, 3000","floors_above":7,"resi_dwellings":0,"office_flr":963,"retail_flr":822,"car_spaces":0,"bike_spaces":0}},{"type":"Feature","geometry":{"type":"Point","coordinates":[144.953951,-37.813406]},"properties":{"development_key":"X000206","status":"COMPLETED","year_completed":"2023","street_address":"295-305 King Street MELBOURNE VIC 3000","floors_above":64,"resi_dwellings":422,"office_flr":0,"retail_flr":381,"car_spaces":140,"bike_spaces":290}},{"type":"Feature","geometry":{"type":"Point","coordinates":[144.9671,-37.8099]},"properties":{"development_key":"X0008603","status":"COMPLETED","year_completed":"2023","street_address":"276-284 Russell Street MELBOURNE VIC 3000","floors_above":28,"resi_dwellings":0,"office_flr":0,"retail_flr":0,"car_spaces":0,"bike_spaces":40}},{"type":"Feature","geometry":{"type":"Point","coordinates":[144.947456,-37.809628]},"properties":{"development_key":"X0001650","status":"COMPLETED","year_completed":"2023","street_address":"137 Stanley Street, West Melbourne, 3003","floors_above":4,"resi_dwellings":18,"office_flr":0,"retail_flr":0,"car_spaces":24,"bike_spaces":0}},{"type":"Feature","geometry":{"type":"Point","coordinates":[144.950976,-37.808814]},"properties":{"development_key":"X001558","status":"COMPLETED","year_completed":"2023","street_address":"101-107 Rosslyn Street WEST MELBOURNE VIC 3003","floors_above":10,"resi_dwellings":49,"office_flr":0,"retail_flr":0,"car_spaces":17,"bike_spaces":36}},{"type":"Feature","geometry":{"type":"Point","coordinates":[144.9668,-37.8073]},"properties":{"development_key":"X0008015","status":"COMPLETED","year_completed":"2024","street_address":"23-29 Victoria Street, MELBOURNE, 3000","floors_above":25,"resi_dwellings":0,"office_flr":0,"retail_flr":201,"car_spaces":0,"bike_spaces":131}},{"type":"Feature","geometry":{"type":"Point","coordinates":[144.964453,-37.803632]},"properties":{"development_key":"X0014503","status":"COMPLETED","year_completed":"2025","street_address":"121-131 Cardigan Street, Carlton, 3053","floors_above":11,"resi_dwellings":80,"office_flr":0,"retail_flr":148,"car_spaces":100,"bike_spaces":50}},{"type":"Feature","geometry":{"type":"Point","coordinates":[144.963333,-37.809482]},"properties":{"development_key":"X0016000","status":"UNDER CONSTRUCTION","street_address":"188-222 La Trobe Street MELBOURNE VIC","floors_above":56,"resi_dwellings":0,"office_flr":0,"retail_flr":292,"car_spaces":0,"bike_spaces":288}},{"type":"Feature","geometry":{"type":"Point","coordinates":[144.967747,-37.809443]},"properties":{"development_key":"X0010404","status":"COMPLETED","year_completed":"2026","street_address":"134-144 Little Lonsdale Street, MELBOURNE VIC 3000","floors_above":21,"resi_dwellings":0,"office_flr":11658,"retail_flr":1180,"car_spaces":41,"bike_spaces":108}},{"type":"Feature","geometry":{"type":"Point","coordinates":[144.96148,-37.813425]},"properties":{"development_key":"X0016200","status":"APPLIED","street_address":"372-378 Little Bourke Street MELBOURNE VIC 3000","floors_above":19,"resi_dwellings":0,"office_flr":0,"retail_flr":564,"car_spaces":0,"bike_spaces":25}},{"type":"Feature","geometry":{"type":"Point","coordinates":[144.954328,-37.803735]},"properties":{"development_key":"X0017203","status":"APPLIED","street_address":"399-405 Queensberry Street, NORTH MELBOURNE VIC 3051","floors_above":4,"resi_dwellings":5,"office_flr":0,"retail_flr":0,"car_spaces":5,"bike_spaces":0}},{"type":"Feature","geometry":{"type":"Point","coordinates":[144.962135,-37.804244]},"properties":{"development_key":"X0017901","status":"APPLIED","street_address":"204-208 Queensberry Street, CARLTON VIC 3053","floors_above":19,"resi_dwellings":0,"office_flr":0,"retail_flr":0,"car_spaces":0,"bike_spaces":56}},{"type":"Feature","geometry":{"type":"Point","coordinates":[144.962771,-37.810509]},"properties":{"development_key":"X0018207","status":"APPLIED","street_address":"183-265 La Trobe Street, MELBOURNE VIC 3000","floors_above":2,"resi_dwellings":0,"office_flr":0,"retail_flr":8996,"car_spaces":0,"bike_spaces":0}},{"type":"Feature","geometry":{"type":"Point","coordinates":[144.958078,-37.807109]},"properties":{"development_key":"X0018300","status":"APPROVED","street_address":"Queen Victoria Market, 65-159 Victoria Street, MELBOURNE VIC 3000","floors_above":39,"resi_dwellings":507,"office_flr":0,"retail_flr":471,"car_spaces":382,"bike_spaces":475}},{"type":"Feature","geometry":{"type":"Point","coordinates":[144.958078,-37.807109]},"properties":{"development_key":"X0018301","status":"APPROVED","street_address":"Queen Victoria Market, 65-159 Victoria Street, MELBOURNE VIC 3000","floors_above":49,"resi_dwellings":622,"office_flr":0,"retail_flr":272,"car_spaces":0,"bike_spaces":0}},{"type":"Feature","geometry":{"type":"Point","coordinates":[144.959027,-37.804289]},"properties":{"development_key":"X0017300","status":"APPROVED","street_address":"600-608 Elizabeth Street, MELBOURNE VIC 3000","floors_above":19,"resi_dwellings":0,"office_flr":0,"retail_flr":517,"car_spaces":0,"bike_spaces":194}},{"type":"Feature","geometry":{"type":"Point","coordinates":[144.95267,-37.808945]},"properties":{"development_key":"X0016902","status":"APPROVED","street_address":"78-86 Dudley Street WEST MELBOURNE VIC 3003","floors_above":5,"resi_dwellings":0,"office_flr":1683,"retail_flr":711,"car_spaces":22,"bike_spaces":18}},{"type":"Feature","geometry":{"type":"Point","coordinates":[144.96675,-37.811217]},"properties":{"development_key":"X0015603","status":"APPROVED","street_address":"189-191 Lonsdale Street MELBOURNE VIC 3000","floors_above":4,"resi_dwellings":0,"office_flr":0,"retail_flr":637,"car_spaces":0,"bike_spaces":0}},{"type":"Feature","geometry":{"type":"Point","coordinates":[144.948495,-37.806006]},"properties":{"development_key":"X0016206","status":"APPROVED","street_address":"13-25 Hawke Street WEST MELBOURNE VIC 3003","floors_above":5,"resi_dwellings":0,"office_flr":0,"retail_flr":528,"car_spaces":55,"bike_spaces":36}},{"type":"Feature","geometry":{"type":"Point","coordinates":[144.960405,-37.816001]},"properties":{"development_key":"X0015900","status":"APPROVED","street_address":"422-428 Little Collins Street MELBOURNE VIC 3000","floors_above":10,"resi_dwellings":0,"office_flr":0,"retail_flr":1792,"car_spaces":16,"bike_spaces":18}},{"type":"Feature","geometry":{"type":"Point","coordinates":[144.954749,-37.814879]},"properties":{"development_key":"X0015309","status":"APPROVED","street_address":"225-237 King Street MELBOURNE VIC 3000","floors_above":25,"resi_dwellings":0,"office_flr":0,"retail_flr":377,"car_spaces":0,"bike_spaces":64}},{"type":"Feature","geometry":{"type":"Point","coordinates":[144.958411,-37.80041]},"properties":{"development_key":"X0015100","status":"APPROVED","street_address":"774-782 Elizabeth Street MELBOURNE VIC 3000","floors_above":0,"resi_dwellings":0,"office_flr":0,"retail_flr":0,"car_spaces":0,"bike_spaces":0}},{"type":"Feature","geometry":{"type":"Point","coordinates":[144.95764,-37.807834]},"properties":{"development_key":"X0015202","status":"APPROVED","street_address":"65-159 Victoria Street MELBOURNE VIC 3000","floors_above":54,"resi_dwellings":0,"office_flr":0,"retail_flr":356,"car_spaces":0,"bike_spaces":230}},{"type":"Feature","geometry":{"type":"Point","coordinates":[144.954296,-37.8142]},"properties":{"development_key":"X0014205","status":"APPROVED","street_address":"Lonsdale Court 600 Lonsdale Street, Melbourne, 3000","floors_above":40,"resi_dwellings":0,"office_flr":27990,"retail_flr":2157,"car_spaces":71,"bike_spaces":230}},{"type":"Feature","geometry":{"type":"Point","coordinates":[144.953577,-37.815722]},"properties":{"development_key":"X0011804","status":"APPROVED","street_address":"620-648 Little Bourke Street, Melbourne, 3000","floors_above":25,"resi_dwellings":0,"office_flr":0,"retail_flr":0,"car_spaces":30,"bike_spaces":5}},{"type":"Feature","geometry":{"type":"Point","coordinates":[144.961235,-37.810844]},"properties":{"development_key":"X0014807","status":"APPROVED","street_address":"337-347 Elizabeth Street, Melbourne, 3000","floors_above":3,"resi_dwellings":0,"office_flr":0,"retail_flr":1467,"car_spaces":0,"bike_spaces":0}},{"type":"Feature","geometry":{"type":"Point","coordinates":[144.9504,-37.8119]},"properties":{"development_key":"X0011210","status":"APPROVED","street_address":"355-369 Spencer Street, West Melbourne, 3003","floors_above":20,"resi_dwellings":117,"office_flr":313,"retail_flr":84,"car_spaces":50,"bike_spaces":89}},{"type":"Feature","geometry":{"type":"Point","coordinates":[144.961901,-37.813229]},"properties":{"development_key":"X0010008","status":"APPROVED","street_address":"360 Little Bourke Street, Melbourne, 3000","floors_above":14,"resi_dwellings":0,"office_flr":7743,"retail_flr":276,"car_spaces":0,"bike_spaces":72}},{"type":"Feature","geometry":{"type":"Point","coordinates":[144.961351,-37.814535]},"properties":{"development_key":"X0009803","status":"APPROVED","street_address":"418-420 Bourke Street, Melbourne, 3000","floors_above":4,"resi_dwellings":3,"office_flr":0,"retail_flr":150,"car_spaces":0,"bike_spaces":0}},{"type":"Feature","geometry":{"type":"Point","coordinates":[144.9589,-37.8037]},"properties":{"development_key":"X0009801","status":"APPROVED","street_address":"618-630 Elizabeth Street, Melbourne, 3000","floors_above":16,"resi_dwellings":0,"office_flr":0,"retail_flr":75,"car_spaces":0,"bike_spaces":148}},{"type":"Feature","geometry":{"type":"Point","coordinates":[144.949629,-37.810542]},"properties":{"development_key":"X0007409","status":"APPROVED","street_address":"95 Dudley Street, West Melbourne, 3003","floors_above":20,"resi_dwellings":0,"office_flr":2759,"retail_flr":74,"car_spaces":48,"bike_spaces":9}},{"type":"Feature","geometry":{"type":"Point","coordinates":[144.9567,-37.8041]},"properties":{"development_key":"X0007422","status":"APPROVED","street_address":"341-347 Queensberry Street NORTH MELBOURNE VIC 3051","floors_above":9,"resi_dwellings":0,"office_flr":0,"retail_flr":0,"car_spaces":0,"bike_spaces":3}},{"type":"Feature","geometry":{"type":"Point","coordinates":[144.961618,-37.801037]},"properties":{"development_key":"X001559","status":"APPROVED","street_address":"Melbourne University 197-235 Bouverie Street CARLTON VIC 3053","floors_above":11,"resi_dwellings":0,"office_flr":207,"retail_flr":136,"car_spaces":33,"bike_spaces":30}},{"type":"Feature","geometry":{"type":"Point","coordinates":[144.962135,-37.804225]},"properties":{"development_key":"X0001644","status":"APPROVED","street_address":"204-208 Queensberry Street CARLTON VIC 3053","floors_above":15,"resi_dwellings":0,"office_flr":0,"retail_flr":94,"car_spaces":0,"bike_spaces":46}},{"type":"Feature","geometry":{"type":"Point","coordinates":[144.95807,-37.802105]},"properties":{"development_key":"X001349","status":"APPROVED","street_address":"696-708 Elizabeth Street MELBOURNE VIC 3000","floors_above":22,"resi_dwellings":80,"office_flr":0,"retail_flr":46,"car_spaces":0,"bike_spaces":25}},{"type":"Feature","geometry":{"type":"Point","coordinates":[144.947456,-37.809628]},"properties":{"development_key":"X0001649","status":"APPROVED","street_address":"137 Stanley Street, West Melbourne, 3003","floors_above":4,"resi_dwellings":28,"office_flr":0,"retail_flr":0,"car_spaces":52,"bike_spaces":0}},{"type":"Feature","geometry":{"type":"Point","coordinates":[144.955841,-37.801424]},"properties":{"development_key":"X0013004","status":"APPROVED","street_address":"5-17 Flemington Road, North Melbourne, 3051","floors_above":23,"resi_dwellings":544,"office_flr":0,"retail_flr":965,"car_spaces":242,"bike_spaces":324}},{"type":"Feature","geometry":{"type":"Point","coordinates":[144.961183,-37.811179]},"properties":{"development_key":"X0014007","status":"COMPLETED","year_completed":"2026","street_address":"274-278 Little Lonsdale Street MELBOURNE VIC 3000","floors_above":32,"resi_dwellings":0,"office_flr":0,"retail_flr":230,"car_spaces":0,"bike_spaces":36}},{"type":"Feature","geometry":{"type":"Point","coordinates":[144.954096,-37.799428]},"properties":{"development_key":"X0004804","status":"UNDER CONSTRUCTION","street_address":"61-63 Flemington Road, North Melbourne, 3051","floors_above":13,"resi_dwellings":0,"office_flr":0,"retail_flr":49,"car_spaces":3,"bike_spaces":0}},{"type":"Feature","geometry":{"type":"Point","coordinates":[144.961185,-37.802758]},"properties":{"development_key":"X0014903","status":"UNDER CONSTRUCTION","street_address":"4-12 Leicester Place CARLTON VIC 3053","floors_above":15,"resi_dwellings":0,"office_flr":0,"retail_flr":97,"car_spaces":0,"bike_spaces":52}}]}