{"type":"FeatureCollection","features":[{"type":"Feature","geometry":{"type":"Polygon","coordinates":[[[144.955121,-37.803504],[144.955131,-37.803505],[144.955128,-37.803522],[144.955206,-37.803531],[144.95521,-37.803513],[144.955232,-37.803515],[144.955229,-37.803533],[144.955384,-37.803552],[144.955408,-37.803409],[144.955392,-37.803407],[144.955396,-37.803388],[144.955412,-37.80339],[144.955418,-37.803354],[144.955264,-37.803337],[144.955261,-37.803355],[144.955238,-37.803352],[144.955241,-37.803334],[144.955164,-37.803326],[144.95516,-37.803344],[144.95515,-37.803342],[144.955153,-37.803324],[144.955001,-37.803308],[144.954966,-37.803504],[144.955118,-37.803521],[144.955121,-37.803504]]]},"properties":{"dev_key":"X001518","status":"COMPLETED","permit_num":"TP-2012-315/A","bldhgt_ahd":50.4,"base_ahd":35.0,"address":"366-392 Queensberry Street NORTH MELBOURNE VIC 3051","num_floors":4,"land_use_1":"Dwellings 34","shape_type":"podium","datadate":"2024-10-24T12:53:51+00:00","height":15.4}},{"type":"Feature","geometry":{"type":"Polygon","coordinates":[[[144.950424,-37.809537],[144.95043,-37.809535],[144.950383,-37.809459],[144.950351,-37.80947],[144.950354,-37.809474],[144.950244,-37.809515],[144.950247,-37.809521],[144.950218,-37.809531],[144.950259,-37.809599],[144.950266,-37.809597],[144.950268,-37.809601],[144.950273,-37.80961],[144.950257,-37.809615],[144.950309,-37.809699],[144.950324,-37.809694],[144.950329,-37.809702],[144.950332,-37.809706],[144.950325,-37.80971],[144.950365,-37.809778],[144.950395,-37.809767],[144.950397,-37.809772],[144.950506,-37.80973],[144.950509,-37.809734],[144.950541,-37.809721],[144.950496,-37.809645],[144.950489,-37.809647],[144.950482,-37.809635],[144.950499,-37.809629],[144.950447,-37.809543],[144.950432,-37.809549],[144.950424,-37.809537]]]},"properties":{"dev_key":"X001519","status":"COMPLETED","permit_num":"TPM-2011-40/A","bldhgt_ahd":47.3,"base_ahd":19.1,"address":"130-154 Dudley Street WEST MELBOURNE VIC 3003","num_floors":9,"land_use_1":"Dwellings 80","shape_type":"tower","datadate":"2024-10-24T12:53:51+00:00","height":28.2}},{"type":"Feature","geometry":{"type":"Polygon","coordinates":[[[144.952895,-37.811399],[144.953052,-37.81125],[144.952836,-37.810795],[144.952836,-37.810795],[144.952836,-37.810795],[144.952647,-37.81085],[144.952622,-37.810857],[144.952835,-37.811311],[144.952802,-37.81132],[144.952845,-37.811413],[144.952895,-37.811399]]]},"properties":{"dev_key":"X001256","status":"COMPLETED","permit_num":"TP-2015-515/A","bldhgt_ahd":67.2,"base_ahd":23.0,"address":"383-405 King Street WEST MELBOURNE VIC 3003","num_floors":10,"land_use_1":"Education (sq.m) 12500","shape_type":"extension","datadate":"2024-10-24T12:53:51+00:00","height":44.2}},{"type":"Feature","geometry":{"type":"Polygon","coordinates":[[[144.954117,-37.815259],[144.954018,-37.815287],[144.954024,-37.815301],[144.954011,-37.815305],[144.954008,-37.815297],[144.953942,-37.815315],[144.953966,-37.815373],[144.953927,-37.815384],[144.954053,-37.815658],[144.954124,-37.815638],[144.954122,-37.815632],[144.954158,-37.815621],[144.954137,-37.815571],[144.95415,-37.815568],[144.954154,-37.815576],[144.95426,-37.815544],[144.954225,-37.815468],[144.954214,-37.815471],[144.954117,-37.815259]]]},"properties":{"dev_key":"X000151","status":"COMPLETED","permit_num":"TPM-2009-47","bldhgt_ahd":107.5,"base_ahd":13.3,"address":"617-639 Lonsdale Street MELBOURNE VIC 3000","num_floors":32,"land_use_1":"Dwellings 282","shape_type":"podium","datadate":"2024-10-24T12:53:51+00:00","height":94.2}},{"type":"Feature","geometry":{"type":"Polygon","coordinates":[[[144.955176,-37.813814],[144.954837,-37.813915],[144.954887,-37.814026],[144.954867,-37.814031],[144.954856,-37.814037],[144.954847,-37.814046],[144.954844,-37.814056],[144.954844,-37.814066],[144.954921,-37.81423],[144.954928,-37.814237],[144.954937,-37.814242],[144.954948,-37.814245],[144.95496,-37.814244],[144.955291,-37.814149],[144.955302,-37.814143],[144.95531,-37.814135],[144.955313,-37.814124],[144.955311,-37.814114],[144.955303,-37.814096],[144.955406,-37.814066],[144.955357,-37.813961],[144.955256,-37.813992],[144.955176,-37.813814]]]},"properties":{"dev_key":"X0008010","status":"APPROVED","permit_num":"TPMR-2019-34","bldhgt_ahd":97.5,"base_ahd":17.7,"address":"572-574 Lonsdale Street, Melbourne, 3000","num_floors":21,"land_use_1":"Office (sq.m) 24786","shape_type":"extension","datadate":"2024-10-24T12:53:51+00:00","height":79.8}},{"type":"Feature","geometry":{"type":"Polygon","coordinates":[[[144.961326,-37.804496],[144.961294,-37.804674],[144.961557,-37.804702],[144.961589,-37.804525],[144.961326,-37.804496]]]},"properties":{"dev_key":"X0008014","status":"APPROVED","permit_num":"TP-2017-402/A","bldhgt_ahd":48.2,"base_ahd":23.3,"address":"81-89 Bouverie Street CARLTON VIC 3053","num_floors":9,"land_use_1":"Student Accommodation 139","shape_type":"podium","datadate":"2024-10-24T12:53:51+00:00","height":24.9}},{"type":"Feature","geometry":{"type":"Polygon","coordinates":[[[144.959088,-37.804544],[144.959181,-37.804745],[144.959569,-37.804632],[144.959476,-37.804432],[144.959465,-37.804435],[144.959442,-37.804385],[144.959452,-37.804381],[144.959413,-37.804297],[144.959259,-37.804341],[144.959261,-37.804346],[144.959266,-37.804345],[144.959268,-37.80435],[144.959239,-37.804359],[144.959212,-37.8043],[144.958999,-37.804296],[144.95909,-37.804491],[144.959094,-37.804485],[144.959099,-37.804483],[144.959123,-37.804534],[144.959088,-37.804544]]]},"properties":{"dev_key":"X0008803","status":"APPROVED","permit_num":"TPM-2020-18","bldhgt_ahd":87.1,"base_ahd":23.5,"address":"600-608 Elizabeth Street, Melbourne, 3000","num_floors":17,"land_use_1":"Office (sq.m) 18963","shape_type":"tower","datadate":"2024-10-24T12:53:51+00:00","height":63.6}},{"type":"Feature","geometry":{"type":"Polygon","coordinates":[[[144.961004,-37.811006],[144.960947,-37.810875],[144.960769,-37.810926],[144.960826,-37.811056],[144.961004,-37.811006]]]},"properties":{"dev_key":"X0008807","status":"APPROVED","permit_num":"TP-2020-286","bldhgt_ahd":38.5,"base_ahd":14.8,"address":"22 Sutherland Street, Melbourne, 3000","num_floors":6,"land_use_1":"Office (sq.m) 748","shape_type":"extension","datadate":"2024-10-24T12:53:51+00:00","height":23.7}},{"type":"Feature","geometry":{"type":"Polygon","coordinates":[[[144.959551,-37.812067],[144.959601,-37.812084],[144.95962,-37.81212],[144.959595,-37.81216],[144.959644,-37.812266],[144.959828,-37.812212],[144.959822,-37.812198],[144.959993,-37.812147],[144.959976,-37.812113],[144.959953,-37.812063],[144.959978,-37.812055],[144.959954,-37.812005],[144.959998,-37.811993],[144.959949,-37.811887],[144.959809,-37.811928],[144.959781,-37.811951],[144.959755,-37.811959],[144.959714,-37.811956],[144.959526,-37.812011],[144.959551,-37.812067]]]},"properties":{"dev_key":"X0008815","status":"APPROVED","permit_num":"TPM-2014-46/A","bldhgt_ahd":38.6,"base_ahd":18.0,"address":"272-282 Queen Street MELBOURNE VIC 3000","num_floors":67,"land_use_1":"Dwellings 560","shape_type":"podium","datadate":"2024-10-24T12:53:51+00:00","height":20.6}},{"type":"Feature","geometry":{"type":"Polygon","coordinates":[[[144.950715,-37.811111],[144.950703,-37.811115],[144.950749,-37.811217],[144.950782,-37.811207],[144.950795,-37.811234],[144.950965,-37.811186],[144.950999,-37.811176],[144.950988,-37.811152],[144.951009,-37.811145],[144.950962,-37.811041],[144.950715,-37.811111]]]},"properties":{"dev_key":"X0009406","status":"APPROVED","permit_num":"TP-2020-549","bldhgt_ahd":64.1,"base_ahd":19.5,"address":"396-400 Spencer Street, West Melbourne, 3003","num_floors":13,"land_use_1":"Office (sq.m) 2723","shape_type":"tower","datadate":"2024-10-24T12:53:51+00:00","height":44.6}},{"type":"Feature","geometry":{"type":"Polygon","coordinates":[[[144.964727,-37.802328],[144.964707,-37.802441],[144.964921,-37.802464],[144.964967,-37.802198],[144.96477,-37.802176],[144.964741,-37.802173],[144.964721,-37.802292],[144.964784,-37.802298],[144.964778,-37.802333],[144.964727,-37.802328]]]},"properties":{"dev_key":"X0011801","status":"UNDER CONSTRUCTION","permit_num":"TP-2015-742/C","bldhgt_ahd":65.2,"base_ahd":37.1,"address":"86-94 Pelham Street CARLTON VIC 3053","num_floors":7,"land_use_1":"Dwellings 36","shape_type":"extension","datadate":"2024-10-24T12:53:51+00:00","height":28.1}},{"type":"Feature","geometry":{"type":"Polygon","coordinates":[[[144.955799,-37.809847],[144.955822,-37.80984],[144.955881,-37.809969],[144.955858,-37.809977],[144.955853,-37.809978],[144.955847,-37.80998],[144.955838,-37.809983],[144.955832,-37.809986],[144.955826,-37.809989],[144.955819,-37.809996],[144.955812,-37.810003],[144.955808,-37.810011],[144.955805,-37.810019],[144.955804,-37.810027],[144.955804,-37.810036],[144.955821,-37.810073],[144.955825,-37.810081],[144.955826,-37.810083],[144.955851,-37.810138],[144.95588,-37.810201],[144.956254,-37.810093],[144.956229,-37.810046],[144.956277,-37.810019],[144.956319,-37.809986],[144.956355,-37.80995],[144.956384,-37.809909],[144.956405,-37.809866],[144.956419,-37.809821],[144.95644,-37.809815],[144.956455,-37.809787],[144.956417,-37.809711],[144.956475,-37.809695],[144.956376,-37.80948],[144.956183,-37.809536],[144.956176,-37.809539],[144.95617,-37.809543],[144.956165,-37.809548],[144.956161,-37.809553],[144.956159,-37.809559],[144.956157,-37.809565],[144.956157,-37.809571],[144.956163,-37.809585],[144.956165,-37.80959],[144.956167,-37.809593],[144.956173,-37.809605],[144.95618,-37.809621],[144.956059,-37.809656],[144.956053,-37.809639],[144.956046,-37.809625],[144.956031,-37.809629],[144.956012,-37.809585],[144.955671,-37.809683],[144.955671,-37.809683],[144.955667,-37.809685],[144.955663,-37.809688],[144.955659,-37.809691],[144.955657,-37.809695],[144.955655,-37.809699],[144.955654,-37.809703],[144.955653,-37.809707],[144.955654,-37.809711],[144.955654,-37.809711],[144.955654,-37.809711],[144.955654,-37.809711],[144.955658,-37.809719],[144.955665,-37.809736],[144.955684,-37.809775],[144.95569,-37.809789],[144.955727,-37.809869],[144.955799,-37.809847]]]},"properties":{"dev_key":"X0014201","status":"APPROVED","permit_num":"TPM-2013-28/C","bldhgt_ahd":58.7,"base_ahd":28.0,"address":"386-412 William Street MELBOURNE VIC 3000","num_floors":34,"land_use_1":"Office (sq.m) 22289","shape_type":"podium","datadate":"2024-10-24T12:53:51+00:00","height":30.7}},{"type":"Feature","geometry":{"type":"Polygon","coordinates":[[[144.948739,-37.803791],[144.948757,-37.80369],[144.94876,-37.803674],[144.948683,-37.803666],[144.94865,-37.803662],[144.948597,-37.803656],[144.948545,-37.80365],[144.948532,-37.803723],[144.948525,-37.803766],[144.948517,-37.803809],[144.948553,-37.803813],[144.948694,-37.803829],[144.948731,-37.803834],[144.948739,-37.803791]]]},"properties":{"dev_key":"X001371","status":"COMPLETED","permit_num":"TP-2016-137","bldhgt_ahd":30.1,"base_ahd":27.2,"address":"6-12 Atkin Street NORTH MELBOURNE VIC 3051","num_floors":4,"land_use_1":"Dwellings 9","shape_type":"podium","datadate":"2024-10-24T12:53:51+00:00","height":3.0}},{"type":"Feature","geometry":{"type":"Polygon","coordinates":[[[144.953853,-37.799097],[144.953525,-37.799356],[144.953732,-37.799518],[144.954058,-37.799261],[144.953853,-37.799097]]]},"properties":{"dev_key":"X000546","status":"COMPLETED","permit_num":"TP-2014-596","bldhgt_ahd":71.7,"base_ahd":27.2,"address":"69-73 Flemington Road NORTH MELBOURNE VIC 3051","num_floors":15,"land_use_1":"Dwellings 165","shape_type":"podium","datadate":"2024-10-24T12:53:51+00:00","height":44.5}},{"type":"Feature","geometry":{"type":"Polygon","coordinates":[[[144.964457,-37.804978],[144.96436,-37.804969],[144.964355,-37.805006],[144.964247,-37.804993],[144.964244,-37.805009],[144.964225,-37.805007],[144.964217,-37.805053],[144.964235,-37.805056],[144.964224,-37.805116],[144.964282,-37.805122],[144.964281,-37.805133],[144.964337,-37.80514],[144.964339,-37.805134],[144.964429,-37.805144],[144.964442,-37.805062],[144.96446,-37.805064],[144.96447,-37.805008],[144.964452,-37.805007],[144.964457,-37.804978]]]},"properties":{"dev_key":"X000428","status":"COMPLETED","permit_num":"TP-2010-318","bldhgt_ahd":61.8,"base_ahd":33.4,"address":"73-81 Cardigan Street CARLTON VIC 3053","num_floors":9,"land_use_1":"Dwellings 44","shape_type":"tower","datadate":"2024-10-24T12:53:51+00:00","height":28.4}},{"type":"Feature","geometry":{"type":"Polygon","coordinates":[[[144.95004,-37.801716],[144.950003,-37.80192],[144.950329,-37.801955],[144.950329,-37.801947],[144.950339,-37.801947],[144.950374,-37.80175],[144.95004,-37.801716]]]},"properties":{"dev_key":"X000525","status":"COMPLETED","permit_num":"0","bldhgt_ahd":33.3,"base_ahd":21.8,"address":"130-140 Errol Street NORTH MELBOURNE VIC 3051","num_floors":5,"land_use_1":"Dwellings 29","shape_type":"podium","datadate":"2024-10-24T12:53:51+00:00","height":11.5}},{"type":"Feature","geometry":{"type":"Polygon","coordinates":[[[144.952112,-37.802289],[144.952112,-37.802289],[144.952086,-37.802287],[144.952085,-37.802296],[144.952037,-37.802291],[144.952007,-37.802463],[144.952007,-37.802463],[144.952116,-37.802476],[144.952116,-37.802475],[144.952117,-37.802465],[144.952181,-37.802472],[144.952182,-37.802465],[144.952184,-37.802458],[144.952277,-37.802469],[144.952281,-37.802469],[144.952282,-37.802469],[144.952281,-37.802475],[144.952313,-37.802478],[144.952312,-37.802484],[144.952316,-37.802484],[144.952317,-37.80248],[144.952359,-37.802485],[144.952359,-37.802489],[144.952363,-37.80249],[144.952364,-37.802485],[144.952404,-37.802489],[144.952404,-37.80249],[144.952445,-37.802495],[144.952445,-37.802493],[144.952558,-37.802506],[144.952564,-37.802473],[144.95256,-37.802472],[144.952564,-37.802447],[144.952572,-37.802448],[144.952573,-37.802445],[144.952566,-37.802444],[144.952571,-37.802417],[144.952578,-37.802417],[144.952584,-37.802382],[144.952578,-37.802381],[144.952581,-37.802356],[144.952588,-37.802356],[144.952594,-37.802324],[144.952493,-37.802314],[144.952491,-37.802326],[144.952435,-37.802321],[144.952432,-37.802342],[144.952432,-37.802346],[144.952426,-37.802345],[144.952419,-37.802345],[144.952418,-37.802345],[144.95242,-37.802326],[144.95242,-37.802326],[144.952414,-37.802325],[144.952386,-37.802322],[144.952386,-37.802322],[144.952382,-37.802318],[144.952344,-37.802314],[144.952342,-37.802323],[144.952315,-37.802321],[144.952316,-37.802321],[144.952316,-37.802318],[144.952307,-37.802309],[144.952283,-37.802307],[144.952281,-37.802317],[144.952263,-37.802315],[144.952247,-37.802314],[144.952247,-37.802311],[144.952238,-37.802301],[144.952212,-37.802299],[144.952212,-37.8023],[144.95221,-37.802308],[144.95221,-37.802308],[144.952181,-37.802306],[144.952182,-37.802305],[144.952182,-37.802303],[144.952182,-37.802303],[144.952174,-37.802294],[144.952148,-37.802291],[144.952148,-37.802291],[144.952147,-37.802301],[144.952147,-37.802301],[144.952142,-37.8023],[144.952121,-37.802298],[144.952112,-37.802289]]]},"properties":{"dev_key":"X000517","status":"COMPLETED","permit_num":"0","bldhgt_ahd":35.6,"base_ahd":27.1,"address":"139-145 Chetwynd Street NORTH MELBOURNE VIC 3051","num_floors":5,"land_use_1":"Dwellings 67","shape_type":"podium","datadate":"2024-10-24T12:53:51+00:00","height":8.5}},{"type":"Feature","geometry":{"type":"Polygon","coordinates":[[[144.954082,-37.814863],[144.95359,-37.815006],[144.953626,-37.815086],[144.953663,-37.815073],[144.95367,-37.815088],[144.95366,-37.815091],[144.953751,-37.815292],[144.953853,-37.815263],[144.953848,-37.815254],[144.953861,-37.815251],[144.953869,-37.815269],[144.953972,-37.815237],[144.953918,-37.815115],[144.953892,-37.815123],[144.953885,-37.815109],[144.954141,-37.815036],[144.954135,-37.815023],[144.95414,-37.81502],[144.95411,-37.814958],[144.954098,-37.814961],[144.954094,-37.81495],[144.954117,-37.814943],[144.954082,-37.814863]]]},"properties":{"dev_key":"X000153","status":"COMPLETED","permit_num":"TPM-2009-47","bldhgt_ahd":173.2,"base_ahd":13.3,"address":"617-639 Lonsdale Street MELBOURNE VIC 3000","num_floors":54,"land_use_1":"Dwellings 683","shape_type":"tower","datadate":"2024-10-24T12:53:51+00:00","height":159.9}},{"type":"Feature","geometry":{"type":"Polygon","coordinates":[[[144.958566,-37.811847],[144.958501,-37.811807],[144.95839,-37.811839],[144.95839,-37.81184],[144.958391,-37.811842],[144.958357,-37.811852],[144.958356,-37.811853],[144.958355,-37.811853],[144.958353,-37.811851],[144.958353,-37.811851],[144.958329,-37.811858],[144.958279,-37.811825],[144.958124,-37.811871],[144.958286,-37.812211],[144.958308,-37.812255],[144.958314,-37.812265],[144.958364,-37.812252],[144.958381,-37.812246],[144.958395,-37.812241],[144.958421,-37.812226],[144.958427,-37.812226],[144.95844,-37.812225],[144.958461,-37.812221],[144.958507,-37.812207],[144.958522,-37.812204],[144.958537,-37.8122],[144.958615,-37.812174],[144.958608,-37.812166],[144.958627,-37.812155],[144.958665,-37.812133],[144.958679,-37.812125],[144.958683,-37.812122],[144.958689,-37.812119],[144.958685,-37.812111],[144.958681,-37.812104],[144.958681,-37.812104],[144.958681,-37.812104],[144.958688,-37.812071],[144.958589,-37.811861],[144.958566,-37.811847]]]},"properties":{"dev_key":"X0001801","status":"COMPLETED","permit_num":"TPM-2012-8/A","bldhgt_ahd":52.0,"base_ahd":25.5,"address":"364-378 Little Lonsdale Street MELBOURNE VIC 3000","num_floors":30,"land_use_1":"Education (sq.m) 13800","shape_type":"podium","datadate":"2024-10-24T12:53:51+00:00","height":26.5}},{"type":"Feature","geometry":{"type":"Polygon","coordinates":[[[144.960169,-37.815725],[144.960355,-37.816126],[144.960526,-37.816077],[144.960338,-37.815677],[144.960169,-37.815725]]]},"properties":{"dev_key":"X0001802","status":"APPROVED","permit_num":"TP-2017-382/A","bldhgt_ahd":55.7,"base_ahd":17.8,"address":"422-428 Little Collins Street MELBOURNE VIC 3000","num_floors":22,"land_use_1":"Hotel rooms 238","shape_type":"podium","datadate":"2024-10-24T12:53:51+00:00","height":37.9}},{"type":"Feature","geometry":{"type":"Polygon","coordinates":[[[144.952836,-37.810795],[144.952915,-37.810772],[144.952902,-37.810745],[144.952929,-37.810737],[144.952827,-37.810514],[144.952509,-37.810605],[144.952613,-37.810829],[144.952623,-37.810826],[144.952632,-37.810823],[144.952634,-37.810823],[144.952637,-37.810829],[144.952641,-37.810837],[144.952647,-37.81085],[144.952836,-37.810795]]]},"properties":{"dev_key":"X0003200","status":"COMPLETED","permit_num":"TP-2017-931/A","bldhgt_ahd":33.1,"base_ahd":25.8,"address":"407-415 King Street, West Melbourne, 3003","num_floors":19,"land_use_1":"Student Accommodation 362","shape_type":"podium","datadate":"2024-10-24T12:53:51+00:00","height":7.3}},{"type":"Feature","geometry":{"type":"Polygon","coordinates":[[[144.960612,-37.813244],[144.960673,-37.813379],[144.96085,-37.813326],[144.96079,-37.813194],[144.960612,-37.813244]]]},"properties":{"dev_key":"X0004412","status":"APPROVED","permit_num":"TP-2014-269/A","bldhgt_ahd":59.0,"base_ahd":19.0,"address":"14-20 Goldie Place MELBOURNE VIC 3000","num_floors":13,"land_use_1":"Hotel rooms 70","shape_type":"podium","datadate":"2024-10-24T12:53:51+00:00","height":40.0}},{"type":"Feature","geometry":{"type":"Polygon","coordinates":[[[144.9676,-37.809713],[144.967232,-37.80982],[144.967378,-37.810127],[144.96774,-37.810017],[144.9676,-37.809713]]]},"properties":{"dev_key":"X0004602","status":"COMPLETED","permit_num":"TPMR-2017-10/A","bldhgt_ahd":103.5,"base_ahd":21.4,"address":"150-162 Lonsdale Street MELBOURNE VIC 3000","num_floors":21,"land_use_1":"Office (sq.m) 22450","shape_type":"tower","datadate":"2024-10-24T12:53:51+00:00","height":82.1}},{"type":"Feature","geometry":{"type":"Polygon","coordinates":[[[144.950673,-37.811123],[144.95072,-37.811225],[144.950782,-37.811207],[144.950795,-37.811234],[144.950965,-37.811186],[144.95105,-37.811161],[144.95105,-37.811161],[144.950994,-37.811038],[144.950991,-37.811033],[144.950715,-37.811111],[144.950673,-37.811123]]]},"properties":{"dev_key":"X0009406","status":"APPROVED","permit_num":"TP-2020-549","bldhgt_ahd":36.1,"base_ahd":19.5,"address":"396-400 Spencer Street, West Melbourne, 3003","num_floors":13,"land_use_1":"Office (sq.m) 2723","shape_type":"podium","datadate":"2024-10-24T12:53:51+00:00","height":16.6}},{"type":"Feature","geometry":{"type":"Polygon","coordinates":[[[144.956542,-37.805255],[144.956331,-37.80523],[144.956307,-37.805368],[144.956518,-37.805389],[144.956542,-37.805255]]]},"properties":{"dev_key":"X0011208","status":"APPROVED","permit_num":"TP-2020-15/A","bldhgt_ahd":52.2,"base_ahd":27.8,"address":"116-120 Peel Street, North Melbourne, 3051","num_floors":9,"land_use_1":"Dwellings 32","shape_type":"tower","datadate":"2024-10-24T12:53:51+00:00","height":24.4}},{"type":"Feature","geometry":{"type":"Polygon","coordinates":[[[144.958672,-37.805276],[144.958246,-37.805401],[144.958324,-37.805572],[144.958751,-37.805448],[144.958672,-37.805276]]]},"properties":{"dev_key":"X0011400","status":"COMPLETED","permit_num":"TP-2018-857/A","bldhgt_ahd":37.2,"base_ahd":22.2,"address":"543 Elizabeth Street, Melbourne, 3000","num_floors":14,"land_use_1":"Dwellings 55","shape_type":"podium","datadate":"2024-10-24T12:53:51+00:00","height":15.0}},{"type":"Feature","geometry":{"type":"Polygon","coordinates":[[[144.959709,-37.810605],[144.959711,-37.810605],[144.959717,-37.810604],[144.959721,-37.810603],[144.959726,-37.810601],[144.95973,-37.810599],[144.959734,-37.810596],[144.959737,-37.810593],[144.959739,-37.81059],[144.959741,-37.810586],[144.959742,-37.810582],[144.959742,-37.810578],[144.959728,-37.810482],[144.959723,-37.810472],[144.959686,-37.810415],[144.959663,-37.810353],[144.95952,-37.810133],[144.959517,-37.810131],[144.959515,-37.810129],[144.959511,-37.810127],[144.959508,-37.810126],[144.959504,-37.810125],[144.959501,-37.810125],[144.959497,-37.810125],[144.959493,-37.810126],[144.95949,-37.810127],[144.959487,-37.810129],[144.959484,-37.810131],[144.959385,-37.810224],[144.959381,-37.810227],[144.959378,-37.810231],[144.959376,-37.810235],[144.959375,-37.810239],[144.959374,-37.810244],[144.959375,-37.810248],[144.959376,-37.810252],[144.959381,-37.810271],[144.959384,-37.810282],[144.959388,-37.810293],[144.959395,-37.810303],[144.959422,-37.81034],[144.959419,-37.810393],[144.959419,-37.810403],[144.959421,-37.810413],[144.959424,-37.810423],[144.959429,-37.810433],[144.959454,-37.810473],[144.959459,-37.810483],[144.959462,-37.810493],[144.95947,-37.810527],[144.959473,-37.810538],[144.959477,-37.810548],[144.959483,-37.810558],[144.95949,-37.810568],[144.959548,-37.810636],[144.959552,-37.810639],[144.959556,-37.810642],[144.95956,-37.810643],[144.959565,-37.810645],[144.95957,-37.810645],[144.959576,-37.810645],[144.959581,-37.810644],[144.959585,-37.810643],[144.95959,-37.810641],[144.959594,-37.810638],[144.959644,-37.810605],[144.959709,-37.810605]]]},"properties":{"dev_key":"X0012812","status":"APPROVED","permit_num":"TPM-2015-12/C","bldhgt_ahd":231.0,"base_ahd":21.3,"address":"332-346 La Trobe Street, Melbourne, 3000","num_floors":80,"land_use_1":"Dwellings 815","shape_type":"tower","datadate":"2024-10-24T12:53:51+00:00","height":209.7}},{"type":"Feature","geometry":{"type":"Polygon","coordinates":[[[144.955396,-37.801368],[144.955433,-37.80134],[144.955721,-37.801571],[144.95588,-37.801445],[144.955512,-37.801149],[144.955316,-37.801303],[144.955396,-37.801368]]]},"properties":{"dev_key":"X0013004","status":"APPROVED","permit_num":"TPM-2022-10","bldhgt_ahd":52.0,"base_ahd":27.9,"address":"5-17 Flemington Road, North Melbourne, 3051","num_floors":23,"land_use_1":"Dwellings 544","shape_type":"podium","datadate":"2024-10-24T12:53:51+00:00","height":24.1}},{"type":"Feature","geometry":{"type":"Polygon","coordinates":[[[144.96102,-37.811019],[144.961196,-37.811433],[144.961344,-37.811389],[144.961189,-37.811038],[144.961245,-37.811023],[144.961218,-37.810961],[144.96102,-37.811019]]]},"properties":{"dev_key":"X0014007","status":"APPROVED","permit_num":"TP-2016-290/A","bldhgt_ahd":21.0,"base_ahd":9.9,"address":"274-278 Little Lonsdale Street MELBOURNE VIC 3000","num_floors":32,"land_use_1":"Hotel rooms 207","shape_type":"podium","datadate":"2024-10-24T12:53:51+00:00","height":11.1}},{"type":"Feature","geometry":{"type":"Polygon","coordinates":[[[144.949689,-37.806708],[144.949712,-37.806693],[144.949727,-37.806708],[144.949705,-37.806723],[144.94993,-37.806943],[144.949998,-37.806917],[144.950036,-37.806887],[144.950014,-37.806866],[144.95003,-37.806855],[144.950052,-37.806876],[144.950094,-37.806856],[144.950128,-37.806822],[144.950116,-37.806795],[144.950087,-37.806782],[144.950069,-37.80675],[144.950039,-37.806735],[144.95002,-37.806703],[144.949989,-37.806687],[144.949971,-37.806653],[144.949942,-37.806639],[144.949923,-37.806608],[144.949892,-37.806592],[144.949878,-37.806562],[144.949842,-37.806544],[144.949832,-37.80652],[144.949793,-37.806487],[144.949605,-37.806628],[144.949689,-37.806708]]]},"properties":{"dev_key":"X0014004","status":"APPROVED","permit_num":"TPM-2022-20","bldhgt_ahd":49.0,"base_ahd":22.8,"address":"559-577 King Street WEST MELBOURNE VIC 3003","num_floors":9,"land_use_1":"Dwellings 105","shape_type":"tower","datadate":"2024-10-24T12:53:51+00:00","height":26.2}},{"type":"Feature","geometry":{"type":"Polygon","coordinates":[[[144.949213,-37.806923],[144.949354,-37.807056],[144.949422,-37.807013],[144.949414,-37.807005],[144.949481,-37.806961],[144.949489,-37.80697],[144.949687,-37.806841],[144.949625,-37.806782],[144.949612,-37.80679],[144.949599,-37.806778],[144.949613,-37.806769],[144.949551,-37.80671],[144.949213,-37.806923]]]},"properties":{"dev_key":"X0014004","status":"APPROVED","permit_num":"TPM-2022-20","bldhgt_ahd":36.0,"base_ahd":22.8,"address":"559-577 King Street WEST MELBOURNE VIC 3003","num_floors":9,"land_use_1":"Dwellings 105","shape_type":"tower","datadate":"2024-10-24T12:53:51+00:00","height":13.2}},{"type":"Feature","geometry":{"type":"Polygon","coordinates":[[[144.956417,-37.809711],[144.956475,-37.809695],[144.956376,-37.80948],[144.95635,-37.809487],[144.956183,-37.809535],[144.956183,-37.809536],[144.956176,-37.809539],[144.95617,-37.809543],[144.956165,-37.809548],[144.956161,-37.809553],[144.956159,-37.809559],[144.956157,-37.809565],[144.956157,-37.809571],[144.956165,-37.80959],[144.956031,-37.809629],[144.956023,-37.80961],[144.956012,-37.809585],[144.956,-37.809588],[144.955898,-37.809617],[144.955671,-37.809683],[144.955671,-37.809683],[144.955667,-37.809685],[144.955663,-37.809688],[144.955659,-37.809691],[144.955657,-37.809695],[144.955655,-37.809699],[144.955654,-37.809703],[144.955653,-37.809707],[144.955654,-37.809711],[144.955654,-37.809711],[144.955654,-37.809711],[144.955658,-37.809719],[144.955665,-37.809736],[144.955722,-37.809858],[144.955723,-37.809861],[144.955724,-37.809862],[144.955727,-37.809869],[144.955779,-37.809853],[144.955838,-37.809983],[144.955826,-37.809989],[144.955819,-37.809996],[144.955812,-37.810003],[144.955808,-37.810011],[144.955805,-37.810019],[144.955804,-37.810027],[144.955804,-37.810036],[144.955821,-37.810073],[144.95588,-37.8102],[144.95588,-37.810201],[144.956028,-37.810157],[144.956028,-37.810156],[144.956099,-37.810135],[144.9561,-37.810136],[144.956204,-37.810107],[144.956208,-37.810106],[144.956241,-37.810097],[144.956241,-37.810097],[144.956254,-37.810093],[144.956229,-37.810046],[144.956276,-37.810018],[144.956317,-37.809985],[144.956353,-37.809949],[144.956382,-37.809908],[144.956404,-37.809866],[144.956419,-37.809821],[144.956435,-37.809817],[144.95644,-37.809815],[144.956455,-37.809787],[144.956417,-37.809711]]]},"properties":{"dev_key":"X0014201","status":"APPROVED","permit_num":"TPM-2013-28/C","bldhgt_ahd":47.5,"base_ahd":28.0,"address":"386-412 William Street MELBOURNE VIC 3000","num_floors":34,"land_use_1":"Office (sq.m) 22289","shape_type":"podium","datadate":"2024-10-24T12:53:51+00:00","height":19.5}},{"type":"Feature","geometry":{"type":"Polygon","coordinates":[[[144.955819,-37.80984],[144.955842,-37.809833],[144.956045,-37.809775],[144.956054,-37.809769],[144.956062,-37.809762],[144.956062,-37.809762],[144.956068,-37.809755],[144.956073,-37.809748],[144.956077,-37.80974],[144.956078,-37.809737],[144.956079,-37.809734],[144.956081,-37.809725],[144.956082,-37.809716],[144.956081,-37.809707],[144.956068,-37.809675],[144.956059,-37.809656],[144.956058,-37.809652],[144.956053,-37.809641],[144.95605,-37.809633],[144.956046,-37.809625],[144.956031,-37.809629],[144.956023,-37.80961],[144.956012,-37.809585],[144.956,-37.809588],[144.955926,-37.809609],[144.955903,-37.809616],[144.955898,-37.809617],[144.955871,-37.809625],[144.955793,-37.809648],[144.955782,-37.809655],[144.955774,-37.809664],[144.955767,-37.809674],[144.955763,-37.809685],[144.955761,-37.809696],[144.955761,-37.809708],[144.955764,-37.809719],[144.955819,-37.80984]]]},"properties":{"dev_key":"X0014202","status":"APPROVED","permit_num":"TPM-2013-28/C","bldhgt_ahd":79.2,"base_ahd":28.0,"address":"386-412 William Street MELBOURNE VIC 3000","num_floors":3,"land_use_1":"Office (sq.m) 1278","shape_type":"tower","datadate":"2024-10-24T12:53:51+00:00","height":51.2}},{"type":"Feature","geometry":{"type":"Polygon","coordinates":[[[144.95618,-37.810065],[144.956218,-37.81005],[144.956218,-37.81005],[144.956218,-37.81005],[144.956233,-37.810044],[144.956233,-37.810044],[144.956233,-37.810044],[144.956233,-37.810044],[144.956233,-37.810043],[144.956234,-37.810043],[144.956235,-37.810043],[144.956235,-37.810042],[144.956236,-37.810042],[144.956236,-37.810042],[144.956236,-37.810042],[144.956237,-37.810041],[144.956238,-37.810041],[144.956239,-37.81004],[144.956282,-37.810013],[144.95632,-37.809983],[144.956328,-37.809975],[144.956331,-37.809972],[144.956331,-37.809972],[144.956331,-37.809972],[144.956332,-37.809972],[144.956333,-37.80997],[144.956334,-37.809969],[144.956334,-37.809969],[144.956364,-37.809934],[144.956365,-37.809934],[144.95637,-37.809926],[144.956389,-37.809896],[144.956405,-37.809864],[144.956416,-37.809831],[144.956419,-37.809821],[144.95644,-37.809815],[144.956455,-37.809787],[144.956452,-37.809782],[144.956428,-37.809732],[144.956427,-37.809729],[144.956417,-37.809711],[144.956395,-37.809659],[144.95636,-37.80958],[144.956274,-37.809604],[144.956258,-37.809609],[144.956244,-37.809615],[144.95623,-37.809623],[144.956219,-37.809632],[144.956218,-37.809633],[144.956217,-37.809633],[144.956217,-37.809634],[144.956216,-37.809635],[144.956216,-37.809635],[144.956216,-37.809635],[144.956214,-37.809637],[144.956214,-37.809637],[144.956213,-37.809638],[144.956206,-37.809647],[144.956201,-37.809655],[144.956196,-37.809667],[144.956193,-37.80968],[144.956192,-37.809692],[144.956194,-37.809705],[144.956198,-37.809717],[144.956198,-37.809718],[144.956198,-37.809719],[144.956199,-37.809719],[144.956199,-37.809719],[144.9562,-37.809721],[144.956209,-37.809743],[144.956214,-37.809767],[144.956214,-37.809791],[144.956209,-37.809814],[144.956207,-37.809817],[144.956197,-37.809838],[144.956183,-37.809858],[144.956165,-37.809876],[144.95615,-37.809887],[144.956141,-37.809902],[144.956135,-37.809918],[144.956132,-37.809934],[144.956132,-37.809951],[144.956134,-37.809968],[144.95618,-37.810065]]]},"properties":{"dev_key":"X0014201","status":"APPROVED","permit_num":"TPM-2013-28/C","bldhgt_ahd":111.4,"base_ahd":28.0,"address":"386-412 William Street MELBOURNE VIC 3000","num_floors":34,"land_use_1":"Office (sq.m) 22289","shape_type":"tower","datadate":"2024-10-24T12:53:51+00:00","height":83.4}},{"type":"Feature","geometry":{"type":"Polygon","coordinates":[[[144.956222,-37.810048],[144.956226,-37.810047],[144.956233,-37.810044],[144.956233,-37.810044],[144.956233,-37.810044],[144.956233,-37.810044],[144.956233,-37.810043],[144.956234,-37.810043],[144.956235,-37.810043],[144.956235,-37.810042],[144.956236,-37.810042],[144.956236,-37.810042],[144.956236,-37.810042],[144.956237,-37.810041],[144.956238,-37.810041],[144.956239,-37.81004],[144.956282,-37.810013],[144.95632,-37.809983],[144.956328,-37.809975],[144.956348,-37.809954],[144.956364,-37.809934],[144.956365,-37.809934],[144.95637,-37.809926],[144.956389,-37.809896],[144.956405,-37.809864],[144.956416,-37.809831],[144.956419,-37.809821],[144.95644,-37.809815],[144.956455,-37.809787],[144.956452,-37.809782],[144.956428,-37.809732],[144.956427,-37.809729],[144.956417,-37.809711],[144.956395,-37.809659],[144.95636,-37.80958],[144.956274,-37.809604],[144.956258,-37.809609],[144.956244,-37.809615],[144.95623,-37.809623],[144.956219,-37.809632],[144.956218,-37.809633],[144.956217,-37.809633],[144.956217,-37.809634],[144.956216,-37.809635],[144.956216,-37.809635],[144.956216,-37.809635],[144.956214,-37.809637],[144.956214,-37.809637],[144.956213,-37.809638],[144.956206,-37.809647],[144.956201,-37.809655],[144.956196,-37.809667],[144.956193,-37.80968],[144.956192,-37.809692],[144.956194,-37.809705],[144.956198,-37.809717],[144.956198,-37.809718],[144.956198,-37.809719],[144.956199,-37.809719],[144.956199,-37.809719],[144.9562,-37.809721],[144.956209,-37.809743],[144.956214,-37.809767],[144.956214,-37.809791],[144.956209,-37.809814],[144.956207,-37.809817],[144.9562,-37.809833],[144.956191,-37.809849],[144.956179,-37.809863],[144.956171,-37.809871],[144.956166,-37.809884],[144.956164,-37.809897],[144.956164,-37.809911],[144.956166,-37.809925],[144.956222,-37.810048]]]},"properties":{"dev_key":"X0014201","status":"APPROVED","permit_num":"TPM-2013-28/C","bldhgt_ahd":117.4,"base_ahd":28.0,"address":"386-412 William Street MELBOURNE VIC 3000","num_floors":34,"land_use_1":"Office (sq.m) 22289","shape_type":"tower","datadate":"2024-10-24T12:53:51+00:00","height":89.4}},{"type":"Feature","geometry":{"type":"Polygon","coordinates":[[[144.956336,-37.809967],[144.956337,-37.809966],[144.956348,-37.809954],[144.956364,-37.809934],[144.956365,-37.809934],[144.95637,-37.809926],[144.956389,-37.809897],[144.956404,-37.809866],[144.956406,-37.809862],[144.956412,-37.809845],[144.956414,-37.809838],[144.956416,-37.809831],[144.956419,-37.809821],[144.95644,-37.809815],[144.956455,-37.809787],[144.956452,-37.809782],[144.956428,-37.809732],[144.956427,-37.809729],[144.956423,-37.809721],[144.956418,-37.809713],[144.956417,-37.809711],[144.956406,-37.809685],[144.956395,-37.809659],[144.95636,-37.80958],[144.956296,-37.809598],[144.95629,-37.8096],[144.956271,-37.809609],[144.956254,-37.809621],[144.95624,-37.809635],[144.956229,-37.80965],[144.956222,-37.809667],[144.956218,-37.809684],[144.956217,-37.809702],[144.956221,-37.809719],[144.956336,-37.809967]]]},"properties":{"dev_key":"X0014201","status":"APPROVED","permit_num":"TPM-2013-28/C","bldhgt_ahd":136.6,"base_ahd":28.0,"address":"386-412 William Street MELBOURNE VIC 3000","num_floors":34,"land_use_1":"Office (sq.m) 22289","shape_type":"tower","datadate":"2024-10-24T12:53:51+00:00","height":108.6}},{"type":"Feature","geometry":{"type":"Polygon","coordinates":[[[144.95637,-37.809926],[144.956373,-37.809922],[144.95639,-37.809895],[144.956404,-37.809866],[144.956412,-37.809845],[144.956414,-37.809838],[144.956416,-37.809831],[144.956419,-37.809821],[144.95644,-37.809815],[144.956455,-37.809787],[144.956452,-37.809782],[144.95643,-37.809737],[144.956417,-37.809711],[144.956406,-37.809685],[144.956395,-37.809659],[144.95636,-37.80958],[144.95633,-37.809588],[144.956327,-37.809589],[144.95631,-37.809597],[144.956294,-37.809608],[144.956282,-37.80962],[144.956272,-37.809634],[144.956265,-37.809649],[144.956261,-37.809665],[144.956261,-37.809681],[144.956264,-37.809697],[144.95637,-37.809926]]]},"properties":{"dev_key":"X0014201","status":"APPROVED","permit_num":"TPM-2013-28/C","bldhgt_ahd":142.9,"base_ahd":28.0,"address":"386-412 William Street MELBOURNE VIC 3000","num_floors":34,"land_use_1":"Office (sq.m) 22289","shape_type":"tower","datadate":"2024-10-24T12:53:51+00:00","height":114.9}},{"type":"Feature","geometry":{"type":"Polygon","coordinates":[[[144.954209,-37.814452],[144.95421,-37.814452],[144.954605,-37.814339],[144.954576,-37.814276],[144.954562,-37.81428],[144.954527,-37.814204],[144.954526,-37.814202],[144.95454,-37.814199],[144.954419,-37.813937],[144.954024,-37.81405],[144.954209,-37.814452]]]},"properties":{"dev_key":"X0014205","status":"APPROVED","permit_num":"TPMR-2019-20/D","bldhgt_ahd":28.9,"base_ahd":15.6,"address":"Lonsdale Court 600 Lonsdale Street, Melbourne, 3000","num_floors":40,"land_use_1":"Office (sq.m) 27990","shape_type":"podium","datadate":"2024-10-24T12:53:51+00:00","height":13.3}},{"type":"Feature","geometry":{"type":"Polygon","coordinates":[[[144.954146,-37.81409],[144.954274,-37.814367],[144.954504,-37.8143],[144.954376,-37.814023],[144.954146,-37.81409]]]},"properties":{"dev_key":"X0014205","status":"APPROVED","permit_num":"TPMR-2019-20/D","bldhgt_ahd":99.5,"base_ahd":15.6,"address":"Lonsdale Court 600 Lonsdale Street, Melbourne, 3000","num_floors":40,"land_use_1":"Office (sq.m) 27990","shape_type":"tower","datadate":"2024-10-24T12:53:51+00:00","height":83.9}},{"type":"Feature","geometry":{"type":"Polygon","coordinates":[[[144.956311,-37.813835],[144.956165,-37.81352],[144.956251,-37.813495],[144.956049,-37.813058],[144.955689,-37.813161],[144.95604,-37.813916],[144.956311,-37.813835]]]},"properties":{"dev_key":"X0014702","status":"APPROVED","permit_num":"TPMR-2020-53","bldhgt_ahd":58.8,"base_ahd":20.8,"address":"540-550 Lonsdale Street MELBOURNE VIC 3000","num_floors":23,"land_use_1":"Office (sq.m) 39393","shape_type":"podium","datadate":"2024-10-24T12:53:51+00:00","height":38.0}},{"type":"Feature","geometry":{"type":"Polygon","coordinates":[[[144.966766,-37.808177],[144.966807,-37.808266],[144.966808,-37.808268],[144.96681,-37.80827],[144.966812,-37.808272],[144.966815,-37.808274],[144.966817,-37.808275],[144.96682,-37.808276],[144.966824,-37.808276],[144.966827,-37.808276],[144.96683,-37.808276],[144.966833,-37.808275],[144.966839,-37.808274],[144.966878,-37.808263],[144.966876,-37.808259],[144.966875,-37.808257],[144.966883,-37.808254],[144.966926,-37.808349],[144.966927,-37.808352],[144.966929,-37.808354],[144.966932,-37.808355],[144.966934,-37.808357],[144.966937,-37.808358],[144.96694,-37.808359],[144.966943,-37.808359],[144.966947,-37.808359],[144.96695,-37.808358],[144.967005,-37.808343],[144.967014,-37.80834],[144.967017,-37.808339],[144.967019,-37.808338],[144.967021,-37.808336],[144.967022,-37.808334],[144.967023,-37.808332],[144.967024,-37.80833],[144.967034,-37.808327],[144.967037,-37.808329],[144.967041,-37.80833],[144.967045,-37.80833],[144.967049,-37.80833],[144.967077,-37.808322],[144.967116,-37.80831],[144.967118,-37.808309],[144.967121,-37.808307],[144.967122,-37.808305],[144.967124,-37.808303],[144.967125,-37.808301],[144.967125,-37.808299],[144.967126,-37.808296],[144.967125,-37.808294],[144.96707,-37.808176],[144.967064,-37.808163],[144.967058,-37.80815],[144.967038,-37.808105],[144.967036,-37.808101],[144.967032,-37.808093],[144.967031,-37.808091],[144.967029,-37.808089],[144.967027,-37.808088],[144.967025,-37.808087],[144.967023,-37.808086],[144.96702,-37.808085],[144.967017,-37.808085],[144.967014,-37.808085],[144.96701,-37.808085],[144.966907,-37.808116],[144.966902,-37.808117],[144.966842,-37.808134],[144.96684,-37.808135],[144.966838,-37.808136],[144.966836,-37.808138],[144.966835,-37.808139],[144.966834,-37.808141],[144.966833,-37.808143],[144.966833,-37.808145],[144.96683,-37.808144],[144.966828,-37.808143],[144.966825,-37.808142],[144.966822,-37.808141],[144.966819,-37.808141],[144.966816,-37.808142],[144.966776,-37.808152],[144.966773,-37.808154],[144.96677,-37.808156],[144.966768,-37.808159],[144.966766,-37.808162],[144.966765,-37.808165],[144.966764,-37.808168],[144.966764,-37.808171],[144.966764,-37.808174],[144.966766,-37.808177]]]},"properties":{"dev_key":"X0014703","status":"APPROVED","permit_num":"TPM-2023-8","bldhgt_ahd":178.9,"base_ahd":27.6,"address":"58-66 La Trobe Street MELBOURNE VIC 3000","num_floors":42,"land_use_1":"Office (sq.m) 6172","shape_type":"tower","datadate":"2024-10-24T12:53:51+00:00","height":151.3}},{"type":"Feature","geometry":{"type":"Polygon","coordinates":[[[144.961264,-37.802878],[144.961291,-37.802746],[144.961265,-37.802743],[144.961281,-37.802664],[144.961091,-37.802643],[144.961075,-37.802721],[144.961075,-37.802721],[144.96108,-37.802722],[144.96107,-37.802769],[144.961068,-37.80278],[144.96106,-37.802821],[144.961053,-37.802855],[144.961114,-37.802862],[144.961164,-37.802868],[144.961187,-37.80287],[144.961262,-37.802879],[144.961264,-37.802879],[144.961264,-37.802878]]]},"properties":{"dev_key":"X0014903","status":"APPROVED","permit_num":"TP-2017-616/A","bldhgt_ahd":77.1,"base_ahd":27.4,"address":"4-12 Leicester Place CARLTON VIC 3053","num_floors":15,"land_use_1":"Student Accommodation 195","shape_type":"tower","datadate":"2024-10-24T12:53:51+00:00","height":49.7}},{"type":"Feature","geometry":{"type":"Polygon","coordinates":[[[144.967495,-37.809574],[144.967404,-37.809377],[144.967255,-37.809424],[144.967266,-37.809449],[144.967233,-37.809459],[144.967252,-37.8095],[144.967269,-37.809495],[144.967295,-37.809551],[144.967278,-37.809556],[144.967311,-37.809627],[144.967495,-37.809574]]]},"properties":{"dev_key":"X0015306","status":"APPROVED","permit_num":"TP-2023-850","bldhgt_ahd":63.8,"base_ahd":23.8,"address":"152-156 Little Lonsdale Street MELBOURNE VIC 3000","num_floors":26,"land_use_1":"Dwellings 125","shape_type":"podium","datadate":"2024-10-24T12:53:51+00:00","height":40.0}},{"type":"Feature","geometry":{"type":"Polygon","coordinates":[[[144.955412,-37.80138],[144.955275,-37.801489],[144.955585,-37.801734],[144.955718,-37.801625],[144.955412,-37.80138]]]},"properties":{"dev_key":"X0015301","status":"APPLIED","permit_num":"TP-2023-817","bldhgt_ahd":86.6,"base_ahd":28.6,"address":"26-28 Blackwood Street NORTH MELBOURNE VIC 3051","num_floors":16,"land_use_1":"Office (sq.m) 7520","shape_type":"tower","datadate":"2024-10-24T12:53:51+00:00","height":58.0}},{"type":"Feature","geometry":{"type":"Polygon","coordinates":[[[144.950673,-37.811123],[144.95072,-37.811225],[144.950798,-37.811202],[144.950809,-37.811225],[144.950974,-37.811177],[144.950964,-37.811156],[144.950997,-37.811146],[144.951017,-37.811148],[144.951018,-37.81114],[144.951038,-37.811134],[144.950991,-37.811033],[144.950673,-37.811123]]]},"properties":{"dev_key":"X0015702","status":"APPLIED","permit_num":"TP-2020-549/A","bldhgt_ahd":35.4,"base_ahd":19.9,"address":"396-400 Spencer Street, West Melbourne, 3003","num_floors":12,"land_use_1":"Dwellings 35","shape_type":"podium","datadate":"2024-10-24T12:53:51+00:00","height":15.5}},{"type":"Feature","geometry":{"type":"Polygon","coordinates":[[[144.950703,-37.811115],[144.950744,-37.811207],[144.950794,-37.811192],[144.950809,-37.811225],[144.950974,-37.811177],[144.950959,-37.811144],[144.951003,-37.811132],[144.950962,-37.811041],[144.950703,-37.811115]]]},"properties":{"dev_key":"X0015702","status":"APPLIED","permit_num":"TP-2020-549/A","bldhgt_ahd":61.9,"base_ahd":19.9,"address":"396-400 Spencer Street, West Melbourne, 3003","num_floors":12,"land_use_1":"Dwellings 35","shape_type":"tower","datadate":"2024-10-24T12:53:51+00:00","height":42.0}},{"type":"Feature","geometry":{"type":"Polygon","coordinates":[[[144.955303,-37.814693],[144.955154,-37.814736],[144.955261,-37.814969],[144.955276,-37.814965],[144.955296,-37.815008],[144.955282,-37.815013],[144.955421,-37.815315],[144.955488,-37.815296],[144.955483,-37.815285],[144.955498,-37.815281],[144.955503,-37.815291],[144.955569,-37.815272],[144.955527,-37.815182],[144.955525,-37.815183],[144.955514,-37.81516],[144.955535,-37.815154],[144.955449,-37.814965],[144.955436,-37.814968],[144.955404,-37.814898],[144.955416,-37.814894],[144.955394,-37.814846],[144.955374,-37.814852],[144.955303,-37.814693]]]},"properties":{"dev_key":"X0015813","status":"APPLIED","permit_num":"TP-2020-33/A","bldhgt_ahd":55.6,"base_ahd":15.9,"address":"570-576 Little Bourke Street, Melbourne, 3000","num_floors":25,"land_use_1":"Student Accommodation 896","shape_type":"tower","datadate":"2024-10-24T12:53:51+00:00","height":39.7}},{"type":"Feature","geometry":{"type":"Polygon","coordinates":[[[144.955284,-37.807483],[144.955466,-37.807503],[144.955498,-37.807321],[144.95529,-37.807299],[144.955279,-37.807307],[144.955269,-37.80737],[144.955272,-37.807371],[144.955266,-37.807403],[144.955254,-37.80747],[144.955284,-37.807483]]]},"properties":{"dev_key":"X0015908","status":"APPLIED","permit_num":"TP-2024-538","bldhgt_ahd":41.6,"base_ahd":27.6,"address":"33-37 Peel Street WEST MELBOURNE VIC 3003","num_floors":4,"land_use_1":"Serviced apartments 32","shape_type":"tower","datadate":"2024-10-24T12:53:51+00:00","height":14.0}},{"type":"Feature","geometry":{"type":"Polygon","coordinates":[[[144.954852,-37.814872],[144.954833,-37.814831],[144.954827,-37.814832],[144.954799,-37.814824],[144.954768,-37.814754],[144.954581,-37.814805],[144.954678,-37.815017],[144.954734,-37.815001],[144.954736,-37.815005],[144.954867,-37.814967],[144.954842,-37.814915],[144.954833,-37.814894],[144.954845,-37.814874],[144.954852,-37.814872]]]},"properties":{"dev_key":"X0016009","status":"APPLIED","permit_num":"TP-2024-688","bldhgt_ahd":69.4,"base_ahd":14.4,"address":"225-237 King Street MELBOURNE VIC 3000","num_floors":15,"land_use_1":"Student Accommodation 274","shape_type":"tower","datadate":"2024-10-24T12:53:51+00:00","height":55.0}},{"type":"Feature","geometry":{"type":"Polygon","coordinates":[[[144.962976,-37.809437],[144.962917,-37.809306],[144.962666,-37.809377],[144.962737,-37.809534],[144.962867,-37.809497],[144.962855,-37.809471],[144.962976,-37.809437]]]},"properties":{"dev_key":"X0016000","status":"UNDER CONSTRUCTION","permit_num":"ID-2022-6","bldhgt_ahd":198.3,"base_ahd":18.6,"address":"188-222 La Trobe Street MELBOURNE VIC","num_floors":56,"land_use_1":"Student Accommodation 1407","shape_type":"tower","datadate":"2024-10-24T12:53:51+00:00","height":179.7}},{"type":"Feature","geometry":{"type":"Polygon","coordinates":[[[144.961121,-37.808352],[144.961027,-37.80814],[144.960978,-37.808153],[144.960595,-37.808263],[144.960676,-37.808438],[144.960694,-37.808477],[144.961121,-37.808352]]]},"properties":{"dev_key":"X000297","status":"COMPLETED","permit_num":"TPM-2011-42","bldhgt_ahd":46.1,"base_ahd":17.2,"address":"442-450 Elizabeth Street MELBOURNE VIC 3000","num_floors":70,"land_use_1":"Dwellings 607","shape_type":"podium","datadate":"2024-10-24T12:53:51+00:00","height":28.9}},{"type":"Feature","geometry":{"type":"Polygon","coordinates":[[[144.967327,-37.807872],[144.967341,-37.807883],[144.967359,-37.807891],[144.967378,-37.807895],[144.967398,-37.807894],[144.967447,-37.807879],[144.96746,-37.807873],[144.967471,-37.807864],[144.967479,-37.807854],[144.967484,-37.807842],[144.967527,-37.807836],[144.967596,-37.807818],[144.967609,-37.807809],[144.967618,-37.807797],[144.96762,-37.807783],[144.967615,-37.80777],[144.967584,-37.807724],[144.967533,-37.807665],[144.967474,-37.807611],[144.967439,-37.807584],[144.967402,-37.807559],[144.967363,-37.807536],[144.967322,-37.807515],[144.967297,-37.807507],[144.96727,-37.807506],[144.967213,-37.807515],[144.967158,-37.807529],[144.967146,-37.807536],[144.967137,-37.807546],[144.967133,-37.807558],[144.967134,-37.80757],[144.96716,-37.807611],[144.967191,-37.807651],[144.967226,-37.807689],[144.967264,-37.807724],[144.967264,-37.807728],[144.967254,-37.807732],[144.967246,-37.807739],[144.967242,-37.807747],[144.967241,-37.807757],[144.967258,-37.807787],[144.96729,-37.807831],[144.967327,-37.807872]]]},"properties":{"dev_key":"X000274","status":"COMPLETED","permit_num":"TPM-2014-11","bldhgt_ahd":146.4,"base_ahd":32.6,"address":"9-23 MacKenzie Street MELBOURNE VIC 3000","num_floors":37,"land_use_1":"Dwellings 473","shape_type":"tower","datadate":"2024-10-24T12:53:51+00:00","height":113.8}},{"type":"Feature","geometry":{"type":"Polygon","coordinates":[[[144.959159,-37.802158],[144.958691,-37.802106],[144.958783,-37.802306],[144.958874,-37.802279],[144.958873,-37.802277],[144.958942,-37.802257],[144.958943,-37.802258],[144.959,-37.802242],[144.959007,-37.802257],[144.959036,-37.802249],[144.959038,-37.802254],[144.959065,-37.802314],[144.959063,-37.802314],[144.959085,-37.802362],[144.959243,-37.802316],[144.959195,-37.802213],[144.959178,-37.802218],[144.959173,-37.802208],[144.959181,-37.802205],[144.959159,-37.802158]]]},"properties":{"dev_key":"X001340","status":"COMPLETED","permit_num":"TP-2016-46","bldhgt_ahd":72.0,"base_ahd":31.2,"address":"221 Pelham Street, CARLTON, 3053","num_floors":14,"land_use_1":"Student Accommodation 352","shape_type":"tower","datadate":"2024-10-24T12:53:51+00:00","height":40.8}},{"type":"Feature","geometry":{"type":"Polygon","coordinates":[[[144.96098,-37.810574],[144.960644,-37.810671],[144.960748,-37.810899],[144.961085,-37.810802],[144.96098,-37.810574]]]},"properties":{"dev_key":"X000215","status":"COMPLETED","permit_num":"TPM-2011-9","bldhgt_ahd":55.9,"base_ahd":14.7,"address":"Eporo Tower 279-289 La Trobe Street MELBOURNE VIC 3000","num_floors":42,"land_use_1":"Dwellings 307","shape_type":"podium","datadate":"2024-10-24T12:53:51+00:00","height":41.2}},{"type":"Feature","geometry":{"type":"Polygon","coordinates":[[[144.954149,-37.813876],[144.953641,-37.814023],[144.953704,-37.814159],[144.953677,-37.814167],[144.953854,-37.814554],[144.954173,-37.814463],[144.953987,-37.81406],[144.954205,-37.813998],[144.954149,-37.813876]]]},"properties":{"dev_key":"X000182","status":"COMPLETED","permit_num":"TPM-2009-41","bldhgt_ahd":41.8,"base_ahd":14.5,"address":"Melbourne One Apartments 612-620 Lonsdale Street MELBOURNE VIC 3000","num_floors":46,"land_use_1":"Dwellings 468","shape_type":"podium","datadate":"2024-10-24T12:53:51+00:00","height":27.3}},{"type":"Feature","geometry":{"type":"Polygon","coordinates":[[[144.967506,-37.80869],[144.967467,-37.808704],[144.967443,-37.808708],[144.967449,-37.808721],[144.967432,-37.808726],[144.967426,-37.808713],[144.967381,-37.808727],[144.967474,-37.808921],[144.967617,-37.808878],[144.967607,-37.808863],[144.967573,-37.808819],[144.967554,-37.808787],[144.967552,-37.80878],[144.967543,-37.808755],[144.967525,-37.808725],[144.967515,-37.808697],[144.96751,-37.808698],[144.967506,-37.80869]]]},"properties":{"dev_key":"X001570","status":"COMPLETED","permit_num":"TP-2014-910/A","bldhgt_ahd":157.4,"base_ahd":26.9,"address":"141-149 La Trobe Street MELBOURNE VIC 3000","num_floors":43,"land_use_1":"Dwellings 177","shape_type":"tower","datadate":"2024-10-24T12:53:51+00:00","height":130.5}},{"type":"Feature","geometry":{"type":"Polygon","coordinates":[[[144.950855,-37.809986],[144.950952,-37.810161],[144.950969,-37.810155],[144.951023,-37.810263],[144.95119,-37.81021],[144.951059,-37.809965],[144.951038,-37.809972],[144.951013,-37.80993],[144.950855,-37.809986]]]},"properties":{"dev_key":"X0002808","status":"COMPLETED","permit_num":"TP-2017-866","bldhgt_ahd":126.0,"base_ahd":21.0,"address":"Flagstaff City Inn 45-55 Dudley Street WEST MELBOURNE VIC 3003","num_floors":25,"land_use_1":"Dwellings 169","shape_type":"tower","datadate":"2024-10-24T12:53:51+00:00","height":105.0}},{"type":"Feature","geometry":{"type":"Polygon","coordinates":[[[144.959173,-37.807793],[144.959196,-37.807793],[144.959219,-37.80779],[144.959242,-37.807786],[144.959264,-37.80778],[144.959285,-37.807772],[144.959304,-37.807762],[144.959323,-37.807751],[144.959339,-37.807738],[144.95935,-37.807723],[144.959359,-37.807707],[144.959365,-37.80769],[144.959368,-37.807673],[144.959368,-37.807655],[144.959365,-37.807638],[144.95936,-37.807621],[144.959352,-37.807605],[144.959341,-37.807589],[144.959328,-37.807575],[144.959313,-37.807562],[144.959296,-37.807551],[144.959278,-37.807542],[144.959257,-37.807535],[144.959236,-37.80753],[144.959215,-37.807527],[144.959173,-37.807533],[144.959133,-37.807545],[144.959096,-37.807561],[144.959062,-37.807581],[144.959035,-37.807595],[144.959006,-37.807607],[144.958976,-37.807615],[144.958944,-37.807619],[144.958892,-37.807623],[144.95887,-37.807628],[144.958851,-37.807634],[144.958833,-37.807643],[144.958818,-37.807653],[144.958805,-37.807666],[144.958795,-37.80768],[144.958788,-37.807695],[144.958784,-37.807711],[144.958784,-37.807728],[144.958785,-37.807748],[144.958791,-37.807767],[144.958799,-37.807786],[144.958811,-37.807803],[144.958826,-37.807819],[144.958844,-37.807833],[144.958864,-37.807845],[144.958886,-37.807855],[144.958904,-37.807858],[144.958923,-37.80786],[144.958942,-37.80786],[144.958961,-37.807858],[144.958979,-37.807854],[144.958996,-37.807848],[144.959013,-37.80784],[144.959027,-37.80783],[144.959059,-37.807812],[144.959095,-37.8078],[144.959133,-37.807793],[144.959173,-37.807793]]]},"properties":{"dev_key":"X0003210","status":"COMPLETED","permit_num":"TPMR-2018-2","bldhgt_ahd":148.7,"base_ahd":20.8,"address":"93-129 Therry Street, Melbourne, 3000","num_floors":38,"land_use_1":"Dwellings 362","shape_type":"tower","datadate":"2024-10-24T12:53:51+00:00","height":127.9}},{"type":"Feature","geometry":{"type":"Polygon","coordinates":[[[144.95878,-37.807966],[144.958743,-37.807888],[144.958733,-37.807891],[144.958727,-37.807876],[144.958737,-37.807873],[144.958697,-37.807787],[144.958689,-37.807789],[144.958206,-37.807927],[144.958291,-37.808116],[144.958299,-37.808134],[144.958406,-37.808104],[144.958402,-37.808096],[144.958395,-37.808079],[144.95878,-37.807966]]]},"properties":{"dev_key":"X0003211","status":"COMPLETED","permit_num":"TPMR-2018-2","bldhgt_ahd":60.5,"base_ahd":20.8,"address":"131-151 Therry Street, Melbourne, 3000","num_floors":10,"land_use_1":"Community space (sq.m) 5332","shape_type":"tower","datadate":"2024-10-24T12:53:51+00:00","height":39.7}},{"type":"Feature","geometry":{"type":"Polygon","coordinates":[[[144.954963,-37.80197],[144.955001,-37.801941],[144.954959,-37.801908],[144.954539,-37.80224],[144.954608,-37.802296],[144.954612,-37.802293],[144.954634,-37.802312],[144.954665,-37.802288],[144.95468,-37.8023],[144.95465,-37.802324],[144.954673,-37.802342],[144.95467,-37.802345],[144.95474,-37.802401],[144.954913,-37.802265],[144.954888,-37.802244],[144.954895,-37.802239],[144.954868,-37.802217],[144.954933,-37.802165],[144.954986,-37.802208],[144.955162,-37.80207],[144.955121,-37.802037],[144.955084,-37.802066],[144.954963,-37.80197]],[[144.954755,-37.802173],[144.954778,-37.802154],[144.954753,-37.802135],[144.954825,-37.802079],[144.95485,-37.802099],[144.954873,-37.802081],[144.954884,-37.802089],[144.954861,-37.802107],[144.954918,-37.802153],[144.954845,-37.802209],[144.954789,-37.802164],[144.954766,-37.802181],[144.954755,-37.802173]]]},"properties":{"dev_key":"X0004004","status":"COMPLETED","permit_num":"TP-2015-1139/A","bldhgt_ahd":44.3,"base_ahd":29.5,"address":"22-28 Courtney Street NORTH MELBOURNE VIC 3051","num_floors":5,"land_use_1":"Dwellings 46","shape_type":"podium","datadate":"2024-10-24T12:53:51+00:00","height":14.8}},{"type":"Feature","geometry":{"type":"Polygon","coordinates":[[[144.96101,-37.801707],[144.960993,-37.80181],[144.961017,-37.801814],[144.960995,-37.801849],[144.960949,-37.801858],[144.96089,-37.802053],[144.961066,-37.802074],[144.961147,-37.802043],[144.961295,-37.80208],[144.961297,-37.802097],[144.961534,-37.802122],[144.961581,-37.802084],[144.961666,-37.802118],[144.961667,-37.802138],[144.961954,-37.802168],[144.961976,-37.802034],[144.961933,-37.802033],[144.961946,-37.801955],[144.961966,-37.801958],[144.961982,-37.801858],[144.961582,-37.801816],[144.961567,-37.801851],[144.961466,-37.80184],[144.961466,-37.801758],[144.96101,-37.801707]]]},"properties":{"dev_key":"X0006807","status":"APPROVED","permit_num":"TPM-2019-19","bldhgt_ahd":65.5,"base_ahd":29.6,"address":"183-195 Bouverie Street, Carlton, 3053","num_floors":11,"land_use_1":"Education (sq.m) 18266","shape_type":"podium","datadate":"2024-10-24T12:53:51+00:00","height":35.9}},{"type":"Feature","geometry":{"type":"Polygon","coordinates":[[[144.956025,-37.803205],[144.95602,-37.803248],[144.956019,-37.803293],[144.956197,-37.803313],[144.956213,-37.803226],[144.956025,-37.803205]]]},"properties":{"dev_key":"X0007433","status":"APPROVED","permit_num":"TP-2019-707","bldhgt_ahd":47.1,"base_ahd":33.4,"address":"187-189 Peel Street, North Melbourne, 3051","num_floors":7,"land_use_1":"Office (sq.m) 593","shape_type":"podium","datadate":"2024-10-24T12:53:51+00:00","height":13.7}},{"type":"Feature","geometry":{"type":"Polygon","coordinates":[[[144.948554,-37.807674],[144.948533,-37.807654],[144.948521,-37.807644],[144.948508,-37.807637],[144.948493,-37.807631],[144.948477,-37.807627],[144.948444,-37.807621],[144.948411,-37.807611],[144.948395,-37.807608],[144.948378,-37.807608],[144.948361,-37.807611],[144.948345,-37.807616],[144.948327,-37.807627],[144.948296,-37.807651],[144.948251,-37.807679],[144.948175,-37.807725],[144.948171,-37.807731],[144.94817,-37.807738],[144.948172,-37.807744],[144.948175,-37.80775],[144.948293,-37.807848],[144.948357,-37.807894],[144.948366,-37.807898],[144.948376,-37.807901],[144.948386,-37.8079],[144.948396,-37.807897],[144.948523,-37.807812],[144.948436,-37.807731],[144.948447,-37.807724],[144.94846,-37.807737],[144.948554,-37.807674]]]},"properties":{"dev_key":"X0010202","status":"COMPLETED","permit_num":"TPM-2017-5/A","bldhgt_ahd":42.2,"base_ahd":18.6,"address":"512-544 Spencer Street, West Melbourne, 3003","num_floors":8,"land_use_1":"Dwellings 53","shape_type":"tower","datadate":"2024-10-24T12:53:51+00:00","height":23.6}},{"type":"Feature","geometry":{"type":"Polygon","coordinates":[[[144.963643,-37.803378],[144.963598,-37.803641],[144.963695,-37.803651],[144.963699,-37.803623],[144.963799,-37.803633],[144.963804,-37.803604],[144.963853,-37.803609],[144.96384,-37.80368],[144.964046,-37.803701],[144.964043,-37.803715],[144.964141,-37.803726],[144.964158,-37.803625],[144.964062,-37.803616],[144.964068,-37.803577],[144.964164,-37.803586],[144.96418,-37.803492],[144.964082,-37.803482],[144.964079,-37.803498],[144.963732,-37.803463],[144.963744,-37.803388],[144.963643,-37.803378]]]},"properties":{"dev_key":"X0010625","status":"COMPLETED","permit_num":"TP-2015-1057/B","bldhgt_ahd":69.9,"base_ahd":33.5,"address":"558-566 Swanston Street CARLTON VIC 3053","num_floors":13,"land_use_1":"Student Accommodation 467","shape_type":"tower","datadate":"2024-10-24T12:53:51+00:00","height":36.4}},{"type":"Feature","geometry":{"type":"Polygon","coordinates":[[[144.956331,-37.80523],[144.956307,-37.805368],[144.956553,-37.805393],[144.956577,-37.80526],[144.956331,-37.80523]]]},"properties":{"dev_key":"X0011208","status":"APPROVED","permit_num":"TP-2020-15/A","bldhgt_ahd":37.4,"base_ahd":27.8,"address":"116-120 Peel Street, North Melbourne, 3051","num_floors":9,"land_use_1":"Dwellings 32","shape_type":"podium","datadate":"2024-10-24T12:53:51+00:00","height":9.6}},{"type":"Feature","geometry":{"type":"Polygon","coordinates":[[[144.955723,-37.809861],[144.955783,-37.809842],[144.955882,-37.810056],[144.955821,-37.810073],[144.95588,-37.810201],[144.956375,-37.810058],[144.956324,-37.809946],[144.956364,-37.809934],[144.95637,-37.809935],[144.956576,-37.809918],[144.956376,-37.80948],[144.955656,-37.809687],[144.955654,-37.809689],[144.955652,-37.809691],[144.95565,-37.809694],[144.95565,-37.809696],[144.955649,-37.809699],[144.95565,-37.809702],[144.955722,-37.809858],[144.955723,-37.809861]]]},"properties":{"dev_key":"X0014201","status":"APPROVED","permit_num":"TPM-2013-28/C","bldhgt_ahd":32.8,"base_ahd":28.0,"address":"386-412 William Street MELBOURNE VIC 3000","num_floors":34,"land_use_1":"Office (sq.m) 22289","shape_type":"podium","datadate":"2024-10-24T12:53:51+00:00","height":4.8}},{"type":"Feature","geometry":{"type":"Polygon","coordinates":[[[144.9563,-37.81],[144.956306,-37.809995],[144.95632,-37.809983],[144.956328,-37.809975],[144.956348,-37.809954],[144.956364,-37.809934],[144.956365,-37.809934],[144.95637,-37.809926],[144.956389,-37.809897],[144.956404,-37.809866],[144.956414,-37.809838],[144.956416,-37.809831],[144.956419,-37.809821],[144.95644,-37.809815],[144.956455,-37.809787],[144.956452,-37.809782],[144.956428,-37.809732],[144.956427,-37.809729],[144.956423,-37.809721],[144.956418,-37.809713],[144.956417,-37.809711],[144.956395,-37.809659],[144.95636,-37.80958],[144.956274,-37.809604],[144.956258,-37.809609],[144.956244,-37.809615],[144.95623,-37.809623],[144.956219,-37.809632],[144.956218,-37.809633],[144.956217,-37.809633],[144.956217,-37.809634],[144.956216,-37.809635],[144.956216,-37.809635],[144.956216,-37.809635],[144.956214,-37.809637],[144.956214,-37.809637],[144.956213,-37.809638],[144.956206,-37.809647],[144.956201,-37.809655],[144.956196,-37.809668],[144.956193,-37.809681],[144.956192,-37.809694],[144.956195,-37.809707],[144.956199,-37.809719],[144.956199,-37.809719],[144.9562,-37.809721],[144.956208,-37.809739],[144.956213,-37.809757],[144.956214,-37.809775],[144.956214,-37.809791],[144.95622,-37.809824],[144.9563,-37.81]]]},"properties":{"dev_key":"X0014201","status":"APPROVED","permit_num":"TPM-2013-28/C","bldhgt_ahd":130.3,"base_ahd":28.0,"address":"386-412 William Street MELBOURNE VIC 3000","num_floors":34,"land_use_1":"Office (sq.m) 22289","shape_type":"tower","datadate":"2024-10-24T12:53:51+00:00","height":102.3}},{"type":"Feature","geometry":{"type":"Polygon","coordinates":[[[144.954437,-37.816614],[144.954751,-37.816522],[144.954671,-37.816344],[144.954638,-37.816353],[144.954396,-37.815817],[144.954331,-37.815835],[144.954327,-37.815825],[144.954195,-37.815863],[144.9542,-37.815873],[144.954111,-37.815898],[144.954437,-37.816614]]]},"properties":{"dev_key":"X0015700","status":"APPLIED","permit_num":"TPM-2015-26/B","bldhgt_ahd":27.7,"base_ahd":13.2,"address":"640-652 Bourke Street MELBOURNE VIC 3000","num_floors":71,"land_use_1":"Dwellings 607","shape_type":"podium","datadate":"2024-10-24T12:53:51+00:00","height":14.5}},{"type":"Feature","geometry":{"type":"Polygon","coordinates":[[[144.947105,-37.810226],[144.947012,-37.810123],[144.946995,-37.810133],[144.946975,-37.810111],[144.946993,-37.810101],[144.946924,-37.810025],[144.946906,-37.810034],[144.946887,-37.810013],[144.946904,-37.810003],[144.946857,-37.809951],[144.946839,-37.809961],[144.946819,-37.80994],[144.946838,-37.809929],[144.946747,-37.809828],[144.946634,-37.809898],[144.946647,-37.809912],[144.94662,-37.809928],[144.946606,-37.809914],[144.946506,-37.809975],[144.94651,-37.809979],[144.946481,-37.809996],[144.94656,-37.810085],[144.946598,-37.810063],[144.946583,-37.810047],[144.946645,-37.810012],[144.946664,-37.810032],[144.946648,-37.810042],[144.946833,-37.810249],[144.946788,-37.810274],[144.946771,-37.810256],[144.946732,-37.810278],[144.946813,-37.810368],[144.946843,-37.810351],[144.946846,-37.810353],[144.946953,-37.810301],[144.946942,-37.810287],[144.946969,-37.810272],[144.946982,-37.810287],[144.947105,-37.810226]]]},"properties":{"dev_key":"X0015811","status":"APPLIED","permit_num":"TP-2017-395/B","bldhgt_ahd":36.7,"base_ahd":8.2,"address":"137-157 Adderley Street WEST MELBOURNE VIC 3003","num_floors":9,"land_use_1":"Dwellings 96","shape_type":"podium","datadate":"2024-10-24T12:53:51+00:00","height":28.5}},{"type":"Feature","geometry":{"type":"Polygon","coordinates":[[[144.962441,-37.80909],[144.96236,-37.808915],[144.96229,-37.808935],[144.962148,-37.808977],[144.962148,-37.808977],[144.962073,-37.808999],[144.962154,-37.809174],[144.962229,-37.809152],[144.962373,-37.80911],[144.962441,-37.80909]]]},"properties":{"dev_key":"X0015906","status":"APPLIED","permit_num":"TP-2021-253/A","bldhgt_ahd":57.4,"base_ahd":17.6,"address":"41-45 A'Beckett Street, Melbourne, 3000","num_floors":24,"land_use_1":"Hotel rooms 378","shape_type":"podium","datadate":"2024-10-24T12:53:51+00:00","height":39.8}},{"type":"Feature","geometry":{"type":"Polygon","coordinates":[[[144.960216,-37.807359],[144.96046,-37.807286],[144.960614,-37.80724],[144.960601,-37.807211],[144.960528,-37.807053],[144.960517,-37.807028],[144.960469,-37.807042],[144.960103,-37.807149],[144.960086,-37.807154],[144.960184,-37.807368],[144.960216,-37.807359]]]},"properties":{"dev_key":"X000315","status":"COMPLETED","permit_num":"TPM-2009-1","bldhgt_ahd":56.2,"base_ahd":18.0,"address":"496-504 Elizabeth Street MELBOURNE VIC 3000","num_floors":72,"land_use_1":"Dwellings 542","shape_type":"podium","datadate":"2024-10-24T12:53:51+00:00","height":38.2}},{"type":"Feature","geometry":{"type":"Polygon","coordinates":[[[144.951105,-37.811417],[144.95116,-37.811401],[144.95105,-37.811161],[144.950996,-37.811177],[144.950796,-37.811234],[144.950732,-37.811252],[144.950841,-37.81149],[144.951105,-37.811417]]]},"properties":{"dev_key":"X001191","status":"COMPLETED","permit_num":"TP-2014-1144","bldhgt_ahd":29.4,"base_ahd":18.9,"address":"386-394 Spencer Street WEST MELBOURNE VIC 3003","num_floors":16,"land_use_1":"Dwellings 105","shape_type":"podium","datadate":"2024-10-24T12:53:51+00:00","height":10.5}},{"type":"Feature","geometry":{"type":"Polygon","coordinates":[[[144.962187,-37.809863],[144.962195,-37.809867],[144.962206,-37.809868],[144.962216,-37.809866],[144.962235,-37.809861],[144.962255,-37.809855],[144.962287,-37.809846],[144.96231,-37.809838],[144.962333,-37.80983],[144.962355,-37.80982],[144.962376,-37.809808],[144.962395,-37.809795],[144.962415,-37.809783],[144.962437,-37.809775],[144.962461,-37.809769],[144.962486,-37.809768],[144.962511,-37.809767],[144.962533,-37.809767],[144.962551,-37.809765],[144.962571,-37.809761],[144.962596,-37.809756],[144.962629,-37.809747],[144.962661,-37.809737],[144.962689,-37.809727],[144.962696,-37.809724],[144.962701,-37.809719],[144.962702,-37.809713],[144.962701,-37.809707],[144.962697,-37.8097],[144.962689,-37.809686],[144.962675,-37.809668],[144.962646,-37.809647],[144.962629,-37.809639],[144.96261,-37.809634],[144.962573,-37.809625],[144.962563,-37.809623],[144.962555,-37.809618],[144.962548,-37.80961],[144.962547,-37.809601],[144.96255,-37.809592],[144.962558,-37.809582],[144.96258,-37.809555],[144.962589,-37.809539],[144.962596,-37.809521],[144.962597,-37.809501],[144.962593,-37.809481],[144.962581,-37.809452],[144.962575,-37.809449],[144.962567,-37.809448],[144.962504,-37.809464],[144.962437,-37.809486],[144.962402,-37.809504],[144.96236,-37.809529],[144.962337,-37.80954],[144.962311,-37.809546],[144.962265,-37.809549],[144.962238,-37.80955],[144.962212,-37.809553],[144.96218,-37.809559],[144.962104,-37.809581],[144.962074,-37.809591],[144.962069,-37.809596],[144.962068,-37.809603],[144.962072,-37.809612],[144.962083,-37.809631],[144.962098,-37.809648],[144.962118,-37.809662],[144.96214,-37.809673],[144.962164,-37.809682],[144.962189,-37.809688],[144.962211,-37.809694],[144.962217,-37.809699],[144.962221,-37.809704],[144.962223,-37.809711],[144.962223,-37.809717],[144.962215,-37.809731],[144.962203,-37.809745],[144.962186,-37.80977],[144.962176,-37.809797],[144.962175,-37.809825],[144.962182,-37.809853],[144.962187,-37.809863]]]},"properties":{"dev_key":"X000262","status":"COMPLETED","permit_num":"TPM-2014-10","bldhgt_ahd":276.7,"base_ahd":18.4,"address":"224-252 La Trobe Street MELBOURNE VIC 3000","num_floors":84,"land_use_1":"Dwellings 1139","shape_type":"tower","datadate":"2024-10-24T12:53:51+00:00","height":258.3}},{"type":"Feature","geometry":{"type":"Polygon","coordinates":[[[144.953925,-37.813231],[144.953809,-37.813265],[144.953776,-37.813288],[144.953755,-37.813319],[144.953746,-37.813357],[144.953753,-37.813385],[144.953775,-37.813432],[144.953792,-37.813455],[144.953819,-37.813474],[144.953854,-37.813488],[144.95389,-37.813493],[144.953928,-37.81349],[144.953979,-37.813475],[144.954019,-37.813463],[144.954055,-37.813445],[144.954081,-37.813421],[144.954093,-37.81339],[144.954096,-37.813363],[144.954091,-37.813335],[144.954075,-37.813299],[144.954051,-37.813267],[144.954026,-37.813247],[144.954003,-37.813237],[144.953977,-37.813231],[144.953952,-37.813229],[144.953925,-37.813231]]]},"properties":{"dev_key":"X000206","status":"COMPLETED","permit_num":"TPM-2014-44","bldhgt_ahd":215.4,"base_ahd":17.2,"address":"295-305 King Street MELBOURNE VIC 3000","num_floors":64,"land_use_1":"Dwellings 422","shape_type":"tower","datadate":"2024-10-24T12:53:51+00:00","height":198.2}},{"type":"Feature","geometry":{"type":"Polygon","coordinates":[[[144.96419,-37.80481],[144.96369,-37.804755],[144.963674,-37.804898],[144.963689,-37.804899],[144.963661,-37.805059],[144.963665,-37.80506],[144.963668,-37.80506],[144.964137,-37.805113],[144.964138,-37.805113],[144.96419,-37.80481]]]},"properties":{"dev_key":"X000423","status":"COMPLETED","permit_num":"TP-2012-1044","bldhgt_ahd":65.0,"base_ahd":32.3,"address":"139-155 Queensberry Street CARLTON VIC 3053","num_floors":15,"land_use_1":"Dwellings 193","shape_type":"podium","datadate":"2024-10-24T12:53:51+00:00","height":32.7}},{"type":"Feature","geometry":{"type":"Polygon","coordinates":[[[144.954299,-37.814722],[144.953993,-37.814809],[144.954079,-37.814996],[144.954076,-37.814997],[144.954104,-37.815056],[144.954114,-37.815053],[144.954205,-37.815254],[144.954503,-37.815171],[144.954299,-37.814722]]]},"properties":{"dev_key":"X000149","status":"COMPLETED","permit_num":"TPM-2014-6","bldhgt_ahd":37.2,"base_ahd":13.5,"address":"20-40 Rose Lane MELBOURNE VIC 3000","num_floors":51,"land_use_1":"Dwellings 399","shape_type":"podium","datadate":"2024-10-24T12:53:51+00:00","height":23.7}},{"type":"Feature","geometry":{"type":"Polygon","coordinates":[[[144.949936,-37.805771],[144.950084,-37.805894],[144.950151,-37.805843],[144.950132,-37.805828],[144.950118,-37.805838],[144.950094,-37.805818],[144.950022,-37.805758],[144.950037,-37.805748],[144.950009,-37.805725],[144.949983,-37.805744],[144.949979,-37.805741],[144.949991,-37.805732],[144.949943,-37.805693],[144.94992,-37.805711],[144.94989,-37.805733],[144.949936,-37.805771]]]},"properties":{"dev_key":"X000583","status":"COMPLETED","permit_num":"TP-2014-22","bldhgt_ahd":37.4,"base_ahd":25.7,"address":"14-20 Roden Street WEST MELBOURNE VIC 3003","num_floors":4,"land_use_1":"Dwellings 10","shape_type":"podium","datadate":"2024-10-24T12:53:51+00:00","height":11.7}},{"type":"Feature","geometry":{"type":"Polygon","coordinates":[[[144.953142,-37.814635],[144.953317,-37.81466],[144.953705,-37.81455],[144.953638,-37.814399],[144.953436,-37.814369],[144.953189,-37.814439],[144.953142,-37.814635]]]},"properties":{"dev_key":"X000178","status":"COMPLETED","permit_num":"TPM-2012-1/A","bldhgt_ahd":258.0,"base_ahd":13.0,"address":"244-276 Spencer Street MELBOURNE VIC 3000","num_floors":72,"land_use_1":"Dwellings 849","shape_type":"tower","datadate":"2024-10-24T12:53:51+00:00","height":245.0}},{"type":"Feature","geometry":{"type":"Polygon","coordinates":[[[144.948083,-37.805836],[144.948452,-37.805489],[144.948336,-37.805418],[144.948239,-37.805513],[144.948227,-37.805505],[144.948168,-37.805562],[144.948176,-37.805568],[144.948039,-37.805696],[144.947819,-37.805677],[144.947795,-37.805803],[144.948083,-37.805836]]]},"properties":{"dev_key":"X000582","status":"COMPLETED","permit_num":"TP-2014-200","bldhgt_ahd":48.5,"base_ahd":27.6,"address":"621-643 King Street WEST MELBOURNE VIC 3003","num_floors":6,"land_use_1":"Dwellings 82","shape_type":"podium","datadate":"2024-10-24T12:53:51+00:00","height":20.9}},{"type":"Feature","geometry":{"type":"Polygon","coordinates":[[[144.964148,-37.81138],[144.964056,-37.811408],[144.964144,-37.811591],[144.964235,-37.811565],[144.964148,-37.81138]]]},"properties":{"dev_key":"X001563","status":"COMPLETED","permit_num":"TP-2016-669","bldhgt_ahd":40.0,"base_ahd":15.1,"address":"268-270 Lonsdale Street MELBOURNE VIC 3000","num_floors":5,"land_use_1":"Retail (sq.m) 449","shape_type":"extension","datadate":"2024-10-24T12:53:51+00:00","height":24.9}},{"type":"Feature","geometry":{"type":"Polygon","coordinates":[[[144.947728,-37.809407],[144.947626,-37.809292],[144.947026,-37.809656],[144.947119,-37.809765],[144.947177,-37.809731],[144.947158,-37.809705],[144.947352,-37.809583],[144.947381,-37.809565],[144.947404,-37.809584],[144.947728,-37.809407]]]},"properties":{"dev_key":"X0001649","status":"UNDER CONSTRUCTION","permit_num":"TP-2017-147","bldhgt_ahd":31.7,"base_ahd":13.6,"address":"137 Stanley Street, West Melbourne, 3003","num_floors":4,"land_use_1":"Dwellings 28","shape_type":"podium","datadate":"2024-10-24T12:53:51+00:00","height":18.1}},{"type":"Feature","geometry":{"type":"Polygon","coordinates":[[[144.961574,-37.813501],[144.961452,-37.813238],[144.96134,-37.81327],[144.961389,-37.813373],[144.961359,-37.813381],[144.961431,-37.813542],[144.961574,-37.813501]]]},"properties":{"dev_key":"X0003601","status":"APPROVED","permit_num":"TP-2018-120","bldhgt_ahd":75.6,"base_ahd":15.4,"address":"372-378 Little Bourke Street MELBOURNE VIC 3000","num_floors":18,"land_use_1":"Office (sq.m) 6396","shape_type":"tower","datadate":"2024-10-24T12:53:51+00:00","height":60.2}},{"type":"Feature","geometry":{"type":"Polygon","coordinates":[[[144.960587,-37.807421],[144.960307,-37.807505],[144.960389,-37.807685],[144.96067,-37.807605],[144.960587,-37.807421]]]},"properties":{"dev_key":"X0005612","status":"COMPLETED","permit_num":"TPMR-2015-14/B","bldhgt_ahd":179.2,"base_ahd":18.4,"address":"480-488 Elizabeth Street MELBOURNE VIC 3000","num_floors":52,"land_use_1":"Student Accommodation 909","shape_type":"tower","datadate":"2024-10-24T12:53:51+00:00","height":160.8}},{"type":"Feature","geometry":{"type":"Polygon","coordinates":[[[144.951244,-37.810301],[144.951108,-37.810344],[144.951112,-37.810352],[144.951116,-37.810358],[144.951109,-37.81036],[144.951232,-37.810601],[144.951241,-37.810599],[144.951247,-37.810611],[144.951368,-37.810571],[144.951382,-37.810567],[144.951375,-37.810554],[144.951382,-37.810551],[144.951341,-37.810473],[144.951321,-37.810479],[144.951299,-37.810486],[144.951291,-37.810472],[144.951271,-37.810432],[144.951257,-37.810404],[144.951278,-37.810397],[144.951298,-37.81039],[144.951257,-37.810312],[144.951251,-37.810314],[144.951244,-37.810301]]]},"properties":{"dev_key":"X0007435","status":"COMPLETED","permit_num":"TP-2016-151/B","bldhgt_ahd":73.6,"base_ahd":21.5,"address":"50-56 Batman Street WEST MELBOURNE VIC 3003","num_floors":17,"land_use_1":"Hotel rooms 150","shape_type":"tower","datadate":"2024-10-24T12:53:51+00:00","height":52.1}},{"type":"Feature","geometry":{"type":"Polygon","coordinates":[[[144.959704,-37.814611],[144.959539,-37.814249],[144.959453,-37.814274],[144.959619,-37.814636],[144.959704,-37.814611]]]},"properties":{"dev_key":"X0008003","status":"APPROVED","permit_num":"TP-2019-968","bldhgt_ahd":65.9,"base_ahd":27.2,"address":"470 Bourke Street, Melbourne, 3000","num_floors":11,"land_use_1":"Education (sq.m) 2131","shape_type":"podium","datadate":"2024-10-24T12:53:51+00:00","height":38.7}},{"type":"Feature","geometry":{"type":"Polygon","coordinates":[[[144.948956,-37.809781],[144.948855,-37.809826],[144.948901,-37.809889],[144.948912,-37.809885],[144.948918,-37.809892],[144.948827,-37.809933],[144.948845,-37.809961],[144.948828,-37.809967],[144.948847,-37.809995],[144.948865,-37.809986],[144.948878,-37.810007],[144.948861,-37.810015],[144.948878,-37.810039],[144.9489,-37.810031],[144.948935,-37.810084],[144.948912,-37.810091],[144.948932,-37.810117],[144.94895,-37.81011],[144.948957,-37.81012],[144.948938,-37.810128],[144.948957,-37.810152],[144.948978,-37.810145],[144.94902,-37.810206],[144.949,-37.810214],[144.949023,-37.810246],[144.949103,-37.810209],[144.949131,-37.810254],[144.949219,-37.810221],[144.949208,-37.810202],[144.949245,-37.810185],[144.949069,-37.809945],[144.949053,-37.809952],[144.949,-37.809875],[144.949017,-37.809868],[144.948956,-37.809781]]]},"properties":{"dev_key":"X0008412","status":"COMPLETED","permit_num":"TPM-2014-22/B","bldhgt_ahd":47.7,"base_ahd":13.8,"address":"177-231 Rosslyn Street WEST MELBOURNE VIC 3003","num_floors":11,"land_use_1":"Dwellings 102","shape_type":"tower","datadate":"2024-10-24T12:53:51+00:00","height":33.9}},{"type":"Feature","geometry":{"type":"Polygon","coordinates":[[[144.955154,-37.814736],[144.955421,-37.815315],[144.955615,-37.815259],[144.955428,-37.814849],[144.955448,-37.814812],[144.955383,-37.81467],[144.955154,-37.814736]]]},"properties":{"dev_key":"X0011207","status":"APPROVED","permit_num":"TPMR-2021-11","bldhgt_ahd":56.0,"base_ahd":16.0,"address":"570-576 Little Bourke Street, Melbourne, 3000","num_floors":22,"land_use_1":"Office (sq.m) 19872","shape_type":"podium","datadate":"2024-10-24T12:53:51+00:00","height":40.0}},{"type":"Feature","geometry":{"type":"Polygon","coordinates":[[[144.948045,-37.80524],[144.947918,-37.805162],[144.94785,-37.805517],[144.947825,-37.805647],[144.948011,-37.805664],[144.948016,-37.805639],[144.948025,-37.805641],[144.948037,-37.80558],[144.948028,-37.805579],[144.948042,-37.80551],[144.94805,-37.805511],[144.948061,-37.805456],[144.948064,-37.80544],[144.948053,-37.805439],[144.948088,-37.805266],[144.948045,-37.80524]]]},"properties":{"dev_key":"X000582","status":"COMPLETED","permit_num":"TP-2014-200","bldhgt_ahd":48.5,"base_ahd":28.8,"address":"621-643 King Street WEST MELBOURNE VIC 3003","num_floors":6,"land_use_1":"Dwellings 82","shape_type":"podium","datadate":"2024-10-24T12:53:51+00:00","height":19.7}},{"type":"Feature","geometry":{"type":"Polygon","coordinates":[[[144.959863,-37.810942],[144.959862,-37.81094],[144.959674,-37.810996],[144.95974,-37.811135],[144.959926,-37.81108],[144.959863,-37.810942]]]},"properties":{"dev_key":"X000224","status":"COMPLETED","permit_num":"TP-2013-493","bldhgt_ahd":146.2,"base_ahd":17.9,"address":"La Trobe Tower 323-331 La Trobe Street MELBOURNE VIC 3000","num_floors":42,"land_use_1":"Dwellings 210","shape_type":"tower","datadate":"2024-10-24T12:53:51+00:00","height":128.3}},{"type":"Feature","geometry":{"type":"Polygon","coordinates":[[[144.955712,-37.813388],[144.955314,-37.813504],[144.955575,-37.814068],[144.955794,-37.814005],[144.955675,-37.813752],[144.955749,-37.81373],[144.955747,-37.813726],[144.955855,-37.813694],[144.955712,-37.813388]]]},"properties":{"dev_key":"X001220","status":"COMPLETED","permit_num":"TPM-2015-15","bldhgt_ahd":56.0,"base_ahd":18.6,"address":"560-566 Lonsdale Street MELBOURNE VIC 3000","num_floors":68,"land_use_1":"Dwellings 887","shape_type":"podium","datadate":"2024-10-24T12:53:51+00:00","height":37.4}},{"type":"Feature","geometry":{"type":"Polygon","coordinates":[[[144.949862,-37.810671],[144.949979,-37.810633],[144.950056,-37.810608],[144.949961,-37.810415],[144.949878,-37.810444],[144.94973,-37.810496],[144.949743,-37.810521],[144.949781,-37.810594],[144.949821,-37.810674],[144.949826,-37.810683],[144.949862,-37.810671]]]},"properties":{"dev_key":"X000612","status":"COMPLETED","permit_num":"TP-2011-479/A","bldhgt_ahd":32.9,"base_ahd":17.7,"address":"DUO Apartments 423-435 Spencer Street WEST MELBOURNE VIC 3003","num_floors":17,"land_use_1":"Dwellings 89","shape_type":"podium","datadate":"2024-10-24T12:53:51+00:00","height":15.2}},{"type":"Feature","geometry":{"type":"Polygon","coordinates":[[[144.950378,-37.809281],[144.950241,-37.809339],[144.95029,-37.809414],[144.950427,-37.809352],[144.950378,-37.809281]]]},"properties":{"dev_key":"X000607","status":"COMPLETED","permit_num":"TPM-2011-40/A","bldhgt_ahd":31.7,"base_ahd":19.4,"address":"130-154 Dudley Street WEST MELBOURNE VIC 3003","num_floors":9,"land_use_1":"Dwellings 80","shape_type":"podium","datadate":"2024-10-24T12:53:51+00:00","height":12.3}},{"type":"Feature","geometry":{"type":"Polygon","coordinates":[[[144.952772,-37.814115],[144.952602,-37.814089],[144.95221,-37.814199],[144.952278,-37.814351],[144.95248,-37.814379],[144.952727,-37.81431],[144.952772,-37.814115]]]},"properties":{"dev_key":"X000176","status":"COMPLETED","permit_num":"TPM-2012-1/A","bldhgt_ahd":269.5,"base_ahd":14.5,"address":"244-276 Spencer Street MELBOURNE VIC 3000","num_floors":64,"land_use_1":"Dwellings 707","shape_type":"tower","datadate":"2024-10-24T12:53:51+00:00","height":255.0}},{"type":"Feature","geometry":{"type":"Polygon","coordinates":[[[144.961783,-37.803396],[144.961774,-37.803395],[144.9615,-37.803366],[144.961498,-37.803377],[144.961482,-37.803484],[144.961479,-37.803498],[144.961536,-37.803505],[144.961528,-37.803555],[144.961214,-37.803521],[144.961218,-37.803504],[144.961186,-37.8035],[144.961168,-37.803602],[144.961159,-37.803649],[144.961727,-37.80371],[144.961753,-37.803567],[144.961783,-37.803396]]]},"properties":{"dev_key":"X0001652","status":"COMPLETED","permit_num":"TP-2017-188","bldhgt_ahd":33.7,"base_ahd":26.0,"address":"123-127 Bouverie Street CARLTON VIC 3053","num_floors":14,"land_use_1":"Student Accommodation 596","shape_type":"podium","datadate":"2024-10-24T12:53:51+00:00","height":7.7}},{"type":"Feature","geometry":{"type":"Polygon","coordinates":[[[144.951594,-37.814402],[144.951649,-37.814125],[144.951615,-37.814051],[144.950732,-37.814301],[144.950857,-37.814447],[144.950927,-37.814594],[144.951594,-37.814402]]]},"properties":{"dev_key":"X0001634","status":"COMPLETED","permit_num":"TPMR-2017-4","bldhgt_ahd":170.2,"base_ahd":14.1,"address":"263-283 Spencer Street DOCKLANDS VIC 3008","num_floors":41,"land_use_1":"Office (sq.m) 60079","shape_type":"tower","datadate":"2024-10-24T12:53:51+00:00","height":156.1}},{"type":"Feature","geometry":{"type":"Polygon","coordinates":[[[144.955727,-37.800589],[144.955519,-37.800424],[144.955433,-37.800492],[144.955638,-37.800659],[144.955727,-37.800589]]]},"properties":{"dev_key":"X000536","status":"COMPLETED","permit_num":"TPM-2013-9","bldhgt_ahd":84.0,"base_ahd":26.8,"address":"19-35 Flemington Road NORTH MELBOURNE VIC 3051","num_floors":19,"land_use_1":"Dwellings 454","shape_type":"tower","datadate":"2024-10-24T12:53:51+00:00","height":57.2}},{"type":"Feature","geometry":{"type":"Polygon","coordinates":[[[144.948289,-37.810239],[144.948416,-37.810175],[144.948401,-37.810156],[144.948427,-37.810144],[144.948441,-37.810162],[144.948546,-37.810112],[144.948532,-37.810092],[144.948559,-37.810078],[144.948573,-37.810098],[144.948679,-37.810048],[144.948621,-37.809974],[144.948582,-37.809992],[144.948575,-37.809981],[144.948612,-37.809963],[144.948541,-37.809867],[144.948471,-37.809904],[144.948485,-37.809923],[144.948457,-37.809936],[144.948443,-37.809915],[144.948345,-37.809964],[144.94834,-37.809959],[144.948309,-37.809976],[144.948327,-37.81],[144.948299,-37.810013],[144.948286,-37.809995],[144.948153,-37.81006],[144.948289,-37.810239]]]},"properties":{"dev_key":"X0008410","status":"COMPLETED","permit_num":"TPM-2014-22/B","bldhgt_ahd":27.1,"base_ahd":10.7,"address":"177-231 Rosslyn Street WEST MELBOURNE VIC 3003","num_floors":11,"land_use_1":"Dwellings 98","shape_type":"podium","datadate":"2024-10-24T12:53:51+00:00","height":16.4}},{"type":"Feature","geometry":{"type":"Polygon","coordinates":[[[144.949164,-37.810299],[144.949291,-37.810251],[144.948888,-37.809682],[144.948857,-37.809697],[144.948871,-37.809717],[144.948798,-37.80975],[144.948785,-37.809732],[144.948755,-37.809746],[144.948842,-37.809864],[144.948868,-37.809855],[144.948883,-37.809877],[144.948854,-37.809887],[144.948873,-37.809913],[144.948827,-37.809933],[144.948845,-37.809961],[144.948828,-37.809967],[144.948878,-37.810039],[144.9489,-37.810031],[144.948935,-37.810084],[144.948912,-37.810091],[144.948932,-37.810117],[144.94895,-37.81011],[144.948957,-37.81012],[144.948938,-37.810128],[144.948957,-37.810152],[144.948978,-37.810145],[144.94902,-37.810206],[144.949,-37.810214],[144.949023,-37.810246],[144.949103,-37.810209],[144.949164,-37.810299]]]},"properties":{"dev_key":"X0008412","status":"COMPLETED","permit_num":"TPM-2014-22/B","bldhgt_ahd":17.6,"base_ahd":13.8,"address":"177-231 Rosslyn Street WEST MELBOURNE VIC 3003","num_floors":11,"land_use_1":"Dwellings 102","shape_type":"podium","datadate":"2024-10-24T12:53:51+00:00","height":3.8}},{"type":"Feature","geometry":{"type":"Polygon","coordinates":[[[144.959636,-37.812125],[144.959669,-37.812196],[144.959782,-37.81218],[144.959814,-37.812171],[144.959813,-37.812167],[144.959843,-37.812158],[144.959845,-37.812162],[144.959926,-37.812139],[144.960006,-37.812099],[144.959977,-37.812034],[144.959991,-37.81203],[144.959976,-37.811998],[144.959995,-37.811992],[144.959966,-37.811929],[144.959797,-37.81194],[144.959778,-37.811946],[144.959782,-37.811954],[144.959756,-37.811962],[144.959751,-37.811954],[144.959735,-37.811959],[144.959596,-37.812038],[144.959625,-37.812101],[144.959648,-37.812093],[144.959659,-37.812119],[144.959636,-37.812125]]]},"properties":{"dev_key":"X0008815","status":"APPROVED","permit_num":"TPM-2014-46/A","bldhgt_ahd":227.3,"base_ahd":18.0,"address":"272-282 Queen Street MELBOURNE VIC 3000","num_floors":67,"land_use_1":"Dwellings 560","shape_type":"tower","datadate":"2024-10-24T12:53:51+00:00","height":209.3}},{"type":"Feature","geometry":{"type":"Polygon","coordinates":[[[144.946477,-37.809992],[144.946814,-37.810369],[144.947105,-37.810226],[144.946747,-37.809828],[144.946477,-37.809992]]]},"properties":{"dev_key":"X0009206","status":"APPROVED","permit_num":"TP-2017-395/A","bldhgt_ahd":13.3,"base_ahd":9.3,"address":"137-157 Adderley Street WEST MELBOURNE VIC 3003","num_floors":7,"land_use_1":"Dwellings 96","shape_type":"podium","datadate":"2024-10-24T12:53:51+00:00","height":4.0}},{"type":"Feature","geometry":{"type":"Polygon","coordinates":[[[144.952049,-37.807333],[144.952094,-37.807337],[144.95209,-37.807366],[144.9522,-37.807377],[144.952205,-37.807349],[144.952239,-37.807353],[144.952234,-37.80738],[144.952252,-37.807401],[144.952255,-37.807404],[144.95228,-37.807384],[144.952282,-37.807373],[144.952317,-37.807377],[144.95232,-37.807372],[144.952328,-37.807325],[144.952358,-37.807328],[144.952378,-37.807303],[144.952364,-37.807286],[144.952341,-37.807285],[144.952345,-37.807268],[144.952276,-37.807261],[144.952277,-37.807254],[144.952249,-37.807251],[144.952246,-37.807275],[144.952208,-37.80727],[144.952212,-37.807244],[144.952068,-37.807227],[144.952049,-37.807333]]]},"properties":{"dev_key":"X0009402","status":"APPROVED","permit_num":"TP-2017-145/A","bldhgt_ahd":41.5,"base_ahd":27.6,"address":"24-28 Chetwynd Street WEST MELBOURNE VIC 3003","num_floors":4,"land_use_1":"Dwellings 9","shape_type":"tower","datadate":"2024-10-24T12:53:51+00:00","height":13.9}},{"type":"Feature","geometry":{"type":"Polygon","coordinates":[[[144.956061,-37.801672],[144.9559,-37.801545],[144.955629,-37.801759],[144.955907,-37.801985],[144.955875,-37.80201],[144.955952,-37.802072],[144.956167,-37.801909],[144.956172,-37.801914],[144.956269,-37.801839],[144.956127,-37.801725],[144.955949,-37.801867],[144.955928,-37.801849],[144.955901,-37.801871],[144.955853,-37.801833],[144.956061,-37.801672]]]},"properties":{"dev_key":"X0013005","status":"APPROVED","permit_num":"TPM-2022-10","bldhgt_ahd":55.0,"base_ahd":30.7,"address":"5-17 Flemington Road, North Melbourne, 3051","num_floors":18,"land_use_1":"Student Accommodation 603","shape_type":"podium","datadate":"2024-10-24T12:53:51+00:00","height":24.3}},{"type":"Feature","geometry":{"type":"Polygon","coordinates":[[[144.949246,-37.806955],[144.949346,-37.807048],[144.949672,-37.806835],[144.949575,-37.806741],[144.949246,-37.806955]]]},"properties":{"dev_key":"X0014004","status":"APPROVED","permit_num":"TPM-2022-20","bldhgt_ahd":42.7,"base_ahd":22.8,"address":"559-577 King Street WEST MELBOURNE VIC 3003","num_floors":9,"land_use_1":"Dwellings 105","shape_type":"tower","datadate":"2024-10-24T12:53:51+00:00","height":19.9}},{"type":"Feature","geometry":{"type":"Polygon","coordinates":[[[144.956369,-37.810984],[144.956418,-37.81109],[144.956458,-37.811079],[144.956459,-37.811081],[144.956498,-37.81107],[144.956498,-37.811069],[144.956499,-37.811069],[144.956498,-37.811067],[144.956495,-37.811061],[144.956565,-37.811042],[144.95661,-37.811029],[144.956612,-37.811034],[144.956613,-37.811035],[144.956619,-37.811033],[144.956638,-37.811027],[144.956675,-37.811016],[144.956661,-37.81102],[144.956679,-37.811014],[144.956679,-37.811014],[144.956681,-37.811013],[144.956597,-37.810825],[144.95658,-37.810788],[144.956571,-37.810766],[144.95657,-37.810766],[144.956489,-37.81079],[144.956494,-37.810803],[144.95648,-37.810807],[144.956475,-37.810794],[144.95642,-37.810809],[144.956395,-37.810816],[144.956406,-37.810839],[144.956464,-37.810965],[144.956452,-37.810968],[144.956449,-37.810961],[144.956369,-37.810984]]]},"properties":{"dev_key":"X0014603","status":"APPROVED","permit_num":"TP-2015-459/E","bldhgt_ahd":90.7,"base_ahd":27.4,"address":"354-360 William Street MELBOURNE VIC 3000","num_floors":23,"land_use_1":"Student Accommodation 456","shape_type":"tower","datadate":"2024-10-24T12:53:51+00:00","height":63.3}},{"type":"Feature","geometry":{"type":"Polygon","coordinates":[[[144.954676,-37.816439],[144.954518,-37.816095],[144.954484,-37.816105],[144.954479,-37.816093],[144.954353,-37.81613],[144.954358,-37.816142],[144.954324,-37.816152],[144.954482,-37.816495],[144.954515,-37.816485],[144.954519,-37.816495],[144.954647,-37.816459],[144.954641,-37.816447],[144.954676,-37.816439]]]},"properties":{"dev_key":"X0015700","status":"APPLIED","permit_num":"TPM-2015-26/B","bldhgt_ahd":227.3,"base_ahd":13.2,"address":"640-652 Bourke Street MELBOURNE VIC 3000","num_floors":71,"land_use_1":"Dwellings 607","shape_type":"tower","datadate":"2024-10-24T12:53:51+00:00","height":214.1}},{"type":"Feature","geometry":{"type":"Polygon","coordinates":[[[144.962766,-37.809764],[144.962584,-37.80938],[144.962584,-37.80938],[144.962566,-37.809385],[144.961778,-37.809615],[144.961849,-37.809769],[144.962043,-37.809712],[144.962065,-37.80976],[144.96215,-37.809944],[144.962741,-37.809772],[144.962766,-37.809764]]]},"properties":{"dev_key":"X000262","status":"COMPLETED","permit_num":"TPM-2014-10","bldhgt_ahd":43.9,"base_ahd":18.4,"address":"224-252 La Trobe Street MELBOURNE VIC 3000","num_floors":84,"land_use_1":"Dwellings 1139","shape_type":"podium","datadate":"2024-10-24T12:53:51+00:00","height":25.5}},{"type":"Feature","geometry":{"type":"Polygon","coordinates":[[[144.950222,-37.811729],[144.950245,-37.811711],[144.950263,-37.811685],[144.950264,-37.811675],[144.950267,-37.811662],[144.950194,-37.811484],[144.9502,-37.811472],[144.950202,-37.811468],[144.950234,-37.811461],[144.950264,-37.811424],[144.95027,-37.811399],[144.950263,-37.811364],[144.950239,-37.811341],[144.950208,-37.811328],[144.950179,-37.811324],[144.95004,-37.81136],[144.949995,-37.811377],[144.949969,-37.811393],[144.949953,-37.811427],[144.949956,-37.81146],[144.949975,-37.811486],[144.949987,-37.811491],[144.95,-37.811499],[144.950091,-37.811706],[144.95012,-37.811726],[144.950159,-37.811736],[144.950189,-37.811738],[144.950222,-37.811729]]]},"properties":{"dev_key":"X000619","status":"COMPLETED","permit_num":"TPM-2012-4/A","bldhgt_ahd":83.1,"base_ahd":14.5,"address":"83-113 Batman Street WEST MELBOURNE VIC 3003","num_floors":21,"land_use_1":"Dwellings 169","shape_type":"tower","datadate":"2024-10-24T12:53:51+00:00","height":68.6}},{"type":"Feature","geometry":{"type":"Polygon","coordinates":[[[144.963502,-37.805347],[144.96346,-37.805335],[144.963463,-37.805322],[144.963418,-37.805309],[144.96342,-37.805296],[144.963386,-37.805287],[144.963371,-37.805289],[144.96334,-37.80528],[144.963337,-37.805299],[144.963328,-37.805301],[144.963334,-37.805314],[144.963326,-37.805316],[144.963332,-37.80533],[144.963324,-37.805333],[144.963329,-37.805345],[144.963321,-37.805347],[144.963326,-37.805358],[144.963318,-37.805362],[144.963323,-37.805373],[144.963315,-37.805376],[144.963321,-37.805389],[144.963312,-37.805392],[144.963317,-37.805404],[144.96331,-37.805407],[144.963315,-37.805419],[144.963306,-37.805422],[144.963312,-37.805434],[144.963304,-37.805436],[144.963309,-37.805447],[144.963302,-37.805451],[144.963307,-37.805462],[144.963298,-37.805466],[144.963304,-37.805479],[144.963296,-37.805482],[144.963301,-37.805493],[144.963293,-37.805495],[144.963298,-37.805507],[144.96329,-37.80551],[144.963296,-37.805523],[144.963287,-37.805526],[144.963293,-37.805539],[144.963285,-37.805541],[144.963291,-37.805555],[144.963318,-37.805558],[144.963322,-37.805538],[144.963354,-37.805542],[144.963352,-37.805552],[144.963333,-37.80555],[144.963322,-37.805608],[144.963362,-37.805613],[144.963363,-37.805609],[144.963409,-37.805615],[144.963411,-37.805606],[144.963457,-37.805612],[144.96347,-37.80554],[144.963424,-37.805534],[144.963428,-37.805509],[144.963412,-37.805508],[144.963418,-37.805478],[144.96343,-37.805478],[144.963436,-37.80545],[144.963447,-37.805451],[144.963452,-37.805422],[144.963491,-37.805427],[144.963502,-37.805347]]]},"properties":{"dev_key":"X000429","status":"COMPLETED","permit_num":"TP-2014-562/A","bldhgt_ahd":65.3,"base_ahd":27.5,"address":"Arrow On Swanston 470-496 Swanston Street CARLTON VIC 3053","num_floors":12,"land_use_1":"Dwellings 10","shape_type":"extension","datadate":"2024-10-24T12:53:51+00:00","height":37.8}},{"type":"Feature","geometry":{"type":"Polygon","coordinates":[[[144.950764,-37.808769],[144.950764,-37.808769],[144.950525,-37.808885],[144.950398,-37.808947],[144.950254,-37.809016],[144.950296,-37.809077],[144.950293,-37.809079],[144.950438,-37.809286],[144.950445,-37.809283],[144.950467,-37.809315],[144.950496,-37.809356],[144.951014,-37.809129],[144.950986,-37.809089],[144.950764,-37.808769]],[[144.950496,-37.80909],[144.950499,-37.809089],[144.950535,-37.809073],[144.950547,-37.809068],[144.950497,-37.808998],[144.950496,-37.808995],[144.950576,-37.80896],[144.950644,-37.808929],[144.950686,-37.808989],[144.950689,-37.808988],[144.950723,-37.808973],[144.950733,-37.808988],[144.950746,-37.809005],[144.950751,-37.809013],[144.950722,-37.809026],[144.950723,-37.809028],[144.950665,-37.809054],[144.950663,-37.809052],[144.950603,-37.809078],[144.950605,-37.80908],[144.950546,-37.809106],[144.950545,-37.809104],[144.950515,-37.809117],[144.950496,-37.80909]]]},"properties":{"dev_key":"X001234","status":"COMPLETED","permit_num":"TP-2015-391","bldhgt_ahd":24.6,"base_ahd":21.0,"address":"109-133 Rosslyn Street WEST MELBOURNE VIC 3003","num_floors":8,"land_use_1":"Dwellings 191","shape_type":"podium","datadate":"2024-10-24T12:53:51+00:00","height":3.6}},{"type":"Feature","geometry":{"type":"Polygon","coordinates":[[[144.95633,-37.805492],[144.956288,-37.805723],[144.956464,-37.805745],[144.956504,-37.805513],[144.95633,-37.805492]]]},"properties":{"dev_key":"X0005618","status":"APPROVED","permit_num":"TP-2018-1168","bldhgt_ahd":61.2,"base_ahd":27.5,"address":"300-308 Victoria Street NORTH MELBOURNE VIC 3051","num_floors":10,"land_use_1":"Hotel rooms 119","shape_type":"tower","datadate":"2024-10-24T12:53:51+00:00","height":33.7}},{"type":"Feature","geometry":{"type":"Polygon","coordinates":[[[144.957373,-37.802475],[144.957351,-37.802442],[144.957325,-37.80241],[144.957312,-37.802396],[144.957297,-37.802385],[144.957279,-37.802376],[144.95726,-37.802369],[144.957239,-37.802365],[144.957218,-37.802363],[144.957197,-37.802365],[144.957177,-37.802369],[144.957142,-37.802375],[144.957107,-37.802383],[144.957073,-37.802394],[144.957041,-37.802406],[144.957026,-37.802414],[144.957013,-37.802423],[144.957001,-37.802434],[144.956992,-37.802446],[144.956986,-37.802459],[144.956982,-37.802473],[144.95698,-37.802487],[144.956982,-37.802501],[144.957005,-37.802575],[144.957031,-37.802649],[144.957075,-37.802757],[144.957128,-37.802863],[144.957166,-37.802932],[144.957207,-37.803001],[144.957217,-37.803013],[144.957229,-37.803024],[144.957244,-37.803033],[144.95726,-37.80304],[144.957277,-37.803045],[144.957295,-37.803048],[144.957313,-37.803049],[144.957331,-37.803048],[144.957366,-37.803041],[144.957401,-37.803033],[144.957435,-37.803023],[144.957467,-37.803011],[144.957486,-37.803004],[144.957503,-37.802995],[144.957518,-37.802984],[144.957531,-37.80297],[144.957541,-37.802956],[144.957547,-37.802941],[144.957551,-37.802924],[144.957551,-37.802908],[144.957544,-37.80287],[144.957533,-37.802833],[144.957516,-37.802797],[144.957495,-37.802763],[144.95747,-37.80273],[144.957439,-37.802699],[144.957423,-37.802681],[144.957412,-37.802661],[144.957406,-37.80264],[144.957406,-37.802618],[144.957405,-37.802582],[144.957399,-37.802546],[144.957389,-37.802511],[144.957374,-37.802477],[144.957373,-37.802475]]]},"properties":{"dev_key":"X0006400","status":"COMPLETED","permit_num":"TPM-2019-6","bldhgt_ahd":105.6,"base_ahd":33.0,"address":"611-669 Elizabeth Street, Melbourne, 3000","num_floors":18,"land_use_1":"Education (sq.m) 20445","shape_type":"tower","datadate":"2024-10-24T12:53:51+00:00","height":72.6}},{"type":"Feature","geometry":{"type":"Polygon","coordinates":[[[144.953699,-37.799497],[144.953613,-37.799427],[144.953598,-37.79944],[144.953573,-37.79942],[144.953461,-37.799508],[144.953572,-37.799595],[144.953699,-37.799497]]]},"properties":{"dev_key":"X0006405","status":"APPROVED","permit_num":"TP-2016-29/A","bldhgt_ahd":57.0,"base_ahd":24.2,"address":"48-50 Villiers Street NORTH MELBOURNE VIC 3051","num_floors":11,"land_use_1":"Hotel rooms 75","shape_type":"extension","datadate":"2024-10-24T12:53:51+00:00","height":32.8}},{"type":"Feature","geometry":{"type":"Polygon","coordinates":[[[144.960589,-37.810688],[144.960444,-37.81073],[144.960344,-37.81076],[144.960261,-37.810785],[144.960344,-37.810966],[144.960674,-37.810868],[144.960589,-37.810688]]]},"properties":{"dev_key":"X0007400","status":"COMPLETED","permit_num":"TPM-2015-11/B","bldhgt_ahd":55.9,"base_ahd":15.5,"address":"293-299 La Trobe Street MELBOURNE VIC 3000","num_floors":44,"land_use_1":"Student Accommodation 714","shape_type":"podium","datadate":"2024-10-24T12:53:51+00:00","height":40.4}},{"type":"Feature","geometry":{"type":"Polygon","coordinates":[[[144.949617,-37.810726],[144.949589,-37.810671],[144.949641,-37.810655],[144.949632,-37.81064],[144.949648,-37.810634],[144.949657,-37.81065],[144.949755,-37.810619],[144.949703,-37.810514],[144.949675,-37.810524],[144.949669,-37.810513],[144.949698,-37.810503],[144.949671,-37.810449],[144.949528,-37.810504],[144.949532,-37.810512],[144.949523,-37.810516],[144.949518,-37.810508],[144.94943,-37.810541],[144.949533,-37.810758],[144.949617,-37.810726]]]},"properties":{"dev_key":"X0007409","status":"APPROVED","permit_num":"TP-2019-544","bldhgt_ahd":80.7,"base_ahd":14.9,"address":"95 Dudley Street, West Melbourne, 3003","num_floors":20,"land_use_1":"Hotel rooms 165","shape_type":"tower","datadate":"2024-10-24T12:53:51+00:00","height":65.8}},{"type":"Feature","geometry":{"type":"Polygon","coordinates":[[[144.951414,-37.810611],[144.951382,-37.810551],[144.951341,-37.810473],[144.951298,-37.81039],[144.951257,-37.810312],[144.951227,-37.810254],[144.951227,-37.810254],[144.951015,-37.810324],[144.951015,-37.810324],[144.951104,-37.810496],[144.9512,-37.810681],[144.951414,-37.810611]]]},"properties":{"dev_key":"X0007435","status":"COMPLETED","permit_num":"TP-2016-151/B","bldhgt_ahd":38.2,"base_ahd":21.5,"address":"50-56 Batman Street WEST MELBOURNE VIC 3003","num_floors":17,"land_use_1":"Hotel rooms 150","shape_type":"podium","datadate":"2024-10-24T12:53:51+00:00","height":16.7}},{"type":"Feature","geometry":{"type":"Polygon","coordinates":[[[144.96229,-37.808935],[144.962148,-37.808977],[144.962229,-37.809152],[144.962373,-37.80911],[144.96229,-37.808935]]]},"properties":{"dev_key":"X0011000","status":"APPROVED","permit_num":"TP-2021-253","bldhgt_ahd":52.8,"base_ahd":16.8,"address":"41-45 A'Beckett Street, Melbourne, 3000","num_floors":8,"land_use_1":"Retail (sq.m) 1663","shape_type":"podium","datadate":"2024-10-24T12:53:51+00:00","height":36.0}},{"type":"Feature","geometry":{"type":"Polygon","coordinates":[[[144.949919,-37.811859],[144.9501,-37.812243],[144.950315,-37.812183],[144.95014,-37.811796],[144.949919,-37.811859]]]},"properties":{"dev_key":"X0011210","status":"APPROVED","permit_num":"TPM-2019-4/A","bldhgt_ahd":23.0,"base_ahd":14.8,"address":"355-369 Spencer Street, West Melbourne, 3003","num_floors":20,"land_use_1":"Dwellings 117","shape_type":"podium","datadate":"2024-10-24T12:53:51+00:00","height":8.2}},{"type":"Feature","geometry":{"type":"Polygon","coordinates":[[[144.95864,-37.805286],[144.958506,-37.805325],[144.958523,-37.805362],[144.958428,-37.80539],[144.958412,-37.805352],[144.958278,-37.805392],[144.958357,-37.805563],[144.95872,-37.805457],[144.95864,-37.805286]]]},"properties":{"dev_key":"X0011400","status":"COMPLETED","permit_num":"TP-2018-857/A","bldhgt_ahd":68.7,"base_ahd":22.2,"address":"543 Elizabeth Street, Melbourne, 3000","num_floors":14,"land_use_1":"Dwellings 55","shape_type":"tower","datadate":"2024-10-24T12:53:51+00:00","height":46.5}},{"type":"Feature","geometry":{"type":"Polygon","coordinates":[[[144.96068,-37.811348],[144.960494,-37.811402],[144.960593,-37.811609],[144.960776,-37.811556],[144.96068,-37.811348]]]},"properties":{"dev_key":"X000220","status":"COMPLETED","permit_num":"TP-2009-361/B","bldhgt_ahd":125.3,"base_ahd":15.1,"address":"296-300 Little Lonsdale Street MELBOURNE VIC 3000","num_floors":40,"land_use_1":"Dwellings 185","shape_type":"podium","datadate":"2024-10-24T12:53:51+00:00","height":110.2}},{"type":"Feature","geometry":{"type":"Polygon","coordinates":[[[144.953913,-37.800211],[144.953936,-37.800192],[144.953936,-37.800192],[144.953856,-37.800127],[144.953799,-37.800172],[144.95384,-37.800205],[144.95382,-37.800219],[144.95378,-37.800188],[144.953673,-37.800274],[144.953699,-37.800294],[144.95365,-37.800329],[144.953626,-37.80031],[144.953639,-37.800297],[144.953612,-37.800277],[144.953627,-37.800263],[144.953591,-37.800238],[144.953562,-37.800261],[144.953539,-37.800244],[144.95357,-37.800221],[144.953504,-37.800166],[144.953471,-37.80019],[144.953461,-37.800181],[144.953333,-37.800283],[144.953343,-37.800292],[144.953313,-37.800315],[144.95338,-37.800369],[144.953413,-37.800343],[144.953436,-37.800361],[144.9534,-37.800387],[144.953436,-37.800416],[144.953452,-37.800405],[144.95348,-37.800427],[144.9535,-37.800411],[144.953522,-37.800429],[144.95348,-37.800461],[144.953492,-37.800471],[144.95349,-37.800472],[144.953493,-37.800475],[144.953485,-37.800481],[144.953447,-37.800451],[144.953394,-37.800493],[144.953394,-37.800492],[144.953387,-37.800487],[144.953352,-37.800515],[144.953379,-37.800537],[144.953358,-37.800553],[144.953332,-37.800531],[144.953298,-37.800558],[144.953463,-37.800698],[144.953569,-37.800615],[144.95355,-37.8006],[144.95355,-37.8006],[144.953558,-37.800592],[144.953578,-37.800608],[144.953686,-37.800523],[144.953667,-37.800507],[144.953687,-37.800491],[144.953707,-37.800507],[144.953815,-37.800421],[144.953797,-37.800406],[144.953817,-37.800389],[144.953836,-37.800405],[144.953837,-37.800404],[144.953944,-37.80032],[144.953926,-37.800305],[144.953947,-37.800289],[144.953966,-37.800303],[144.953966,-37.800303],[144.954026,-37.800256],[144.953976,-37.800216],[144.953971,-37.80022],[144.95397,-37.800221],[144.953948,-37.800202],[144.953947,-37.800201],[144.953924,-37.80022],[144.953913,-37.800211]]]},"properties":{"dev_key":"X001338","status":"COMPLETED","permit_num":"TP-2016-258","bldhgt_ahd":37.0,"base_ahd":24.2,"address":"15-27 Wreckyn Street NORTH MELBOURNE VIC 3051","num_floors":9,"land_use_1":"Student Accommodation 432","shape_type":"podium","datadate":"2024-10-24T12:53:51+00:00","height":12.8}},{"type":"Feature","geometry":{"type":"Polygon","coordinates":[[[144.967709,-37.808258],[144.967568,-37.80795],[144.967435,-37.807988],[144.967492,-37.808111],[144.967577,-37.808296],[144.967709,-37.808258]]]},"properties":{"dev_key":"X000270","status":"COMPLETED","permit_num":"TP-2011-471/A","bldhgt_ahd":137.2,"base_ahd":26.9,"address":"36-40 La Trobe Street MELBOURNE VIC 3000","num_floors":38,"land_use_1":"Dwellings 224","shape_type":"tower","datadate":"2024-10-24T12:53:51+00:00","height":110.3}},{"type":"Feature","geometry":{"type":"Polygon","coordinates":[[[144.950992,-37.808658],[144.950799,-37.808752],[144.950955,-37.808972],[144.951153,-37.808883],[144.950992,-37.808658]]]},"properties":{"dev_key":"X001558","status":"COMPLETED","permit_num":"TP-2016-637","bldhgt_ahd":43.7,"base_ahd":21.7,"address":"101-107 Rosslyn Street WEST MELBOURNE VIC 3003","num_floors":10,"land_use_1":"Dwellings 49","shape_type":"podium","datadate":"2024-10-24T12:53:51+00:00","height":22.0}},{"type":"Feature","geometry":{"type":"Polygon","coordinates":[[[144.96175,-37.808666],[144.961667,-37.808486],[144.961663,-37.808477],[144.961653,-37.808457],[144.961647,-37.808444],[144.961638,-37.808446],[144.961432,-37.808506],[144.961432,-37.808506],[144.961443,-37.808528],[144.961495,-37.808641],[144.961535,-37.808727],[144.961587,-37.808713],[144.961589,-37.808713],[144.961617,-37.808705],[144.961656,-37.808694],[144.961662,-37.808692],[144.961681,-37.808733],[144.961682,-37.808735],[144.961682,-37.808736],[144.961735,-37.808849],[144.961735,-37.80885],[144.961736,-37.808851],[144.961737,-37.808854],[144.961757,-37.808897],[144.961845,-37.808871],[144.961823,-37.808825],[144.961823,-37.808824],[144.96177,-37.808709],[144.96175,-37.808666]]]},"properties":{"dev_key":"X0001661","status":"APPROVED","permit_num":"TP-2010-925/E","bldhgt_ahd":25.1,"base_ahd":16.8,"address":"48-50 A'Beckett Street MELBOURNE VIC 3000","num_floors":43,"land_use_1":"Student Accommodation 541","shape_type":"podium","datadate":"2024-10-24T12:53:51+00:00","height":8.3}},{"type":"Feature","geometry":{"type":"Polygon","coordinates":[[[144.961723,-37.808674],[144.96175,-37.808666],[144.961667,-37.808486],[144.961505,-37.808534],[144.961569,-37.808674],[144.961587,-37.808713],[144.961589,-37.808713],[144.961617,-37.808705],[144.961656,-37.808694],[144.961662,-37.808692],[144.961676,-37.808688],[144.96169,-37.808684],[144.96169,-37.808684],[144.961709,-37.808725],[144.961681,-37.808733],[144.961682,-37.808735],[144.961682,-37.808736],[144.961735,-37.808849],[144.961775,-37.808838],[144.961778,-37.808835],[144.961783,-37.808836],[144.961823,-37.808824],[144.96177,-37.808709],[144.961742,-37.808715],[144.961723,-37.808674]]]},"properties":{"dev_key":"X0001661","status":"APPROVED","permit_num":"TP-2010-925/E","bldhgt_ahd":67.1,"base_ahd":16.8,"address":"48-50 A'Beckett Street MELBOURNE VIC 3000","num_floors":43,"land_use_1":"Student Accommodation 541","shape_type":"tower","datadate":"2024-10-24T12:53:51+00:00","height":50.3}},{"type":"Feature","geometry":{"type":"Polygon","coordinates":[[[144.961533,-37.808426],[144.96156,-37.808418],[144.961426,-37.808119],[144.961407,-37.808078],[144.961377,-37.808086],[144.96125,-37.808123],[144.961269,-37.808164],[144.961404,-37.808463],[144.961533,-37.808426]]]},"properties":{"dev_key":"X0001800","status":"COMPLETED","permit_num":"TPMR-2017-12","bldhgt_ahd":208.6,"base_ahd":17.4,"address":"97-111 Franklin Street MELBOURNE VIC 3000","num_floors":60,"land_use_1":"Student Accommodation 734","shape_type":"tower","datadate":"2024-10-24T12:53:51+00:00","height":191.2}},{"type":"Feature","geometry":{"type":"Polygon","coordinates":[[[144.958162,-37.802506],[144.95847,-37.802414],[144.958558,-37.802388],[144.958479,-37.802215],[144.958433,-37.802229],[144.958245,-37.802286],[144.958095,-37.802331],[144.958084,-37.802334],[144.958162,-37.802506]]]},"properties":{"dev_key":"X001341","status":"COMPLETED","permit_num":"TP-2015-1219","bldhgt_ahd":90.9,"base_ahd":32.2,"address":"684-688 Elizabeth Street MELBOURNE VIC 3000","num_floors":19,"land_use_1":"Dwellings 120","shape_type":"tower","datadate":"2024-10-24T12:53:51+00:00","height":58.7}},{"type":"Feature","geometry":{"type":"Polygon","coordinates":[[[144.955617,-37.813449],[144.955598,-37.813462],[144.955578,-37.81347],[144.955537,-37.813481],[144.955507,-37.813486],[144.955483,-37.813489],[144.955456,-37.813491],[144.955463,-37.813502],[144.955472,-37.813521],[144.95545,-37.813533],[144.955424,-37.813544],[144.955398,-37.813553],[144.955522,-37.813824],[144.955609,-37.814011],[144.955627,-37.814003],[144.955649,-37.813997],[144.95567,-37.813993],[144.955682,-37.813987],[144.955703,-37.813977],[144.955726,-37.81397],[144.955753,-37.813964],[144.955783,-37.81396],[144.955791,-37.813958],[144.955795,-37.813959],[144.955784,-37.813941],[144.955756,-37.813879],[144.955764,-37.813876],[144.955754,-37.813853],[144.955751,-37.813837],[144.955744,-37.813829],[144.955732,-37.813808],[144.955724,-37.813811],[144.955706,-37.813772],[144.955715,-37.813769],[144.955705,-37.813748],[144.955701,-37.813735],[144.9557,-37.813727],[144.955692,-37.813717],[144.955686,-37.813704],[144.955784,-37.813675],[144.955801,-37.813672],[144.955788,-37.813655],[144.955776,-37.813636],[144.955767,-37.813619],[144.955755,-37.813595],[144.955746,-37.813571],[144.955742,-37.813555],[144.955733,-37.81354],[144.955725,-37.813522],[144.955719,-37.813503],[144.955717,-37.81349],[144.955704,-37.813476],[144.955693,-37.813463],[144.955684,-37.813443],[144.95568,-37.813432],[144.955663,-37.813439],[144.955636,-37.813446],[144.955617,-37.813449]]]},"properties":{"dev_key":"X001220","status":"COMPLETED","permit_num":"TPM-2015-15","bldhgt_ahd":242.7,"base_ahd":18.6,"address":"560-566 Lonsdale Street MELBOURNE VIC 3000","num_floors":68,"land_use_1":"Dwellings 887","shape_type":"tower","datadate":"2024-10-24T12:53:51+00:00","height":224.1}},{"type":"Feature","geometry":{"type":"Polygon","coordinates":[[[144.95979,-37.809698],[144.959583,-37.809758],[144.959575,-37.809772],[144.959573,-37.809788],[144.959594,-37.80982],[144.959623,-37.809863],[144.959651,-37.809899],[144.959666,-37.809938],[144.959688,-37.810012],[144.959699,-37.810055],[144.959702,-37.810062],[144.959707,-37.810069],[144.959716,-37.810075],[144.959727,-37.810078],[144.95974,-37.810077],[144.959938,-37.810019],[144.959948,-37.810013],[144.959954,-37.810003],[144.959955,-37.809993],[144.959945,-37.809978],[144.959895,-37.809899],[144.959876,-37.809865],[144.959856,-37.809818],[144.95984,-37.809758],[144.959827,-37.809713],[144.959821,-37.809707],[144.959811,-37.809703],[144.959802,-37.809699],[144.95979,-37.809698]]]},"properties":{"dev_key":"X000252","status":"COMPLETED","permit_num":"TPM-2013-25","bldhgt_ahd":212.7,"base_ahd":17.0,"address":"127-141 A'Beckett Street MELBOURNE VIC 3000","num_floors":64,"land_use_1":"Dwellings 632","shape_type":"tower","datadate":"2024-10-24T12:53:51+00:00","height":195.7}},{"type":"Feature","geometry":{"type":"Polygon","coordinates":[[[144.950736,-37.81038],[144.950716,-37.810343],[144.950872,-37.81029],[144.950821,-37.810196],[144.950813,-37.810198],[144.950805,-37.810181],[144.950812,-37.810179],[144.950761,-37.810085],[144.950604,-37.810138],[144.950585,-37.810103],[144.950414,-37.810162],[144.950429,-37.810193],[144.950332,-37.810226],[144.950448,-37.810442],[144.950547,-37.810409],[144.950564,-37.81044],[144.950736,-37.81038]]]},"properties":{"dev_key":"X000305","status":"COMPLETED","permit_num":"TPM-2010-13/A","bldhgt_ahd":143.8,"base_ahd":19.5,"address":"57-77 Dudley Street WEST MELBOURNE VIC 3003","num_floors":39,"land_use_1":"Dwellings 438","shape_type":"tower","datadate":"2024-10-24T12:53:51+00:00","height":124.3}},{"type":"Feature","geometry":{"type":"Polygon","coordinates":[[[144.961774,-37.803395],[144.961455,-37.803361],[144.961435,-37.803478],[144.961482,-37.803484],[144.96154,-37.803491],[144.961528,-37.803555],[144.961214,-37.803521],[144.961218,-37.803504],[144.961186,-37.8035],[144.961168,-37.803602],[144.961702,-37.803662],[144.961719,-37.803577],[144.961639,-37.803566],[144.961649,-37.803503],[144.96175,-37.803513],[144.961774,-37.803395]]]},"properties":{"dev_key":"X0001652","status":"COMPLETED","permit_num":"TP-2017-188","bldhgt_ahd":72.2,"base_ahd":26.0,"address":"123-127 Bouverie Street CARLTON VIC 3053","num_floors":14,"land_use_1":"Student Accommodation 596","shape_type":"tower","datadate":"2024-10-24T12:53:51+00:00","height":46.2}},{"type":"Feature","geometry":{"type":"Polygon","coordinates":[[[144.961034,-37.811626],[144.960974,-37.811643],[144.960984,-37.811666],[144.96097,-37.81167],[144.96096,-37.811648],[144.960863,-37.811676],[144.960874,-37.811699],[144.960861,-37.811703],[144.96113,-37.812281],[144.961223,-37.812346],[144.96128,-37.812279],[144.961237,-37.812231],[144.961233,-37.812223],[144.961237,-37.812217],[144.961242,-37.812215],[144.961249,-37.812214],[144.961257,-37.812216],[144.96129,-37.812235],[144.961351,-37.812162],[144.961283,-37.812101],[144.961319,-37.812075],[144.961203,-37.811956],[144.961199,-37.811951],[144.961199,-37.811946],[144.961203,-37.811941],[144.961208,-37.811938],[144.961215,-37.811938],[144.961264,-37.811953],[144.961294,-37.811888],[144.96126,-37.811872],[144.961219,-37.81185],[144.961234,-37.811834],[144.961191,-37.811804],[144.961161,-37.811779],[144.961137,-37.811749],[144.961128,-37.811737],[144.9611,-37.811674],[144.961075,-37.811681],[144.961058,-37.811644],[144.961045,-37.811648],[144.961034,-37.811626]]]},"properties":{"dev_key":"X001528","status":"COMPLETED","permit_num":"TPM-2011-48/A","bldhgt_ahd":229.3,"base_ahd":15.3,"address":"374-380 Lonsdale Street MELBOURNE VIC 3000","num_floors":68,"land_use_1":"Dwellings 728","shape_type":"tower","datadate":"2024-10-24T12:53:51+00:00","height":214.0}},{"type":"Feature","geometry":{"type":"Polygon","coordinates":[[[144.960329,-37.81607],[144.960339,-37.816067],[144.960346,-37.816082],[144.960505,-37.816034],[144.960424,-37.815861],[144.960371,-37.815877],[144.960361,-37.815855],[144.960371,-37.815852],[144.960369,-37.815847],[144.960358,-37.815849],[144.96034,-37.81581],[144.96035,-37.815807],[144.960348,-37.815801],[144.960337,-37.815804],[144.960319,-37.815765],[144.960328,-37.815763],[144.960326,-37.815757],[144.960317,-37.815759],[144.960298,-37.815721],[144.960308,-37.815717],[144.960305,-37.815711],[144.960295,-37.815715],[144.960284,-37.815692],[144.960176,-37.815722],[144.960188,-37.815746],[144.96018,-37.815748],[144.960183,-37.815754],[144.960191,-37.815752],[144.960209,-37.815791],[144.960201,-37.815794],[144.960204,-37.815799],[144.960212,-37.815797],[144.960231,-37.815836],[144.960222,-37.815839],[144.960225,-37.815844],[144.960233,-37.815842],[144.960252,-37.815882],[144.960243,-37.815884],[144.960246,-37.81589],[144.960254,-37.815887],[144.960273,-37.815927],[144.960264,-37.815929],[144.960266,-37.815935],[144.960275,-37.815932],[144.960294,-37.815972],[144.960285,-37.815974],[144.960288,-37.81598],[144.960297,-37.815977],[144.960315,-37.816017],[144.960306,-37.81602],[144.960308,-37.816025],[144.960318,-37.816023],[144.960337,-37.816062],[144.960327,-37.816065],[144.960329,-37.81607]]]},"properties":{"dev_key":"X0001802","status":"APPROVED","permit_num":"TP-2017-382/A","bldhgt_ahd":97.8,"base_ahd":17.8,"address":"422-428 Little Collins Street MELBOURNE VIC 3000","num_floors":22,"land_use_1":"Hotel rooms 238","shape_type":"tower","datadate":"2024-10-24T12:53:51+00:00","height":80.0}},{"type":"Feature","geometry":{"type":"Polygon","coordinates":[[[144.95938,-37.814652],[144.9596,-37.815136],[144.959818,-37.815074],[144.959594,-37.814589],[144.95938,-37.814652]]]},"properties":{"dev_key":"X0002812","status":"COMPLETED","permit_num":"TP-2008-205/C","bldhgt_ahd":66.1,"base_ahd":24.8,"address":"Equity Chambers 472-478 Bourke Street MELBOURNE VIC 3000","num_floors":17,"land_use_1":"Hotel rooms 250","shape_type":"extension","datadate":"2024-10-24T12:53:51+00:00","height":41.3}},{"type":"Feature","geometry":{"type":"Polygon","coordinates":[[[144.963295,-37.80334],[144.963015,-37.803309],[144.963016,-37.803305],[144.962911,-37.803293],[144.962891,-37.803414],[144.963137,-37.803442],[144.963133,-37.803466],[144.963095,-37.803463],[144.963063,-37.803654],[144.963116,-37.803659],[144.963111,-37.803687],[144.963111,-37.803688],[144.962888,-37.803664],[144.962914,-37.803504],[144.962914,-37.803501],[144.962746,-37.803484],[144.962694,-37.803791],[144.962767,-37.803799],[144.962767,-37.803794],[144.962772,-37.803768],[144.962789,-37.80377],[144.962784,-37.803797],[144.963057,-37.803826],[144.963055,-37.803832],[144.963208,-37.803849],[144.963231,-37.803719],[144.963178,-37.803713],[144.963181,-37.803696],[144.963232,-37.803703],[144.96327,-37.803483],[144.963217,-37.803477],[144.963219,-37.803462],[144.963274,-37.803469],[144.963295,-37.80334]]]},"properties":{"dev_key":"X0002605","status":"COMPLETED","permit_num":"TP-2017-761/A","bldhgt_ahd":64.6,"base_ahd":30.0,"address":"623-645 Swanston Street CARLTON VIC 3053","num_floors":14,"land_use_1":"Student Accommodation 656","shape_type":"podium","datadate":"2024-10-24T12:53:51+00:00","height":34.6}},{"type":"Feature","geometry":{"type":"Polygon","coordinates":[[[144.963397,-37.805104],[144.96337,-37.805263],[144.963435,-37.805269],[144.963439,-37.805246],[144.963489,-37.805252],[144.963589,-37.805263],[144.963589,-37.805266],[144.96377,-37.805285],[144.96377,-37.805282],[144.96387,-37.805293],[144.96389,-37.805295],[144.963886,-37.805317],[144.964042,-37.805334],[144.964067,-37.805184],[144.963942,-37.805172],[144.963944,-37.805159],[144.963896,-37.805154],[144.963796,-37.805143],[144.963766,-37.80514],[144.963767,-37.805134],[144.963644,-37.80512],[144.963643,-37.805127],[144.963614,-37.805124],[144.963515,-37.805112],[144.963474,-37.805108],[144.963474,-37.805112],[144.963397,-37.805104]]]},"properties":{"dev_key":"X0002802","status":"COMPLETED","permit_num":"TP-2017-828","bldhgt_ahd":85.8,"base_ahd":28.3,"address":"498-504 Swanston Street CARLTON VIC 3053","num_floors":17,"land_use_1":"Student Accommodation 710","shape_type":"tower","datadate":"2024-10-24T12:53:51+00:00","height":57.5}},{"type":"Feature","geometry":{"type":"Polygon","coordinates":[[[144.950799,-37.810637],[144.950713,-37.810474],[144.950581,-37.810519],[144.950573,-37.810501],[144.950413,-37.810555],[144.950425,-37.810582],[144.950553,-37.810862],[144.95087,-37.810773],[144.950799,-37.810637]]]},"properties":{"dev_key":"X0003217","status":"COMPLETED","permit_num":"TP-2018-63/A","bldhgt_ahd":33.7,"base_ahd":19.0,"address":"404-418 Spencer Street, West Melbourne, 3003","num_floors":20,"land_use_1":"Dwellings 161","shape_type":"podium","datadate":"2024-10-24T12:53:51+00:00","height":14.7}},{"type":"Feature","geometry":{"type":"Polygon","coordinates":[[[144.956323,-37.802603],[144.956129,-37.802582],[144.956114,-37.802668],[144.956135,-37.80267],[144.956129,-37.802701],[144.956115,-37.8027],[144.9561,-37.802786],[144.956102,-37.802787],[144.956085,-37.802882],[144.956092,-37.802883],[144.95608,-37.802955],[144.956258,-37.802976],[144.956323,-37.802603]]]},"properties":{"dev_key":"X0004601","status":"COMPLETED","permit_num":"TP-2016-216/B","bldhgt_ahd":57.7,"base_ahd":33.7,"address":"199-217 Peel Street NORTH MELBOURNE VIC 3051","num_floors":8,"land_use_1":"Dwellings 49","shape_type":"podium","datadate":"2024-10-24T12:53:51+00:00","height":24.0}},{"type":"Feature","geometry":{"type":"Polygon","coordinates":[[[144.95656,-37.803962],[144.956534,-37.804106],[144.956538,-37.804107],[144.956537,-37.80411],[144.956564,-37.804113],[144.956565,-37.80411],[144.95676,-37.804132],[144.956786,-37.803988],[144.95656,-37.803962]]]},"properties":{"dev_key":"X0007422","status":"APPROVED","permit_num":"TP-2017-958/B","bldhgt_ahd":56.0,"base_ahd":29.4,"address":"341-347 Queensberry Street NORTH MELBOURNE VIC 3051","num_floors":9,"land_use_1":"Hotel rooms 90","shape_type":"tower","datadate":"2024-10-24T12:53:51+00:00","height":26.6}},{"type":"Feature","geometry":{"type":"Polygon","coordinates":[[[144.958037,-37.805823],[144.958011,-37.805971],[144.95823,-37.805996],[144.958246,-37.80598],[144.95822,-37.805903],[144.958195,-37.805841],[144.958037,-37.805823]]]},"properties":{"dev_key":"X0007609","status":"COMPLETED","permit_num":"TP-2019-855","bldhgt_ahd":31.4,"base_ahd":23.4,"address":"240-248 Victoria Street, North Melbourne, 3051","num_floors":8,"land_use_1":"Serviced apartments 33","shape_type":"podium","datadate":"2024-10-24T12:53:51+00:00","height":8.0}},{"type":"Feature","geometry":{"type":"Polygon","coordinates":[[[144.957213,-37.810956],[144.957148,-37.810812],[144.956741,-37.810929],[144.956742,-37.810932],[144.956748,-37.81093],[144.95679,-37.811022],[144.956784,-37.811023],[144.956793,-37.811027],[144.956798,-37.811026],[144.956809,-37.81105],[144.956798,-37.811052],[144.956815,-37.811089],[144.957206,-37.810972],[144.957213,-37.810965],[144.957213,-37.810956]]]},"properties":{"dev_key":"X0007603","status":"COMPLETED","permit_num":"TP-2012-820/B","bldhgt_ahd":34.9,"base_ahd":26.8,"address":"17-23 Wills Street MELBOURNE VIC 3000","num_floors":38,"land_use_1":"Student Accommodation 659","shape_type":"podium","datadate":"2024-10-24T12:53:51+00:00","height":8.1}},{"type":"Feature","geometry":{"type":"Polygon","coordinates":[[[144.948381,-37.803899],[144.948354,-37.804051],[144.948448,-37.804062],[144.948452,-37.804042],[144.94869,-37.804068],[144.94871,-37.803953],[144.948471,-37.803928],[144.948474,-37.803909],[144.948381,-37.803899]]]},"properties":{"dev_key":"X0008012","status":"UNDER CONSTRUCTION","permit_num":"TP-2019-1011","bldhgt_ahd":37.7,"base_ahd":27.8,"address":"8-10 Curzon Place, North Melbourne, 3051","num_floors":3,"land_use_1":"Dwellings 14","shape_type":"podium","datadate":"2024-10-24T12:53:51+00:00","height":9.9}},{"type":"Feature","geometry":{"type":"Polygon","coordinates":[[[144.947894,-37.81078],[144.948041,-37.810724],[144.948022,-37.810693],[144.948052,-37.810682],[144.948069,-37.810713],[144.948202,-37.810663],[144.948183,-37.810632],[144.948215,-37.81062],[144.948232,-37.810652],[144.948374,-37.810598],[144.948299,-37.810479],[144.948351,-37.810461],[144.94829,-37.810369],[144.948209,-37.8104],[144.948196,-37.810384],[144.948064,-37.810435],[144.948071,-37.81045],[144.947826,-37.810542],[144.947821,-37.810531],[144.947742,-37.810561],[144.947894,-37.81078]]]},"properties":{"dev_key":"X0008409","status":"COMPLETED","permit_num":"TPM-2014-22/B","bldhgt_ahd":29.1,"base_ahd":11.4,"address":"177-231 Rosslyn Street WEST MELBOURNE VIC 3003","num_floors":16,"land_use_1":"Dwellings 118","shape_type":"podium","datadate":"2024-10-24T12:53:51+00:00","height":17.7}},{"type":"Feature","geometry":{"type":"Polygon","coordinates":[[[144.952206,-37.81232],[144.952405,-37.81275],[144.95262,-37.812689],[144.95242,-37.81226],[144.952206,-37.81232]]]},"properties":{"dev_key":"X0009200","status":"APPROVED","permit_num":"TP-2018-749/A","bldhgt_ahd":20.9,"base_ahd":17.8,"address":"488-494 La Trobe Street WEST MELBOURNE VIC 3003","num_floors":17,"land_use_1":"Hotel rooms 195","shape_type":"podium","datadate":"2024-10-24T12:53:51+00:00","height":3.1}},{"type":"Feature","geometry":{"type":"Polygon","coordinates":[[[144.952462,-37.812432],[144.952409,-37.812321],[144.952229,-37.812372],[144.952282,-37.812485],[144.952328,-37.812471],[144.952393,-37.812609],[144.952345,-37.812623],[144.952405,-37.81275],[144.95262,-37.812689],[144.952561,-37.812561],[144.952501,-37.812578],[144.952436,-37.812439],[144.952462,-37.812432]]]},"properties":{"dev_key":"X0009200","status":"APPROVED","permit_num":"TP-2018-749/A","bldhgt_ahd":39.0,"base_ahd":17.8,"address":"488-494 La Trobe Street WEST MELBOURNE VIC 3003","num_floors":17,"land_use_1":"Hotel rooms 195","shape_type":"tower","datadate":"2024-10-24T12:53:51+00:00","height":21.2}},{"type":"Feature","geometry":{"type":"Polygon","coordinates":[[[144.950794,-37.811233],[144.950999,-37.811176],[144.950962,-37.811095],[144.950758,-37.811153],[144.950794,-37.811233]]]},"properties":{"dev_key":"X0009406","status":"APPROVED","permit_num":"TP-2020-549","bldhgt_ahd":70.0,"base_ahd":19.5,"address":"396-400 Spencer Street, West Melbourne, 3003","num_floors":13,"land_use_1":"Office (sq.m) 2723","shape_type":"tower","datadate":"2024-10-24T12:53:51+00:00","height":50.5}},{"type":"Feature","geometry":{"type":"Polygon","coordinates":[[[144.960054,-37.80999],[144.960473,-37.809868],[144.960339,-37.809574],[144.959918,-37.809695],[144.960054,-37.80999]]]},"properties":{"dev_key":"X0010010","status":"COMPLETED","permit_num":"TPM-2015-30/D","bldhgt_ahd":53.2,"base_ahd":16.4,"address":"111-125 A'Beckett Street MELBOURNE VIC 3000","num_floors":65,"land_use_1":"Dwellings 655","shape_type":"tower","datadate":"2024-10-24T12:53:51+00:00","height":36.8}},{"type":"Feature","geometry":{"type":"Polygon","coordinates":[[[144.967646,-37.809305],[144.967662,-37.809342],[144.967669,-37.809347],[144.967679,-37.809349],[144.967689,-37.809348],[144.967697,-37.809344],[144.967703,-37.809342],[144.967708,-37.809345],[144.967739,-37.809357],[144.967765,-37.809361],[144.967791,-37.80936],[144.967809,-37.809356],[144.967826,-37.809347],[144.967835,-37.80934],[144.967837,-37.809329],[144.967669,-37.808955],[144.967666,-37.808951],[144.967662,-37.808948],[144.967656,-37.808947],[144.967651,-37.808948],[144.967503,-37.808994],[144.967646,-37.809305]]]},"properties":{"dev_key":"X0010404","status":"UNDER CONSTRUCTION","permit_num":"TP-2018-1112/A","bldhgt_ahd":103.3,"base_ahd":23.1,"address":"11-21 Bennetts Lane, Melbourne, 3000","num_floors":21,"land_use_1":"Office (sq.m) 11658","shape_type":"tower","datadate":"2024-10-24T12:53:51+00:00","height":80.2}},{"type":"Feature","geometry":{"type":"Polygon","coordinates":[[[144.96418,-37.803492],[144.964082,-37.803482],[144.964081,-37.80349],[144.964055,-37.803487],[144.964056,-37.803481],[144.963886,-37.803463],[144.963883,-37.803479],[144.96373,-37.803463],[144.963733,-37.803445],[144.963747,-37.803446],[144.963845,-37.803416],[144.963847,-37.803399],[144.963643,-37.803378],[144.963598,-37.803641],[144.96372,-37.803653],[144.963721,-37.803648],[144.963724,-37.803649],[144.963726,-37.803639],[144.963769,-37.803643],[144.963767,-37.803655],[144.963768,-37.803655],[144.963767,-37.803658],[144.963837,-37.803665],[144.963828,-37.80372],[144.963895,-37.803727],[144.963896,-37.803717],[144.964069,-37.803735],[144.964068,-37.803746],[144.964137,-37.803753],[144.96418,-37.803492]]]},"properties":{"dev_key":"X0010625","status":"COMPLETED","permit_num":"TP-2015-1057/B","bldhgt_ahd":40.1,"base_ahd":33.5,"address":"558-566 Swanston Street CARLTON VIC 3053","num_floors":13,"land_use_1":"Student Accommodation 467","shape_type":"podium","datadate":"2024-10-24T12:53:51+00:00","height":6.6}},{"type":"Feature","geometry":{"type":"Polygon","coordinates":[[[144.953725,-37.815603],[144.953694,-37.815612],[144.953756,-37.815747],[144.95385,-37.81572],[144.953947,-37.815692],[144.953885,-37.815558],[144.953725,-37.815603]]]},"properties":{"dev_key":"X0011804","status":"APPROVED","permit_num":"TP-2021-709","bldhgt_ahd":92.5,"base_ahd":11.1,"address":"620-648 Little Bourke Street, Melbourne, 3000","num_floors":25,"land_use_1":"Hotel rooms 237","shape_type":"tower","datadate":"2024-10-24T12:53:51+00:00","height":81.4}},{"type":"Feature","geometry":{"type":"Polygon","coordinates":[[[144.959709,-37.810605],[144.959713,-37.810605],[144.959719,-37.810604],[144.959725,-37.810602],[144.95973,-37.810599],[144.959735,-37.810596],[144.959738,-37.810592],[144.95974,-37.810587],[144.959742,-37.810583],[144.959742,-37.810578],[144.959741,-37.810573],[144.95973,-37.810495],[144.959725,-37.810477],[144.959716,-37.810461],[144.95969,-37.810422],[144.959687,-37.810418],[144.959685,-37.810413],[144.959684,-37.810409],[144.959672,-37.810378],[144.959666,-37.81036],[144.959657,-37.810343],[144.959635,-37.810309],[144.95963,-37.810302],[144.959625,-37.810295],[144.959623,-37.810287],[144.95961,-37.810253],[144.959602,-37.810233],[144.95959,-37.810213],[144.959558,-37.810164],[144.959495,-37.810068],[144.959493,-37.810066],[144.95949,-37.810063],[144.959486,-37.810062],[144.959483,-37.81006],[144.959479,-37.81006],[144.959475,-37.810059],[144.95947,-37.81006],[144.959467,-37.81006],[144.959463,-37.810062],[144.959459,-37.810064],[144.959456,-37.810066],[144.959395,-37.810124],[144.959391,-37.810129],[144.959389,-37.810135],[144.959387,-37.810141],[144.959387,-37.810147],[144.95939,-37.81016],[144.959382,-37.810169],[144.959372,-37.810177],[144.959368,-37.810181],[144.959365,-37.810185],[144.959363,-37.81019],[144.959361,-37.810195],[144.959361,-37.8102],[144.959362,-37.810205],[144.959367,-37.810222],[144.959381,-37.810271],[144.959384,-37.810282],[144.959388,-37.810293],[144.959395,-37.810303],[144.959422,-37.81034],[144.959419,-37.810393],[144.959419,-37.810403],[144.959421,-37.810413],[144.959424,-37.810423],[144.959429,-37.810433],[144.959445,-37.810459],[144.959455,-37.810475],[144.959462,-37.810493],[144.95947,-37.810527],[144.959473,-37.810538],[144.959477,-37.810548],[144.959483,-37.810558],[144.95949,-37.810568],[144.959548,-37.810636],[144.959552,-37.810639],[144.959556,-37.810642],[144.95956,-37.810643],[144.959565,-37.810645],[144.95957,-37.810645],[144.959576,-37.810645],[144.959581,-37.810644],[144.959585,-37.810643],[144.95959,-37.810641],[144.959594,-37.810638],[144.959644,-37.810605],[144.959709,-37.810605]]]},"properties":{"dev_key":"X0012812","status":"APPROVED","permit_num":"TPM-2015-12/C","bldhgt_ahd":118.9,"base_ahd":21.3,"address":"332-346 La Trobe Street, Melbourne, 3000","num_floors":80,"land_use_1":"Dwellings 815","shape_type":"tower","datadate":"2024-10-24T12:53:51+00:00","height":97.6}},{"type":"Feature","geometry":{"type":"Polygon","coordinates":[[[144.959715,-37.810605],[144.959716,-37.810605],[144.959721,-37.810604],[144.959726,-37.810602],[144.95973,-37.8106],[144.959734,-37.810597],[144.959737,-37.810594],[144.959739,-37.810591],[144.959741,-37.810587],[144.959742,-37.810583],[144.959742,-37.810579],[144.95973,-37.810493],[144.959728,-37.810484],[144.959725,-37.810475],[144.95972,-37.810466],[144.959566,-37.810231],[144.959563,-37.810228],[144.95956,-37.810226],[144.959557,-37.810224],[144.959553,-37.810223],[144.959549,-37.810222],[144.959545,-37.810222],[144.959541,-37.810223],[144.959537,-37.810224],[144.959534,-37.810225],[144.959485,-37.810258],[144.95943,-37.810257],[144.959426,-37.810258],[144.959422,-37.810259],[144.959418,-37.81026],[144.959415,-37.810263],[144.959412,-37.810265],[144.95941,-37.810268],[144.959409,-37.810271],[144.959408,-37.810274],[144.959408,-37.810277],[144.959408,-37.810281],[144.959423,-37.810335],[144.959419,-37.810391],[144.959419,-37.810403],[144.959421,-37.810415],[144.959425,-37.810426],[144.959431,-37.810436],[144.959453,-37.810471],[144.959458,-37.810481],[144.959462,-37.810492],[144.95947,-37.810527],[144.959473,-37.810539],[144.959478,-37.810551],[144.959485,-37.810561],[144.959505,-37.810586],[144.959512,-37.810592],[144.959521,-37.810597],[144.95953,-37.810601],[144.95954,-37.810604],[144.959551,-37.810605],[144.959562,-37.810605],[144.959715,-37.810605]]]},"properties":{"dev_key":"X0012812","status":"APPROVED","permit_num":"TPM-2015-12/C","bldhgt_ahd":263.5,"base_ahd":21.3,"address":"332-346 La Trobe Street, Melbourne, 3000","num_floors":80,"land_use_1":"Dwellings 815","shape_type":"tower","datadate":"2024-10-24T12:53:51+00:00","height":242.2}},{"type":"Feature","geometry":{"type":"Polygon","coordinates":[[[144.962652,-37.800416],[144.962593,-37.800748],[144.962716,-37.800762],[144.962703,-37.800842],[144.962579,-37.800829],[144.962563,-37.800921],[144.962851,-37.800954],[144.962886,-37.800738],[144.96285,-37.800734],[144.962863,-37.80066],[144.962822,-37.800655],[144.962833,-37.800588],[144.962875,-37.800593],[144.962901,-37.800443],[144.962785,-37.80043],[144.962782,-37.800449],[144.962766,-37.800447],[144.962769,-37.800428],[144.962652,-37.800416]]]},"properties":{"dev_key":"X0013700","status":"UNDER CONSTRUCTION","permit_num":"TP-2022-438","bldhgt_ahd":47.2,"base_ahd":33.2,"address":"183-187 Grattan Street, Carlton, 3053","num_floors":15,"land_use_1":"Student Accommodation 470","shape_type":"extension","datadate":"2024-10-24T12:53:51+00:00","height":14.0}},{"type":"Feature","geometry":{"type":"Polygon","coordinates":[[[144.962666,-37.800428],[144.962665,-37.800432],[144.962661,-37.800431],[144.96265,-37.800494],[144.962655,-37.800494],[144.962609,-37.800753],[144.962716,-37.800765],[144.962712,-37.800792],[144.962708,-37.800791],[144.962682,-37.800935],[144.962816,-37.80095],[144.962854,-37.800734],[144.96285,-37.800734],[144.962862,-37.800666],[144.962832,-37.800663],[144.962853,-37.800547],[144.962849,-37.800546],[144.962854,-37.800521],[144.962857,-37.800521],[144.962868,-37.80046],[144.962863,-37.800459],[144.962863,-37.800455],[144.962758,-37.800443],[144.962758,-37.800446],[144.962737,-37.800444],[144.962739,-37.800437],[144.962666,-37.800428]]]},"properties":{"dev_key":"X0013700","status":"UNDER CONSTRUCTION","permit_num":"TP-2022-438","bldhgt_ahd":59.2,"base_ahd":33.2,"address":"183-187 Grattan Street, Carlton, 3053","num_floors":15,"land_use_1":"Student Accommodation 470","shape_type":"extension","datadate":"2024-10-24T12:53:51+00:00","height":26.0}},{"type":"Feature","geometry":{"type":"Polygon","coordinates":[[[144.948862,-37.805793],[144.9487,-37.805933],[144.948695,-37.805937],[144.948691,-37.80594],[144.948532,-37.80583],[144.948313,-37.806037],[144.948433,-37.806118],[144.948386,-37.806163],[144.948408,-37.806177],[144.948384,-37.806201],[144.948448,-37.806242],[144.948473,-37.806221],[144.94862,-37.806322],[144.948639,-37.80632],[144.948711,-37.806253],[144.948741,-37.806273],[144.948884,-37.806136],[144.948865,-37.806124],[144.948837,-37.806104],[144.948948,-37.806006],[144.948988,-37.806037],[144.948919,-37.806098],[144.948951,-37.806125],[144.949108,-37.80599],[144.948979,-37.805898],[144.948993,-37.805886],[144.948862,-37.805793]]]},"properties":{"dev_key":"X0013701","status":"APPLIED","permit_num":"TP-2022-462","bldhgt_ahd":34.6,"base_ahd":25.9,"address":"13 Hawke Street, West Melbourne, 3003","num_floors":5,"land_use_1":"Hotel rooms 95","shape_type":"podium","datadate":"2024-10-24T12:53:51+00:00","height":8.7}},{"type":"Feature","geometry":{"type":"Polygon","coordinates":[[[144.949737,-37.806699],[144.949903,-37.806862],[144.95,-37.8068],[144.949832,-37.806637],[144.949737,-37.806699]]]},"properties":{"dev_key":"X0014004","status":"APPROVED","permit_num":"TPM-2022-20","bldhgt_ahd":52.2,"base_ahd":22.8,"address":"559-577 King Street WEST MELBOURNE VIC 3003","num_floors":9,"land_use_1":"Dwellings 105","shape_type":"tower","datadate":"2024-10-24T12:53:51+00:00","height":29.4}},{"type":"Feature","geometry":{"type":"Polygon","coordinates":[[[144.954274,-37.814367],[144.954281,-37.814383],[144.954531,-37.81431],[144.954385,-37.813995],[144.954136,-37.814067],[144.954146,-37.814088],[144.954274,-37.814367]]]},"properties":{"dev_key":"X0014205","status":"APPROVED","permit_num":"TPMR-2019-20/D","bldhgt_ahd":170.3,"base_ahd":15.6,"address":"Lonsdale Court 600 Lonsdale Street, Melbourne, 3000","num_floors":40,"land_use_1":"Office (sq.m) 27990","shape_type":"tower","datadate":"2024-10-24T12:53:51+00:00","height":154.7}},{"type":"Feature","geometry":{"type":"Polygon","coordinates":[[[144.956291,-37.810846],[144.956192,-37.810874],[144.956307,-37.811124],[144.956387,-37.811102],[144.956384,-37.811094],[144.956395,-37.811091],[144.956398,-37.811098],[144.956499,-37.81107],[144.956495,-37.811061],[144.95661,-37.811029],[144.956613,-37.811035],[144.956682,-37.811015],[144.956571,-37.810766],[144.956489,-37.81079],[144.956493,-37.810802],[144.95648,-37.810805],[144.956475,-37.810794],[144.956395,-37.810816],[144.956464,-37.810965],[144.956452,-37.810968],[144.956449,-37.810961],[144.956356,-37.810987],[144.956291,-37.810846]]]},"properties":{"dev_key":"X0014603","status":"APPROVED","permit_num":"TP-2015-459/E","bldhgt_ahd":61.6,"base_ahd":27.4,"address":"354-360 William Street MELBOURNE VIC 3000","num_floors":23,"land_use_1":"Student Accommodation 456","shape_type":"podium","datadate":"2024-10-24T12:53:51+00:00","height":34.2}},{"type":"Feature","geometry":{"type":"Polygon","coordinates":[[[144.966814,-37.808281],[144.966878,-37.808263],[144.966875,-37.808257],[144.966883,-37.808254],[144.966926,-37.808349],[144.966927,-37.808352],[144.966929,-37.808354],[144.966932,-37.808355],[144.966934,-37.808357],[144.966937,-37.808358],[144.96694,-37.808359],[144.966943,-37.808359],[144.966947,-37.808359],[144.96695,-37.808358],[144.967077,-37.808322],[144.967122,-37.808419],[144.967124,-37.808421],[144.967126,-37.808423],[144.967128,-37.808425],[144.967131,-37.808426],[144.967134,-37.808427],[144.967137,-37.808428],[144.96714,-37.808428],[144.967143,-37.808427],[144.967146,-37.808427],[144.967219,-37.808406],[144.967221,-37.808404],[144.967224,-37.808403],[144.967226,-37.808401],[144.967228,-37.808399],[144.967229,-37.808396],[144.96723,-37.808394],[144.96723,-37.808391],[144.967229,-37.808389],[144.967229,-37.808386],[144.967124,-37.80816],[144.96707,-37.808176],[144.967032,-37.808093],[144.967031,-37.808091],[144.967029,-37.808089],[144.967027,-37.808088],[144.967024,-37.808086],[144.967022,-37.808085],[144.967019,-37.808085],[144.967016,-37.808085],[144.967013,-37.808085],[144.96701,-37.808085],[144.966907,-37.808116],[144.966908,-37.808119],[144.966904,-37.808121],[144.966882,-37.808073],[144.966737,-37.808116],[144.966814,-37.808281]]]},"properties":{"dev_key":"X0014703","status":"APPROVED","permit_num":"TPM-2023-8","bldhgt_ahd":63.9,"base_ahd":27.6,"address":"58-66 La Trobe Street MELBOURNE VIC 3000","num_floors":42,"land_use_1":"Office (sq.m) 6172","shape_type":"tower","datadate":"2024-10-24T12:53:51+00:00","height":36.3}},{"type":"Feature","geometry":{"type":"Polygon","coordinates":[[[144.956072,-37.813847],[144.956202,-37.813809],[144.956057,-37.813495],[144.956174,-37.813461],[144.95605,-37.813192],[144.955803,-37.813265],[144.956072,-37.813847]]]},"properties":{"dev_key":"X0014702","status":"APPROVED","permit_num":"TPMR-2020-53","bldhgt_ahd":120.3,"base_ahd":20.8,"address":"540-550 Lonsdale Street MELBOURNE VIC 3000","num_floors":23,"land_use_1":"Office (sq.m) 39393","shape_type":"extension","datadate":"2024-10-24T12:53:51+00:00","height":99.5}},{"type":"Feature","geometry":{"type":"Polygon","coordinates":[[[144.966737,-37.808116],[144.966862,-37.808384],[144.967077,-37.808322],[144.96715,-37.808478],[144.967256,-37.808447],[144.967123,-37.808159],[144.967109,-37.808129],[144.967061,-37.808022],[144.966737,-37.808116]]]},"properties":{"dev_key":"X0014703","status":"APPROVED","permit_num":"TPM-2023-8","bldhgt_ahd":48.7,"base_ahd":27.6,"address":"58-66 La Trobe Street MELBOURNE VIC 3000","num_floors":42,"land_use_1":"Office (sq.m) 6172","shape_type":"podium","datadate":"2024-10-24T12:53:51+00:00","height":21.1}},{"type":"Feature","geometry":{"type":"Polygon","coordinates":[[[144.950898,-37.810766],[144.950913,-37.810753],[144.950918,-37.810749],[144.950923,-37.810746],[144.950942,-37.810746],[144.950961,-37.810748],[144.950987,-37.810741],[144.950823,-37.810426],[144.950708,-37.810464],[144.95087,-37.810773],[144.950898,-37.810766]]]},"properties":{"dev_key":"X0014806","status":"APPROVED","permit_num":"TP-2023-477","bldhgt_ahd":36.3,"base_ahd":20.5,"address":"66-68 Batman Street WEST MELBOURNE VIC 3003","num_floors":0,"land_use_1":"Office (sq.m) 1731","shape_type":"podium","datadate":"2024-10-24T12:53:51+00:00","height":15.8}},{"type":"Feature","geometry":{"type":"Polygon","coordinates":[[[144.950834,-37.810447],[144.95075,-37.810475],[144.950889,-37.810738],[144.950972,-37.810711],[144.950834,-37.810447]]]},"properties":{"dev_key":"X0014806","status":"APPROVED","permit_num":"TP-2023-477","bldhgt_ahd":47.4,"base_ahd":20.5,"address":"66-68 Batman Street WEST MELBOURNE VIC 3003","num_floors":0,"land_use_1":"Office (sq.m) 1731","shape_type":"tower","datadate":"2024-10-24T12:53:51+00:00","height":26.9}},{"type":"Feature","geometry":{"type":"Polygon","coordinates":[[[144.9565,-37.809343],[144.956543,-37.809107],[144.955931,-37.80904],[144.955929,-37.809053],[144.955828,-37.809041],[144.955826,-37.809055],[144.955755,-37.809047],[144.955736,-37.809154],[144.955682,-37.809148],[144.955669,-37.809221],[144.955618,-37.809215],[144.955589,-37.80938],[144.955617,-37.809376],[144.955614,-37.809469],[144.955642,-37.809466],[144.955658,-37.809563],[144.956439,-37.809336],[144.9565,-37.809343]]]},"properties":{"dev_key":"X0014804","status":"APPLIED","permit_num":"TPMR-2023-12","bldhgt_ahd":41.4,"base_ahd":27.9,"address":"65-159 Victoria Street MELBOURNE VIC 3000","num_floors":29,"land_use_1":"Office (sq.m) 43144","shape_type":"podium","datadate":"2024-10-24T12:53:51+00:00","height":13.5}},{"type":"Feature","geometry":{"type":"Polygon","coordinates":[[[144.954771,-37.814696],[144.954609,-37.814742],[144.954631,-37.814792],[144.954581,-37.814805],[144.954701,-37.815069],[144.954915,-37.815009],[144.954771,-37.814696]]]},"properties":{"dev_key":"X0015309","status":"APPLIED","permit_num":"TP-2023-877","bldhgt_ahd":19.7,"base_ahd":15.7,"address":"225-237 King Street MELBOURNE VIC 3000","num_floors":25,"land_use_1":"Student Accommodation 431","shape_type":"podium","datadate":"2024-10-24T12:53:51+00:00","height":4.0}},{"type":"Feature","geometry":{"type":"Polygon","coordinates":[[[144.966288,-37.811595],[144.966374,-37.81157],[144.966316,-37.811441],[144.966469,-37.811397],[144.966413,-37.811274],[144.966276,-37.811313],[144.966279,-37.81132],[144.966267,-37.811324],[144.966241,-37.811267],[144.966147,-37.811295],[144.966288,-37.811595]]]},"properties":{"dev_key":"X0015809","status":"APPLIED","permit_num":"TP-2020-30/A","bldhgt_ahd":46.8,"base_ahd":18.3,"address":"203-207 Lonsdale Street, Melbourne, 3000","num_floors":8,"land_use_1":"Education (sq.m) 2660","shape_type":"tower","datadate":"2024-10-24T12:53:51+00:00","height":28.5}},{"type":"Feature","geometry":{"type":"Polygon","coordinates":[[[144.946212,-37.810632],[144.946103,-37.810509],[144.946017,-37.810557],[144.946127,-37.810681],[144.946212,-37.810632]]]},"properties":{"dev_key":"X0015808","status":"APPLIED","permit_num":"TP-2024-364","bldhgt_ahd":22.3,"base_ahd":6.3,"address":"276-278 Rosslyn Street WEST MELBOURNE VIC 3003","num_floors":5,"land_use_1":"Dwellings 12","shape_type":"tower","datadate":"2024-10-24T12:53:51+00:00","height":16.0}},{"type":"Feature","geometry":{"type":"Polygon","coordinates":[[[144.955498,-37.807321],[144.95529,-37.807299],[144.955279,-37.807307],[144.955269,-37.80737],[144.955272,-37.807371],[144.955266,-37.807403],[144.955207,-37.807396],[144.955197,-37.807452],[144.955208,-37.807453],[144.955206,-37.807464],[144.955255,-37.80747],[144.955284,-37.807483],[144.955466,-37.807503],[144.955498,-37.807321]]]},"properties":{"dev_key":"X0015908","status":"APPLIED","permit_num":"TP-2024-538","bldhgt_ahd":31.3,"base_ahd":27.6,"address":"33-37 Peel Street WEST MELBOURNE VIC 3003","num_floors":4,"land_use_1":"Serviced apartments 32","shape_type":"podium","datadate":"2024-10-24T12:53:51+00:00","height":3.7}},{"type":"Feature","geometry":{"type":"Polygon","coordinates":[[[144.96035,-37.816117],[144.960521,-37.816067],[144.960338,-37.815677],[144.960169,-37.815725],[144.96035,-37.816117]]]},"properties":{"dev_key":"X0015900","status":"APPLIED","permit_num":"TP-2024-442","bldhgt_ahd":55.8,"base_ahd":17.8,"address":"422-428 Little Collins Street MELBOURNE VIC 3000","num_floors":10,"land_use_1":"Hotel rooms 115","shape_type":"podium","datadate":"2024-10-24T12:53:51+00:00","height":38.0}},{"type":"Feature","geometry":{"type":"Polygon","coordinates":[[[144.954581,-37.814805],[144.954701,-37.815069],[144.954915,-37.815009],[144.954875,-37.814922],[144.954868,-37.814924],[144.954842,-37.814915],[144.954833,-37.814894],[144.954845,-37.814874],[144.954852,-37.814872],[144.954833,-37.814831],[144.954827,-37.814832],[144.954799,-37.814824],[144.954768,-37.814754],[144.954631,-37.814792],[144.954581,-37.814805]]]},"properties":{"dev_key":"X0016009","status":"APPLIED","permit_num":"TP-2024-688","bldhgt_ahd":56.5,"base_ahd":14.4,"address":"225-237 King Street MELBOURNE VIC 3000","num_floors":15,"land_use_1":"Student Accommodation 274","shape_type":"tower","datadate":"2024-10-24T12:53:51+00:00","height":42.1}},{"type":"Feature","geometry":{"type":"Polygon","coordinates":[[[144.952744,-37.799145],[144.952657,-37.799214],[144.952537,-37.799309],[144.952703,-37.799441],[144.95293,-37.799261],[144.952906,-37.799242],[144.95292,-37.79923],[144.952944,-37.799249],[144.952947,-37.799246],[144.952956,-37.799254],[144.952939,-37.799268],[144.95299,-37.799309],[144.953153,-37.79918],[144.953079,-37.799121],[144.953015,-37.799071],[144.95299,-37.79909],[144.952981,-37.799083],[144.953007,-37.799062],[144.952855,-37.798941],[144.952686,-37.799075],[144.952729,-37.799109],[144.952748,-37.799094],[144.952807,-37.79914],[144.952792,-37.799151],[144.952764,-37.799129],[144.952744,-37.799145]]]},"properties":{"dev_key":"X0016007","status":"APPLIED","permit_num":"TPM-2024-21","bldhgt_ahd":60.4,"base_ahd":25.2,"address":"23-47 Villiers Street NORTH MELBOURNE VIC 3051","num_floors":12,"land_use_1":"Dwellings 181","shape_type":"tower","datadate":"2024-10-24T12:53:51+00:00","height":35.2}},{"type":"Feature","geometry":{"type":"Polygon","coordinates":[[[144.963517,-37.809497],[144.963441,-37.80933],[144.963219,-37.809392],[144.963238,-37.809433],[144.962883,-37.809533],[144.962855,-37.809471],[144.962976,-37.809437],[144.962917,-37.809306],[144.962666,-37.809377],[144.962812,-37.8097],[144.963517,-37.809497]]]},"properties":{"dev_key":"X0016000","status":"UNDER CONSTRUCTION","permit_num":"ID-2022-6","bldhgt_ahd":134.0,"base_ahd":18.6,"address":"188-222 La Trobe Street MELBOURNE VIC","num_floors":56,"land_use_1":"Student Accommodation 1407","shape_type":"tower","datadate":"2024-10-24T12:53:51+00:00","height":115.4}},{"type":"Feature","geometry":{"type":"Polygon","coordinates":[[[144.967392,-37.807985],[144.967312,-37.808008],[144.967351,-37.80809],[144.967368,-37.808124],[144.967396,-37.808183],[144.967372,-37.80819],[144.967391,-37.808229],[144.967402,-37.808254],[144.967446,-37.808346],[144.967581,-37.808305],[144.967577,-37.808296],[144.967492,-37.808111],[144.967435,-37.807988],[144.967397,-37.807997],[144.967392,-37.807985]]]},"properties":{"dev_key":"X001331","status":"COMPLETED","permit_num":"TP-2016-320","bldhgt_ahd":150.4,"base_ahd":27.0,"address":"42-50 La Trobe Street MELBOURNE VIC 3000","num_floors":43,"land_use_1":"Student Accommodation 783","shape_type":"tower","datadate":"2024-10-24T12:53:51+00:00","height":123.4}},{"type":"Feature","geometry":{"type":"Polygon","coordinates":[[[144.954534,-37.816129],[144.954521,-37.816111],[144.954499,-37.81609],[144.954476,-37.81606],[144.954467,-37.816042],[144.954456,-37.81601],[144.954436,-37.815966],[144.954377,-37.815839],[144.954367,-37.815826],[144.954348,-37.815818],[144.954333,-37.815817],[144.954183,-37.815859],[144.954174,-37.815867],[144.954169,-37.815875],[144.954171,-37.815884],[144.954272,-37.816107],[144.954284,-37.816125],[144.954298,-37.816143],[144.954308,-37.816151],[144.954326,-37.816168],[144.954338,-37.816183],[144.954347,-37.816197],[144.954353,-37.81621],[144.954365,-37.816243],[144.954476,-37.816494],[144.954505,-37.816502],[144.954666,-37.816448],[144.954676,-37.816434],[144.954564,-37.816188],[144.954534,-37.816129]]]},"properties":{"dev_key":"X0007607","status":"APPROVED","permit_num":"TPM-2015-26/A","bldhgt_ahd":228.2,"base_ahd":12.5,"address":"640-652 Bourke Street MELBOURNE VIC 3000","num_floors":71,"land_use_1":"Dwellings 857","shape_type":"tower","datadate":"2024-10-24T12:53:51+00:00","height":215.7}},{"type":"Feature","geometry":{"type":"Polygon","coordinates":[[[144.960323,-37.81218],[144.960163,-37.811824],[144.960123,-37.811836],[144.959958,-37.811884],[144.959949,-37.811887],[144.959968,-37.811927],[144.959996,-37.811988],[144.960114,-37.812243],[144.960323,-37.81218]]]},"properties":{"dev_key":"X001320","status":"COMPLETED","permit_num":"TPM-2009-23/C","bldhgt_ahd":44.0,"base_ahd":18.2,"address":"Carpark 399-401 Little Lonsdale Street MELBOURNE VIC 3000","num_floors":38,"land_use_1":"Hotel rooms 483","shape_type":"podium","datadate":"2024-10-24T12:53:51+00:00","height":25.8}},{"type":"Feature","geometry":{"type":"Polygon","coordinates":[[[144.950635,-37.801179],[144.950426,-37.801157],[144.950363,-37.801522],[144.950643,-37.801551],[144.950662,-37.801444],[144.950656,-37.801443],[144.950672,-37.801351],[144.950606,-37.801343],[144.950635,-37.801179]]]},"properties":{"dev_key":"X000528","status":"COMPLETED","permit_num":"TP-2014-193","bldhgt_ahd":35.3,"base_ahd":20.3,"address":"33-35 Arden Street NORTH MELBOURNE VIC 3051","num_floors":4,"land_use_1":"Dwellings 45","shape_type":"podium","datadate":"2024-10-24T12:53:51+00:00","height":15.0}},{"type":"Feature","geometry":{"type":"Polygon","coordinates":[[[144.95489,-37.806373],[144.954911,-37.806266],[144.954502,-37.80622],[144.954515,-37.806333],[144.954724,-37.806355],[144.95489,-37.806373]]]},"properties":{"dev_key":"X001369","status":"COMPLETED","permit_num":"TP-2015-1086","bldhgt_ahd":43.6,"base_ahd":29.9,"address":"77-79 Capel Street WEST MELBOURNE VIC 3003","num_floors":4,"land_use_1":"Serviced apartments 44","shape_type":"podium","datadate":"2024-10-24T12:53:51+00:00","height":13.7}},{"type":"Feature","geometry":{"type":"Polygon","coordinates":[[[144.965472,-37.804398],[144.965318,-37.804382],[144.965271,-37.804656],[144.965501,-37.80468],[144.965517,-37.804581],[144.965492,-37.804579],[144.96552,-37.804421],[144.965543,-37.804423],[144.965549,-37.80439],[144.965475,-37.804382],[144.965472,-37.804398]]]},"properties":{"dev_key":"X000378","status":"COMPLETED","permit_num":"TP-2013-893/A","bldhgt_ahd":54.0,"base_ahd":35.6,"address":"106-112 Queensberry Street CARLTON VIC 3053","num_floors":6,"land_use_1":"Dwellings 54","shape_type":"podium","datadate":"2024-10-24T12:53:51+00:00","height":18.4}},{"type":"Feature","geometry":{"type":"Polygon","coordinates":[[[144.954267,-37.814792],[144.954175,-37.814817],[144.954187,-37.814834],[144.954141,-37.814848],[144.954133,-37.814832],[144.954093,-37.814844],[144.95412,-37.814924],[144.954179,-37.815138],[144.954216,-37.815201],[144.954429,-37.815142],[144.954267,-37.814792]]]},"properties":{"dev_key":"X000149","status":"COMPLETED","permit_num":"TPM-2014-6","bldhgt_ahd":165.3,"base_ahd":13.5,"address":"20-40 Rose Lane MELBOURNE VIC 3000","num_floors":51,"land_use_1":"Dwellings 399","shape_type":"tower","datadate":"2024-10-24T12:53:51+00:00","height":151.8}},{"type":"Feature","geometry":{"type":"Polygon","coordinates":[[[144.953101,-37.813949],[144.953051,-37.814161],[144.953366,-37.814207],[144.953553,-37.814153],[144.953458,-37.813939],[144.95325,-37.813908],[144.953101,-37.813949]]]},"properties":{"dev_key":"X000177","status":"COMPLETED","permit_num":"TPM-2012-1/A","bldhgt_ahd":240.5,"base_ahd":15.5,"address":"244-276 Spencer Street MELBOURNE VIC 3000","num_floors":68,"land_use_1":"Dwellings 575","shape_type":"tower","datadate":"2024-10-24T12:53:51+00:00","height":225.0}},{"type":"Feature","geometry":{"type":"Polygon","coordinates":[[[144.953833,-37.813671],[144.953836,-37.813678],[144.953716,-37.813713],[144.953713,-37.813707],[144.953644,-37.813727],[144.953647,-37.813733],[144.953558,-37.813758],[144.953668,-37.814001],[144.953826,-37.813954],[144.953822,-37.813946],[144.953941,-37.813912],[144.953945,-37.81392],[144.954104,-37.813874],[144.953992,-37.813634],[144.953906,-37.813659],[144.953903,-37.813652],[144.953833,-37.813671]]]},"properties":{"dev_key":"X000181","status":"COMPLETED","permit_num":"TPM-2009-40/A","bldhgt_ahd":157.7,"base_ahd":14.8,"address":"Australis Apartments 593-611 Little Lonsdale Street MELBOURNE VIC 3000","num_floors":46,"land_use_1":"Dwellings 520","shape_type":"tower","datadate":"2024-10-24T12:53:51+00:00","height":142.9}},{"type":"Feature","geometry":{"type":"Polygon","coordinates":[[[144.94567,-37.809206],[144.94571,-37.809176],[144.945705,-37.809172],[144.945711,-37.809168],[144.945715,-37.809172],[144.945755,-37.809142],[144.945752,-37.809139],[144.945756,-37.809136],[144.945759,-37.809138],[144.945798,-37.809108],[144.945795,-37.809106],[144.9458,-37.809103],[144.945803,-37.809105],[144.945892,-37.809038],[144.945829,-37.808992],[144.945612,-37.809163],[144.94567,-37.809206]]]},"properties":{"dev_key":"X001199","status":"COMPLETED","permit_num":"TP-2015-19","bldhgt_ahd":25.4,"base_ahd":15.1,"address":"187-189 Adderley Street WEST MELBOURNE VIC 3003","num_floors":4,"land_use_1":"Dwellings 10","shape_type":"podium","datadate":"2024-10-24T12:53:51+00:00","height":10.3}},{"type":"Feature","geometry":{"type":"Polygon","coordinates":[[[144.961437,-37.800336],[144.961248,-37.800315],[144.961193,-37.80062],[144.961382,-37.800641],[144.961437,-37.800336]]]},"properties":{"dev_key":"X001559","status":"APPROVED","permit_num":"TP-2016-798","bldhgt_ahd":73.4,"base_ahd":36.8,"address":"Melbourne University 197-235 Bouverie Street CARLTON VIC 3053","num_floors":11,"land_use_1":"Student Accommodation 136","shape_type":"extension","datadate":"2024-10-24T12:53:51+00:00","height":36.6}},{"type":"Feature","geometry":{"type":"Polygon","coordinates":[[[144.963965,-37.804169],[144.963828,-37.804155],[144.96377,-37.804493],[144.963908,-37.804507],[144.963965,-37.804169]]]},"properties":{"dev_key":"X001583","status":"APPROVED","permit_num":"TP-2013-736/A","bldhgt_ahd":74.8,"base_ahd":31.4,"address":"152-154 Queensberry Street CARLTON VIC 3053","num_floors":13,"land_use_1":"Serviced apartments 64","shape_type":"podium","datadate":"2024-10-24T12:53:51+00:00","height":43.4}},{"type":"Feature","geometry":{"type":"Polygon","coordinates":[[[144.953396,-37.799457],[144.953347,-37.799496],[144.953521,-37.799634],[144.953572,-37.799595],[144.953396,-37.799457]]]},"properties":{"dev_key":"X000543","status":"COMPLETED","permit_num":"TP-2010-331","bldhgt_ahd":42.6,"base_ahd":23.8,"address":"46 Villiers Street NORTH MELBOURNE VIC 3051","num_floors":8,"land_use_1":"Dwellings 11","shape_type":"podium","datadate":"2024-10-24T12:53:51+00:00","height":18.8}},{"type":"Feature","geometry":{"type":"Polygon","coordinates":[[[144.962414,-37.804173],[144.962079,-37.804136],[144.962052,-37.804299],[144.962386,-37.804336],[144.962414,-37.804173]]]},"properties":{"dev_key":"X0001644","status":"APPROVED","permit_num":"TP-2017-85","bldhgt_ahd":70.8,"base_ahd":25.2,"address":"204-208 Queensberry Street CARLTON VIC 3053","num_floors":15,"land_use_1":"Student Accommodation 229","shape_type":"podium","datadate":"2024-10-24T12:53:51+00:00","height":45.6}},{"type":"Feature","geometry":{"type":"Polygon","coordinates":[[[144.962953,-37.804987],[144.962781,-37.804971],[144.962702,-37.805395],[144.962874,-37.805414],[144.962953,-37.804987]]]},"properties":{"dev_key":"X0001603","status":"COMPLETED","permit_num":"TPM-2016-27","bldhgt_ahd":122.2,"base_ahd":28.3,"address":"557-591 Swanston Street CARLTON VIC 3053","num_floors":30,"land_use_1":"Student Accommodation 871","shape_type":"tower","datadate":"2024-10-24T12:53:51+00:00","height":93.9}},{"type":"Feature","geometry":{"type":"Polygon","coordinates":[[[144.962132,-37.814748],[144.961816,-37.814839],[144.961867,-37.814951],[144.961843,-37.814958],[144.962112,-37.815546],[144.962477,-37.815441],[144.962207,-37.814853],[144.962183,-37.81486],[144.962132,-37.814748]]]},"properties":{"dev_key":"X001511","status":"COMPLETED","permit_num":"TPM-2012-28","bldhgt_ahd":160.7,"base_ahd":10.0,"address":"405-411 Bourke Street MELBOURNE VIC 3000","num_floors":44,"land_use_1":"Office (sq.m) 61500","shape_type":"tower","datadate":"2024-10-24T12:53:51+00:00","height":150.7}},{"type":"Feature","geometry":{"type":"Polygon","coordinates":[[[144.966634,-37.807203],[144.966585,-37.807486],[144.967124,-37.80733],[144.967136,-37.807257],[144.966634,-37.807203]]]},"properties":{"dev_key":"X0008015","status":"COMPLETED","permit_num":"TP-2017-461/A","bldhgt_ahd":47.2,"base_ahd":32.9,"address":"23-29 Victoria Street, MELBOURNE, 3000","num_floors":25,"land_use_1":"Student Accommodation 521","shape_type":"podium","datadate":"2024-10-24T12:53:51+00:00","height":14.3}},{"type":"Feature","geometry":{"type":"Polygon","coordinates":[[[144.964149,-37.803503],[144.963732,-37.803463],[144.963726,-37.803462],[144.963699,-37.803623],[144.963799,-37.803633],[144.963804,-37.803604],[144.963853,-37.803609],[144.96384,-37.80368],[144.964115,-37.803708],[144.964128,-37.803622],[144.964062,-37.803616],[144.964068,-37.803577],[144.964136,-37.803584],[144.964149,-37.803503]]]},"properties":{"dev_key":"X0010625","status":"COMPLETED","permit_num":"TP-2015-1057/B","bldhgt_ahd":76.3,"base_ahd":33.5,"address":"558-566 Swanston Street CARLTON VIC 3053","num_floors":13,"land_use_1":"Student Accommodation 467","shape_type":"tower","datadate":"2024-10-24T12:53:51+00:00","height":42.8}},{"type":"Feature","geometry":{"type":"Polygon","coordinates":[[[144.949974,-37.811862],[144.950124,-37.812185],[144.950275,-37.81214],[144.950124,-37.811819],[144.949974,-37.811862]]]},"properties":{"dev_key":"X0011210","status":"APPROVED","permit_num":"TPM-2019-4/A","bldhgt_ahd":81.1,"base_ahd":14.8,"address":"355-369 Spencer Street, West Melbourne, 3003","num_floors":20,"land_use_1":"Dwellings 117","shape_type":"tower","datadate":"2024-10-24T12:53:51+00:00","height":66.3}},{"type":"Feature","geometry":{"type":"Polygon","coordinates":[[[144.959639,-37.81227],[144.959688,-37.812377],[144.95988,-37.812323],[144.959873,-37.812307],[144.96001,-37.812267],[144.960018,-37.812284],[144.960074,-37.812268],[144.96003,-37.812172],[144.960023,-37.812158],[144.959967,-37.812174],[144.959639,-37.81227]]]},"properties":{"dev_key":"X0011401","status":"APPROVED","permit_num":"TP-2021-465","bldhgt_ahd":61.2,"base_ahd":19.3,"address":"266-270 Queen Street MELBOURNE VIC 3000","num_floors":18,"land_use_1":"Office (sq.m) 4113","shape_type":"podium","datadate":"2024-10-24T12:53:51+00:00","height":41.9}},{"type":"Feature","geometry":{"type":"Polygon","coordinates":[[[144.953674,-37.81557],[144.953756,-37.815747],[144.953845,-37.815721],[144.953865,-37.815765],[144.95402,-37.81572],[144.953919,-37.8155],[144.953674,-37.81557]]]},"properties":{"dev_key":"X0011804","status":"APPROVED","permit_num":"TP-2021-709","bldhgt_ahd":50.5,"base_ahd":11.1,"address":"620-648 Little Bourke Street, Melbourne, 3000","num_floors":25,"land_use_1":"Hotel rooms 237","shape_type":"podium","datadate":"2024-10-24T12:53:51+00:00","height":39.4}},{"type":"Feature","geometry":{"type":"Polygon","coordinates":[[[144.9523,-37.805922],[144.952286,-37.805998],[144.952227,-37.806329],[144.952751,-37.806389],[144.952759,-37.806345],[144.95281,-37.806351],[144.952843,-37.806167],[144.952534,-37.806131],[144.9525,-37.806127],[144.952534,-37.805943],[144.952466,-37.805935],[144.952475,-37.805892],[144.952435,-37.805887],[144.95244,-37.805862],[144.952405,-37.805858],[144.9524,-37.805884],[144.952351,-37.805878],[144.952341,-37.805927],[144.9523,-37.805922]]]},"properties":{"dev_key":"X0012004","status":"APPROVED","permit_num":"TPM-2020-65/A","bldhgt_ahd":48.0,"base_ahd":33.8,"address":"273 Victoria Street, West Melbourne, 3003","num_floors":4,"land_use_1":"Education (sq.m) 2053","shape_type":"extension","datadate":"2024-10-24T12:53:51+00:00","height":14.2}},{"type":"Feature","geometry":{"type":"Polygon","coordinates":[[[144.959361,-37.810201],[144.959381,-37.810271],[144.959384,-37.810282],[144.959388,-37.810293],[144.959395,-37.810303],[144.959422,-37.81034],[144.959419,-37.810393],[144.959419,-37.810403],[144.959421,-37.810413],[144.959424,-37.810423],[144.959429,-37.810433],[144.959445,-37.810459],[144.959455,-37.810475],[144.959462,-37.810493],[144.95947,-37.810527],[144.959473,-37.810538],[144.959477,-37.810548],[144.959483,-37.810558],[144.95949,-37.810568],[144.959548,-37.810636],[144.959552,-37.810639],[144.959556,-37.810642],[144.95956,-37.810643],[144.959565,-37.810645],[144.95957,-37.810645],[144.959576,-37.810645],[144.959581,-37.810644],[144.959585,-37.810643],[144.95959,-37.810641],[144.959594,-37.810638],[144.959644,-37.810605],[144.959713,-37.810605],[144.959718,-37.810604],[144.959723,-37.810603],[144.959727,-37.810601],[144.959732,-37.810599],[144.959735,-37.810596],[144.959738,-37.810593],[144.95974,-37.81059],[144.959742,-37.810586],[144.959742,-37.810582],[144.959742,-37.810578],[144.95973,-37.810494],[144.959728,-37.810483],[144.959724,-37.810472],[144.959718,-37.810463],[144.959695,-37.810429],[144.959687,-37.810415],[144.959681,-37.810401],[144.959674,-37.810379],[144.959658,-37.810343],[144.959637,-37.810313],[144.959631,-37.810305],[144.959626,-37.810296],[144.959623,-37.810287],[144.959609,-37.81025],[144.959604,-37.810237],[144.959597,-37.810224],[144.959508,-37.810088],[144.959506,-37.810085],[144.959503,-37.810083],[144.9595,-37.810081],[144.959497,-37.810079],[144.959493,-37.810078],[144.959489,-37.810078],[144.959485,-37.810078],[144.959482,-37.810078],[144.959478,-37.810079],[144.959475,-37.810081],[144.959472,-37.810083],[144.959367,-37.810182],[144.959364,-37.810187],[144.959362,-37.810192],[144.959361,-37.810197],[144.959361,-37.810201]]]},"properties":{"dev_key":"X0012812","status":"APPROVED","permit_num":"TPM-2015-12/C","bldhgt_ahd":180.9,"base_ahd":21.3,"address":"332-346 La Trobe Street, Melbourne, 3000","num_floors":80,"land_use_1":"Dwellings 815","shape_type":"tower","datadate":"2024-10-24T12:53:51+00:00","height":159.6}},{"type":"Feature","geometry":{"type":"Polygon","coordinates":[[[144.962686,-37.800448],[144.962685,-37.800452],[144.96268,-37.800451],[144.962654,-37.800594],[144.962658,-37.800595],[144.962655,-37.800617],[144.962651,-37.800616],[144.962626,-37.800752],[144.962633,-37.800753],[144.962632,-37.800756],[144.962716,-37.800765],[144.962713,-37.80078],[144.962709,-37.80078],[144.962686,-37.800911],[144.96282,-37.800927],[144.962854,-37.800734],[144.96285,-37.800734],[144.962852,-37.80072],[144.962819,-37.800716],[144.962819,-37.800719],[144.962815,-37.800719],[144.96282,-37.800691],[144.962827,-37.800692],[144.962866,-37.800473],[144.96286,-37.800472],[144.962861,-37.800469],[144.962782,-37.80046],[144.962782,-37.800463],[144.962764,-37.800461],[144.962764,-37.800458],[144.962686,-37.800448]]]},"properties":{"dev_key":"X0013700","status":"UNDER CONSTRUCTION","permit_num":"TP-2022-438","bldhgt_ahd":80.2,"base_ahd":33.2,"address":"183-187 Grattan Street, Carlton, 3053","num_floors":15,"land_use_1":"Student Accommodation 470","shape_type":"extension","datadate":"2024-10-24T12:53:51+00:00","height":47.0}},{"type":"Feature","geometry":{"type":"Polygon","coordinates":[[[144.949492,-37.807091],[144.949498,-37.807095],[144.949597,-37.807191],[144.949627,-37.807171],[144.949643,-37.807186],[144.949612,-37.807206],[144.949798,-37.807388],[144.949804,-37.807384],[144.949817,-37.807392],[144.949778,-37.807418],[144.949771,-37.807411],[144.949744,-37.807429],[144.949876,-37.807557],[144.950123,-37.807386],[144.950125,-37.807336],[144.950014,-37.807228],[144.949915,-37.807291],[144.949897,-37.807306],[144.949865,-37.807275],[144.949953,-37.807218],[144.949732,-37.807007],[144.949634,-37.806999],[144.949492,-37.807091]]]},"properties":{"dev_key":"X0014004","status":"APPROVED","permit_num":"TPM-2022-20","bldhgt_ahd":45.8,"base_ahd":22.0,"address":"559-577 King Street WEST MELBOURNE VIC 3003","num_floors":9,"land_use_1":"Dwellings 105","shape_type":"tower","datadate":"2024-10-24T12:53:51+00:00","height":23.8}},{"type":"Feature","geometry":{"type":"Polygon","coordinates":[[[144.949213,-37.806923],[144.949371,-37.807071],[144.949437,-37.807029],[144.949414,-37.807005],[144.949481,-37.806961],[144.949504,-37.806985],[144.949703,-37.806856],[144.949625,-37.806782],[144.949612,-37.80679],[144.949599,-37.806778],[144.949613,-37.806769],[144.949527,-37.806687],[144.949213,-37.806923]]]},"properties":{"dev_key":"X0014004","status":"APPROVED","permit_num":"TPM-2022-20","bldhgt_ahd":32.8,"base_ahd":22.8,"address":"559-577 King Street WEST MELBOURNE VIC 3003","num_floors":9,"land_use_1":"Dwellings 105","shape_type":"podium","datadate":"2024-10-24T12:53:51+00:00","height":10.0}},{"type":"Feature","geometry":{"type":"Polygon","coordinates":[[[144.956376,-37.80948],[144.956183,-37.809535],[144.956176,-37.809539],[144.95617,-37.809543],[144.956165,-37.809548],[144.956161,-37.809553],[144.956159,-37.809559],[144.956157,-37.809565],[144.956157,-37.809571],[144.956023,-37.80961],[144.956012,-37.809585],[144.955671,-37.809683],[144.955667,-37.809685],[144.955663,-37.809688],[144.955659,-37.809691],[144.955657,-37.809695],[144.955655,-37.809698],[144.955654,-37.809703],[144.955653,-37.809707],[144.955654,-37.809711],[144.955655,-37.809715],[144.955658,-37.809719],[144.955727,-37.809869],[144.955779,-37.809853],[144.955838,-37.809983],[144.955828,-37.809988],[144.95582,-37.809994],[144.955813,-37.810001],[144.955808,-37.810009],[144.955805,-37.810018],[144.955804,-37.810027],[144.955804,-37.810036],[144.95588,-37.810201],[144.956254,-37.810094],[144.956229,-37.810046],[144.956398,-37.809997],[144.95637,-37.809935],[144.956484,-37.809925],[144.956435,-37.809817],[144.95644,-37.809815],[144.956455,-37.809787],[144.956417,-37.809711],[144.956475,-37.809695],[144.956376,-37.80948]]]},"properties":{"dev_key":"X0014201","status":"APPROVED","permit_num":"TPM-2013-28/C","bldhgt_ahd":43.9,"base_ahd":28.0,"address":"386-412 William Street MELBOURNE VIC 3000","num_floors":34,"land_use_1":"Office (sq.m) 22289","shape_type":"podium","datadate":"2024-10-24T12:53:51+00:00","height":15.9}},{"type":"Feature","geometry":{"type":"Polygon","coordinates":[[[144.956102,-37.80991],[144.95608,-37.809916],[144.956075,-37.809918],[144.956058,-37.809927],[144.956043,-37.809937],[144.95603,-37.80995],[144.95602,-37.809964],[144.956013,-37.80998],[144.95601,-37.809996],[144.956009,-37.810012],[144.956012,-37.810028],[144.956046,-37.810103],[144.956064,-37.810098],[144.956177,-37.810066],[144.956218,-37.81005],[144.956218,-37.81005],[144.956218,-37.81005],[144.956233,-37.810044],[144.956233,-37.810044],[144.956233,-37.810044],[144.956233,-37.810044],[144.956233,-37.810043],[144.956234,-37.810043],[144.956235,-37.810043],[144.956235,-37.810042],[144.956236,-37.810042],[144.956236,-37.810042],[144.956236,-37.810042],[144.956237,-37.810041],[144.956238,-37.810041],[144.956239,-37.81004],[144.956282,-37.810013],[144.95632,-37.809983],[144.956328,-37.809975],[144.956331,-37.809972],[144.956331,-37.809972],[144.956331,-37.809972],[144.956332,-37.809972],[144.956333,-37.80997],[144.956334,-37.809969],[144.956334,-37.809969],[144.956364,-37.809934],[144.956365,-37.809934],[144.95637,-37.809926],[144.956389,-37.809896],[144.956405,-37.809864],[144.956416,-37.809831],[144.956419,-37.809821],[144.95644,-37.809815],[144.956455,-37.809787],[144.956452,-37.809782],[144.956428,-37.809732],[144.956427,-37.809729],[144.956417,-37.809711],[144.956395,-37.809659],[144.95636,-37.80958],[144.956261,-37.809608],[144.956246,-37.809614],[144.956231,-37.809622],[144.956219,-37.809632],[144.956218,-37.809633],[144.956217,-37.809633],[144.956217,-37.809634],[144.956216,-37.809635],[144.956216,-37.809635],[144.956216,-37.809635],[144.956214,-37.809637],[144.956214,-37.809637],[144.956213,-37.809638],[144.956206,-37.809647],[144.956201,-37.809655],[144.956196,-37.809667],[144.956193,-37.80968],[144.956192,-37.809692],[144.956194,-37.809705],[144.956198,-37.809717],[144.956198,-37.809718],[144.956198,-37.809719],[144.956199,-37.809719],[144.956199,-37.809719],[144.9562,-37.809721],[144.956209,-37.809743],[144.956214,-37.809767],[144.956214,-37.809791],[144.956209,-37.809814],[144.956207,-37.809817],[144.956198,-37.809837],[144.956186,-37.809855],[144.95617,-37.809872],[144.956151,-37.809886],[144.95613,-37.809899],[144.956107,-37.809908],[144.956102,-37.80991],[144.956102,-37.80991]]]},"properties":{"dev_key":"X0014201","status":"APPROVED","permit_num":"TPM-2013-28/C","bldhgt_ahd":92.5,"base_ahd":28.0,"address":"386-412 William Street MELBOURNE VIC 3000","num_floors":34,"land_use_1":"Office (sq.m) 22289","shape_type":"tower","datadate":"2024-10-24T12:53:51+00:00","height":64.5}},{"type":"Feature","geometry":{"type":"Polygon","coordinates":[[[144.954146,-37.814088],[144.954271,-37.814362],[144.954333,-37.814345],[144.954351,-37.814384],[144.954568,-37.814324],[144.954422,-37.814008],[144.954146,-37.814088]]]},"properties":{"dev_key":"X0014205","status":"APPROVED","permit_num":"TPMR-2019-20/D","bldhgt_ahd":59.9,"base_ahd":15.6,"address":"Lonsdale Court 600 Lonsdale Street, Melbourne, 3000","num_floors":40,"land_use_1":"Office (sq.m) 27990","shape_type":"tower","datadate":"2024-10-24T12:53:51+00:00","height":44.3}},{"type":"Feature","geometry":{"type":"Polygon","coordinates":[[[144.96452,-37.803765],[144.964517,-37.803785],[144.964719,-37.803807],[144.964773,-37.803498],[144.964583,-37.803477],[144.964579,-37.803496],[144.964236,-37.803459],[144.96418,-37.803492],[144.964164,-37.803588],[144.964216,-37.803594],[144.96421,-37.803629],[144.964158,-37.803624],[144.964141,-37.803726],[144.96452,-37.803765]]]},"properties":{"dev_key":"X0014503","status":"UNDER CONSTRUCTION","permit_num":"TP-2019-787/A","bldhgt_ahd":51.5,"base_ahd":35.6,"address":"121-131 Cardigan Street, Carlton, 3053","num_floors":11,"land_use_1":"Dwellings 80","shape_type":"podium","datadate":"2024-10-24T12:53:51+00:00","height":15.9}},{"type":"Feature","geometry":{"type":"Polygon","coordinates":[[[144.957522,-37.809402],[144.957876,-37.809441],[144.957698,-37.809053],[144.957684,-37.809052],[144.957588,-37.809041],[144.957522,-37.809402]]]},"properties":{"dev_key":"X0015202","status":"APPLIED","permit_num":"TPMR-2023-21","bldhgt_ahd":200.0,"base_ahd":25.0,"address":"65-159 Victoria Street MELBOURNE VIC 3000","num_floors":54,"land_use_1":"Student Accommodation 1151","shape_type":"tower","datadate":"2024-10-24T12:53:51+00:00","height":175.0}},{"type":"Feature","geometry":{"type":"Polygon","coordinates":[[[144.958557,-37.802579],[144.958634,-37.802556],[144.958557,-37.802388],[144.958444,-37.802422],[144.958463,-37.802463],[144.958364,-37.802494],[144.958346,-37.802451],[144.958153,-37.802509],[144.958192,-37.802591],[144.958211,-37.802585],[144.95825,-37.802672],[144.958317,-37.802651],[144.958297,-37.802608],[144.958537,-37.802538],[144.958557,-37.802579]]]},"properties":{"dev_key":"X0015602","status":"APPROVED","permit_num":"TP-2020-609/B","bldhgt_ahd":53.3,"base_ahd":31.4,"address":"680 Elizabeth Street, Melbourne, 3000","num_floors":21,"land_use_1":"Student Accommodation 379","shape_type":"tower","datadate":"2024-10-24T12:53:51+00:00","height":21.9}},{"type":"Feature","geometry":{"type":"Polygon","coordinates":[[[144.954367,-37.815826],[144.954331,-37.815835],[144.954327,-37.815825],[144.954195,-37.815863],[144.9542,-37.815873],[144.954168,-37.815882],[144.954299,-37.816172],[144.954331,-37.816162],[144.954481,-37.816495],[144.954515,-37.816485],[144.954519,-37.816495],[144.954647,-37.816459],[144.954642,-37.816448],[144.954676,-37.816439],[144.954518,-37.816095],[144.954493,-37.816102],[144.954367,-37.815826]]]},"properties":{"dev_key":"X0015700","status":"APPLIED","permit_num":"TPM-2015-26/B","bldhgt_ahd":159.0,"base_ahd":13.2,"address":"640-652 Bourke Street MELBOURNE VIC 3000","num_floors":71,"land_use_1":"Dwellings 607","shape_type":"tower","datadate":"2024-10-24T12:53:51+00:00","height":145.8}},{"type":"Feature","geometry":{"type":"Polygon","coordinates":[[[144.955421,-37.815315],[144.955488,-37.815296],[144.955483,-37.815285],[144.955498,-37.815281],[144.955503,-37.815291],[144.955569,-37.815272],[144.955429,-37.814971],[144.955436,-37.814969],[144.955403,-37.814898],[144.955398,-37.814899],[144.955322,-37.814736],[144.955258,-37.814755],[144.955264,-37.814768],[144.955249,-37.814772],[144.955243,-37.814759],[144.955174,-37.814779],[144.955261,-37.814969],[144.955276,-37.814965],[144.955296,-37.815008],[144.955282,-37.815013],[144.955421,-37.815315]]]},"properties":{"dev_key":"X0015813","status":"APPLIED","permit_num":"TP-2020-33/A","bldhgt_ahd":95.8,"base_ahd":15.9,"address":"570-576 Little Bourke Street, Melbourne, 3000","num_floors":25,"land_use_1":"Student Accommodation 896","shape_type":"tower","datadate":"2024-10-24T12:53:51+00:00","height":79.9}},{"type":"Feature","geometry":{"type":"Polygon","coordinates":[[[144.958522,-37.811709],[144.958478,-37.811608],[144.958401,-37.81163],[144.958327,-37.811469],[144.958404,-37.811448],[144.958358,-37.811344],[144.957731,-37.811527],[144.957778,-37.811629],[144.957862,-37.811606],[144.957934,-37.811767],[144.957851,-37.81179],[144.957898,-37.811893],[144.958522,-37.811709]]]},"properties":{"dev_key":"X0015804","status":"APPROVED","permit_num":"TPMR-2016-14/A","bldhgt_ahd":54.4,"base_ahd":24.5,"address":"371-389 La Trobe Street MELBOURNE VIC 3000","num_floors":71,"land_use_1":"Dwellings 797","shape_type":"podium","datadate":"2024-10-24T12:53:51+00:00","height":29.9}},{"type":"Feature","geometry":{"type":"Polygon","coordinates":[[[144.954607,-37.814798],[144.954695,-37.814986],[144.954708,-37.814983],[144.954718,-37.815005],[144.954747,-37.814997],[144.954749,-37.815001],[144.954839,-37.814976],[144.954741,-37.814762],[144.954607,-37.814798]]]},"properties":{"dev_key":"X0016009","status":"APPLIED","permit_num":"TP-2024-688","bldhgt_ahd":69.4,"base_ahd":14.4,"address":"225-237 King Street MELBOURNE VIC 3000","num_floors":15,"land_use_1":"Student Accommodation 274","shape_type":"tower","datadate":"2024-10-24T12:53:51+00:00","height":55.0}},{"type":"Feature","geometry":{"type":"Polygon","coordinates":[[[144.963597,-37.809521],[144.963524,-37.809361],[144.963463,-37.809378],[144.963441,-37.80933],[144.963219,-37.809392],[144.963224,-37.809403],[144.96301,-37.809463],[144.962928,-37.80928],[144.962633,-37.809366],[144.962689,-37.809488],[144.962716,-37.80948],[144.962779,-37.809617],[144.962752,-37.809625],[144.962813,-37.809751],[144.963099,-37.809667],[144.963078,-37.809622],[144.963137,-37.809605],[144.963158,-37.80965],[144.963597,-37.809521]]]},"properties":{"dev_key":"X0016000","status":"UNDER CONSTRUCTION","permit_num":"ID-2022-6","bldhgt_ahd":22.7,"base_ahd":18.6,"address":"188-222 La Trobe Street MELBOURNE VIC","num_floors":56,"land_use_1":"Student Accommodation 1407","shape_type":"podium","datadate":"2024-10-24T12:53:51+00:00","height":4.1}},{"type":"Feature","geometry":{"type":"Polygon","coordinates":[[[144.960788,-37.803087],[144.960679,-37.803074],[144.960596,-37.80355],[144.960866,-37.803576],[144.960874,-37.803496],[144.961133,-37.803528],[144.961149,-37.803451],[144.961276,-37.803464],[144.961298,-37.803339],[144.960905,-37.803299],[144.960941,-37.803109],[144.960897,-37.803105],[144.960899,-37.803089],[144.960791,-37.803075],[144.960788,-37.803087]]]},"properties":{"dev_key":"X000391","status":"COMPLETED","permit_num":"TP-2013-947/A","bldhgt_ahd":71.4,"base_ahd":26.7,"address":"123-127 Bouverie Street CARLTON VIC 3053","num_floors":14,"shape_type":"podium","datadate":"2024-10-24T12:53:51+00:00","height":44.7}},{"type":"Feature","geometry":{"type":"Polygon","coordinates":[[[144.96081,-37.812172],[144.960625,-37.812225],[144.960782,-37.812566],[144.960963,-37.812513],[144.96081,-37.812172]]]},"properties":{"dev_key":"X000192","status":"COMPLETED","permit_num":"TP-2014-370/A","bldhgt_ahd":77.5,"base_ahd":16.7,"address":"386-392 Lonsdale Street MELBOURNE VIC 3000","num_floors":19,"land_use_1":"Dwellings 168","shape_type":"extension","datadate":"2024-10-24T12:53:51+00:00","height":60.8}},{"type":"Feature","geometry":{"type":"Polygon","coordinates":[[[144.960123,-37.811836],[144.959958,-37.811884],[144.960104,-37.812209],[144.96027,-37.812161],[144.960123,-37.811836]]]},"properties":{"dev_key":"X001320","status":"COMPLETED","permit_num":"TPM-2009-23/C","bldhgt_ahd":211.7,"base_ahd":18.2,"address":"Carpark 399-401 Little Lonsdale Street MELBOURNE VIC 3000","num_floors":38,"land_use_1":"Hotel rooms 483","shape_type":"tower","datadate":"2024-10-24T12:53:51+00:00","height":193.5}},{"type":"Feature","geometry":{"type":"Polygon","coordinates":[[[144.954053,-37.813151],[144.953664,-37.813266],[144.953799,-37.813561],[144.954193,-37.813448],[144.954053,-37.813151]]]},"properties":{"dev_key":"X000206","status":"COMPLETED","permit_num":"TPM-2014-44","bldhgt_ahd":56.8,"base_ahd":17.2,"address":"295-305 King Street MELBOURNE VIC 3000","num_floors":64,"land_use_1":"Dwellings 422","shape_type":"podium","datadate":"2024-10-24T12:53:51+00:00","height":39.6}},{"type":"Feature","geometry":{"type":"Polygon","coordinates":[[[144.964173,-37.804903],[144.963723,-37.804852],[144.963704,-37.804953],[144.963724,-37.804955],[144.963722,-37.804969],[144.963681,-37.804965],[144.963665,-37.80506],[144.963668,-37.80506],[144.964137,-37.805113],[144.964137,-37.805113],[144.964173,-37.804903]]]},"properties":{"dev_key":"X000423","status":"COMPLETED","permit_num":"TP-2012-1044","bldhgt_ahd":84.6,"base_ahd":32.3,"address":"139-155 Queensberry Street CARLTON VIC 3053","num_floors":15,"land_use_1":"Dwellings 193","shape_type":"tower","datadate":"2024-10-24T12:53:51+00:00","height":52.3}},{"type":"Feature","geometry":{"type":"Polygon","coordinates":[[[144.953913,-37.800211],[144.953936,-37.800192],[144.953936,-37.800192],[144.953856,-37.800127],[144.9538,-37.800172],[144.95384,-37.800205],[144.95382,-37.800219],[144.953779,-37.800189],[144.953673,-37.800274],[144.953699,-37.800294],[144.95365,-37.800329],[144.953626,-37.80031],[144.953639,-37.800297],[144.953612,-37.800277],[144.953627,-37.800263],[144.953591,-37.800238],[144.953562,-37.800261],[144.953539,-37.800244],[144.95357,-37.800221],[144.953504,-37.800166],[144.953472,-37.800191],[144.953461,-37.800181],[144.953333,-37.800283],[144.953343,-37.800292],[144.953313,-37.800315],[144.95338,-37.800369],[144.953413,-37.800343],[144.953436,-37.800361],[144.9534,-37.800387],[144.953436,-37.800416],[144.953452,-37.800405],[144.95348,-37.800427],[144.9535,-37.800411],[144.953522,-37.800429],[144.953482,-37.800461],[144.953494,-37.80047],[144.953492,-37.800471],[144.95349,-37.800472],[144.953493,-37.800475],[144.953485,-37.800481],[144.953447,-37.800451],[144.953394,-37.800492],[144.953391,-37.800495],[144.95347,-37.800558],[144.953493,-37.800541],[144.953504,-37.800549],[144.953493,-37.800558],[144.953547,-37.800602],[144.95355,-37.8006],[144.953558,-37.800592],[144.953578,-37.800608],[144.953686,-37.800523],[144.953667,-37.800507],[144.953687,-37.800491],[144.953707,-37.800507],[144.953815,-37.800421],[144.953797,-37.800406],[144.953817,-37.800389],[144.953837,-37.800404],[144.953944,-37.80032],[144.953926,-37.800305],[144.953947,-37.800289],[144.953964,-37.800304],[144.953966,-37.800303],[144.954021,-37.80026],[144.953971,-37.80022],[144.953948,-37.800202],[144.953948,-37.800202],[144.953924,-37.80022],[144.953913,-37.800211]]]},"properties":{"dev_key":"X001338","status":"COMPLETED","permit_num":"TP-2016-258","bldhgt_ahd":53.7,"base_ahd":24.2,"address":"15-27 Wreckyn Street NORTH MELBOURNE VIC 3051","num_floors":9,"land_use_1":"Student Accommodation 432","shape_type":"tower","datadate":"2024-10-24T12:53:51+00:00","height":29.5}},{"type":"Feature","geometry":{"type":"Polygon","coordinates":[[[144.948279,-37.805406],[144.948214,-37.805374],[144.948221,-37.805363],[144.948151,-37.805329],[144.948084,-37.805418],[144.948111,-37.805431],[144.9481,-37.805444],[144.948064,-37.80544],[144.948061,-37.805456],[144.948097,-37.80546],[144.948157,-37.805489],[144.948168,-37.805474],[144.948211,-37.805496],[144.948279,-37.805406]]]},"properties":{"dev_key":"X000582","status":"COMPLETED","permit_num":"TP-2014-200","bldhgt_ahd":28.8,"base_ahd":28.5,"address":"621-643 King Street WEST MELBOURNE VIC 3003","num_floors":6,"land_use_1":"Dwellings 82","shape_type":"podium","datadate":"2024-10-24T12:53:51+00:00","height":3.0}},{"type":"Feature","geometry":{"type":"Polygon","coordinates":[[[144.950963,-37.810327],[144.950778,-37.809988],[144.950663,-37.810029],[144.950668,-37.810039],[144.950645,-37.810047],[144.950642,-37.810042],[144.950541,-37.810077],[144.950546,-37.810086],[144.950471,-37.810112],[144.950466,-37.810103],[144.950217,-37.810197],[144.950399,-37.810531],[144.95094,-37.810349],[144.950933,-37.810338],[144.950963,-37.810327]]]},"properties":{"dev_key":"X000305","status":"COMPLETED","permit_num":"TPM-2010-13/A","bldhgt_ahd":28.9,"base_ahd":19.5,"address":"57-77 Dudley Street WEST MELBOURNE VIC 3003","num_floors":39,"land_use_1":"Dwellings 438","shape_type":"podium","datadate":"2024-10-24T12:53:51+00:00","height":9.4}},{"type":"Feature","geometry":{"type":"Polygon","coordinates":[[[144.961119,-37.811564],[144.960815,-37.811646],[144.961061,-37.812192],[144.96097,-37.812218],[144.961089,-37.812476],[144.961369,-37.812395],[144.961301,-37.812249],[144.961418,-37.812215],[144.961298,-37.811953],[144.96138,-37.811931],[144.96131,-37.811779],[144.961229,-37.811804],[144.961119,-37.811564]]]},"properties":{"dev_key":"X001528","status":"COMPLETED","permit_num":"TPM-2011-48/A","bldhgt_ahd":42.3,"base_ahd":15.3,"address":"374-380 Lonsdale Street MELBOURNE VIC 3000","num_floors":68,"land_use_1":"Dwellings 728","shape_type":"podium","datadate":"2024-10-24T12:53:51+00:00","height":27.0}},{"type":"Feature","geometry":{"type":"Polygon","coordinates":[[[144.953312,-37.804304],[144.953087,-37.804279],[144.953055,-37.804467],[144.953281,-37.804492],[144.953312,-37.804304]]]},"properties":{"dev_key":"X0001623","status":"COMPLETED","permit_num":"TP-2016-1054","bldhgt_ahd":48.9,"base_ahd":35.1,"address":"6-10 Gardiner Street NORTH MELBOURNE VIC 3051","num_floors":4,"land_use_1":"Dwellings 8","shape_type":"podium","datadate":"2024-10-24T12:53:51+00:00","height":13.8}},{"type":"Feature","geometry":{"type":"Polygon","coordinates":[[[144.947614,-37.809676],[144.947679,-37.809641],[144.947869,-37.809854],[144.947976,-37.809802],[144.947772,-37.809567],[144.947837,-37.809531],[144.947784,-37.809471],[144.947438,-37.809665],[144.947392,-37.809607],[144.94735,-37.809632],[144.947469,-37.809753],[144.947652,-37.80996],[144.947807,-37.809885],[144.947614,-37.809676]]]},"properties":{"dev_key":"X0001650","status":"COMPLETED","permit_num":"TP-2017-147","bldhgt_ahd":26.9,"base_ahd":13.6,"address":"137 Stanley Street, West Melbourne, 3003","num_floors":4,"land_use_1":"Dwellings 18","shape_type":"podium","datadate":"2024-10-24T12:53:51+00:00","height":13.3}},{"type":"Feature","geometry":{"type":"Polygon","coordinates":[[[144.958668,-37.812117],[144.958682,-37.812112],[144.958685,-37.812111],[144.958692,-37.812109],[144.958692,-37.81208],[144.95859,-37.811861],[144.958566,-37.811847],[144.958501,-37.811807],[144.958408,-37.811835],[144.958402,-37.811837],[144.958401,-37.811837],[144.958396,-37.811838],[144.95839,-37.81184],[144.958355,-37.811851],[144.958354,-37.811851],[144.958353,-37.811851],[144.958353,-37.811851],[144.958316,-37.811862],[144.958229,-37.811888],[144.958236,-37.811905],[144.958199,-37.811917],[144.9582,-37.811919],[144.958333,-37.812202],[144.958333,-37.812202],[144.958358,-37.812196],[144.958373,-37.812191],[144.958371,-37.812186],[144.958372,-37.812185],[144.958373,-37.812185],[144.958384,-37.812182],[144.958422,-37.81221],[144.958425,-37.812207],[144.958466,-37.812195],[144.958531,-37.812176],[144.958528,-37.812173],[144.958508,-37.812158],[144.958565,-37.812141],[144.958571,-37.812146],[144.958576,-37.812145],[144.958668,-37.812117]]]},"properties":{"dev_key":"X0001801","status":"COMPLETED","permit_num":"TPM-2012-8/A","bldhgt_ahd":141.3,"base_ahd":25.5,"address":"364-378 Little Lonsdale Street MELBOURNE VIC 3000","num_floors":30,"land_use_1":"Education (sq.m) 13800","shape_type":"tower","datadate":"2024-10-24T12:53:51+00:00","height":115.8}},{"type":"Feature","geometry":{"type":"Polygon","coordinates":[[[144.955935,-37.800997],[144.956068,-37.800895],[144.956086,-37.800881],[144.95597,-37.800787],[144.955751,-37.80096],[144.955713,-37.80099],[144.955829,-37.801078],[144.955935,-37.800997]]]},"properties":{"dev_key":"X0002805","status":"COMPLETED","permit_num":"TP-2015-1204/A","bldhgt_ahd":67.3,"base_ahd":27.6,"address":"RMIT Village 5-17 Flemington Road NORTH MELBOURNE VIC 3051","num_floors":12,"land_use_1":"Student Accommodation 160","shape_type":"podium","datadate":"2024-10-24T12:53:51+00:00","height":39.7}},{"type":"Feature","geometry":{"type":"Polygon","coordinates":[[[144.95629,-37.805459],[144.956234,-37.805772],[144.956492,-37.805801],[144.956545,-37.805489],[144.95629,-37.805459]]]},"properties":{"dev_key":"X0005618","status":"APPROVED","permit_num":"TP-2018-1168","bldhgt_ahd":37.7,"base_ahd":27.5,"address":"300-308 Victoria Street NORTH MELBOURNE VIC 3051","num_floors":10,"land_use_1":"Hotel rooms 119","shape_type":"podium","datadate":"2024-10-24T12:53:51+00:00","height":10.2}},{"type":"Feature","geometry":{"type":"Polygon","coordinates":[[[144.960576,-37.81073],[144.960327,-37.810803],[144.960392,-37.810942],[144.960641,-37.810868],[144.960576,-37.81073]]]},"properties":{"dev_key":"X0007400","status":"COMPLETED","permit_num":"TPM-2015-11/B","bldhgt_ahd":156.7,"base_ahd":15.5,"address":"293-299 La Trobe Street MELBOURNE VIC 3000","num_floors":44,"land_use_1":"Student Accommodation 714","shape_type":"tower","datadate":"2024-10-24T12:53:51+00:00","height":141.2}},{"type":"Feature","geometry":{"type":"Polygon","coordinates":[[[144.953005,-37.811855],[144.953023,-37.811893],[144.953013,-37.811896],[144.953076,-37.812031],[144.953451,-37.811921],[144.95339,-37.811786],[144.953377,-37.81179],[144.953359,-37.811752],[144.953005,-37.811855]]]},"properties":{"dev_key":"X0007605","status":"APPROVED","permit_num":"TP-2019-834","bldhgt_ahd":82.1,"base_ahd":21.6,"address":"363 King Street, West Melbourne, 3003","num_floors":16,"land_use_1":"Office (sq.m) 7799","shape_type":"tower","datadate":"2024-10-24T12:53:51+00:00","height":60.5}},{"type":"Feature","geometry":{"type":"Polygon","coordinates":[[[144.966687,-37.807456],[144.967124,-37.80733],[144.967116,-37.807309],[144.9671,-37.807316],[144.967107,-37.807285],[144.967131,-37.807286],[144.967135,-37.807267],[144.966646,-37.807217],[144.966635,-37.807295],[144.966683,-37.807301],[144.966673,-37.807374],[144.966651,-37.807378],[144.966687,-37.807456]]]},"properties":{"dev_key":"X0008015","status":"COMPLETED","permit_num":"TP-2017-461/A","bldhgt_ahd":106.7,"base_ahd":32.9,"address":"23-29 Victoria Street, MELBOURNE, 3000","num_floors":25,"land_use_1":"Student Accommodation 521","shape_type":"tower","datadate":"2024-10-24T12:53:51+00:00","height":73.8}},{"type":"Feature","geometry":{"type":"Polygon","coordinates":[[[144.958121,-37.808492],[144.958501,-37.808367],[144.958497,-37.80836],[144.95851,-37.808356],[144.958423,-37.808164],[144.958124,-37.808174],[144.958092,-37.808359],[144.958148,-37.80834],[144.958145,-37.808354],[144.95809,-37.808366],[144.958063,-37.808512],[144.958121,-37.808492]]]},"properties":{"dev_key":"X0009201","status":"APPROVED","permit_num":"TPM-2020-49","bldhgt_ahd":42.0,"base_ahd":22.0,"address":"450 Queen Street, Melbourne, 3000","num_floors":22,"land_use_1":"Dwellings 146","shape_type":"podium","datadate":"2024-10-24T12:53:51+00:00","height":20.0}},{"type":"Feature","geometry":{"type":"Polygon","coordinates":[[[144.95774,-37.811551],[144.957907,-37.811914],[144.958545,-37.811729],[144.958367,-37.811342],[144.958103,-37.811419],[144.958123,-37.811461],[144.958024,-37.81149],[144.958013,-37.811467],[144.958008,-37.811461],[144.958,-37.811457],[144.957991,-37.811455],[144.957981,-37.811455],[144.957755,-37.811521],[144.957746,-37.811527],[144.95774,-37.811534],[144.957738,-37.811543],[144.95774,-37.811551]]]},"properties":{"dev_key":"X0009202","status":"APPROVED","permit_num":"TPMR-2020-52","bldhgt_ahd":62.7,"base_ahd":24.0,"address":"383 La Trobe Street, Melbourne, 3000","num_floors":33,"land_use_1":"Office (sq.m) 44003","shape_type":"podium","datadate":"2024-10-24T12:53:51+00:00","height":38.7}},{"type":"Feature","geometry":{"type":"Polygon","coordinates":[[[144.945667,-37.8085],[144.94577,-37.808576],[144.945792,-37.808556],[144.945823,-37.80858],[144.945826,-37.808575],[144.945853,-37.808594],[144.945874,-37.808577],[144.945896,-37.808592],[144.945877,-37.80861],[144.945905,-37.808629],[144.9459,-37.808633],[144.945937,-37.80866],[144.945912,-37.808681],[144.946144,-37.808853],[144.94628,-37.80875],[144.946268,-37.808739],[144.94631,-37.808707],[144.946324,-37.808718],[144.946472,-37.808606],[144.946448,-37.808585],[144.946469,-37.80857],[144.946494,-37.80859],[144.946616,-37.808498],[144.946597,-37.808483],[144.94662,-37.808462],[144.946558,-37.808415],[144.946519,-37.808447],[144.946477,-37.808416],[144.946517,-37.808384],[144.946447,-37.808331],[144.946261,-37.808477],[144.946249,-37.808466],[144.946191,-37.808509],[144.946204,-37.80852],[144.946102,-37.808597],[144.946072,-37.808574],[144.946097,-37.808554],[144.946049,-37.808518],[144.946024,-37.808538],[144.945995,-37.808515],[144.946086,-37.808431],[144.946102,-37.808441],[144.946152,-37.808394],[144.946137,-37.808384],[144.946308,-37.808226],[144.946242,-37.808178],[144.94621,-37.808207],[144.946162,-37.808179],[144.946199,-37.808147],[144.946136,-37.808101],[144.946116,-37.80812],[144.946095,-37.808104],[144.945989,-37.808203],[144.946015,-37.80822],[144.945991,-37.808242],[144.945966,-37.808223],[144.945913,-37.808272],[144.945939,-37.80829],[144.945887,-37.808336],[144.945879,-37.80833],[144.945804,-37.808396],[144.945814,-37.808405],[144.945806,-37.808413],[144.94578,-37.808395],[144.945667,-37.8085]]]},"properties":{"dev_key":"X0006809","status":"COMPLETED","permit_num":"TP-2018-88/A","bldhgt_ahd":28.5,"base_ahd":16.1,"address":"172-184 Roden Street WEST MELBOURNE VIC 3003","num_floors":7,"land_use_1":"Dwellings 172","shape_type":"podium","datadate":"2024-10-24T12:53:51+00:00","height":12.4}},{"type":"Feature","geometry":{"type":"Polygon","coordinates":[[[144.961282,-37.802959],[144.961062,-37.802933],[144.961063,-37.802926],[144.961061,-37.802915],[144.961058,-37.802915],[144.961026,-37.802917],[144.961024,-37.802911],[144.961019,-37.80291],[144.960981,-37.802912],[144.96098,-37.802919],[144.960887,-37.802924],[144.960897,-37.802884],[144.960784,-37.80287],[144.960751,-37.80305],[144.960865,-37.803064],[144.960876,-37.802994],[144.960913,-37.802998],[144.960903,-37.803051],[144.961258,-37.803091],[144.961269,-37.803031],[144.961261,-37.80303],[144.961265,-37.803014],[144.961272,-37.803015],[144.961282,-37.802959]]]},"properties":{"dev_key":"X0010000","status":"COMPLETED","permit_num":"TP-2020-709","bldhgt_ahd":69.4,"base_ahd":27.5,"address":"132-138 Leicester Street, Carlton, 3053","num_floors":14,"land_use_1":"Student Accommodation 356","shape_type":"tower","datadate":"2024-10-24T12:53:51+00:00","height":41.9}},{"type":"Feature","geometry":{"type":"Polygon","coordinates":[[[144.95999,-37.812168],[144.9597,-37.812253],[144.959707,-37.812268],[144.9597,-37.812271],[144.959723,-37.812321],[144.96002,-37.812234],[144.95999,-37.812168]]]},"properties":{"dev_key":"X0011401","status":"APPROVED","permit_num":"TP-2021-465","bldhgt_ahd":68.4,"base_ahd":19.3,"address":"266-270 Queen Street MELBOURNE VIC 3000","num_floors":18,"land_use_1":"Office (sq.m) 4113","shape_type":"tower","datadate":"2024-10-24T12:53:51+00:00","height":49.1}},{"type":"Feature","geometry":{"type":"Polygon","coordinates":[[[144.948597,-37.803656],[144.948545,-37.80365],[144.948532,-37.803723],[144.948525,-37.803766],[144.948544,-37.803769],[144.948542,-37.803782],[144.948559,-37.803785],[144.948553,-37.803813],[144.948694,-37.803829],[144.948699,-37.803801],[144.948717,-37.803803],[144.94872,-37.803789],[144.948739,-37.803791],[144.948757,-37.80369],[144.948726,-37.803686],[144.948729,-37.803677],[144.948682,-37.803673],[144.948683,-37.803666],[144.94865,-37.803662],[144.948643,-37.803676],[144.948595,-37.80367],[144.948597,-37.803656]]]},"properties":{"dev_key":"X001371","status":"COMPLETED","permit_num":"TP-2016-137","bldhgt_ahd":38.3,"base_ahd":27.2,"address":"6-12 Atkin Street NORTH MELBOURNE VIC 3051","num_floors":4,"land_use_1":"Dwellings 9","shape_type":"tower","datadate":"2024-10-24T12:53:51+00:00","height":11.1}},{"type":"Feature","geometry":{"type":"Polygon","coordinates":[[[144.956494,-37.801388],[144.956501,-37.801373],[144.956509,-37.801342],[144.956516,-37.801291],[144.956509,-37.801275],[144.956417,-37.8012],[144.956402,-37.801196],[144.956386,-37.801198],[144.956233,-37.801322],[144.95623,-37.801336],[144.956236,-37.80135],[144.956256,-37.801365],[144.956269,-37.801372],[144.956313,-37.801379],[144.95632,-37.801381],[144.956335,-37.801388],[144.956342,-37.801402],[144.956327,-37.801475],[144.95633,-37.801486],[144.956329,-37.80149],[144.956337,-37.801498],[144.956354,-37.801504],[144.956396,-37.801509],[144.956473,-37.801519],[144.956491,-37.801519],[144.956504,-37.801513],[144.956516,-37.801501],[144.956517,-37.801495],[144.956524,-37.801448],[144.956521,-37.801433],[144.956511,-37.801422],[144.956496,-37.801419],[144.956462,-37.801414],[144.956464,-37.801407],[144.956466,-37.801394],[144.956481,-37.801395],[144.956494,-37.801388]]]},"properties":{"dev_key":"X001552","status":"COMPLETED","permit_num":"TP-2016-425","bldhgt_ahd":96.3,"base_ahd":30.3,"address":"1-3 Flemington Road NORTH MELBOURNE VIC 3051","num_floors":22,"land_use_1":"Student Accommodation 581","shape_type":"podium","datadate":"2024-10-24T12:53:51+00:00","height":66.0}},{"type":"Feature","geometry":{"type":"Polygon","coordinates":[[[144.950992,-37.808714],[144.95097,-37.808713],[144.950957,-37.808728],[144.950932,-37.808726],[144.950921,-37.808743],[144.950898,-37.808742],[144.950886,-37.808756],[144.950866,-37.808756],[144.950854,-37.808772],[144.950964,-37.808928],[144.950989,-37.808925],[144.950996,-37.808916],[144.951018,-37.808912],[144.951028,-37.808903],[144.951052,-37.808899],[144.951063,-37.808889],[144.951087,-37.808885],[144.951102,-37.80887],[144.950992,-37.808714]]]},"properties":{"dev_key":"X001558","status":"COMPLETED","permit_num":"TP-2016-637","bldhgt_ahd":53.9,"base_ahd":21.7,"address":"101-107 Rosslyn Street WEST MELBOURNE VIC 3003","num_floors":10,"land_use_1":"Dwellings 49","shape_type":"tower","datadate":"2024-10-24T12:53:51+00:00","height":32.2}},{"type":"Feature","geometry":{"type":"Polygon","coordinates":[[[144.966928,-37.808365],[144.967023,-37.808337],[144.967077,-37.808322],[144.966951,-37.808053],[144.966737,-37.808116],[144.966862,-37.808384],[144.966928,-37.808365]]]},"properties":{"dev_key":"X001562","status":"APPROVED","permit_num":"TP-2016-858","bldhgt_ahd":58.5,"base_ahd":27.6,"address":"58-66 La Trobe Street MELBOURNE VIC 3000","num_floors":34,"land_use_1":"Dwellings 98","shape_type":"podium","datadate":"2024-10-24T12:53:51+00:00","height":30.9}},{"type":"Feature","geometry":{"type":"Polygon","coordinates":[[[144.963037,-37.80485],[144.962749,-37.804819],[144.962737,-37.804894],[144.962707,-37.804891],[144.962595,-37.805515],[144.962916,-37.805545],[144.963037,-37.80485]]]},"properties":{"dev_key":"X0001603","status":"COMPLETED","permit_num":"TPM-2016-27","bldhgt_ahd":65.6,"base_ahd":28.3,"address":"557-591 Swanston Street CARLTON VIC 3053","num_floors":30,"land_use_1":"Student Accommodation 871","shape_type":"podium","datadate":"2024-10-24T12:53:51+00:00","height":37.3}},{"type":"Feature","geometry":{"type":"Polygon","coordinates":[[[144.95939,-37.814678],[144.959469,-37.814852],[144.959687,-37.814786],[144.959607,-37.814615],[144.95939,-37.814678]]]},"properties":{"dev_key":"X0002812","status":"COMPLETED","permit_num":"TP-2008-205/C","bldhgt_ahd":85.0,"base_ahd":24.8,"address":"Equity Chambers 472-478 Bourke Street MELBOURNE VIC 3000","num_floors":17,"land_use_1":"Hotel rooms 250","shape_type":"extension","datadate":"2024-10-24T12:53:51+00:00","height":60.2}},{"type":"Feature","geometry":{"type":"Polygon","coordinates":[[[144.95805,-37.810654],[144.958262,-37.810594],[144.958066,-37.810161],[144.957854,-37.810223],[144.95805,-37.810654]]]},"properties":{"dev_key":"X0004001","status":"COMPLETED","permit_num":"TPMR-2015-29/A","bldhgt_ahd":35.8,"base_ahd":23.2,"address":"183-189 A'Beckett Street MELBOURNE VIC 3000","num_floors":48,"land_use_1":"Student Accommodation 901","shape_type":"podium","datadate":"2024-10-24T12:53:51+00:00","height":12.6}},{"type":"Feature","geometry":{"type":"Polygon","coordinates":[[[144.963217,-37.811859],[144.963937,-37.811651],[144.96385,-37.81147],[144.96382,-37.811433],[144.963753,-37.811281],[144.963692,-37.811299],[144.963484,-37.810859],[144.962845,-37.811048],[144.963217,-37.811859]]]},"properties":{"dev_key":"X0005614","status":"APPROVED","permit_num":"ID-2018-3","bldhgt_ahd":43.8,"base_ahd":14.4,"address":"Melbourne Central 183-265 La Trobe Street MELBOURNE VIC 3000","num_floors":14,"land_use_1":"Office (sq.m) 20083","shape_type":"podium","datadate":"2024-10-24T12:53:51+00:00","height":29.4}},{"type":"Feature","geometry":{"type":"Polygon","coordinates":[[[144.947648,-37.807345],[144.947892,-37.807538],[144.948159,-37.807338],[144.947897,-37.807136],[144.947648,-37.807345]]]},"properties":{"dev_key":"X0008020","status":"COMPLETED","permit_num":"TP-2020-12","bldhgt_ahd":27.8,"base_ahd":19.5,"address":"550-558 Spencer Street, West Melbourne, 3003","num_floors":8,"land_use_1":"Office (sq.m) 3637","shape_type":"podium","datadate":"2024-10-24T12:53:51+00:00","height":8.3}},{"type":"Feature","geometry":{"type":"Polygon","coordinates":[[[144.94829,-37.810369],[144.948175,-37.810412],[144.948172,-37.810406],[144.948137,-37.810419],[144.948139,-37.810425],[144.948105,-37.810438],[144.948096,-37.810422],[144.948064,-37.810435],[144.948071,-37.81045],[144.948055,-37.810456],[144.948069,-37.810479],[144.948039,-37.81049],[144.948026,-37.810467],[144.947958,-37.810492],[144.947969,-37.810514],[144.94794,-37.810526],[144.947927,-37.810504],[144.947867,-37.81053],[144.947861,-37.810535],[144.947877,-37.810561],[144.947839,-37.810574],[144.947841,-37.810586],[144.947848,-37.810597],[144.947853,-37.810605],[144.947866,-37.810611],[144.947877,-37.810619],[144.947882,-37.810624],[144.947884,-37.810633],[144.947885,-37.810646],[144.94789,-37.810662],[144.947899,-37.810676],[144.947911,-37.810684],[144.947916,-37.810689],[144.947971,-37.810668],[144.947983,-37.810687],[144.948009,-37.810674],[144.948032,-37.810664],[144.948057,-37.810654],[144.948087,-37.810646],[144.948105,-37.810639],[144.948124,-37.810635],[144.948141,-37.810625],[144.948155,-37.810619],[144.948143,-37.810599],[144.948184,-37.810586],[144.948194,-37.810603],[144.948234,-37.810589],[144.94825,-37.810585],[144.948266,-37.81058],[144.948256,-37.810562],[144.948295,-37.810546],[144.948304,-37.81056],[144.948313,-37.810548],[144.948316,-37.810534],[144.948318,-37.810521],[144.948315,-37.810508],[144.948299,-37.810479],[144.948351,-37.810461],[144.948298,-37.810366],[144.94829,-37.810369]]]},"properties":{"dev_key":"X0008409","status":"COMPLETED","permit_num":"TPM-2014-22/B","bldhgt_ahd":60.0,"base_ahd":10.1,"address":"177-231 Rosslyn Street WEST MELBOURNE VIC 3003","num_floors":16,"land_use_1":"Dwellings 118","shape_type":"tower","datadate":"2024-10-24T12:53:51+00:00","height":49.9}},{"type":"Feature","geometry":{"type":"Polygon","coordinates":[[[144.960452,-37.809799],[144.96043,-37.809754],[144.960425,-37.809745],[144.960418,-37.809738],[144.960408,-37.809732],[144.960397,-37.809729],[144.960379,-37.809718],[144.960367,-37.809703],[144.96036,-37.809684],[144.960359,-37.809664],[144.960367,-37.809645],[144.96037,-37.809625],[144.960367,-37.809613],[144.960349,-37.809572],[144.960244,-37.809594],[144.960231,-37.809598],[144.960219,-37.809604],[144.960208,-37.809611],[144.9602,-37.80962],[144.960186,-37.809631],[144.960169,-37.809638],[144.96015,-37.809642],[144.960131,-37.809641],[144.960103,-37.809638],[144.960076,-37.809643],[144.960026,-37.809661],[144.959977,-37.809681],[144.959996,-37.809724],[144.960011,-37.80974],[144.960032,-37.809751],[144.960045,-37.809758],[144.960056,-37.809766],[144.960064,-37.809777],[144.960069,-37.809789],[144.960071,-37.809807],[144.960066,-37.809825],[144.96006,-37.809844],[144.960061,-37.809863],[144.960079,-37.809906],[144.960175,-37.809888],[144.960199,-37.80988],[144.960218,-37.809867],[144.960237,-37.809851],[144.96026,-37.809841],[144.960284,-37.809836],[144.960309,-37.809837],[144.96034,-37.809838],[144.960369,-37.809832],[144.960452,-37.809799]]]},"properties":{"dev_key":"X0010010","status":"COMPLETED","permit_num":"TPM-2015-30/D","bldhgt_ahd":219.5,"base_ahd":16.4,"address":"111-125 A'Beckett Street MELBOURNE VIC 3000","num_floors":65,"land_use_1":"Dwellings 655","shape_type":"tower","datadate":"2024-10-24T12:53:51+00:00","height":203.1}},{"type":"Feature","geometry":{"type":"Polygon","coordinates":[[[144.95559,-37.801214],[144.95543,-37.80134],[144.95572,-37.801571],[144.955879,-37.801445],[144.95559,-37.801214]]]},"properties":{"dev_key":"X0013004","status":"APPROVED","permit_num":"TPM-2022-10","bldhgt_ahd":88.6,"base_ahd":27.9,"address":"5-17 Flemington Road, North Melbourne, 3051","num_floors":23,"land_use_1":"Dwellings 544","shape_type":"tower","datadate":"2024-10-24T12:53:51+00:00","height":60.7}},{"type":"Feature","geometry":{"type":"Polygon","coordinates":[[[144.9559,-37.801545],[144.955629,-37.801759],[144.955924,-37.801999],[144.956035,-37.801912],[144.95604,-37.801916],[144.956204,-37.801787],[144.956127,-37.801725],[144.955949,-37.801867],[144.955928,-37.801849],[144.955901,-37.801871],[144.955853,-37.801833],[144.956061,-37.801672],[144.9559,-37.801545]]]},"properties":{"dev_key":"X0013005","status":"APPROVED","permit_num":"TPM-2022-10","bldhgt_ahd":64.2,"base_ahd":30.7,"address":"5-17 Flemington Road, North Melbourne, 3051","num_floors":18,"land_use_1":"Student Accommodation 603","shape_type":"tower","datadate":"2024-10-24T12:53:51+00:00","height":33.5}},{"type":"Feature","geometry":{"type":"Polygon","coordinates":[[[144.9559,-37.801545],[144.955629,-37.801759],[144.955788,-37.801888],[144.956061,-37.801672],[144.9559,-37.801545]]]},"properties":{"dev_key":"X0013005","status":"APPROVED","permit_num":"TPM-2022-10","bldhgt_ahd":83.1,"base_ahd":30.7,"address":"5-17 Flemington Road, North Melbourne, 3051","num_floors":18,"land_use_1":"Student Accommodation 603","shape_type":"tower","datadate":"2024-10-24T12:53:51+00:00","height":52.4}},{"type":"Feature","geometry":{"type":"Polygon","coordinates":[[[144.961389,-37.810912],[144.961401,-37.810885],[144.96139,-37.810862],[144.961341,-37.81084],[144.961358,-37.810835],[144.961287,-37.810681],[144.961101,-37.810735],[144.961139,-37.810815],[144.960945,-37.810871],[144.961013,-37.811021],[144.961389,-37.810912]]]},"properties":{"dev_key":"X0014012","status":"APPROVED","permit_num":"TP-2020-463/B","bldhgt_ahd":53.3,"base_ahd":13.3,"address":"337-347 Elizabeth Street, Melbourne, 3000","num_floors":10,"land_use_1":"Retail (sq.m) 6923","shape_type":"tower","datadate":"2024-10-24T12:53:51+00:00","height":40.0}},{"type":"Feature","geometry":{"type":"Polygon","coordinates":[[[144.956032,-37.810107],[144.956177,-37.810066],[144.956218,-37.81005],[144.956229,-37.810046],[144.956233,-37.810044],[144.956233,-37.810044],[144.956233,-37.810044],[144.956236,-37.810042],[144.956281,-37.810014],[144.95632,-37.809983],[144.956334,-37.809969],[144.956324,-37.809946],[144.956364,-37.809934],[144.956386,-37.809902],[144.956404,-37.809867],[144.956416,-37.809831],[144.956419,-37.809821],[144.95644,-37.809815],[144.956455,-37.809787],[144.956452,-37.809782],[144.956428,-37.809732],[144.956427,-37.809729],[144.956417,-37.809711],[144.95636,-37.80958],[144.956261,-37.809608],[144.956246,-37.809614],[144.956231,-37.809622],[144.956219,-37.809632],[144.956217,-37.809634],[144.956216,-37.809635],[144.956214,-37.809637],[144.956205,-37.809649],[144.956198,-37.809662],[144.956194,-37.809676],[144.956192,-37.80969],[144.956194,-37.809705],[144.956198,-37.809719],[144.9562,-37.809721],[144.95621,-37.809744],[144.956214,-37.809769],[144.956213,-37.809794],[144.956207,-37.809818],[144.956196,-37.809841],[144.956179,-37.809862],[144.956159,-37.809881],[144.956134,-37.809897],[144.956107,-37.809908],[144.956102,-37.80991],[144.956102,-37.80991],[144.956028,-37.809932],[144.956011,-37.809941],[144.955997,-37.809952],[144.955985,-37.809965],[144.955975,-37.809979],[144.955969,-37.809994],[144.955966,-37.81001],[144.955966,-37.810026],[144.955969,-37.810042],[144.956001,-37.810115],[144.956032,-37.810107]]]},"properties":{"dev_key":"X0014201","status":"APPROVED","permit_num":"TPM-2013-28/C","bldhgt_ahd":83.7,"base_ahd":28.0,"address":"386-412 William Street MELBOURNE VIC 3000","num_floors":34,"land_use_1":"Office (sq.m) 22289","shape_type":"tower","datadate":"2024-10-24T12:53:51+00:00","height":55.7}},{"type":"Feature","geometry":{"type":"Polygon","coordinates":[[[144.95636,-37.809579],[144.956256,-37.80961],[144.95624,-37.809617],[144.956226,-37.809626],[144.956214,-37.809637],[144.956204,-37.80965],[144.956197,-37.809663],[144.956193,-37.809678],[144.956192,-37.809692],[144.956194,-37.809707],[144.9562,-37.809721],[144.95621,-37.809744],[144.956214,-37.809769],[144.956213,-37.809794],[144.956207,-37.809818],[144.956196,-37.809841],[144.956179,-37.809862],[144.956159,-37.809881],[144.956134,-37.809897],[144.956107,-37.809908],[144.955972,-37.809949],[144.955957,-37.809957],[144.955944,-37.809967],[144.955933,-37.809978],[144.955925,-37.809991],[144.955919,-37.810004],[144.955915,-37.810018],[144.955914,-37.810032],[144.955917,-37.810046],[144.955954,-37.810129],[144.956177,-37.810066],[144.956222,-37.810049],[144.956264,-37.810027],[144.956303,-37.810001],[144.956338,-37.80997],[144.956367,-37.809936],[144.956391,-37.8099],[144.956408,-37.809861],[144.956419,-37.809821],[144.95644,-37.809815],[144.956455,-37.809787],[144.95636,-37.809579]]]},"properties":{"dev_key":"X0014201","status":"APPROVED","permit_num":"TPM-2013-28/C","bldhgt_ahd":79.2,"base_ahd":28.0,"address":"386-412 William Street MELBOURNE VIC 3000","num_floors":34,"land_use_1":"Office (sq.m) 22289","shape_type":"tower","datadate":"2024-10-24T12:53:51+00:00","height":51.2}},{"type":"Feature","geometry":{"type":"Polygon","coordinates":[[[144.95421,-37.814452],[144.954236,-37.814445],[144.954222,-37.814411],[144.954288,-37.814392],[144.954289,-37.814393],[144.954289,-37.814394],[144.95429,-37.814396],[144.954291,-37.814397],[144.954292,-37.814397],[144.954293,-37.814398],[144.954295,-37.814399],[144.954296,-37.814399],[144.954298,-37.814399],[144.9543,-37.814399],[144.954301,-37.814399],[144.954351,-37.814384],[144.954367,-37.81438],[144.954388,-37.814374],[144.954389,-37.814373],[144.954391,-37.814372],[144.954392,-37.814371],[144.954392,-37.814369],[144.954393,-37.814368],[144.954393,-37.814367],[144.954393,-37.814365],[144.954393,-37.814364],[144.954392,-37.814362],[144.954387,-37.814353],[144.954399,-37.814349],[144.9544,-37.814351],[144.954401,-37.814352],[144.954403,-37.814353],[144.954405,-37.814354],[144.954407,-37.814355],[144.954409,-37.814355],[144.954411,-37.814355],[144.954413,-37.814355],[144.954565,-37.814311],[144.954567,-37.81431],[144.954568,-37.814309],[144.954569,-37.814308],[144.95457,-37.814307],[144.954571,-37.814306],[144.954572,-37.814304],[144.954572,-37.814302],[144.954572,-37.814301],[144.954571,-37.814299],[144.954571,-37.814298],[144.954527,-37.814204],[144.954532,-37.814203],[144.954533,-37.814202],[144.954534,-37.814202],[144.954534,-37.814201],[144.954535,-37.8142],[144.954535,-37.8142],[144.954535,-37.814199],[144.954535,-37.814198],[144.954535,-37.814197],[144.954534,-37.814197],[144.954495,-37.814111],[144.954488,-37.81411],[144.954483,-37.814097],[144.954486,-37.814096],[144.954487,-37.814095],[144.954488,-37.814094],[144.954489,-37.814093],[144.954489,-37.814091],[144.954489,-37.81409],[144.954489,-37.814088],[144.954489,-37.814087],[144.954486,-37.81408],[144.954467,-37.814039],[144.954465,-37.814038],[144.954464,-37.814037],[144.954462,-37.814037],[144.95446,-37.814036],[144.954458,-37.814036],[144.954456,-37.814036],[144.954454,-37.814036],[144.954448,-37.814023],[144.954449,-37.814022],[144.954449,-37.814022],[144.95445,-37.814021],[144.954451,-37.814021],[144.954451,-37.81402],[144.954451,-37.81402],[144.954451,-37.814019],[144.954451,-37.814018],[144.954451,-37.814017],[144.954451,-37.814017],[144.954451,-37.814016],[144.954424,-37.81396],[144.954418,-37.813958],[144.95441,-37.813939],[144.954393,-37.813944],[144.954371,-37.81395],[144.954205,-37.813998],[144.954153,-37.814013],[144.95411,-37.814025],[144.954028,-37.814049],[144.954023,-37.81405],[144.95421,-37.814452]]]},"properties":{"dev_key":"X0014205","status":"APPROVED","permit_num":"TPMR-2019-20/D","bldhgt_ahd":25.1,"base_ahd":15.6,"address":"Lonsdale Court 600 Lonsdale Street, Melbourne, 3000","num_floors":40,"land_use_1":"Office (sq.m) 27990","shape_type":"podium","datadate":"2024-10-24T12:53:51+00:00","height":9.5}},{"type":"Feature","geometry":{"type":"Polygon","coordinates":[[[144.954118,-37.814081],[144.954224,-37.814314],[144.954181,-37.814327],[144.954225,-37.814423],[144.954568,-37.814324],[144.954416,-37.813995],[144.954118,-37.814081]]]},"properties":{"dev_key":"X0014205","status":"APPROVED","permit_num":"TPMR-2019-20/D","bldhgt_ahd":55.2,"base_ahd":15.6,"address":"Lonsdale Court 600 Lonsdale Street, Melbourne, 3000","num_floors":40,"land_use_1":"Office (sq.m) 27990","shape_type":"tower","datadate":"2024-10-24T12:53:51+00:00","height":39.6}},{"type":"Feature","geometry":{"type":"Polygon","coordinates":[[[144.955741,-37.813199],[144.956052,-37.813881],[144.956245,-37.813826],[144.9561,-37.81351],[144.956217,-37.813476],[144.956048,-37.81311],[144.955741,-37.813199]]]},"properties":{"dev_key":"X0014702","status":"APPROVED","permit_num":"TPMR-2020-53","bldhgt_ahd":112.8,"base_ahd":20.8,"address":"540-550 Lonsdale Street MELBOURNE VIC 3000","num_floors":23,"land_use_1":"Office (sq.m) 39393","shape_type":"tower","datadate":"2024-10-24T12:53:51+00:00","height":92.0}},{"type":"Feature","geometry":{"type":"Polygon","coordinates":[[[144.951304,-37.808118],[144.950907,-37.807647],[144.950609,-37.807804],[144.951005,-37.808274],[144.951304,-37.808118]]]},"properties":{"dev_key":"X0015004","status":"APPROVED","permit_num":"TP-2019-22/A","bldhgt_ahd":43.2,"base_ahd":23.2,"address":"501-509 King Street, West Melbourne, 3003","num_floors":5,"land_use_1":"Retail (sq.m) 4753","shape_type":"tower","datadate":"2024-10-24T12:53:51+00:00","height":20.0}},{"type":"Feature","geometry":{"type":"Polygon","coordinates":[[[144.955316,-37.801303],[144.955307,-37.80131],[144.955234,-37.801368],[144.95515,-37.801434],[144.955558,-37.801756],[144.955638,-37.801691],[144.955718,-37.801625],[144.955396,-37.801368],[144.955316,-37.801303]]]},"properties":{"dev_key":"X0015301","status":"APPLIED","permit_num":"TP-2023-817","bldhgt_ahd":57.2,"base_ahd":28.6,"address":"26-28 Blackwood Street NORTH MELBOURNE VIC 3051","num_floors":16,"land_use_1":"Office (sq.m) 7520","shape_type":"podium","datadate":"2024-10-24T12:53:51+00:00","height":28.6}},{"type":"Feature","geometry":{"type":"Polygon","coordinates":[[[144.967379,-37.809385],[144.967275,-37.809418],[144.967352,-37.80957],[144.967452,-37.809538],[144.967379,-37.809385]]]},"properties":{"dev_key":"X0015306","status":"APPROVED","permit_num":"TP-2023-850","bldhgt_ahd":103.8,"base_ahd":23.8,"address":"152-156 Little Lonsdale Street MELBOURNE VIC 3000","num_floors":26,"land_use_1":"Dwellings 125","shape_type":"tower","datadate":"2024-10-24T12:53:51+00:00","height":80.0}},{"type":"Feature","geometry":{"type":"Polygon","coordinates":[[[144.958671,-37.812717],[144.958858,-37.813121],[144.959288,-37.812996],[144.959221,-37.812852],[144.95902,-37.81291],[144.9589,-37.812649],[144.958671,-37.812717]]]},"properties":{"dev_key":"X0015815","status":"APPLIED","permit_num":"TPMR-2024-12","bldhgt_ahd":45.3,"base_ahd":24.6,"address":"436-450 Lonsdale Street MELBOURNE VIC 3000","num_floors":24,"land_use_1":"Office (sq.m) 16932","shape_type":"podium","datadate":"2024-10-24T12:53:51+00:00","height":20.7}},{"type":"Feature","geometry":{"type":"Polygon","coordinates":[[[144.954837,-37.803307],[144.954814,-37.803305],[144.954818,-37.803287],[144.954661,-37.803269],[144.954626,-37.803466],[144.954783,-37.803483],[144.954786,-37.803465],[144.954808,-37.803468],[144.954805,-37.803486],[144.954934,-37.8035],[144.954969,-37.803304],[144.95484,-37.803289],[144.954837,-37.803307]]]},"properties":{"dev_key":"X000515","status":"COMPLETED","permit_num":"TP-2012-315/A","bldhgt_ahd":51.4,"base_ahd":35.8,"address":"366-392 Queensberry Street NORTH MELBOURNE VIC 3051","num_floors":4,"land_use_1":"Dwellings 35","shape_type":"podium","datadate":"2024-10-24T12:53:51+00:00","height":15.6}},{"type":"Feature","geometry":{"type":"Polygon","coordinates":[[[144.952685,-37.814836],[144.95291,-37.814772],[144.952962,-37.814558],[144.952601,-37.814505],[144.952376,-37.814571],[144.95248,-37.814806],[144.952685,-37.814836]]]},"properties":{"dev_key":"X000175","status":"COMPLETED","permit_num":"TPM-2012-1/A","bldhgt_ahd":327.0,"base_ahd":12.0,"address":"244-276 Spencer Street MELBOURNE VIC 3000","num_floors":80,"land_use_1":"Dwellings 663","shape_type":"tower","datadate":"2024-10-24T12:53:51+00:00","height":315.0}},{"type":"Feature","geometry":{"type":"Polygon","coordinates":[[[144.965781,-37.806282],[144.965569,-37.806258],[144.965535,-37.806462],[144.965769,-37.806489],[144.965776,-37.806448],[144.965736,-37.806443],[144.965757,-37.80639],[144.965707,-37.806377],[144.965725,-37.806333],[144.965759,-37.80634],[144.965781,-37.806282]]]},"properties":{"dev_key":"X001556","status":"COMPLETED","permit_num":"TP-2016-592","bldhgt_ahd":49.3,"base_ahd":34.4,"address":"RMIT 17-25 Lygon Street CARLTON VIC 3053","num_floors":2,"land_use_1":"Childcare places 88","shape_type":"podium","datadate":"2024-10-24T12:53:51+00:00","height":14.9}},{"type":"Feature","geometry":{"type":"Polygon","coordinates":[[[144.960762,-37.805914],[144.960826,-37.805552],[144.960599,-37.805528],[144.96058,-37.805639],[144.96041,-37.805617],[144.960428,-37.805508],[144.960252,-37.805488],[144.960191,-37.805846],[144.960366,-37.805867],[144.960385,-37.805758],[144.960556,-37.805778],[144.960539,-37.805888],[144.960762,-37.805914]]]},"properties":{"dev_key":"X001551","status":"COMPLETED","permit_num":"TP-2016-825","bldhgt_ahd":67.6,"base_ahd":20.8,"address":"16-32 Leicester Street CARLTON VIC 3053","num_floors":17,"land_use_1":"Student Accommodation 866","shape_type":"podium","datadate":"2024-10-24T12:53:51+00:00","height":46.8}},{"type":"Feature","geometry":{"type":"Polygon","coordinates":[[[144.961632,-37.813534],[144.961471,-37.813185],[144.961294,-37.813237],[144.961329,-37.813314],[144.961358,-37.813306],[144.961389,-37.813373],[144.961359,-37.813381],[144.961449,-37.813583],[144.961473,-37.813575],[144.961475,-37.81358],[144.961632,-37.813534]]]},"properties":{"dev_key":"X0003601","status":"APPROVED","permit_num":"TP-2018-120","bldhgt_ahd":53.2,"base_ahd":15.4,"address":"372-378 Little Bourke Street MELBOURNE VIC 3000","num_floors":18,"land_use_1":"Office (sq.m) 6396","shape_type":"podium","datadate":"2024-10-24T12:53:51+00:00","height":37.8}},{"type":"Feature","geometry":{"type":"Polygon","coordinates":[[[144.950351,-37.812173],[144.950743,-37.812062],[144.950562,-37.811671],[144.950534,-37.811679],[144.950515,-37.811639],[144.950544,-37.811631],[144.950447,-37.811422],[144.950203,-37.811492],[144.950301,-37.811707],[144.950161,-37.811747],[144.950351,-37.812173]]]},"properties":{"dev_key":"X0011211","status":"APPROVED","permit_num":"TPM-2019-4/A","bldhgt_ahd":44.2,"base_ahd":15.5,"address":"355-369 Spencer Street, West Melbourne, 3003","num_floors":6,"land_use_1":"Office (sq.m) 8572","shape_type":"tower","datadate":"2024-10-24T12:53:51+00:00","height":28.7}},{"type":"Feature","geometry":{"type":"Polygon","coordinates":[[[144.96104,-37.80176],[144.960986,-37.801883],[144.961009,-37.801885],[144.96099,-37.80193],[144.960966,-37.801927],[144.960927,-37.802014],[144.961217,-37.802045],[144.96122,-37.80202],[144.961299,-37.802028],[144.961294,-37.802053],[144.961579,-37.802079],[144.961581,-37.802057],[144.961657,-37.802066],[144.961653,-37.802093],[144.961838,-37.802114],[144.961887,-37.801848],[144.961607,-37.801819],[144.96159,-37.801917],[144.961428,-37.8019],[144.961443,-37.801806],[144.96104,-37.80176]]]},"properties":{"dev_key":"X0006807","status":"APPROVED","permit_num":"TPM-2019-19","bldhgt_ahd":89.1,"base_ahd":29.6,"address":"183-195 Bouverie Street, Carlton, 3053","num_floors":11,"land_use_1":"Education (sq.m) 18266","shape_type":"tower","datadate":"2024-10-24T12:53:51+00:00","height":59.5}},{"type":"Feature","geometry":{"type":"Polygon","coordinates":[[[144.947577,-37.810322],[144.947685,-37.810479],[144.947899,-37.810379],[144.947929,-37.810386],[144.94795,-37.810389],[144.947976,-37.810388],[144.947993,-37.810384],[144.948015,-37.810376],[144.948032,-37.810363],[144.948049,-37.810347],[144.948059,-37.810338],[144.948074,-37.810328],[144.948087,-37.810318],[144.948102,-37.810309],[144.948119,-37.810299],[144.948136,-37.810291],[144.94816,-37.810282],[144.948146,-37.810258],[144.948026,-37.810103],[144.947577,-37.810322]]]},"properties":{"dev_key":"X0008408","status":"COMPLETED","permit_num":"TPM-2014-22/B","bldhgt_ahd":24.0,"base_ahd":11.4,"address":"177-231 Rosslyn Street WEST MELBOURNE VIC 3003","num_floors":9,"land_use_1":"Car parks 558","shape_type":"podium","datadate":"2024-10-24T12:53:51+00:00","height":12.6}},{"type":"Feature","geometry":{"type":"Polygon","coordinates":[[[144.948177,-37.810092],[144.948289,-37.810239],[144.948416,-37.810175],[144.948401,-37.810156],[144.948427,-37.810144],[144.948441,-37.810162],[144.948546,-37.810112],[144.948532,-37.810092],[144.948559,-37.810078],[144.948573,-37.810098],[144.94865,-37.810062],[144.948556,-37.809941],[144.948527,-37.809953],[144.94851,-37.809931],[144.948306,-37.810029],[144.948315,-37.810045],[144.94822,-37.81009],[144.948211,-37.810078],[144.948177,-37.810092]]]},"properties":{"dev_key":"X0008410","status":"COMPLETED","permit_num":"TPM-2014-22/B","bldhgt_ahd":44.4,"base_ahd":10.7,"address":"177-231 Rosslyn Street WEST MELBOURNE VIC 3003","num_floors":11,"land_use_1":"Dwellings 98","shape_type":"tower","datadate":"2024-10-24T12:53:51+00:00","height":33.7}},{"type":"Feature","geometry":{"type":"Polygon","coordinates":[[[144.96711,-37.809808],[144.966931,-37.809862],[144.967032,-37.81008],[144.967212,-37.810028],[144.96711,-37.809808]]]},"properties":{"dev_key":"X0008603","status":"COMPLETED","permit_num":"TP-2020-198","bldhgt_ahd":107.1,"base_ahd":24.2,"address":"276-284 Russell Street MELBOURNE VIC 3000","num_floors":28,"land_use_1":"Student Accommodation 374","shape_type":"podium","datadate":"2024-10-24T12:53:51+00:00","height":82.9}},{"type":"Feature","geometry":{"type":"Polygon","coordinates":[[[144.959045,-37.804504],[144.959111,-37.804485],[144.959133,-37.804531],[144.959067,-37.80455],[144.95916,-37.804751],[144.959589,-37.804626],[144.959497,-37.804425],[144.959464,-37.804434],[144.959443,-37.804388],[144.959475,-37.804379],[144.95943,-37.804281],[144.959219,-37.804258],[144.959236,-37.80429],[144.959211,-37.804298],[144.959191,-37.804254],[144.95893,-37.804225],[144.95892,-37.804235],[144.959045,-37.804504]]]},"properties":{"dev_key":"X0008803","status":"APPROVED","permit_num":"TPM-2020-18","bldhgt_ahd":33.1,"base_ahd":23.5,"address":"600-608 Elizabeth Street, Melbourne, 3000","num_floors":17,"land_use_1":"Office (sq.m) 18963","shape_type":"podium","datadate":"2024-10-24T12:53:51+00:00","height":9.6}},{"type":"Feature","geometry":{"type":"Polygon","coordinates":[[[144.958121,-37.808492],[144.958501,-37.808367],[144.958497,-37.80836],[144.95851,-37.808356],[144.958434,-37.808189],[144.95831,-37.808229],[144.958305,-37.80822],[144.958268,-37.80822],[144.958265,-37.808216],[144.958227,-37.808218],[144.958212,-37.808189],[144.958173,-37.808202],[144.958121,-37.808492]]]},"properties":{"dev_key":"X0009201","status":"APPROVED","permit_num":"TPM-2020-49","bldhgt_ahd":63.3,"base_ahd":22.0,"address":"450 Queen Street, Melbourne, 3000","num_floors":22,"land_use_1":"Dwellings 146","shape_type":"tower","datadate":"2024-10-24T12:53:51+00:00","height":41.3}},{"type":"Feature","geometry":{"type":"Polygon","coordinates":[[[144.952444,-37.812311],[144.952229,-37.812372],[144.952282,-37.812485],[144.952328,-37.812471],[144.952393,-37.812609],[144.952345,-37.812623],[144.952405,-37.81275],[144.95262,-37.812689],[144.952561,-37.812561],[144.952501,-37.812578],[144.952436,-37.812439],[144.952496,-37.812423],[144.952444,-37.812311]]]},"properties":{"dev_key":"X0009200","status":"APPROVED","permit_num":"TP-2018-749/A","bldhgt_ahd":36.0,"base_ahd":17.8,"address":"488-494 La Trobe Street WEST MELBOURNE VIC 3003","num_floors":17,"land_use_1":"Hotel rooms 195","shape_type":"tower","datadate":"2024-10-24T12:53:51+00:00","height":18.2}},{"type":"Feature","geometry":{"type":"Polygon","coordinates":[[[144.956429,-37.812911],[144.956475,-37.813012],[144.95677,-37.812928],[144.956723,-37.812826],[144.956429,-37.812911]]]},"properties":{"dev_key":"X0009204","status":"COMPLETED","permit_num":"TP-2017-814/A","bldhgt_ahd":102.7,"base_ahd":25.9,"address":"263-267 William Street MELBOURNE VIC 3000","num_floors":21,"land_use_1":"Office (sq.m) 3968","shape_type":"tower","datadate":"2024-10-24T12:53:51+00:00","height":76.8}},{"type":"Feature","geometry":{"type":"Polygon","coordinates":[[[144.946745,-37.809834],[144.946719,-37.809849],[144.946721,-37.809852],[144.946591,-37.809925],[144.946595,-37.809929],[144.946531,-37.809964],[144.946545,-37.809979],[144.946532,-37.809986],[144.946517,-37.809968],[144.946477,-37.809993],[144.946602,-37.810133],[144.946619,-37.810123],[144.94659,-37.81009],[144.946615,-37.810077],[144.946623,-37.810086],[144.946645,-37.810074],[144.946658,-37.810087],[144.946656,-37.810089],[144.946673,-37.810107],[144.946675,-37.810106],[144.946688,-37.810121],[144.946681,-37.810125],[144.946725,-37.810174],[144.946732,-37.810171],[144.946745,-37.810184],[144.946743,-37.810186],[144.946761,-37.810205],[144.946762,-37.810204],[144.946776,-37.810219],[144.946769,-37.810223],[144.94679,-37.810246],[144.946732,-37.810278],[144.946791,-37.810343],[144.946789,-37.810344],[144.946811,-37.810369],[144.947099,-37.810229],[144.947059,-37.810185],[144.947056,-37.810186],[144.94705,-37.810179],[144.947053,-37.810178],[144.946915,-37.810023],[144.946919,-37.81002],[144.946906,-37.810005],[144.946896,-37.81001],[144.946893,-37.810007],[144.946903,-37.810001],[144.946881,-37.809977],[144.946876,-37.80998],[144.946857,-37.809959],[144.946858,-37.809958],[144.946842,-37.809941],[144.946846,-37.809938],[144.946837,-37.809929],[144.946833,-37.809931],[144.946819,-37.809916],[144.946824,-37.809913],[144.946816,-37.809905],[144.946811,-37.809907],[144.946796,-37.809891],[144.946794,-37.809893],[144.946788,-37.809886],[144.946791,-37.809884],[144.946745,-37.809834]]]},"properties":{"dev_key":"X0009206","status":"APPROVED","permit_num":"TP-2017-395/A","bldhgt_ahd":32.0,"base_ahd":9.3,"address":"137-157 Adderley Street WEST MELBOURNE VIC 3003","num_floors":7,"land_use_1":"Dwellings 96","shape_type":"tower","datadate":"2024-10-24T12:53:51+00:00","height":22.7}},{"type":"Feature","geometry":{"type":"Polygon","coordinates":[[[144.956539,-37.805273],[144.956368,-37.805254],[144.95635,-37.805361],[144.95652,-37.80538],[144.956539,-37.805273]]]},"properties":{"dev_key":"X0011208","status":"APPROVED","permit_num":"TP-2020-15/A","bldhgt_ahd":58.2,"base_ahd":27.8,"address":"116-120 Peel Street, North Melbourne, 3051","num_floors":9,"land_use_1":"Dwellings 32","shape_type":"tower","datadate":"2024-10-24T12:53:51+00:00","height":30.4}},{"type":"Feature","geometry":{"type":"Polygon","coordinates":[[[144.953914,-37.815502],[144.953768,-37.815544],[144.953773,-37.815556],[144.953711,-37.815573],[144.953725,-37.815603],[144.953694,-37.815612],[144.953756,-37.815747],[144.953845,-37.815721],[144.95385,-37.81572],[144.95387,-37.815763],[144.954014,-37.815722],[144.953983,-37.815655],[144.953986,-37.815655],[144.953914,-37.815502]]]},"properties":{"dev_key":"X0011804","status":"APPROVED","permit_num":"TP-2021-709","bldhgt_ahd":89.5,"base_ahd":11.1,"address":"620-648 Little Bourke Street, Melbourne, 3000","num_floors":25,"land_use_1":"Hotel rooms 237","shape_type":"tower","datadate":"2024-10-24T12:53:51+00:00","height":78.4}},{"type":"Feature","geometry":{"type":"Polygon","coordinates":[[[144.961081,-37.811161],[144.961196,-37.811433],[144.961344,-37.811389],[144.961224,-37.81112],[144.961081,-37.811161]]]},"properties":{"dev_key":"X0014007","status":"APPROVED","permit_num":"TP-2016-290/A","bldhgt_ahd":39.2,"base_ahd":9.9,"address":"274-278 Little Lonsdale Street MELBOURNE VIC 3000","num_floors":32,"land_use_1":"Hotel rooms 207","shape_type":"tower","datadate":"2024-10-24T12:53:51+00:00","height":29.3}},{"type":"Feature","geometry":{"type":"Polygon","coordinates":[[[144.949751,-37.807435],[144.949889,-37.80757],[144.950176,-37.807396],[144.950178,-37.807321],[144.950054,-37.807202],[144.949915,-37.807291],[144.949886,-37.807262],[144.949968,-37.807208],[144.949678,-37.806927],[144.949444,-37.807079],[144.949575,-37.807205],[144.949627,-37.807171],[144.949643,-37.807186],[144.94959,-37.80722],[144.949788,-37.807411],[144.949751,-37.807435]]]},"properties":{"dev_key":"X0014004","status":"APPROVED","permit_num":"TPM-2022-20","bldhgt_ahd":29.8,"base_ahd":22.0,"address":"559-577 King Street WEST MELBOURNE VIC 3003","num_floors":9,"land_use_1":"Dwellings 105","shape_type":"podium","datadate":"2024-10-24T12:53:51+00:00","height":7.8}},{"type":"Feature","geometry":{"type":"Polygon","coordinates":[[[144.955886,-37.809621],[144.955876,-37.809628],[144.955868,-37.809635],[144.955861,-37.809644],[144.955857,-37.809653],[144.955854,-37.809663],[144.955853,-37.809673],[144.955854,-37.809683],[144.955905,-37.809795],[144.956036,-37.809757],[144.956044,-37.809754],[144.956052,-37.809749],[144.956058,-37.809744],[144.956063,-37.809737],[144.956067,-37.809731],[144.956069,-37.809723],[144.956069,-37.809716],[144.956068,-37.809709],[144.956065,-37.809702],[144.956031,-37.809629],[144.956012,-37.809585],[144.955886,-37.809621]]]},"properties":{"dev_key":"X0014202","status":"APPROVED","permit_num":"TPM-2013-28/C","bldhgt_ahd":87.0,"base_ahd":28.0,"address":"386-412 William Street MELBOURNE VIC 3000","num_floors":3,"land_use_1":"Office (sq.m) 1278","shape_type":"tower","datadate":"2024-10-24T12:53:51+00:00","height":59.0}},{"type":"Feature","geometry":{"type":"Polygon","coordinates":[[[144.956262,-37.810027],[144.956272,-37.810021],[144.956297,-37.810002],[144.95632,-37.809983],[144.956328,-37.809975],[144.956331,-37.809972],[144.956331,-37.809972],[144.956331,-37.809972],[144.956332,-37.809972],[144.956333,-37.80997],[144.956334,-37.809969],[144.956334,-37.809969],[144.956348,-37.809954],[144.956364,-37.809934],[144.956365,-37.809934],[144.95637,-37.809926],[144.956389,-37.809896],[144.956405,-37.809864],[144.956416,-37.809831],[144.956419,-37.809821],[144.95644,-37.809815],[144.956455,-37.809787],[144.956452,-37.809782],[144.956428,-37.809732],[144.956427,-37.809729],[144.956423,-37.809721],[144.956418,-37.809713],[144.956417,-37.809711],[144.956395,-37.809659],[144.95636,-37.80958],[144.956274,-37.809604],[144.956258,-37.809609],[144.956244,-37.809615],[144.95623,-37.809623],[144.956219,-37.809632],[144.956218,-37.809633],[144.956217,-37.809633],[144.956217,-37.809634],[144.956216,-37.809635],[144.956216,-37.809635],[144.956216,-37.809635],[144.956214,-37.809637],[144.956214,-37.809637],[144.956213,-37.809638],[144.956206,-37.809647],[144.956201,-37.809655],[144.956196,-37.809668],[144.956193,-37.809681],[144.956192,-37.809694],[144.956195,-37.809707],[144.956199,-37.809719],[144.9562,-37.809721],[144.956209,-37.809743],[144.956214,-37.809767],[144.956214,-37.809791],[144.956209,-37.809814],[144.956207,-37.809817],[144.956199,-37.809835],[144.956196,-37.809841],[144.956194,-37.809857],[144.956194,-37.809872],[144.956198,-37.809887],[144.956262,-37.810027]]]},"properties":{"dev_key":"X0014201","status":"APPROVED","permit_num":"TPM-2013-28/C","bldhgt_ahd":124.2,"base_ahd":28.0,"address":"386-412 William Street MELBOURNE VIC 3000","num_floors":34,"land_use_1":"Office (sq.m) 22289","shape_type":"tower","datadate":"2024-10-24T12:53:51+00:00","height":96.2}},{"type":"Feature","geometry":{"type":"Polygon","coordinates":[[[144.956395,-37.810816],[144.956508,-37.811058],[144.956565,-37.811042],[144.95661,-37.811029],[144.956612,-37.811034],[144.956661,-37.81102],[144.956679,-37.811014],[144.956681,-37.811013],[144.956649,-37.810941],[144.956597,-37.810825],[144.95658,-37.810788],[144.956571,-37.810766],[144.95657,-37.810766],[144.956489,-37.81079],[144.956494,-37.810803],[144.95648,-37.810807],[144.956475,-37.810794],[144.95642,-37.810809],[144.956395,-37.810816]]]},"properties":{"dev_key":"X0014603","status":"APPROVED","permit_num":"TP-2015-459/E","bldhgt_ahd":103.4,"base_ahd":27.4,"address":"354-360 William Street MELBOURNE VIC 3000","num_floors":23,"land_use_1":"Student Accommodation 456","shape_type":"tower","datadate":"2024-10-24T12:53:51+00:00","height":76.0}},{"type":"Feature","geometry":{"type":"Polygon","coordinates":[[[144.961277,-37.815419],[144.961254,-37.815365],[144.961518,-37.815286],[144.96152,-37.815285],[144.961522,-37.815284],[144.961523,-37.815283],[144.961525,-37.815282],[144.961526,-37.815281],[144.961526,-37.815279],[144.961527,-37.815277],[144.961527,-37.815276],[144.961503,-37.815224],[144.961484,-37.815229],[144.961474,-37.815206],[144.961493,-37.815201],[144.961472,-37.815155],[144.961469,-37.815154],[144.961466,-37.815152],[144.961462,-37.815151],[144.961459,-37.815151],[144.961455,-37.81515],[144.961451,-37.815151],[144.961448,-37.815152],[144.961429,-37.81511],[144.961451,-37.815104],[144.961399,-37.81499],[144.961396,-37.814984],[144.961391,-37.81498],[144.961385,-37.814975],[144.961379,-37.814972],[144.961372,-37.81497],[144.961364,-37.814968],[144.961356,-37.814968],[144.961349,-37.814969],[144.961018,-37.815064],[144.961011,-37.815068],[144.961005,-37.815072],[144.961,-37.815077],[144.960996,-37.815083],[144.960993,-37.815089],[144.960991,-37.815095],[144.960991,-37.815102],[144.960992,-37.815108],[144.961129,-37.815401],[144.961134,-37.815399],[144.96116,-37.815454],[144.961277,-37.815419]]]},"properties":{"dev_key":"X0014802","status":"UNDER CONSTRUCTION","permit_num":"TPMR-2019-1/D","bldhgt_ahd":205.8,"base_ahd":15.8,"address":"148-156 Queen Street MELBOURNE VIC 3000","num_floors":51,"land_use_1":"Office (sq.m) 62754","shape_type":"tower","datadate":"2024-10-24T12:53:51+00:00","height":190.0}},{"type":"Feature","geometry":{"type":"Polygon","coordinates":[[[144.960909,-37.81505],[144.961008,-37.815262],[144.961061,-37.815247],[144.961129,-37.815401],[144.961137,-37.815399],[144.961177,-37.81549],[144.961294,-37.815457],[144.961254,-37.815365],[144.961274,-37.815359],[144.961523,-37.815288],[144.961528,-37.815278],[144.961503,-37.815224],[144.96149,-37.815228],[144.96148,-37.815204],[144.961493,-37.815201],[144.961473,-37.815157],[144.961471,-37.815155],[144.961468,-37.815154],[144.961465,-37.815152],[144.961462,-37.815151],[144.961459,-37.815151],[144.961456,-37.81515],[144.961452,-37.815151],[144.961441,-37.815126],[144.96143,-37.815129],[144.961339,-37.814928],[144.961187,-37.814971],[144.96119,-37.814977],[144.961111,-37.814999],[144.961109,-37.814993],[144.960909,-37.81505]]]},"properties":{"dev_key":"X0014802","status":"UNDER CONSTRUCTION","permit_num":"TPMR-2019-1/D","bldhgt_ahd":97.6,"base_ahd":15.8,"address":"148-156 Queen Street MELBOURNE VIC 3000","num_floors":51,"land_use_1":"Office (sq.m) 62754","shape_type":"tower","datadate":"2024-10-24T12:53:51+00:00","height":81.8}},{"type":"Feature","geometry":{"type":"Polygon","coordinates":[[[144.961339,-37.802632],[144.961336,-37.802632],[144.961248,-37.802622],[144.961208,-37.802618],[144.961105,-37.802606],[144.96109,-37.802605],[144.961056,-37.802601],[144.961035,-37.802716],[144.961075,-37.802721],[144.96108,-37.802722],[144.96107,-37.802769],[144.961068,-37.80278],[144.96106,-37.802821],[144.961053,-37.802855],[144.961047,-37.802886],[144.96128,-37.802912],[144.961305,-37.802774],[144.961318,-37.802702],[144.961323,-37.802703],[144.961327,-37.802703],[144.961339,-37.802632]]]},"properties":{"dev_key":"X0014903","status":"APPROVED","permit_num":"TP-2017-616/A","bldhgt_ahd":39.2,"base_ahd":27.4,"address":"4-12 Leicester Place CARLTON VIC 3053","num_floors":15,"land_use_1":"Student Accommodation 195","shape_type":"podium","datadate":"2024-10-24T12:53:51+00:00","height":11.8}},{"type":"Feature","geometry":{"type":"Polygon","coordinates":[[[144.958183,-37.8025],[144.958245,-37.802635],[144.958303,-37.802618],[144.958298,-37.802608],[144.958537,-37.802536],[144.958541,-37.802546],[144.958588,-37.802532],[144.958538,-37.802423],[144.958455,-37.802447],[144.958464,-37.802464],[144.958364,-37.802494],[144.958346,-37.802451],[144.958183,-37.8025]]]},"properties":{"dev_key":"X0015602","status":"APPROVED","permit_num":"TP-2020-609/B","bldhgt_ahd":98.6,"base_ahd":31.4,"address":"680 Elizabeth Street, Melbourne, 3000","num_floors":21,"land_use_1":"Student Accommodation 379","shape_type":"tower","datadate":"2024-10-24T12:53:51+00:00","height":67.2}},{"type":"Feature","geometry":{"type":"Polygon","coordinates":[[[144.955421,-37.815315],[144.955551,-37.815277],[144.955543,-37.815259],[144.955606,-37.81524],[144.955428,-37.814849],[144.955411,-37.814813],[144.955399,-37.814817],[144.955338,-37.814683],[144.955154,-37.814736],[144.955421,-37.815315]]]},"properties":{"dev_key":"X0015813","status":"APPLIED","permit_num":"TP-2020-33/A","bldhgt_ahd":23.9,"base_ahd":15.9,"address":"570-576 Little Bourke Street, Melbourne, 3000","num_floors":25,"land_use_1":"Student Accommodation 896","shape_type":"podium","datadate":"2024-10-24T12:53:51+00:00","height":8.0}},{"type":"Feature","geometry":{"type":"Polygon","coordinates":[[[144.962435,-37.809076],[144.962378,-37.808953],[144.962143,-37.809022],[144.962201,-37.809145],[144.962435,-37.809076]]]},"properties":{"dev_key":"X0015906","status":"APPLIED","permit_num":"TP-2021-253/A","bldhgt_ahd":97.6,"base_ahd":17.6,"address":"41-45 A'Beckett Street, Melbourne, 3000","num_floors":24,"land_use_1":"Hotel rooms 378","shape_type":"tower","datadate":"2024-10-24T12:53:51+00:00","height":80.0}},{"type":"Feature","geometry":{"type":"Polygon","coordinates":[[[144.962976,-37.809437],[144.962917,-37.809306],[144.962666,-37.809377],[144.962812,-37.8097],[144.963068,-37.809627],[144.963009,-37.809498],[144.962883,-37.809533],[144.962855,-37.809471],[144.962976,-37.809437]]]},"properties":{"dev_key":"X0016000","status":"UNDER CONSTRUCTION","permit_num":"ID-2022-6","bldhgt_ahd":169.3,"base_ahd":18.6,"address":"188-222 La Trobe Street MELBOURNE VIC","num_floors":56,"land_use_1":"Student Accommodation 1407","shape_type":"tower","datadate":"2024-10-24T12:53:51+00:00","height":150.7}},{"type":"Feature","geometry":{"type":"Polygon","coordinates":[[[144.963442,-37.809329],[144.963386,-37.809207],[144.963368,-37.809212],[144.963366,-37.809208],[144.963384,-37.809202],[144.96337,-37.80917],[144.9633,-37.809189],[144.963308,-37.809206],[144.963295,-37.80921],[144.963289,-37.809196],[144.963006,-37.809276],[144.963032,-37.809334],[144.963053,-37.809328],[144.963057,-37.809338],[144.963036,-37.809344],[144.963062,-37.809403],[144.96322,-37.809359],[144.963227,-37.809373],[144.963233,-37.809389],[144.963296,-37.809371],[144.963359,-37.809353],[144.963352,-37.80934],[144.963365,-37.809336],[144.963371,-37.80935],[144.963442,-37.809329]]]},"properties":{"dev_key":"X000267","status":"COMPLETED","permit_num":"TP-2014-934","bldhgt_ahd":152.3,"base_ahd":22.3,"address":"Deakin House 393-397 Swanston Street MELBOURNE VIC 3000","num_floors":43,"land_use_1":"Student Accommodation 763","shape_type":"tower","datadate":"2024-10-24T12:53:51+00:00","height":130.0}},{"type":"Feature","geometry":{"type":"Polygon","coordinates":[[[144.967435,-37.807988],[144.967418,-37.807951],[144.967291,-37.807988],[144.967339,-37.808093],[144.967351,-37.80809],[144.967352,-37.808089],[144.967368,-37.808124],[144.967368,-37.808124],[144.967334,-37.808134],[144.967379,-37.808233],[144.967391,-37.808229],[144.967412,-37.808224],[144.967423,-37.808248],[144.967402,-37.808254],[144.967308,-37.808281],[144.967359,-37.80839],[144.96749,-37.80835],[144.967501,-37.808375],[144.9676,-37.808347],[144.967581,-37.808305],[144.967577,-37.808296],[144.967492,-37.808111],[144.967435,-37.807988]]]},"properties":{"dev_key":"X001331","status":"COMPLETED","permit_num":"TP-2016-320","bldhgt_ahd":67.7,"base_ahd":27.0,"address":"42-50 La Trobe Street MELBOURNE VIC 3000","num_floors":43,"land_use_1":"Student Accommodation 783","shape_type":"podium","datadate":"2024-10-24T12:53:51+00:00","height":40.7}},{"type":"Feature","geometry":{"type":"Polygon","coordinates":[[[144.956886,-37.80962],[144.957278,-37.80966],[144.957297,-37.809553],[144.956906,-37.809509],[144.956886,-37.80962]]]},"properties":{"dev_key":"X001233","status":"COMPLETED","permit_num":"TP-2015-580","bldhgt_ahd":59.0,"base_ahd":26.3,"address":"229-241 Franklin Street MELBOURNE VIC 3000","num_floors":24,"land_use_1":"Student Accommodation 691","shape_type":"tower","datadate":"2024-10-24T12:53:51+00:00","height":32.7}},{"type":"Feature","geometry":{"type":"Polygon","coordinates":[[[144.962447,-37.804184],[144.962447,-37.804187],[144.962437,-37.804247],[144.962434,-37.804263],[144.962425,-37.804317],[144.962421,-37.80434],[144.96266,-37.804366],[144.962662,-37.804357],[144.96298,-37.80439],[144.962979,-37.804401],[144.963102,-37.804415],[144.963118,-37.804402],[144.963144,-37.804252],[144.963008,-37.804235],[144.963006,-37.804246],[144.962447,-37.804184]]]},"properties":{"dev_key":"X001332","status":"COMPLETED","permit_num":"TP-2016-259","bldhgt_ahd":37.4,"base_ahd":30.5,"address":"599-605 Swanston Street CARLTON VIC 3053","num_floors":20,"land_use_1":"Student Accommodation 628","shape_type":"podium","datadate":"2024-10-24T12:53:51+00:00","height":6.9}},{"type":"Feature","geometry":{"type":"Polygon","coordinates":[[[144.952255,-37.810727],[144.952255,-37.81079],[144.952256,-37.810861],[144.952349,-37.811064],[144.952532,-37.811012],[144.952554,-37.810883],[144.952421,-37.810679],[144.952255,-37.810727]]]},"properties":{"dev_key":"X000275","status":"COMPLETED","permit_num":"TPM-2014-21","bldhgt_ahd":88.7,"base_ahd":23.5,"address":"15-31 Batman Street WEST MELBOURNE VIC 3003","num_floors":21,"land_use_1":"Dwellings 247","shape_type":"tower","datadate":"2024-10-24T12:53:51+00:00","height":65.2}},{"type":"Feature","geometry":{"type":"Polygon","coordinates":[[[144.953287,-37.806915],[144.953159,-37.806901],[144.952718,-37.806852],[144.952707,-37.806912],[144.952682,-37.80705],[144.95267,-37.807115],[144.953108,-37.807164],[144.953241,-37.807178],[144.953287,-37.806915]]]},"properties":{"dev_key":"X001360","status":"COMPLETED","permit_num":"TP-2015-1218","bldhgt_ahd":35.4,"base_ahd":32.4,"address":"3-11 Howard Street WEST MELBOURNE VIC 3003","num_floors":5,"land_use_1":"Dwellings 17","shape_type":"podium","datadate":"2024-10-24T12:53:51+00:00","height":3.0}},{"type":"Feature","geometry":{"type":"Polygon","coordinates":[[[144.95993,-37.811089],[144.959926,-37.81108],[144.959863,-37.810942],[144.959862,-37.81094],[144.959847,-37.810907],[144.959658,-37.810962],[144.959674,-37.810996],[144.95974,-37.811135],[144.959744,-37.811144],[144.95993,-37.811089]]]},"properties":{"dev_key":"X000224","status":"COMPLETED","permit_num":"TP-2013-493","bldhgt_ahd":64.0,"base_ahd":17.9,"address":"La Trobe Tower 323-331 La Trobe Street MELBOURNE VIC 3000","num_floors":42,"land_use_1":"Dwellings 210","shape_type":"podium","datadate":"2024-10-24T12:53:51+00:00","height":46.1}},{"type":"Feature","geometry":{"type":"Polygon","coordinates":[[[144.954016,-37.813596],[144.953512,-37.813742],[144.953641,-37.814023],[144.954149,-37.813876],[144.954016,-37.813596]]]},"properties":{"dev_key":"X000181","status":"COMPLETED","permit_num":"TPM-2009-40/A","bldhgt_ahd":41.9,"base_ahd":14.8,"address":"Australis Apartments 593-611 Little Lonsdale Street MELBOURNE VIC 3000","num_floors":46,"land_use_1":"Dwellings 520","shape_type":"podium","datadate":"2024-10-24T12:53:51+00:00","height":27.1}},{"type":"Feature","geometry":{"type":"Polygon","coordinates":[[[144.95799,-37.802199],[144.958066,-37.802179],[144.958066,-37.802179],[144.958208,-37.80214],[144.958187,-37.802094],[144.958179,-37.802077],[144.958185,-37.802075],[144.958166,-37.802034],[144.957922,-37.802007],[144.957904,-37.802024],[144.957919,-37.802057],[144.957974,-37.802172],[144.957987,-37.8022],[144.95799,-37.802199]]]},"properties":{"dev_key":"X001349","status":"APPROVED","permit_num":"TP-2016-240","bldhgt_ahd":50.3,"base_ahd":32.9,"address":"696-708 Elizabeth Street MELBOURNE VIC 3000","num_floors":22,"land_use_1":"Dwellings 80","shape_type":"podium","datadate":"2024-10-24T12:53:51+00:00","height":17.4}},{"type":"Feature","geometry":{"type":"Polygon","coordinates":[[[144.964521,-37.804967],[144.964346,-37.804948],[144.964339,-37.804984],[144.964231,-37.804972],[144.964225,-37.805007],[144.964217,-37.805053],[144.964202,-37.80514],[144.964377,-37.805159],[144.964378,-37.805157],[144.964486,-37.805167],[144.964521,-37.804967]]]},"properties":{"dev_key":"X000428","status":"COMPLETED","permit_num":"TP-2010-318","bldhgt_ahd":46.3,"base_ahd":33.4,"address":"73-81 Cardigan Street CARLTON VIC 3053","num_floors":9,"land_use_1":"Dwellings 44","shape_type":"podium","datadate":"2024-10-24T12:53:51+00:00","height":12.9}},{"type":"Feature","geometry":{"type":"Polygon","coordinates":[[[144.960844,-37.807892],[144.960844,-37.807892],[144.960765,-37.807726],[144.960396,-37.807831],[144.960395,-37.807831],[144.960474,-37.808],[144.960844,-37.807892]]]},"properties":{"dev_key":"X000312","status":"COMPLETED","permit_num":"TPM-2013-29","bldhgt_ahd":263.0,"base_ahd":17.3,"address":"452-472 Elizabeth Street MELBOURNE VIC 3000","num_floors":54,"land_use_1":"Dwellings 622","shape_type":"tower","datadate":"2024-10-24T12:53:51+00:00","height":245.7}},{"type":"Feature","geometry":{"type":"Polygon","coordinates":[[[144.960844,-37.807892],[144.96087,-37.807884],[144.960775,-37.807674],[144.960378,-37.807791],[144.960396,-37.807831],[144.960474,-37.808],[144.960844,-37.807892]]]},"properties":{"dev_key":"X000312","status":"COMPLETED","permit_num":"TPM-2013-29","bldhgt_ahd":60.0,"base_ahd":17.3,"address":"452-472 Elizabeth Street MELBOURNE VIC 3000","num_floors":54,"land_use_1":"Dwellings 622","shape_type":"podium","datadate":"2024-10-24T12:53:51+00:00","height":42.7}},{"type":"Feature","geometry":{"type":"Polygon","coordinates":[[[144.967732,-37.808309],[144.967709,-37.808258],[144.967568,-37.80795],[144.967551,-37.807913],[144.967418,-37.807951],[144.967435,-37.807988],[144.967492,-37.808111],[144.967577,-37.808296],[144.967581,-37.808305],[144.9676,-37.808347],[144.967732,-37.808309]]]},"properties":{"dev_key":"X000270","status":"COMPLETED","permit_num":"TP-2011-471/A","bldhgt_ahd":56.0,"base_ahd":26.9,"address":"36-40 La Trobe Street MELBOURNE VIC 3000","num_floors":38,"land_use_1":"Dwellings 224","shape_type":"podium","datadate":"2024-10-24T12:53:51+00:00","height":29.1}},{"type":"Feature","geometry":{"type":"Polygon","coordinates":[[[144.953045,-37.805153],[144.952992,-37.805146],[144.952999,-37.805103],[144.952896,-37.80509],[144.952855,-37.805328],[144.952899,-37.805333],[144.952897,-37.805345],[144.952992,-37.805357],[144.952998,-37.805337],[144.953055,-37.805345],[144.953057,-37.805327],[144.953089,-37.805331],[144.953111,-37.805215],[144.953088,-37.805212],[144.95309,-37.8052],[144.953079,-37.805198],[144.953087,-37.805165],[144.953045,-37.80516],[144.953045,-37.805153]]]},"properties":{"dev_key":"X000493","status":"COMPLETED","permit_num":"TP-2007-658/A","bldhgt_ahd":47.6,"base_ahd":34.5,"address":"392-398 Victoria Street NORTH MELBOURNE VIC 3051","num_floors":4,"land_use_1":"Dwellings 17","shape_type":"tower","datadate":"2024-10-24T12:53:51+00:00","height":13.1}},{"type":"Feature","geometry":{"type":"Polygon","coordinates":[[[144.966919,-37.808111],[144.966793,-37.808149],[144.966846,-37.808268],[144.96688,-37.808258],[144.966928,-37.808365],[144.967023,-37.808337],[144.966919,-37.808111]]]},"properties":{"dev_key":"X001562","status":"APPROVED","permit_num":"TP-2016-858","bldhgt_ahd":128.2,"base_ahd":27.6,"address":"58-66 La Trobe Street MELBOURNE VIC 3000","num_floors":34,"land_use_1":"Dwellings 98","shape_type":"tower","datadate":"2024-10-24T12:53:51+00:00","height":100.6}},{"type":"Feature","geometry":{"type":"Polygon","coordinates":[[[144.952112,-37.802289],[144.952111,-37.802289],[144.952086,-37.802286],[144.952084,-37.802296],[144.952037,-37.802291],[144.952007,-37.802463],[144.952007,-37.802463],[144.952116,-37.802475],[144.952116,-37.802475],[144.952118,-37.802465],[144.952181,-37.802472],[144.952182,-37.802465],[144.952184,-37.802458],[144.952277,-37.802469],[144.952281,-37.802469],[144.952282,-37.802469],[144.9523,-37.802471],[144.952302,-37.802456],[144.952425,-37.80247],[144.952499,-37.802478],[144.952524,-37.802335],[144.952436,-37.802325],[144.952432,-37.802342],[144.952432,-37.802346],[144.952426,-37.802345],[144.952419,-37.802345],[144.952419,-37.802345],[144.95242,-37.802326],[144.95242,-37.802326],[144.952414,-37.802325],[144.952386,-37.802322],[144.952385,-37.802322],[144.952384,-37.802325],[144.952343,-37.802321],[144.952343,-37.802323],[144.952342,-37.802323],[144.952316,-37.802321],[144.952263,-37.802315],[144.952247,-37.802313],[144.952248,-37.802311],[144.952238,-37.802301],[144.952238,-37.802301],[144.952212,-37.8023],[144.95221,-37.802308],[144.95221,-37.802308],[144.952182,-37.802305],[144.952181,-37.802305],[144.952182,-37.802303],[144.952182,-37.802303],[144.952174,-37.802294],[144.952148,-37.802291],[144.952148,-37.802291],[144.952147,-37.802301],[144.952142,-37.8023],[144.952121,-37.802299],[144.952112,-37.802289]]]},"properties":{"dev_key":"X000517","status":"COMPLETED","permit_num":"0","bldhgt_ahd":41.1,"base_ahd":27.1,"address":"139-145 Chetwynd Street NORTH MELBOURNE VIC 3051","num_floors":5,"land_use_1":"Dwellings 67","shape_type":"tower","datadate":"2024-10-24T12:53:51+00:00","height":14.0}},{"type":"Feature","geometry":{"type":"Polygon","coordinates":[[[144.953962,-37.814834],[144.953748,-37.814888],[144.953678,-37.81491],[144.953678,-37.814899],[144.953488,-37.814967],[144.953496,-37.814993],[144.953487,-37.815],[144.9535,-37.815044],[144.953489,-37.815048],[144.953498,-37.815074],[144.953488,-37.815081],[144.953499,-37.815107],[144.953489,-37.815109],[144.953501,-37.815151],[144.953443,-37.81517],[144.953453,-37.815218],[144.953466,-37.815248],[144.953472,-37.815247],[144.953487,-37.81528],[144.953479,-37.815282],[144.953501,-37.815332],[144.953509,-37.81533],[144.953533,-37.815382],[144.953525,-37.815384],[144.95355,-37.81544],[144.953558,-37.815438],[144.953568,-37.815458],[144.95356,-37.81546],[144.953572,-37.815487],[144.953575,-37.815485],[144.953597,-37.81552],[144.953531,-37.815549],[144.953529,-37.815544],[144.953496,-37.815553],[144.953493,-37.815548],[144.953447,-37.81556],[144.953507,-37.815604],[144.95378,-37.815523],[144.953777,-37.815516],[144.953874,-37.815488],[144.953876,-37.815495],[144.953946,-37.815441],[144.954052,-37.815663],[144.954063,-37.815661],[144.954076,-37.815697],[144.954312,-37.815631],[144.954145,-37.81527],[144.954121,-37.815227],[144.9541,-37.815187],[144.954088,-37.815151],[144.954071,-37.815075],[144.953962,-37.814834]]]},"properties":{"dev_key":"X000153","status":"COMPLETED","permit_num":"TPM-2009-47","bldhgt_ahd":35.0,"base_ahd":13.3,"address":"617-639 Lonsdale Street MELBOURNE VIC 3000","num_floors":54,"land_use_1":"Dwellings 683","shape_type":"podium","datadate":"2024-10-24T12:53:51+00:00","height":21.7}},{"type":"Feature","geometry":{"type":"Polygon","coordinates":[[[144.96227,-37.814659],[144.961763,-37.814806],[144.962133,-37.815616],[144.962347,-37.815552],[144.962563,-37.81549],[144.962417,-37.815177],[144.962506,-37.815152],[144.9625,-37.815138],[144.962615,-37.815104],[144.962505,-37.814858],[144.96243,-37.81488],[144.962434,-37.814887],[144.96238,-37.814902],[144.96227,-37.814659]]]},"properties":{"dev_key":"X001511","status":"COMPLETED","permit_num":"TPM-2012-28","bldhgt_ahd":46.4,"base_ahd":10.0,"address":"405-411 Bourke Street MELBOURNE VIC 3000","num_floors":44,"land_use_1":"Office (sq.m) 61500","shape_type":"podium","datadate":"2024-10-24T12:53:51+00:00","height":36.4}},{"type":"Feature","geometry":{"type":"Polygon","coordinates":[[[144.949634,-37.81076],[144.949594,-37.810681],[144.949589,-37.810671],[144.949602,-37.810667],[144.949755,-37.810619],[144.949654,-37.810415],[144.949504,-37.810473],[144.949392,-37.810515],[144.949527,-37.810796],[144.949634,-37.81076]]]},"properties":{"dev_key":"X0007409","status":"APPROVED","permit_num":"TP-2019-544","bldhgt_ahd":35.9,"base_ahd":14.9,"address":"95 Dudley Street, West Melbourne, 3003","num_floors":20,"land_use_1":"Hotel rooms 165","shape_type":"podium","datadate":"2024-10-24T12:53:51+00:00","height":21.0}},{"type":"Feature","geometry":{"type":"Polygon","coordinates":[[[144.95758,-37.810098],[144.957647,-37.810079],[144.957595,-37.809969],[144.957586,-37.809949],[144.957574,-37.809922],[144.957574,-37.809921],[144.957553,-37.809876],[144.957536,-37.809868],[144.957234,-37.809895],[144.957227,-37.809879],[144.9572,-37.80988],[144.957225,-37.809937],[144.957228,-37.809937],[144.957251,-37.809985],[144.957297,-37.809973],[144.957337,-37.810062],[144.957298,-37.810073],[144.957304,-37.810086],[144.957291,-37.81009],[144.957327,-37.810171],[144.957435,-37.81014],[144.95758,-37.810098]]]},"properties":{"dev_key":"X0009412","status":"COMPLETED","permit_num":"TP-2020-578","bldhgt_ahd":57.6,"base_ahd":24.2,"address":"196-200 A'Beckett Street, Melbourne, 3000","num_floors":28,"land_use_1":"Student Accommodation 665","shape_type":"tower","datadate":"2024-10-24T12:53:51+00:00","height":33.4}},{"type":"Feature","geometry":{"type":"Polygon","coordinates":[[[144.967554,-37.809559],[144.967572,-37.809562],[144.967802,-37.809494],[144.967809,-37.80948],[144.967817,-37.809467],[144.967824,-37.809462],[144.967831,-37.809458],[144.96784,-37.809457],[144.967849,-37.809458],[144.967868,-37.809462],[144.967887,-37.809469],[144.967908,-37.809462],[144.967919,-37.80945],[144.967923,-37.809434],[144.967876,-37.809333],[144.967862,-37.809337],[144.967847,-37.809305],[144.967666,-37.808911],[144.967653,-37.808914],[144.967647,-37.808902],[144.967483,-37.808949],[144.967646,-37.809305],[144.967461,-37.80936],[144.967554,-37.809559]]]},"properties":{"dev_key":"X0010404","status":"UNDER CONSTRUCTION","permit_num":"TP-2018-1112/A","bldhgt_ahd":62.3,"base_ahd":23.1,"address":"11-21 Bennetts Lane, Melbourne, 3000","num_floors":21,"land_use_1":"Office (sq.m) 11658","shape_type":"podium","datadate":"2024-10-24T12:53:51+00:00","height":39.2}},{"type":"Feature","geometry":{"type":"Polygon","coordinates":[[[144.954437,-37.816614],[144.954673,-37.816545],[144.954673,-37.816469],[144.954661,-37.816433],[144.954592,-37.816274],[144.954576,-37.816277],[144.954367,-37.815826],[144.954317,-37.815842],[144.954309,-37.815821],[144.954157,-37.815865],[144.954189,-37.81594],[144.954137,-37.815956],[144.954278,-37.816264],[144.954437,-37.816614]]]},"properties":{"dev_key":"X0007607","status":"APPROVED","permit_num":"TPM-2015-26/A","bldhgt_ahd":27.6,"base_ahd":12.5,"address":"640-652 Bourke Street MELBOURNE VIC 3000","num_floors":71,"land_use_1":"Dwellings 857","shape_type":"podium","datadate":"2024-10-24T12:53:51+00:00","height":15.1}},{"type":"Feature","geometry":{"type":"Polygon","coordinates":[[[144.952468,-37.810613],[144.952175,-37.810696],[144.95204,-37.810735],[144.952065,-37.810784],[144.951989,-37.810804],[144.952165,-37.811181],[144.952641,-37.811048],[144.952564,-37.810893],[144.952582,-37.810858],[144.952468,-37.810613]]]},"properties":{"dev_key":"X000275","status":"COMPLETED","permit_num":"TPM-2014-21","bldhgt_ahd":38.3,"base_ahd":23.5,"address":"15-31 Batman Street WEST MELBOURNE VIC 3003","num_floors":21,"land_use_1":"Dwellings 247","shape_type":"podium","datadate":"2024-10-24T12:53:51+00:00","height":14.8}},{"type":"Feature","geometry":{"type":"Polygon","coordinates":[[[144.949938,-37.810466],[144.949901,-37.810478],[144.949891,-37.810459],[144.949775,-37.810498],[144.94978,-37.810508],[144.949743,-37.810521],[144.949781,-37.810594],[144.949821,-37.810674],[144.949857,-37.810662],[144.949862,-37.810671],[144.949979,-37.810633],[144.94997,-37.810615],[144.950007,-37.810603],[144.949983,-37.810555],[144.94999,-37.810552],[144.949969,-37.810511],[144.949962,-37.810514],[144.949938,-37.810466]]]},"properties":{"dev_key":"X000612","status":"COMPLETED","permit_num":"TP-2011-479/A","bldhgt_ahd":65.9,"base_ahd":17.7,"address":"DUO Apartments 423-435 Spencer Street WEST MELBOURNE VIC 3003","num_floors":17,"land_use_1":"Dwellings 89","shape_type":"tower","datadate":"2024-10-24T12:53:51+00:00","height":48.2}},{"type":"Feature","geometry":{"type":"Polygon","coordinates":[[[144.950898,-37.809363],[144.950903,-37.809361],[144.950946,-37.809345],[144.950873,-37.809238],[144.9504,-37.809418],[144.950407,-37.809431],[144.950186,-37.809515],[144.95018,-37.809507],[144.950167,-37.809512],[144.95018,-37.809531],[144.950169,-37.809536],[144.950222,-37.809618],[144.950268,-37.809601],[144.950274,-37.809599],[144.950279,-37.809607],[144.950273,-37.80961],[144.950257,-37.809615],[144.950284,-37.809658],[144.950309,-37.809699],[144.950324,-37.809694],[144.95033,-37.809692],[144.950334,-37.8097],[144.950329,-37.809702],[144.950287,-37.809719],[144.950359,-37.809831],[144.950426,-37.809806],[144.950424,-37.809803],[144.950453,-37.809791],[144.950455,-37.809796],[144.950532,-37.809768],[144.95053,-37.809763],[144.950593,-37.809739],[144.950596,-37.809743],[144.950664,-37.809717],[144.950661,-37.809713],[144.950691,-37.809701],[144.950693,-37.809705],[144.95077,-37.809676],[144.950768,-37.809672],[144.950831,-37.809649],[144.950833,-37.809652],[144.950901,-37.809627],[144.950898,-37.809623],[144.950929,-37.809611],[144.950931,-37.809615],[144.951007,-37.809586],[144.951005,-37.809582],[144.951072,-37.809557],[144.951004,-37.809446],[144.950962,-37.809461],[144.950959,-37.809463],[144.950955,-37.809456],[144.950958,-37.809455],[144.950972,-37.809449],[144.95092,-37.809364],[144.950907,-37.809369],[144.950902,-37.80937],[144.950898,-37.809363]]]},"properties":{"dev_key":"X000607","status":"COMPLETED","permit_num":"TPM-2011-40/A","bldhgt_ahd":35.0,"base_ahd":19.1,"address":"130-154 Dudley Street WEST MELBOURNE VIC 3003","num_floors":9,"land_use_1":"Dwellings 80","shape_type":"podium","datadate":"2024-10-24T12:53:51+00:00","height":15.9}},{"type":"Feature","geometry":{"type":"Polygon","coordinates":[[[144.962998,-37.801193],[144.962935,-37.801552],[144.963104,-37.80157],[144.963166,-37.801212],[144.962998,-37.801193]]]},"properties":{"dev_key":"X0002001","status":"COMPLETED","permit_num":"TP-2017-446","bldhgt_ahd":58.2,"base_ahd":33.2,"address":"18-20 Lincoln Square North, CARLTON, 3053","num_floors":15,"land_use_1":"Dwellings 63","shape_type":"podium","datadate":"2024-10-24T12:53:51+00:00","height":25.0}},{"type":"Feature","geometry":{"type":"Polygon","coordinates":[[[144.95656,-37.803962],[144.956531,-37.804125],[144.956756,-37.804151],[144.956786,-37.803988],[144.95656,-37.803962]]]},"properties":{"dev_key":"X0007422","status":"APPROVED","permit_num":"TP-2017-958/B","bldhgt_ahd":38.6,"base_ahd":29.4,"address":"341-347 Queensberry Street NORTH MELBOURNE VIC 3051","num_floors":9,"land_use_1":"Hotel rooms 90","shape_type":"podium","datadate":"2024-10-24T12:53:51+00:00","height":9.2}},{"type":"Feature","geometry":{"type":"Polygon","coordinates":[[[144.956723,-37.812826],[144.956397,-37.81292],[144.956442,-37.813022],[144.95677,-37.812928],[144.956723,-37.812826]]]},"properties":{"dev_key":"X0009204","status":"COMPLETED","permit_num":"TP-2017-814/A","bldhgt_ahd":35.5,"base_ahd":25.9,"address":"263-267 William Street MELBOURNE VIC 3000","num_floors":21,"land_use_1":"Office (sq.m) 3968","shape_type":"podium","datadate":"2024-10-24T12:53:51+00:00","height":9.6}},{"type":"Feature","geometry":{"type":"Polygon","coordinates":[[[144.957191,-37.809867],[144.9572,-37.809888],[144.957327,-37.810171],[144.957435,-37.81014],[144.95758,-37.810098],[144.957647,-37.810079],[144.957595,-37.809969],[144.957573,-37.809922],[144.95758,-37.809921],[144.957557,-37.809873],[144.957539,-37.809863],[144.957424,-37.809873],[144.957412,-37.809846],[144.957372,-37.80985],[144.957306,-37.809858],[144.957191,-37.809867]]]},"properties":{"dev_key":"X0009412","status":"COMPLETED","permit_num":"TP-2020-578","bldhgt_ahd":28.4,"base_ahd":24.2,"address":"196-200 A'Beckett Street, Melbourne, 3000","num_floors":28,"land_use_1":"Student Accommodation 665","shape_type":"podium","datadate":"2024-10-24T12:53:51+00:00","height":4.2}},{"type":"Feature","geometry":{"type":"Polygon","coordinates":[[[144.948462,-37.807488],[144.948332,-37.807585],[144.948352,-37.807604],[144.94832,-37.807624],[144.948304,-37.807607],[144.948132,-37.807736],[144.948364,-37.807946],[144.94854,-37.807829],[144.948436,-37.807731],[144.948447,-37.807724],[144.94846,-37.807737],[144.948616,-37.807631],[144.948462,-37.807488]]]},"properties":{"dev_key":"X0010202","status":"COMPLETED","permit_num":"TPM-2017-5/A","bldhgt_ahd":32.8,"base_ahd":18.6,"address":"512-544 Spencer Street, West Melbourne, 3003","num_floors":8,"land_use_1":"Dwellings 53","shape_type":"podium","datadate":"2024-10-24T12:53:51+00:00","height":14.2}},{"type":"Feature","geometry":{"type":"Polygon","coordinates":[[[144.955563,-37.815146],[144.955428,-37.814849],[144.95537,-37.814723],[144.955174,-37.814779],[144.955421,-37.815315],[144.955589,-37.815266],[144.955537,-37.815153],[144.955563,-37.815146]]]},"properties":{"dev_key":"X0011207","status":"APPROVED","permit_num":"TPMR-2021-11","bldhgt_ahd":96.0,"base_ahd":16.0,"address":"570-576 Little Bourke Street, Melbourne, 3000","num_floors":22,"land_use_1":"Office (sq.m) 19872","shape_type":"tower","datadate":"2024-10-24T12:53:51+00:00","height":80.0}},{"type":"Feature","geometry":{"type":"Polygon","coordinates":[[[144.956233,-37.801227],[144.956358,-37.801129],[144.956043,-37.800879],[144.956037,-37.800883],[144.955944,-37.800808],[144.955824,-37.800903],[144.955846,-37.800922],[144.955747,-37.801],[144.955952,-37.801164],[144.955887,-37.801215],[144.956038,-37.801339],[144.956207,-37.801206],[144.956233,-37.801227]]]},"properties":{"dev_key":"X0013004","status":"APPROVED","permit_num":"TPM-2022-10","bldhgt_ahd":64.2,"base_ahd":27.9,"address":"5-17 Flemington Road, North Melbourne, 3051","num_floors":23,"land_use_1":"Dwellings 544","shape_type":"tower","datadate":"2024-10-24T12:53:51+00:00","height":36.3}},{"type":"Feature","geometry":{"type":"Polygon","coordinates":[[[144.949605,-37.806628],[144.949702,-37.80672],[144.949672,-37.80674],[144.949908,-37.806969],[144.949959,-37.806972],[144.950174,-37.806826],[144.949793,-37.806487],[144.949605,-37.806628]]]},"properties":{"dev_key":"X0014004","status":"APPROVED","permit_num":"TPM-2022-20","bldhgt_ahd":29.8,"base_ahd":22.0,"address":"559-577 King Street WEST MELBOURNE VIC 3003","num_floors":9,"land_use_1":"Dwellings 105","shape_type":"podium","datadate":"2024-10-24T12:53:51+00:00","height":7.8}},{"type":"Feature","geometry":{"type":"Polygon","coordinates":[[[144.956012,-37.809585],[144.955769,-37.809654],[144.955759,-37.809658],[144.95575,-37.809662],[144.955741,-37.809668],[144.955734,-37.809674],[144.955729,-37.809682],[144.955725,-37.80969],[144.955723,-37.809698],[144.955723,-37.809707],[144.955724,-37.809715],[144.955727,-37.809723],[144.955784,-37.809851],[144.955842,-37.809833],[144.956045,-37.809775],[144.956055,-37.809768],[144.956065,-37.80976],[144.956072,-37.80975],[144.956077,-37.80974],[144.956081,-37.809729],[144.956082,-37.809718],[144.956081,-37.809707],[144.956068,-37.809675],[144.956046,-37.809625],[144.956031,-37.809629],[144.956012,-37.809585]]]},"properties":{"dev_key":"X0014202","status":"APPROVED","permit_num":"TPM-2013-28/C","bldhgt_ahd":76.7,"base_ahd":28.0,"address":"386-412 William Street MELBOURNE VIC 3000","num_floors":3,"land_use_1":"Office (sq.m) 1278","shape_type":"tower","datadate":"2024-10-24T12:53:51+00:00","height":48.7}},{"type":"Feature","geometry":{"type":"Polygon","coordinates":[[[144.950007,-37.809224],[144.949971,-37.809173],[144.949919,-37.809197],[144.949921,-37.8092],[144.949881,-37.809218],[144.949903,-37.809248],[144.949893,-37.809252],[144.949937,-37.80931],[144.949946,-37.809306],[144.949973,-37.809342],[144.950061,-37.8093],[144.950021,-37.809244],[144.950008,-37.809249],[144.950006,-37.809244],[144.950003,-37.809239],[144.949999,-37.809234],[144.949994,-37.80923],[144.950007,-37.809224]]]},"properties":{"dev_key":"X0014302","status":"APPROVED","permit_num":"TP-2019-535/A","bldhgt_ahd":43.4,"base_ahd":12.4,"address":"145-147 Rosslyn Street, West Melbourne, 3003","num_floors":7,"land_use_1":"Dwellings 18","shape_type":"tower","datadate":"2024-10-24T12:53:51+00:00","height":31.0}},{"type":"Feature","geometry":{"type":"Polygon","coordinates":[[[144.958365,-37.803026],[144.958395,-37.803091],[144.958594,-37.80303],[144.958571,-37.802982],[144.958536,-37.802993],[144.958537,-37.802995],[144.958506,-37.803005],[144.958496,-37.802985],[144.958365,-37.803026]]]},"properties":{"dev_key":"X0015305","status":"APPROVED","permit_num":"TP-2017-23/A","bldhgt_ahd":77.6,"base_ahd":29.5,"address":"656-658 Elizabeth Street MELBOURNE VIC 3000","num_floors":15,"land_use_1":"Hotel rooms 55","shape_type":"extension","datadate":"2024-10-24T12:53:51+00:00","height":48.1}},{"type":"Feature","geometry":{"type":"Polygon","coordinates":[[[144.958558,-37.802388],[144.958444,-37.802422],[144.958463,-37.802463],[144.958365,-37.802493],[144.958346,-37.802451],[144.958131,-37.802516],[144.958208,-37.802684],[144.958634,-37.802556],[144.958558,-37.802388]]]},"properties":{"dev_key":"X0015602","status":"APPROVED","permit_num":"TP-2020-609/B","bldhgt_ahd":35.9,"base_ahd":31.4,"address":"680 Elizabeth Street, Melbourne, 3000","num_floors":21,"land_use_1":"Student Accommodation 379","shape_type":"podium","datadate":"2024-10-24T12:53:51+00:00","height":4.5}},{"type":"Feature","geometry":{"type":"Polygon","coordinates":[[[144.960103,-37.807149],[144.960142,-37.807233],[144.960144,-37.807233],[144.960163,-37.807273],[144.96016,-37.807274],[144.960179,-37.807314],[144.960181,-37.807313],[144.960179,-37.807308],[144.960204,-37.8073],[144.96021,-37.807313],[144.960199,-37.807316],[144.960196,-37.807311],[144.960193,-37.807312],[144.960216,-37.807359],[144.96046,-37.807286],[144.960452,-37.80727],[144.960554,-37.80724],[144.960548,-37.807227],[144.960601,-37.807211],[144.960528,-37.807053],[144.960524,-37.807054],[144.960527,-37.80706],[144.96048,-37.807073],[144.960468,-37.807048],[144.960465,-37.807049],[144.960464,-37.807045],[144.960469,-37.807043],[144.960469,-37.807042],[144.960103,-37.807149]]]},"properties":{"dev_key":"X000315","status":"COMPLETED","permit_num":"TPM-2009-1","bldhgt_ahd":238.4,"base_ahd":18.0,"address":"496-504 Elizabeth Street MELBOURNE VIC 3000","num_floors":72,"land_use_1":"Dwellings 542","shape_type":"tower","datadate":"2024-10-24T12:53:51+00:00","height":220.4}},{"type":"Feature","geometry":{"type":"Polygon","coordinates":[[[144.961555,-37.809396],[144.961534,-37.809352],[144.961457,-37.80918],[144.961456,-37.809178],[144.961072,-37.80929],[144.96117,-37.809507],[144.961555,-37.809396]]]},"properties":{"dev_key":"X000264","status":"COMPLETED","permit_num":"TPM-2013-16","bldhgt_ahd":47.2,"base_ahd":15.9,"address":"75-89 A'Beckett Street MELBOURNE VIC 3000","num_floors":55,"land_use_1":"Dwellings 465","shape_type":"podium","datadate":"2024-10-24T12:53:51+00:00","height":31.3}},{"type":"Feature","geometry":{"type":"Polygon","coordinates":[[[144.956847,-37.809845],[144.957316,-37.809804],[144.957332,-37.809714],[144.95715,-37.809694],[144.956869,-37.80972],[144.956868,-37.80972],[144.956856,-37.809787],[144.956845,-37.809845],[144.956847,-37.809845]]]},"properties":{"dev_key":"X001233","status":"COMPLETED","permit_num":"TP-2015-580","bldhgt_ahd":97.5,"base_ahd":26.3,"address":"229-241 Franklin Street MELBOURNE VIC 3000","num_floors":24,"land_use_1":"Student Accommodation 691","shape_type":"tower","datadate":"2024-10-24T12:53:51+00:00","height":71.2}},{"type":"Feature","geometry":{"type":"Polygon","coordinates":[[[144.958479,-37.80572],[144.958495,-37.805757],[144.958418,-37.805779],[144.958469,-37.805891],[144.9589,-37.805768],[144.958847,-37.805655],[144.958805,-37.805666],[144.958786,-37.805627],[144.958829,-37.805616],[144.958751,-37.805448],[144.958324,-37.805572],[144.958402,-37.805743],[144.958479,-37.80572]]]},"properties":{"dev_key":"X000509","status":"COMPLETED","permit_num":"TP-2014-274","bldhgt_ahd":63.8,"base_ahd":22.1,"address":"529-533 Elizabeth Street MELBOURNE VIC 3000","num_floors":10,"land_use_1":"Office (sq.m) 7314","shape_type":"podium","datadate":"2024-10-24T12:53:51+00:00","height":41.7}},{"type":"Feature","geometry":{"type":"Polygon","coordinates":[[[144.950685,-37.809454],[144.950668,-37.809459],[144.950661,-37.809447],[144.950667,-37.809445],[144.950622,-37.809368],[144.950589,-37.80938],[144.950555,-37.809394],[144.950557,-37.809397],[144.950482,-37.809425],[144.950484,-37.80943],[144.950456,-37.809441],[144.950497,-37.80951],[144.950503,-37.809507],[144.95051,-37.80952],[144.950494,-37.809526],[144.950546,-37.809611],[144.950561,-37.809606],[144.950568,-37.809617],[144.950562,-37.80962],[144.950604,-37.809687],[144.950633,-37.809677],[144.950636,-37.809682],[144.950745,-37.80964],[144.950747,-37.809643],[144.950779,-37.809631],[144.950733,-37.809555],[144.950727,-37.809557],[144.95072,-37.809545],[144.950735,-37.809539],[144.950685,-37.809454]]]},"properties":{"dev_key":"X000605","status":"COMPLETED","permit_num":"TPM-2011-40/A","bldhgt_ahd":48.4,"base_ahd":19.1,"address":"130-154 Dudley Street WEST MELBOURNE VIC 3003","num_floors":9,"land_use_1":"Dwellings 81","shape_type":"podium","datadate":"2024-10-24T12:53:51+00:00","height":29.3}},{"type":"Feature","geometry":{"type":"Polygon","coordinates":[[[144.95939,-37.811078],[144.959165,-37.811146],[144.959262,-37.811348],[144.959327,-37.811329],[144.959328,-37.811331],[144.959488,-37.811282],[144.95939,-37.811078]]]},"properties":{"dev_key":"X000223","status":"COMPLETED","permit_num":"TPM-2011-24","bldhgt_ahd":170.8,"base_ahd":21.0,"address":"The Celtic Club 316-322 Queen Street MELBOURNE VIC 3000","num_floors":48,"land_use_1":"Dwellings 227","shape_type":"extension","datadate":"2024-10-24T12:53:51+00:00","height":149.8}},{"type":"Feature","geometry":{"type":"Polygon","coordinates":[[[144.960765,-37.810696],[144.960711,-37.810709],[144.960782,-37.810864],[144.960813,-37.810852],[144.960865,-37.810836],[144.960919,-37.810826],[144.960962,-37.810813],[144.960973,-37.810806],[144.960989,-37.810801],[144.960992,-37.810808],[144.961008,-37.810798],[144.961041,-37.810791],[144.960968,-37.810633],[144.960941,-37.810643],[144.960917,-37.810646],[144.960922,-37.810656],[144.960906,-37.81066],[144.960902,-37.810654],[144.96086,-37.810663],[144.960826,-37.810676],[144.960765,-37.810696]]]},"properties":{"dev_key":"X000215","status":"COMPLETED","permit_num":"TPM-2011-9","bldhgt_ahd":156.3,"base_ahd":14.7,"address":"Eporo Tower 279-289 La Trobe Street MELBOURNE VIC 3000","num_floors":42,"land_use_1":"Dwellings 307","shape_type":"tower","datadate":"2024-10-24T12:53:51+00:00","height":141.6}},{"type":"Feature","geometry":{"type":"Polygon","coordinates":[[[144.96198,-37.806104],[144.96198,-37.806026],[144.961982,-37.805899],[144.96198,-37.805895],[144.961976,-37.805891],[144.961971,-37.80589],[144.961919,-37.805884],[144.961911,-37.805885],[144.961906,-37.805889],[144.961898,-37.805901],[144.961876,-37.805898],[144.961872,-37.805884],[144.961866,-37.805879],[144.961859,-37.805878],[144.961808,-37.805872],[144.961803,-37.805874],[144.961797,-37.805878],[144.961768,-37.805963],[144.961733,-37.80607],[144.961728,-37.806307],[144.96173,-37.806348],[144.961729,-37.806354],[144.961732,-37.806357],[144.961736,-37.80636],[144.961812,-37.806374],[144.961921,-37.806393],[144.962163,-37.8064],[144.962171,-37.806399],[144.962177,-37.806395],[144.962178,-37.806391],[144.962186,-37.806347],[144.962185,-37.806344],[144.962183,-37.806341],[144.962164,-37.806334],[144.962166,-37.806316],[144.962187,-37.806312],[144.96219,-37.806311],[144.962193,-37.806308],[144.962194,-37.806304],[144.962201,-37.806262],[144.9622,-37.806259],[144.962198,-37.806255],[144.962191,-37.806253],[144.96209,-37.806233],[144.962027,-37.806223],[144.961952,-37.806213],[144.961961,-37.806162],[144.96198,-37.806104]]]},"properties":{"dev_key":"X000414","status":"COMPLETED","permit_num":"TPM-2014-13","bldhgt_ahd":264.0,"base_ahd":21.0,"address":"156-172 Victoria Street CARLTON VIC 3053","num_floors":77,"land_use_1":"Dwellings 1035","shape_type":"tower","datadate":"2024-10-24T12:53:51+00:00","height":243.0}},{"type":"Feature","geometry":{"type":"Polygon","coordinates":[[[144.96175,-37.808666],[144.961667,-37.808486],[144.961505,-37.808534],[144.961569,-37.808674],[144.961571,-37.808674],[144.961621,-37.808685],[144.961649,-37.808678],[144.961656,-37.808694],[144.961656,-37.808694],[144.96166,-37.808693],[144.961676,-37.808688],[144.96169,-37.808684],[144.96175,-37.808666]]]},"properties":{"dev_key":"X0001661","status":"APPROVED","permit_num":"TP-2010-925/E","bldhgt_ahd":151.2,"base_ahd":16.8,"address":"48-50 A'Beckett Street MELBOURNE VIC 3000","num_floors":43,"land_use_1":"Student Accommodation 541","shape_type":"tower","datadate":"2024-10-24T12:53:51+00:00","height":134.4}},{"type":"Feature","geometry":{"type":"Polygon","coordinates":[[[144.950097,-37.80189],[144.950206,-37.801901],[144.950205,-37.801906],[144.950282,-37.801914],[144.950288,-37.801881],[144.950296,-37.801882],[144.950306,-37.801824],[144.950315,-37.801824],[144.950325,-37.801765],[144.950123,-37.801743],[144.950097,-37.80189]]]},"properties":{"dev_key":"X000525","status":"COMPLETED","permit_num":"0","bldhgt_ahd":36.5,"base_ahd":21.8,"address":"130-140 Errol Street NORTH MELBOURNE VIC 3051","num_floors":5,"land_use_1":"Dwellings 29","shape_type":"tower","datadate":"2024-10-24T12:53:51+00:00","height":14.7}},{"type":"Feature","geometry":{"type":"Polygon","coordinates":[[[144.953949,-37.814038],[144.953683,-37.814115],[144.953704,-37.814159],[144.95374,-37.81424],[144.953728,-37.814244],[144.953792,-37.814385],[144.953804,-37.814382],[144.95384,-37.814463],[144.954106,-37.814386],[144.954058,-37.814279],[144.954071,-37.814275],[144.954019,-37.814159],[144.954006,-37.814163],[144.953949,-37.814038]]]},"properties":{"dev_key":"X000182","status":"COMPLETED","permit_num":"TPM-2009-41","bldhgt_ahd":153.5,"base_ahd":14.5,"address":"Melbourne One Apartments 612-620 Lonsdale Street MELBOURNE VIC 3000","num_floors":46,"land_use_1":"Dwellings 468","shape_type":"tower","datadate":"2024-10-24T12:53:51+00:00","height":139.0}},{"type":"Feature","geometry":{"type":"Polygon","coordinates":[[[144.963111,-37.801517],[144.963128,-37.801423],[144.963099,-37.80142],[144.963114,-37.801339],[144.96314,-37.801343],[144.963157,-37.801247],[144.963111,-37.801246],[144.963077,-37.801239],[144.963038,-37.801239],[144.962994,-37.80123],[144.962977,-37.801325],[144.963007,-37.801329],[144.96301,-37.80134],[144.963,-37.801399],[144.962993,-37.801408],[144.962962,-37.801405],[144.962945,-37.801499],[144.962988,-37.801499],[144.963028,-37.801508],[144.963071,-37.801508],[144.963111,-37.801517]]]},"properties":{"dev_key":"X0002001","status":"COMPLETED","permit_num":"TP-2017-446","bldhgt_ahd":79.2,"base_ahd":33.2,"address":"18-20 Lincoln Square North, CARLTON, 3053","num_floors":15,"land_use_1":"Dwellings 63","shape_type":"tower","datadate":"2024-10-24T12:53:51+00:00","height":46.0}},{"type":"Feature","geometry":{"type":"Polygon","coordinates":[[[144.963159,-37.803692],[144.963111,-37.803687],[144.962888,-37.803664],[144.962914,-37.803504],[144.962755,-37.803489],[144.9627,-37.803787],[144.962767,-37.803794],[144.962772,-37.803768],[144.962789,-37.80377],[144.962784,-37.803797],[144.963134,-37.803834],[144.963159,-37.803692]]]},"properties":{"dev_key":"X0002605","status":"COMPLETED","permit_num":"TP-2017-761/A","bldhgt_ahd":76.6,"base_ahd":30.0,"address":"623-645 Swanston Street CARLTON VIC 3053","num_floors":14,"land_use_1":"Student Accommodation 656","shape_type":"tower","datadate":"2024-10-24T12:53:51+00:00","height":46.6}},{"type":"Feature","geometry":{"type":"Polygon","coordinates":[[[144.958622,-37.807645],[144.958632,-37.807642],[144.958605,-37.807583],[144.958206,-37.8077],[144.958128,-37.808138],[144.958223,-37.808135],[144.958291,-37.808116],[144.958299,-37.808134],[144.958406,-37.808104],[144.958402,-37.808096],[144.958787,-37.807983],[144.95878,-37.807966],[144.958743,-37.807888],[144.958733,-37.807891],[144.958727,-37.807876],[144.958737,-37.807873],[144.958697,-37.807787],[144.958689,-37.807789],[144.958622,-37.807645]]]},"properties":{"dev_key":"X0003211","status":"COMPLETED","permit_num":"TPMR-2018-2","bldhgt_ahd":44.7,"base_ahd":20.8,"address":"131-151 Therry Street, Melbourne, 3000","num_floors":10,"land_use_1":"Community space (sq.m) 5332","shape_type":"podium","datadate":"2024-10-24T12:53:51+00:00","height":23.9}},{"type":"Feature","geometry":{"type":"Polygon","coordinates":[[[144.952362,-37.802946],[144.952315,-37.80294],[144.952299,-37.803029],[144.952314,-37.803031],[144.952311,-37.803045],[144.952296,-37.803044],[144.952277,-37.803152],[144.952324,-37.803156],[144.95233,-37.803126],[144.95234,-37.803127],[144.95234,-37.803131],[144.952352,-37.803132],[144.952347,-37.80316],[144.952393,-37.803165],[144.95243,-37.802954],[144.952385,-37.802948],[144.952377,-37.802997],[144.952353,-37.802995],[144.952362,-37.802946]]]},"properties":{"dev_key":"X0005213","status":"COMPLETED","permit_num":"TP-2014-482/B","bldhgt_ahd":42.0,"base_ahd":28.5,"address":"450-454 Queensberry Street NORTH MELBOURNE VIC 3051","num_floors":4,"land_use_1":"Serviced apartments 19","shape_type":"tower","datadate":"2024-10-24T12:53:51+00:00","height":13.5}},{"type":"Feature","geometry":{"type":"Polygon","coordinates":[[[144.957815,-37.803526],[144.957637,-37.803123],[144.957625,-37.80311],[144.957609,-37.803102],[144.95759,-37.803097],[144.957571,-37.803096],[144.957329,-37.803164],[144.957318,-37.803168],[144.957309,-37.803173],[144.957301,-37.80318],[144.957294,-37.803189],[144.95729,-37.803197],[144.957288,-37.803207],[144.957289,-37.803216],[144.957292,-37.803225],[144.957471,-37.803629],[144.957482,-37.803643],[144.957499,-37.803654],[144.957519,-37.80366],[144.95754,-37.80366],[144.957792,-37.803589],[144.957808,-37.803577],[144.957818,-37.803561],[144.957821,-37.803544],[144.957815,-37.803526]]]},"properties":{"dev_key":"X0005602","status":"COMPLETED","permit_num":"TPM-2018-21","bldhgt_ahd":65.1,"base_ahd":27.4,"address":"611-669 Elizabeth Street MELBOURNE VIC 3000","num_floors":9,"land_use_1":"Education (sq.m) 8688","shape_type":"tower","datadate":"2024-10-24T12:53:51+00:00","height":37.7}},{"type":"Feature","geometry":{"type":"Polygon","coordinates":[[[144.958012,-37.805968],[144.958205,-37.80599],[144.958218,-37.805986],[144.958228,-37.805979],[144.958233,-37.80597],[144.958234,-37.805959],[144.95819,-37.80584],[144.958037,-37.805823],[144.958012,-37.805968]]]},"properties":{"dev_key":"X0007609","status":"COMPLETED","permit_num":"TP-2019-855","bldhgt_ahd":49.6,"base_ahd":23.4,"address":"240-248 Victoria Street, North Melbourne, 3051","num_floors":8,"land_use_1":"Serviced apartments 33","shape_type":"tower","datadate":"2024-10-24T12:53:51+00:00","height":26.2}},{"type":"Feature","geometry":{"type":"Polygon","coordinates":[[[144.964711,-37.802169],[144.96469,-37.802288],[144.964784,-37.802298],[144.964778,-37.802333],[144.964689,-37.802324],[144.964688,-37.802329],[144.964661,-37.802473],[144.964944,-37.802504],[144.96499,-37.802247],[144.964964,-37.802244],[144.964977,-37.802171],[144.964775,-37.802149],[144.96477,-37.802176],[144.964711,-37.802169]]]},"properties":{"dev_key":"X0011801","status":"UNDER CONSTRUCTION","permit_num":"TP-2015-742/C","bldhgt_ahd":58.2,"base_ahd":37.1,"address":"86-94 Pelham Street CARLTON VIC 3053","num_floors":7,"land_use_1":"Dwellings 36","shape_type":"podium","datadate":"2024-10-24T12:53:51+00:00","height":21.1}},{"type":"Feature","geometry":{"type":"Polygon","coordinates":[[[144.955548,-37.80112],[144.955644,-37.801199],[144.955718,-37.80114],[144.955794,-37.801203],[144.955885,-37.801131],[144.955996,-37.801219],[144.955868,-37.80132],[144.955965,-37.801396],[144.956029,-37.801346],[144.956006,-37.801329],[144.956016,-37.801321],[144.956038,-37.801339],[144.956207,-37.801206],[144.956216,-37.801212],[144.956231,-37.8012],[144.95625,-37.801214],[144.956358,-37.801129],[144.956045,-37.800877],[144.956039,-37.800882],[144.955946,-37.800806],[144.955826,-37.800901],[144.955846,-37.800917],[144.955825,-37.800934],[144.955804,-37.800918],[144.955688,-37.80101],[144.95571,-37.801028],[144.955688,-37.801046],[144.955666,-37.801027],[144.955548,-37.80112]]]},"properties":{"dev_key":"X0013004","status":"APPROVED","permit_num":"TPM-2022-10","bldhgt_ahd":52.0,"base_ahd":27.9,"address":"5-17 Flemington Road, North Melbourne, 3051","num_floors":23,"land_use_1":"Dwellings 544","shape_type":"podium","datadate":"2024-10-24T12:53:51+00:00","height":24.1}},{"type":"Feature","geometry":{"type":"Polygon","coordinates":[[[144.955887,-37.801215],[144.956038,-37.801339],[144.956209,-37.801203],[144.956197,-37.801194],[144.95621,-37.801185],[144.956221,-37.801193],[144.956303,-37.801129],[144.956166,-37.801019],[144.956149,-37.801033],[144.956128,-37.801016],[144.956146,-37.801003],[144.955945,-37.800842],[144.955747,-37.801],[144.955952,-37.801164],[144.955887,-37.801215]]]},"properties":{"dev_key":"X0013004","status":"APPROVED","permit_num":"TPM-2022-10","bldhgt_ahd":94.7,"base_ahd":27.9,"address":"5-17 Flemington Road, North Melbourne, 3051","num_floors":23,"land_use_1":"Dwellings 544","shape_type":"tower","datadate":"2024-10-24T12:53:51+00:00","height":66.8}},{"type":"Feature","geometry":{"type":"Polygon","coordinates":[[[144.957459,-37.809448],[144.957494,-37.809263],[144.957364,-37.809249],[144.957368,-37.809226],[144.95666,-37.809148],[144.956656,-37.809172],[144.9566,-37.809166],[144.956567,-37.80935],[144.957459,-37.809448]]]},"properties":{"dev_key":"X0014805","status":"APPLIED","permit_num":"TPMR-2023-12","bldhgt_ahd":45.3,"base_ahd":27.9,"address":"65-159 Victoria Street MELBOURNE VIC 3000","num_floors":47,"land_use_1":"Dwellings 568","shape_type":"podium","datadate":"2024-10-24T12:53:51+00:00","height":17.4}},{"type":"Feature","geometry":{"type":"Polygon","coordinates":[[[144.945994,-37.810531],[144.946141,-37.810697],[144.946231,-37.810654],[144.946081,-37.810484],[144.946049,-37.810501],[144.945994,-37.810531]]]},"properties":{"dev_key":"X0015808","status":"APPLIED","permit_num":"TP-2024-364","bldhgt_ahd":13.3,"base_ahd":6.3,"address":"276-278 Rosslyn Street WEST MELBOURNE VIC 3003","num_floors":5,"land_use_1":"Dwellings 12","shape_type":"podium","datadate":"2024-10-24T12:53:51+00:00","height":7.0}},{"type":"Feature","geometry":{"type":"Polygon","coordinates":[[[144.956383,-37.809907],[144.956384,-37.809906],[144.956404,-37.809866],[144.956405,-37.809863],[144.956406,-37.809862],[144.956414,-37.809838],[144.956416,-37.809831],[144.956419,-37.809821],[144.95644,-37.809815],[144.956455,-37.809787],[144.956452,-37.809782],[144.95643,-37.809737],[144.956428,-37.809732],[144.956427,-37.809729],[144.956423,-37.809721],[144.956418,-37.809713],[144.956417,-37.809711],[144.956406,-37.809685],[144.956395,-37.809659],[144.956366,-37.809595],[144.95636,-37.80958],[144.956341,-37.809589],[144.956324,-37.8096],[144.956309,-37.809613],[144.956298,-37.809628],[144.956289,-37.809644],[144.956284,-37.809661],[144.956283,-37.809679],[144.956285,-37.809696],[144.956383,-37.809907]]]},"properties":{"dev_key":"X0014201","status":"APPROVED","permit_num":"TPM-2013-28/C","bldhgt_ahd":149.2,"base_ahd":28.0,"address":"386-412 William Street MELBOURNE VIC 3000","num_floors":34,"land_use_1":"Office (sq.m) 22289","shape_type":"tower","datadate":"2024-10-24T12:53:51+00:00","height":121.2}},{"type":"Feature","geometry":{"type":"Polygon","coordinates":[[[144.964236,-37.803459],[144.96418,-37.803492],[144.964164,-37.803588],[144.964215,-37.803594],[144.96421,-37.803629],[144.964158,-37.803624],[144.964143,-37.803714],[144.964384,-37.80374],[144.964382,-37.80375],[144.964477,-37.803761],[144.96448,-37.803745],[144.964532,-37.803751],[144.964529,-37.803769],[144.964572,-37.803774],[144.964619,-37.8035],[144.964236,-37.803459]]]},"properties":{"dev_key":"X0014503","status":"UNDER CONSTRUCTION","permit_num":"TP-2019-787/A","bldhgt_ahd":70.6,"base_ahd":35.6,"address":"121-131 Cardigan Street, Carlton, 3053","num_floors":11,"land_use_1":"Dwellings 80","shape_type":"tower","datadate":"2024-10-24T12:53:51+00:00","height":35.0}},{"type":"Feature","geometry":{"type":"Polygon","coordinates":[[[144.960909,-37.81505],[144.961157,-37.81558],[144.961347,-37.815525],[144.961293,-37.815402],[144.961274,-37.815359],[144.961641,-37.815254],[144.96162,-37.815207],[144.961641,-37.815201],[144.961583,-37.815075],[144.961596,-37.815071],[144.961509,-37.814879],[144.961187,-37.814971],[144.96119,-37.814977],[144.961111,-37.814999],[144.961108,-37.814994],[144.960909,-37.81505]]]},"properties":{"dev_key":"X0014802","status":"UNDER CONSTRUCTION","permit_num":"TPMR-2019-1/D","bldhgt_ahd":56.7,"base_ahd":15.8,"address":"148-156 Queen Street MELBOURNE VIC 3000","num_floors":51,"land_use_1":"Office (sq.m) 62754","shape_type":"podium","datadate":"2024-10-24T12:53:51+00:00","height":40.9}},{"type":"Feature","geometry":{"type":"Polygon","coordinates":[[[144.961553,-37.808773],[144.961551,-37.808772],[144.961496,-37.808762],[144.96149,-37.808761],[144.961495,-37.808759],[144.961495,-37.808759],[144.961494,-37.808758],[144.961478,-37.808736],[144.961476,-37.80873],[144.961473,-37.808719],[144.96147,-37.808708],[144.96147,-37.808705],[144.961456,-37.808675],[144.961452,-37.808668],[144.96145,-37.808665],[144.961445,-37.808659],[144.961444,-37.808658],[144.961438,-37.808648],[144.961434,-37.808642],[144.961434,-37.808641],[144.961429,-37.808622],[144.961429,-37.808621],[144.961402,-37.808563],[144.961402,-37.808563],[144.961389,-37.808567],[144.961286,-37.808596],[144.961272,-37.8086],[144.961268,-37.808601],[144.961295,-37.808658],[144.961303,-37.808669],[144.961306,-37.808676],[144.961309,-37.808678],[144.961313,-37.808687],[144.961313,-37.808689],[144.961317,-37.808704],[144.961322,-37.808714],[144.961329,-37.808728],[144.961329,-37.808729],[144.961343,-37.808752],[144.961345,-37.808756],[144.961356,-37.808775],[144.961361,-37.80879],[144.961364,-37.808798],[144.961367,-37.808805],[144.961368,-37.808804],[144.961378,-37.808802],[144.961386,-37.808799],[144.961397,-37.808823],[144.96141,-37.808851],[144.961421,-37.808873],[144.96145,-37.808934],[144.961471,-37.808979],[144.961476,-37.808978],[144.961616,-37.808937],[144.961618,-37.808937],[144.961598,-37.808897],[144.961596,-37.808891],[144.961596,-37.808891],[144.961623,-37.808883],[144.961632,-37.80888],[144.961655,-37.808874],[144.961685,-37.808865],[144.961736,-37.808851],[144.961735,-37.80885],[144.961735,-37.808849],[144.961682,-37.808736],[144.961682,-37.808735],[144.961637,-37.808747],[144.961555,-37.80877],[144.961556,-37.808772],[144.961556,-37.808773],[144.961554,-37.808773],[144.961553,-37.808773]]]},"properties":{"dev_key":"X001190","status":"COMPLETED","permit_num":"TPM-2010-29/B","bldhgt_ahd":183.4,"base_ahd":16.1,"address":"58-64 A'Beckett Street MELBOURNE VIC 3000","num_floors":57,"land_use_1":"Dwellings 463","shape_type":"tower","datadate":"2024-10-24T12:53:51+00:00","height":167.3}},{"type":"Feature","geometry":{"type":"Polygon","coordinates":[[[144.961534,-37.809352],[144.961553,-37.809346],[144.961473,-37.809176],[144.961457,-37.80918],[144.961086,-37.80929],[144.961078,-37.809298],[144.961156,-37.809463],[144.961534,-37.809352]]]},"properties":{"dev_key":"X000264","status":"COMPLETED","permit_num":"TPM-2013-16","bldhgt_ahd":183.7,"base_ahd":15.9,"address":"75-89 A'Beckett Street MELBOURNE VIC 3000","num_floors":55,"land_use_1":"Dwellings 465","shape_type":"tower","datadate":"2024-10-24T12:53:51+00:00","height":167.8}},{"type":"Feature","geometry":{"type":"Polygon","coordinates":[[[144.949658,-37.811864],[144.949897,-37.811796],[144.949914,-37.811784],[144.949927,-37.81177],[144.949936,-37.81174],[144.949934,-37.811714],[144.949922,-37.811692],[144.94989,-37.811672],[144.949805,-37.811489],[144.949764,-37.811472],[144.94973,-37.811468],[144.94971,-37.811471],[144.949675,-37.811483],[144.949658,-37.8115],[144.949645,-37.811515],[144.949637,-37.811541],[144.949695,-37.811685],[144.949703,-37.811701],[144.949593,-37.81173],[144.949564,-37.811755],[144.949551,-37.811787],[144.94955,-37.811811],[144.949562,-37.811833],[144.949587,-37.811851],[144.949611,-37.811863],[144.949638,-37.811867],[144.949658,-37.811864]]]},"properties":{"dev_key":"X000618","status":"COMPLETED","permit_num":"TPM-2012-4/A","bldhgt_ahd":101.7,"base_ahd":14.5,"address":"83-113 Batman Street WEST MELBOURNE VIC 3003","num_floors":26,"land_use_1":"Dwellings 360","shape_type":"tower","datadate":"2024-10-24T12:53:51+00:00","height":87.2}},{"type":"Feature","geometry":{"type":"Polygon","coordinates":[[[144.953458,-37.813792],[144.95307,-37.813902],[144.953011,-37.814153],[144.953151,-37.814468],[144.953121,-37.814611],[144.953183,-37.814751],[144.953804,-37.814572],[144.953458,-37.813792]]]},"properties":{"dev_key":"X000178","status":"COMPLETED","permit_num":"TPM-2012-1/A","bldhgt_ahd":45.5,"base_ahd":13.0,"address":"244-276 Spencer Street MELBOURNE VIC 3000","num_floors":72,"land_use_1":"Dwellings 849","shape_type":"podium","datadate":"2024-10-24T12:53:51+00:00","height":32.5}},{"type":"Feature","geometry":{"type":"Polygon","coordinates":[[[144.961456,-37.80804],[144.961367,-37.808066],[144.961346,-37.808072],[144.961352,-37.808087],[144.961345,-37.808089],[144.961329,-37.808053],[144.961327,-37.808048],[144.961078,-37.808119],[144.961184,-37.808356],[144.961185,-37.808355],[144.9612,-37.808351],[144.961202,-37.808357],[144.961188,-37.808361],[144.961186,-37.808361],[144.961272,-37.808552],[144.961273,-37.808552],[144.961432,-37.808506],[144.961638,-37.808446],[144.961638,-37.808446],[144.961636,-37.808441],[144.961508,-37.808155],[144.961456,-37.80804]]]},"properties":{"dev_key":"X0001800","status":"COMPLETED","permit_num":"TPMR-2017-12","bldhgt_ahd":57.0,"base_ahd":17.4,"address":"97-111 Franklin Street MELBOURNE VIC 3000","num_floors":60,"land_use_1":"Student Accommodation 734","shape_type":"podium","datadate":"2024-10-24T12:53:51+00:00","height":39.6}},{"type":"Feature","geometry":{"type":"Polygon","coordinates":[[[144.958964,-37.80266],[144.958965,-37.80266],[144.959094,-37.802623],[144.959108,-37.802619],[144.959115,-37.802617],[144.959128,-37.802613],[144.959063,-37.802472],[144.959006,-37.802347],[144.958983,-37.802354],[144.95881,-37.802404],[144.958874,-37.802543],[144.958932,-37.802669],[144.958964,-37.80266]]]},"properties":{"dev_key":"X0001805","status":"COMPLETED","permit_num":"TP-2015-1146/A","bldhgt_ahd":47.7,"base_ahd":31.3,"address":"122-136 Berkeley Street CARLTON VIC 3053","num_floors":12,"land_use_1":"Student Accommodation 240","shape_type":"podium","datadate":"2024-10-24T12:53:51+00:00","height":16.4}},{"type":"Feature","geometry":{"type":"Polygon","coordinates":[[[144.952836,-37.810795],[144.952836,-37.810795],[144.952836,-37.810795],[144.952824,-37.810768],[144.952867,-37.810755],[144.95284,-37.810696],[144.952853,-37.810692],[144.952855,-37.810692],[144.952792,-37.810555],[144.952618,-37.810605],[144.952621,-37.810612],[144.952623,-37.810617],[144.952564,-37.810634],[144.952546,-37.810639],[144.952577,-37.810703],[144.952568,-37.810706],[144.952623,-37.810826],[144.952626,-37.810832],[144.952635,-37.81083],[144.952637,-37.810829],[144.952641,-37.810837],[144.952647,-37.81085],[144.952836,-37.810795]]]},"properties":{"dev_key":"X0003200","status":"COMPLETED","permit_num":"TP-2017-931/A","bldhgt_ahd":84.8,"base_ahd":25.8,"address":"407-415 King Street, West Melbourne, 3003","num_floors":19,"land_use_1":"Student Accommodation 362","shape_type":"tower","datadate":"2024-10-24T12:53:51+00:00","height":59.0}},{"type":"Feature","geometry":{"type":"Polygon","coordinates":[[[144.958664,-37.809043],[144.958688,-37.809095],[144.958712,-37.809147],[144.95872,-37.809145],[144.958967,-37.809074],[144.958919,-37.80897],[144.958831,-37.808995],[144.958834,-37.809002],[144.958794,-37.809014],[144.958791,-37.809007],[144.958664,-37.809043]]]},"properties":{"dev_key":"X0004803","status":"APPROVED","permit_num":"TP-2018-668","bldhgt_ahd":56.3,"base_ahd":20.4,"address":"21-23 Anthony Street MELBOURNE VIC 3000","num_floors":11,"land_use_1":"Student Accommodation 72","shape_type":"podium","datadate":"2024-10-24T12:53:51+00:00","height":35.9}},{"type":"Feature","geometry":{"type":"Polygon","coordinates":[[[144.952489,-37.802921],[144.952321,-37.802902],[144.952318,-37.802924],[144.952275,-37.803162],[144.952269,-37.8032],[144.952435,-37.803219],[144.952489,-37.802921]]]},"properties":{"dev_key":"X0005213","status":"COMPLETED","permit_num":"TP-2014-482/B","bldhgt_ahd":39.0,"base_ahd":28.5,"address":"450-454 Queensberry Street NORTH MELBOURNE VIC 3051","num_floors":4,"land_use_1":"Serviced apartments 19","shape_type":"podium","datadate":"2024-10-24T12:53:51+00:00","height":10.5}},{"type":"Feature","geometry":{"type":"Polygon","coordinates":[[[144.947892,-37.807538],[144.948036,-37.807421],[144.94796,-37.807366],[144.947977,-37.807352],[144.947884,-37.807279],[144.947868,-37.807292],[144.947788,-37.807228],[144.947648,-37.807345],[144.947892,-37.807538]]]},"properties":{"dev_key":"X0008020","status":"COMPLETED","permit_num":"TP-2020-12","bldhgt_ahd":50.6,"base_ahd":19.5,"address":"550-558 Spencer Street, West Melbourne, 3003","num_floors":8,"land_use_1":"Office (sq.m) 3637","shape_type":"tower","datadate":"2024-10-24T12:53:51+00:00","height":31.1}},{"type":"Feature","geometry":{"type":"Polygon","coordinates":[[[144.948396,-37.810307],[144.948411,-37.810335],[144.948393,-37.810341],[144.948475,-37.810482],[144.948901,-37.810321],[144.948864,-37.810258],[144.948798,-37.810281],[144.948793,-37.810271],[144.948898,-37.810232],[144.948843,-37.810155],[144.948821,-37.810163],[144.948801,-37.81013],[144.948704,-37.810166],[144.948725,-37.810198],[144.948658,-37.810222],[144.948667,-37.810239],[144.948636,-37.810249],[144.948629,-37.810233],[144.948498,-37.810285],[144.948506,-37.810301],[144.948481,-37.810309],[144.948462,-37.810279],[144.948396,-37.810307]]]},"properties":{"dev_key":"X0008411","status":"COMPLETED","permit_num":"TPM-2014-22/B","bldhgt_ahd":40.4,"base_ahd":13.8,"address":"177-231 Rosslyn Street WEST MELBOURNE VIC 3003","num_floors":8,"land_use_1":"Dwellings 56","shape_type":"tower","datadate":"2024-10-24T12:53:51+00:00","height":26.6}},{"type":"Feature","geometry":{"type":"Polygon","coordinates":[[[144.957267,-37.809908],[144.957337,-37.810061],[144.957337,-37.810062],[144.957337,-37.810062],[144.957361,-37.810113],[144.957416,-37.810097],[144.957561,-37.810055],[144.957591,-37.810047],[144.957517,-37.809886],[144.957486,-37.809889],[144.957326,-37.809902],[144.957267,-37.809907],[144.957267,-37.809908]]]},"properties":{"dev_key":"X0009412","status":"COMPLETED","permit_num":"TP-2020-578","bldhgt_ahd":107.1,"base_ahd":24.2,"address":"196-200 A'Beckett Street, Melbourne, 3000","num_floors":28,"land_use_1":"Student Accommodation 665","shape_type":"tower","datadate":"2024-10-24T12:53:51+00:00","height":82.9}},{"type":"Feature","geometry":{"type":"Polygon","coordinates":[[[144.958806,-37.803535],[144.958636,-37.803588],[144.958659,-37.803637],[144.958711,-37.803621],[144.958753,-37.803714],[144.958773,-37.803708],[144.9588,-37.803766],[144.95878,-37.803772],[144.958821,-37.80386],[144.958921,-37.80383],[144.958907,-37.803798],[144.95899,-37.803773],[144.959005,-37.803805],[144.959107,-37.803774],[144.959074,-37.803702],[144.959064,-37.803705],[144.959061,-37.803699],[144.959071,-37.803696],[144.959052,-37.803656],[144.958927,-37.803695],[144.958901,-37.803639],[144.95899,-37.803611],[144.959005,-37.803642],[144.959118,-37.803608],[144.959049,-37.803459],[144.958937,-37.803494],[144.958951,-37.803526],[144.958822,-37.803566],[144.958806,-37.803535]]]},"properties":{"dev_key":"X0009801","status":"APPROVED","permit_num":"TP-2020-7/A","bldhgt_ahd":80.5,"base_ahd":26.6,"address":"618-630 Elizabeth Street, Melbourne, 3000","num_floors":16,"land_use_1":"Student Accommodation 740","shape_type":"extension","datadate":"2024-10-24T12:53:51+00:00","height":53.9}},{"type":"Feature","geometry":{"type":"Polygon","coordinates":[[[144.961284,-37.802952],[144.96128,-37.80294],[144.961245,-37.802944],[144.961243,-37.802936],[144.961209,-37.802939],[144.961207,-37.802932],[144.961173,-37.802935],[144.96117,-37.802927],[144.961136,-37.80293],[144.961134,-37.802923],[144.961099,-37.802926],[144.961096,-37.802919],[144.961063,-37.802922],[144.96106,-37.802915],[144.961026,-37.802917],[144.961024,-37.802911],[144.960981,-37.802912],[144.96098,-37.802919],[144.960887,-37.802924],[144.960894,-37.802883],[144.960724,-37.802863],[144.960713,-37.802881],[144.960712,-37.802888],[144.960718,-37.80289],[144.960709,-37.802906],[144.960707,-37.802914],[144.960714,-37.802916],[144.960704,-37.802932],[144.960703,-37.802939],[144.960709,-37.802941],[144.9607,-37.802956],[144.960699,-37.802963],[144.960705,-37.802966],[144.960696,-37.80298],[144.960694,-37.802988],[144.960699,-37.80299],[144.960691,-37.803007],[144.96069,-37.803014],[144.960695,-37.803016],[144.960687,-37.803031],[144.960686,-37.803038],[144.960695,-37.803043],[144.960863,-37.803063],[144.960864,-37.803056],[144.96087,-37.803054],[144.960867,-37.803042],[144.960869,-37.80303],[144.960874,-37.803028],[144.960871,-37.803017],[144.960874,-37.803006],[144.960878,-37.803005],[144.960876,-37.802994],[144.960913,-37.802998],[144.960905,-37.803049],[144.961258,-37.803091],[144.961284,-37.802952]]]},"properties":{"dev_key":"X0010000","status":"COMPLETED","permit_num":"TP-2020-709","bldhgt_ahd":54.7,"base_ahd":27.5,"address":"132-138 Leicester Street, Carlton, 3053","num_floors":14,"land_use_1":"Student Accommodation 356","shape_type":"podium","datadate":"2024-10-24T12:53:51+00:00","height":27.2}},{"type":"Feature","geometry":{"type":"Polygon","coordinates":[[[144.948735,-37.807742],[144.948568,-37.807854],[144.948563,-37.807851],[144.948388,-37.807968],[144.948716,-37.808282],[144.948918,-37.808159],[144.948906,-37.808148],[144.948933,-37.808131],[144.948947,-37.808142],[144.949093,-37.808053],[144.949011,-37.807979],[144.94904,-37.80796],[144.94912,-37.808037],[144.949151,-37.808018],[144.949035,-37.807907],[144.949092,-37.807869],[144.949211,-37.807982],[144.949281,-37.807939],[144.949196,-37.807861],[144.949175,-37.807875],[144.948953,-37.807665],[144.948777,-37.807782],[144.948763,-37.807768],[144.948735,-37.807742]]]},"properties":{"dev_key":"X0010203","status":"COMPLETED","permit_num":"TPM-2017-5/A","bldhgt_ahd":36.0,"base_ahd":18.6,"address":"512-544 Spencer Street, West Melbourne, 3003","num_floors":8,"land_use_1":"Dwellings 145","shape_type":"podium","datadate":"2024-10-24T12:53:51+00:00","height":17.4}},{"type":"Feature","geometry":{"type":"Polygon","coordinates":[[[144.948798,-37.806078],[144.948671,-37.805992],[144.948731,-37.805938],[144.948845,-37.806015],[144.948925,-37.805945],[144.948901,-37.805928],[144.948792,-37.805854],[144.9487,-37.805933],[144.948695,-37.805937],[144.948691,-37.80594],[144.948555,-37.805851],[144.948361,-37.806036],[144.948473,-37.806113],[144.948476,-37.806116],[144.948447,-37.806144],[144.948635,-37.806272],[144.948803,-37.806113],[144.948779,-37.806097],[144.948798,-37.806078]]]},"properties":{"dev_key":"X0013701","status":"APPLIED","permit_num":"TP-2022-462","bldhgt_ahd":44.4,"base_ahd":25.9,"address":"13 Hawke Street, West Melbourne, 3003","num_floors":5,"land_use_1":"Hotel rooms 95","shape_type":"tower","datadate":"2024-10-24T12:53:51+00:00","height":18.5}},{"type":"Feature","geometry":{"type":"Polygon","coordinates":[[[144.955656,-37.809687],[144.955654,-37.809689],[144.955652,-37.809691],[144.95565,-37.809693],[144.95565,-37.809696],[144.955649,-37.809699],[144.95565,-37.809701],[144.955652,-37.809706],[144.955665,-37.809736],[144.955724,-37.809862],[144.955784,-37.809845],[144.955801,-37.809881],[144.955741,-37.809899],[144.95588,-37.810201],[144.95642,-37.810045],[144.95637,-37.809935],[144.956576,-37.809918],[144.956376,-37.80948],[144.955656,-37.809687]]]},"properties":{"dev_key":"X0014201","status":"APPROVED","permit_num":"TPM-2013-28/C","bldhgt_ahd":36.5,"base_ahd":28.0,"address":"386-412 William Street MELBOURNE VIC 3000","num_floors":34,"land_use_1":"Office (sq.m) 22289","shape_type":"podium","datadate":"2024-10-24T12:53:51+00:00","height":8.5}},{"type":"Feature","geometry":{"type":"Polygon","coordinates":[[[144.95636,-37.809579],[144.956261,-37.809608],[144.956244,-37.809615],[144.956229,-37.809624],[144.956216,-37.809635],[144.956206,-37.809648],[144.956198,-37.809661],[144.956193,-37.809676],[144.956192,-37.809691],[144.956194,-37.809706],[144.9562,-37.809721],[144.956062,-37.809762],[144.95607,-37.809752],[144.956077,-37.809742],[144.95608,-37.80973],[144.956082,-37.809718],[144.956081,-37.809707],[144.956068,-37.809675],[144.956046,-37.809625],[144.956031,-37.809629],[144.956012,-37.809585],[144.955755,-37.809659],[144.955745,-37.809665],[144.955736,-37.809672],[144.955729,-37.809681],[144.955724,-37.80969],[144.955721,-37.8097],[144.95572,-37.80971],[144.955721,-37.80972],[144.955784,-37.809851],[144.955842,-37.809833],[144.95591,-37.809814],[144.956004,-37.810021],[144.955917,-37.810046],[144.955974,-37.810173],[144.956197,-37.810109],[144.956177,-37.810066],[144.956229,-37.810046],[144.956277,-37.810019],[144.956319,-37.809986],[144.956355,-37.80995],[144.956384,-37.809909],[144.956405,-37.809866],[144.956419,-37.809821],[144.95644,-37.809815],[144.956455,-37.809787],[144.95636,-37.809579]]]},"properties":{"dev_key":"X0014201","status":"APPROVED","permit_num":"TPM-2013-28/C","bldhgt_ahd":73.5,"base_ahd":28.0,"address":"386-412 William Street MELBOURNE VIC 3000","num_floors":34,"land_use_1":"Office (sq.m) 22289","shape_type":"podium","datadate":"2024-10-24T12:53:51+00:00","height":45.5}},{"type":"Feature","geometry":{"type":"Polygon","coordinates":[[[144.955848,-37.809831],[144.956045,-37.809775],[144.956055,-37.809768],[144.956064,-37.80976],[144.956072,-37.80975],[144.956077,-37.80974],[144.956081,-37.809729],[144.956082,-37.809718],[144.956081,-37.809707],[144.956046,-37.809625],[144.956031,-37.809629],[144.956012,-37.809585],[144.955886,-37.809621],[144.955867,-37.80963],[144.95585,-37.809642],[144.955835,-37.809655],[144.955824,-37.80967],[144.955815,-37.809686],[144.95581,-37.809703],[144.955808,-37.809721],[144.955809,-37.809738],[144.955848,-37.809831]]]},"properties":{"dev_key":"X0014202","status":"APPROVED","permit_num":"TPM-2013-28/C","bldhgt_ahd":83.0,"base_ahd":28.0,"address":"386-412 William Street MELBOURNE VIC 3000","num_floors":3,"land_use_1":"Office (sq.m) 1278","shape_type":"tower","datadate":"2024-10-24T12:53:51+00:00","height":55.0}},{"type":"Feature","geometry":{"type":"Polygon","coordinates":[[[144.957797,-37.80902],[144.957684,-37.809052],[144.957588,-37.809041],[144.957513,-37.809454],[144.957966,-37.809504],[144.958003,-37.809468],[144.957797,-37.80902]]]},"properties":{"dev_key":"X0015202","status":"APPLIED","permit_num":"TPMR-2023-21","bldhgt_ahd":43.8,"base_ahd":25.0,"address":"65-159 Victoria Street MELBOURNE VIC 3000","num_floors":54,"land_use_1":"Student Accommodation 1151","shape_type":"podium","datadate":"2024-10-24T12:53:51+00:00","height":18.8}},{"type":"Feature","geometry":{"type":"Polygon","coordinates":[[[144.95478,-37.814716],[144.954746,-37.814703],[144.954609,-37.814742],[144.954631,-37.814792],[144.954581,-37.814805],[144.954701,-37.815069],[144.954915,-37.815009],[144.95478,-37.814716]]]},"properties":{"dev_key":"X0016009","status":"APPLIED","permit_num":"TP-2024-688","bldhgt_ahd":45.7,"base_ahd":14.4,"address":"225-237 King Street MELBOURNE VIC 3000","num_floors":15,"land_use_1":"Student Accommodation 274","shape_type":"podium","datadate":"2024-10-24T12:53:51+00:00","height":31.3}},{"type":"Feature","geometry":{"type":"Polygon","coordinates":[[[144.950996,-37.811177],[144.950796,-37.811234],[144.950902,-37.811465],[144.951104,-37.811406],[144.950996,-37.811177]]]},"properties":{"dev_key":"X001191","status":"COMPLETED","permit_num":"TP-2014-1144","bldhgt_ahd":67.7,"base_ahd":18.9,"address":"386-394 Spencer Street WEST MELBOURNE VIC 3003","num_floors":16,"land_use_1":"Dwellings 105","shape_type":"tower","datadate":"2024-10-24T12:53:51+00:00","height":48.8}},{"type":"Feature","geometry":{"type":"Polygon","coordinates":[[[144.952475,-37.814071],[144.952091,-37.81418],[144.952453,-37.814961],[144.953105,-37.814773],[144.953049,-37.814648],[144.952996,-37.814639],[144.952867,-37.814347],[144.952883,-37.814278],[144.952813,-37.814121],[144.952475,-37.814071]]]},"properties":{"dev_key":"X000175","status":"COMPLETED","permit_num":"TPM-2012-1/A","bldhgt_ahd":51.5,"base_ahd":12.0,"address":"244-276 Spencer Street MELBOURNE VIC 3000","num_floors":80,"land_use_1":"Dwellings 663","shape_type":"podium","datadate":"2024-10-24T12:53:51+00:00","height":39.5}},{"type":"Feature","geometry":{"type":"Polygon","coordinates":[[[144.95503,-37.803216],[144.955048,-37.80323],[144.955039,-37.803238],[144.955089,-37.803271],[144.955376,-37.803303],[144.955276,-37.803224],[144.95526,-37.803237],[144.955253,-37.803231],[144.955269,-37.803218],[144.955198,-37.803162],[144.955191,-37.80317],[144.955165,-37.803148],[144.955174,-37.803142],[144.955087,-37.803073],[144.955074,-37.803082],[144.955066,-37.803076],[144.955077,-37.803065],[144.955,-37.803004],[144.954969,-37.803174],[144.95502,-37.803223],[144.95503,-37.803216]]]},"properties":{"dev_key":"X001516","status":"COMPLETED","permit_num":"TP-2012-315/A","bldhgt_ahd":51.1,"base_ahd":33.9,"address":"366-392 Queensberry Street NORTH MELBOURNE VIC 3051","num_floors":4,"land_use_1":"Dwellings 35","shape_type":"podium","datadate":"2024-10-24T12:53:51+00:00","height":17.2}},{"type":"Feature","geometry":{"type":"Polygon","coordinates":[[[144.954727,-37.802999],[144.954709,-37.802997],[144.954669,-37.803224],[144.954904,-37.803251],[144.954926,-37.803128],[144.954903,-37.803126],[144.954907,-37.803108],[144.954929,-37.803111],[144.954954,-37.802968],[144.954789,-37.802836],[144.954777,-37.802901],[144.954721,-37.802931],[144.954712,-37.802985],[144.95473,-37.802987],[144.954727,-37.802999]]]},"properties":{"dev_key":"X001517","status":"COMPLETED","permit_num":"TP-2012-315/A","bldhgt_ahd":50.7,"base_ahd":33.0,"address":"366-392 Queensberry Street NORTH MELBOURNE VIC 3051","num_floors":4,"land_use_1":"Dwellings 34","shape_type":"podium","datadate":"2024-10-24T12:53:51+00:00","height":17.7}},{"type":"Feature","geometry":{"type":"Polygon","coordinates":[[[144.950045,-37.805619],[144.950022,-37.8056],[144.949824,-37.805653],[144.949872,-37.805692],[144.949889,-37.805688],[144.949903,-37.8057],[144.949937,-37.805673],[144.949955,-37.805688],[144.950045,-37.805619]]]},"properties":{"dev_key":"X000583","status":"COMPLETED","permit_num":"TP-2014-22","bldhgt_ahd":37.4,"base_ahd":25.7,"address":"14-20 Roden Street WEST MELBOURNE VIC 3003","num_floors":4,"land_use_1":"Dwellings 10","shape_type":"podium","datadate":"2024-10-24T12:53:51+00:00","height":11.7}},{"type":"Feature","geometry":{"type":"Polygon","coordinates":[[[144.958868,-37.810187],[144.958886,-37.810185],[144.958901,-37.810179],[144.958902,-37.810178],[144.958947,-37.810159],[144.958966,-37.810154],[144.958998,-37.810149],[144.959019,-37.810144],[144.959044,-37.810139],[144.959149,-37.810109],[144.959169,-37.810103],[144.959188,-37.810094],[144.959223,-37.810075],[144.95925,-37.810061],[144.959261,-37.810048],[144.959268,-37.810014],[144.959276,-37.809977],[144.95928,-37.809962],[144.95929,-37.809912],[144.95929,-37.809905],[144.959285,-37.809898],[144.959276,-37.809893],[144.959266,-37.809891],[144.959087,-37.809914],[144.959004,-37.809937],[144.958995,-37.809939],[144.958941,-37.809954],[144.958883,-37.809979],[144.958794,-37.809998],[144.9587,-37.810056],[144.958694,-37.810064],[144.958695,-37.810074],[144.958702,-37.810082],[144.958749,-37.810118],[144.958747,-37.810138],[144.958745,-37.810155],[144.958744,-37.810173],[144.958748,-37.810183],[144.958762,-37.810192],[144.958868,-37.810187]]]},"properties":{"dev_key":"X001216","status":"COMPLETED","permit_num":"TPM-2015-12","bldhgt_ahd":219.4,"base_ahd":21.3,"address":"143-171 A'Beckett Street, Melbourne, 3000","num_floors":79,"land_use_1":"Dwellings 815","shape_type":"extension","datadate":"2024-10-24T12:53:51+00:00","height":198.1}},{"type":"Feature","geometry":{"type":"Polygon","coordinates":[[[144.951623,-37.814383],[144.951598,-37.814357],[144.951689,-37.814302],[144.951578,-37.814052],[144.951527,-37.814049],[144.951546,-37.813982],[144.950555,-37.81427],[144.950593,-37.814353],[144.950641,-37.814339],[144.950712,-37.814493],[144.95076,-37.814479],[144.950826,-37.814623],[144.950927,-37.814594],[144.950945,-37.814625],[144.9511,-37.814599],[144.951127,-37.814566],[144.951514,-37.814456],[144.951623,-37.814383]]]},"properties":{"dev_key":"X0001634","status":"COMPLETED","permit_num":"TPMR-2017-4","bldhgt_ahd":31.5,"base_ahd":14.1,"address":"263-283 Spencer Street DOCKLANDS VIC 3008","num_floors":41,"land_use_1":"Office (sq.m) 60079","shape_type":"podium","datadate":"2024-10-24T12:53:51+00:00","height":17.4}},{"type":"Feature","geometry":{"type":"Polygon","coordinates":[[[144.955638,-37.800659],[144.955727,-37.800589],[144.955519,-37.800424],[144.955321,-37.800266],[144.955157,-37.800395],[144.954832,-37.800652],[144.9548,-37.800628],[144.954659,-37.800742],[144.955096,-37.801088],[144.955638,-37.800659]]]},"properties":{"dev_key":"X000536","status":"COMPLETED","permit_num":"TPM-2013-9","bldhgt_ahd":66.4,"base_ahd":26.8,"address":"19-35 Flemington Road NORTH MELBOURNE VIC 3051","num_floors":19,"land_use_1":"Dwellings 454","shape_type":"podium","datadate":"2024-10-24T12:53:51+00:00","height":39.6}},{"type":"Feature","geometry":{"type":"Polygon","coordinates":[[[144.96351,-37.80514],[144.963515,-37.805112],[144.963517,-37.805104],[144.963342,-37.805084],[144.963311,-37.805263],[144.963484,-37.805282],[144.963489,-37.805252],[144.963494,-37.80522],[144.963594,-37.805231],[144.963589,-37.805263],[144.963589,-37.805266],[144.963585,-37.805293],[144.963764,-37.805313],[144.96377,-37.805285],[144.96377,-37.805282],[144.963776,-37.805252],[144.963874,-37.805262],[144.96387,-37.805293],[144.963866,-37.805325],[144.964096,-37.80535],[144.964126,-37.805175],[144.963897,-37.805149],[144.963896,-37.805154],[144.96389,-37.805185],[144.963791,-37.805174],[144.963796,-37.805143],[144.963797,-37.805137],[144.963615,-37.805116],[144.963614,-37.805124],[144.96361,-37.80515],[144.96351,-37.80514]]]},"properties":{"dev_key":"X0002802","status":"COMPLETED","permit_num":"TP-2017-828","bldhgt_ahd":67.4,"base_ahd":28.3,"address":"498-504 Swanston Street CARLTON VIC 3053","num_floors":17,"land_use_1":"Student Accommodation 710","shape_type":"podium","datadate":"2024-10-24T12:53:51+00:00","height":39.1}},{"type":"Feature","geometry":{"type":"Polygon","coordinates":[[[144.948488,-37.809877],[144.947577,-37.810322],[144.947685,-37.810479],[144.947745,-37.810452],[144.947795,-37.81054],[144.947742,-37.810561],[144.947894,-37.81078],[144.949002,-37.81036],[144.948751,-37.810012],[144.948609,-37.810065],[144.948572,-37.810004],[144.948583,-37.809999],[144.948488,-37.809877]]]},"properties":{"dev_key":"X0008409","status":"COMPLETED","permit_num":"TPM-2014-22/B","bldhgt_ahd":20.8,"base_ahd":11.4,"address":"177-231 Rosslyn Street WEST MELBOURNE VIC 3003","num_floors":16,"land_use_1":"Dwellings 118","shape_type":"podium","datadate":"2024-10-24T12:53:51+00:00","height":9.4}},{"type":"Feature","geometry":{"type":"Polygon","coordinates":[[[144.952462,-37.812432],[144.952409,-37.812321],[144.952261,-37.812363],[144.95223,-37.812371],[144.952257,-37.812431],[144.952282,-37.812485],[144.952328,-37.812471],[144.952393,-37.812609],[144.952427,-37.812685],[144.952536,-37.812655],[144.952501,-37.812578],[144.952436,-37.812439],[144.952462,-37.812432]]]},"properties":{"dev_key":"X0009200","status":"APPROVED","permit_num":"TP-2018-749/A","bldhgt_ahd":42.6,"base_ahd":17.8,"address":"488-494 La Trobe Street WEST MELBOURNE VIC 3003","num_floors":17,"land_use_1":"Hotel rooms 195","shape_type":"tower","datadate":"2024-10-24T12:53:51+00:00","height":24.8}},{"type":"Feature","geometry":{"type":"Polygon","coordinates":[[[144.958,-37.811545],[144.957994,-37.811544],[144.957979,-37.811541],[144.957963,-37.81154],[144.957947,-37.811541],[144.957932,-37.811544],[144.957834,-37.811573],[144.957825,-37.811578],[144.957819,-37.811585],[144.957817,-37.811593],[144.957819,-37.811601],[144.957919,-37.811818],[144.957926,-37.811827],[144.957935,-37.811832],[144.957947,-37.811835],[144.957959,-37.811834],[144.958435,-37.811695],[144.958444,-37.81169],[144.958451,-37.811683],[144.958455,-37.811675],[144.958455,-37.811666],[144.958342,-37.811422],[144.958335,-37.811416],[144.958325,-37.811411],[144.958314,-37.811409],[144.958303,-37.81141],[144.958159,-37.811452],[144.958145,-37.811458],[144.958133,-37.811466],[144.958123,-37.811475],[144.958115,-37.811486],[144.958098,-37.811517],[144.958,-37.811545]]]},"properties":{"dev_key":"X0009202","status":"APPROVED","permit_num":"TPMR-2020-52","bldhgt_ahd":145.0,"base_ahd":24.0,"address":"383 La Trobe Street, Melbourne, 3000","num_floors":33,"land_use_1":"Office (sq.m) 44003","shape_type":"tower","datadate":"2024-10-24T12:53:51+00:00","height":121.0}},{"type":"Feature","geometry":{"type":"Polygon","coordinates":[[[144.946043,-37.808688],[144.946007,-37.808716],[144.946133,-37.808823],[144.946249,-37.808736],[144.946259,-37.808744],[144.946318,-37.808701],[144.946306,-37.808692],[144.946576,-37.80849],[144.946408,-37.808362],[144.946261,-37.808477],[144.946249,-37.808466],[144.946191,-37.808509],[144.946204,-37.80852],[144.946102,-37.808597],[144.946072,-37.808574],[144.946097,-37.808554],[144.946049,-37.808518],[144.946024,-37.808538],[144.945995,-37.808515],[144.946086,-37.808431],[144.946102,-37.808441],[144.946152,-37.808394],[144.946137,-37.808384],[144.946273,-37.808259],[144.946107,-37.808134],[144.945991,-37.808242],[144.945975,-37.808232],[144.945945,-37.808258],[144.945961,-37.80827],[144.945887,-37.808336],[144.945879,-37.80833],[144.945804,-37.808396],[144.945814,-37.808405],[144.945709,-37.808503],[144.945848,-37.808597],[144.945883,-37.808567],[144.945904,-37.808583],[144.945883,-37.808602],[144.945999,-37.80869],[144.946023,-37.808672],[144.946043,-37.808688]]]},"properties":{"dev_key":"X0006809","status":"COMPLETED","permit_num":"TP-2018-88/A","bldhgt_ahd":38.4,"base_ahd":16.1,"address":"172-184 Roden Street WEST MELBOURNE VIC 3003","num_floors":7,"land_use_1":"Dwellings 172","shape_type":"tower","datadate":"2024-10-24T12:53:51+00:00","height":22.3}},{"type":"Feature","geometry":{"type":"Polygon","coordinates":[[[144.959891,-37.809636],[144.960054,-37.80999],[144.960484,-37.809865],[144.960363,-37.809599],[144.960358,-37.8096],[144.960354,-37.809597],[144.960355,-37.809593],[144.96036,-37.809592],[144.96033,-37.809527],[144.960321,-37.809529],[144.960317,-37.809529],[144.960315,-37.809528],[144.960315,-37.809525],[144.960317,-37.809523],[144.960313,-37.809514],[144.960307,-37.809509],[144.960299,-37.809509],[144.959951,-37.80961],[144.959946,-37.809611],[144.959943,-37.809614],[144.959942,-37.809618],[144.959945,-37.809621],[144.959891,-37.809636]]]},"properties":{"dev_key":"X0010010","status":"COMPLETED","permit_num":"TPM-2015-30/D","bldhgt_ahd":24.8,"base_ahd":16.4,"address":"111-125 A'Beckett Street MELBOURNE VIC 3000","num_floors":65,"land_use_1":"Dwellings 655","shape_type":"podium","datadate":"2024-10-24T12:53:51+00:00","height":8.4}},{"type":"Feature","geometry":{"type":"Polygon","coordinates":[[[144.948757,-37.807793],[144.948755,-37.807798],[144.948757,-37.807802],[144.948914,-37.807951],[144.948903,-37.807959],[144.948895,-37.807951],[144.948772,-37.808031],[144.948782,-37.808041],[144.948769,-37.808049],[144.948584,-37.807874],[144.948428,-37.807979],[144.948696,-37.808234],[144.948719,-37.808219],[144.948726,-37.808226],[144.948735,-37.80822],[144.948753,-37.808238],[144.948902,-37.808146],[144.948883,-37.808128],[144.949194,-37.807934],[144.948934,-37.807686],[144.94893,-37.807683],[144.948924,-37.807684],[144.948757,-37.807793]]]},"properties":{"dev_key":"X0010203","status":"COMPLETED","permit_num":"TPM-2017-5/A","bldhgt_ahd":45.3,"base_ahd":18.6,"address":"512-544 Spencer Street, West Melbourne, 3003","num_floors":8,"land_use_1":"Dwellings 145","shape_type":"tower","datadate":"2024-10-24T12:53:51+00:00","height":26.7}},{"type":"Feature","geometry":{"type":"Polygon","coordinates":[[[144.959786,-37.805052],[144.959683,-37.80508],[144.959795,-37.805334],[144.959902,-37.805304],[144.959786,-37.805052]]]},"properties":{"dev_key":"X0012413","status":"APPROVED","permit_num":"TP-2022-21","bldhgt_ahd":38.7,"base_ahd":21.3,"address":"556 Elizabeth Street, Melbourne, 3000","num_floors":4,"land_use_1":"Office (sq.m) 890","shape_type":"extension","datadate":"2024-10-24T12:53:51+00:00","height":17.4}},{"type":"Feature","geometry":{"type":"Polygon","coordinates":[[[144.955838,-37.809983],[144.955828,-37.809988],[144.95582,-37.809994],[144.955813,-37.810001],[144.955808,-37.810009],[144.955805,-37.810018],[144.955804,-37.810027],[144.955804,-37.810036],[144.95588,-37.810201],[144.956254,-37.810093],[144.956229,-37.810046],[144.956276,-37.810018],[144.956317,-37.809985],[144.956353,-37.809949],[144.956382,-37.809908],[144.956404,-37.809866],[144.956419,-37.809821],[144.95644,-37.809815],[144.956455,-37.809787],[144.956452,-37.809782],[144.956428,-37.809732],[144.956427,-37.809729],[144.956417,-37.809711],[144.956475,-37.809695],[144.956376,-37.80948],[144.956368,-37.809482],[144.95635,-37.809487],[144.956183,-37.809535],[144.956183,-37.809535],[144.956183,-37.809536],[144.956176,-37.809539],[144.95617,-37.809543],[144.956165,-37.809548],[144.956161,-37.809553],[144.956159,-37.809559],[144.956157,-37.809565],[144.956157,-37.809571],[144.956163,-37.809585],[144.956165,-37.80959],[144.956173,-37.809605],[144.956053,-37.809639],[144.956046,-37.809625],[144.956031,-37.809629],[144.956023,-37.80961],[144.956012,-37.809585],[144.956,-37.809588],[144.955903,-37.809616],[144.955898,-37.809617],[144.95572,-37.809669],[144.955671,-37.809683],[144.955671,-37.809683],[144.955671,-37.809683],[144.955667,-37.809685],[144.955663,-37.809688],[144.955659,-37.809691],[144.955657,-37.809695],[144.955655,-37.809699],[144.955654,-37.809703],[144.955653,-37.809707],[144.955654,-37.809711],[144.955654,-37.809711],[144.955654,-37.809711],[144.955654,-37.809711],[144.955658,-37.809719],[144.955665,-37.809736],[144.955684,-37.809775],[144.955722,-37.809858],[144.955723,-37.809861],[144.955724,-37.809862],[144.955727,-37.809869],[144.955769,-37.809856],[144.955779,-37.809853],[144.955799,-37.809847],[144.955858,-37.809977],[144.955838,-37.809983]]]},"properties":{"dev_key":"X0014201","status":"APPROVED","permit_num":"TPM-2013-28/C","bldhgt_ahd":55.7,"base_ahd":28.0,"address":"386-412 William Street MELBOURNE VIC 3000","num_floors":34,"land_use_1":"Office (sq.m) 22289","shape_type":"podium","datadate":"2024-10-24T12:53:51+00:00","height":27.7}},{"type":"Feature","geometry":{"type":"Polygon","coordinates":[[[144.954236,-37.814445],[144.954222,-37.814411],[144.954288,-37.814392],[144.954289,-37.814393],[144.954289,-37.814394],[144.95429,-37.814396],[144.954291,-37.814397],[144.954292,-37.814397],[144.954293,-37.814398],[144.954295,-37.814399],[144.954296,-37.814399],[144.954298,-37.814399],[144.9543,-37.814399],[144.954301,-37.814399],[144.954388,-37.814374],[144.954389,-37.814373],[144.954391,-37.814372],[144.954392,-37.814371],[144.954392,-37.814369],[144.954393,-37.814368],[144.954393,-37.814367],[144.954393,-37.814365],[144.954393,-37.814364],[144.954392,-37.814362],[144.954387,-37.814353],[144.954399,-37.814349],[144.9544,-37.814351],[144.954401,-37.814352],[144.954403,-37.814353],[144.954405,-37.814354],[144.954407,-37.814355],[144.954409,-37.814355],[144.954411,-37.814355],[144.954413,-37.814355],[144.954565,-37.814311],[144.954567,-37.81431],[144.954568,-37.814309],[144.954569,-37.814308],[144.95457,-37.814307],[144.954571,-37.814306],[144.954572,-37.814304],[144.954572,-37.814302],[144.954572,-37.814301],[144.954571,-37.814299],[144.954571,-37.814298],[144.954527,-37.814204],[144.954532,-37.814203],[144.954533,-37.814202],[144.954534,-37.814202],[144.954534,-37.814201],[144.954535,-37.8142],[144.954535,-37.8142],[144.954535,-37.814199],[144.954535,-37.814198],[144.954535,-37.814197],[144.954534,-37.814197],[144.954495,-37.814111],[144.954488,-37.81411],[144.954483,-37.814097],[144.954486,-37.814096],[144.954487,-37.814095],[144.954488,-37.814094],[144.954489,-37.814093],[144.954489,-37.814091],[144.954489,-37.81409],[144.954489,-37.814088],[144.954489,-37.814087],[144.954467,-37.814039],[144.954465,-37.814038],[144.954464,-37.814037],[144.954462,-37.814037],[144.95446,-37.814036],[144.954458,-37.814036],[144.954456,-37.814036],[144.954454,-37.814036],[144.954448,-37.814023],[144.954449,-37.814022],[144.954449,-37.814022],[144.95445,-37.814021],[144.954451,-37.814021],[144.954451,-37.81402],[144.954451,-37.81402],[144.954451,-37.814019],[144.954451,-37.814018],[144.954451,-37.814017],[144.954451,-37.814017],[144.954451,-37.814016],[144.954424,-37.81396],[144.954418,-37.813958],[144.95441,-37.813939],[144.954205,-37.813998],[144.953987,-37.81406],[144.954173,-37.814463],[144.954236,-37.814445]]]},"properties":{"dev_key":"X0014205","status":"APPROVED","permit_num":"TPMR-2019-20/D","bldhgt_ahd":25.1,"base_ahd":15.6,"address":"Lonsdale Court 600 Lonsdale Street, Melbourne, 3000","num_floors":40,"land_use_1":"Office (sq.m) 27990","shape_type":"podium","datadate":"2024-10-24T12:53:51+00:00","height":9.5}},{"type":"Feature","geometry":{"type":"Polygon","coordinates":[[[144.954338,-37.814415],[144.954605,-37.814339],[144.954486,-37.814081],[144.954471,-37.814086],[144.954424,-37.813984],[144.954115,-37.814073],[144.954261,-37.81439],[144.954318,-37.814373],[144.954338,-37.814415]]]},"properties":{"dev_key":"X0014205","status":"APPROVED","permit_num":"TPMR-2019-20/D","bldhgt_ahd":89.3,"base_ahd":15.6,"address":"Lonsdale Court 600 Lonsdale Street, Melbourne, 3000","num_floors":40,"land_use_1":"Office (sq.m) 27990","shape_type":"tower","datadate":"2024-10-24T12:53:51+00:00","height":73.7}},{"type":"Feature","geometry":{"type":"Polygon","coordinates":[[[144.957367,-37.809203],[144.956907,-37.809152],[144.956904,-37.809166],[144.95687,-37.809162],[144.956873,-37.809147],[144.956665,-37.809124],[144.956635,-37.809302],[144.956843,-37.809324],[144.956844,-37.809315],[144.956877,-37.809318],[144.956875,-37.809329],[144.957337,-37.809378],[144.957367,-37.809203]]]},"properties":{"dev_key":"X0014805","status":"APPLIED","permit_num":"TPMR-2023-12","bldhgt_ahd":182.7,"base_ahd":27.9,"address":"65-159 Victoria Street MELBOURNE VIC 3000","num_floors":47,"land_use_1":"Dwellings 568","shape_type":"tower","datadate":"2024-10-24T12:53:51+00:00","height":154.8}},{"type":"Feature","geometry":{"type":"Polygon","coordinates":[[[144.95651,-37.80929],[144.956543,-37.809107],[144.955931,-37.80904],[144.955929,-37.809053],[144.955828,-37.809041],[144.955826,-37.809055],[144.955755,-37.809047],[144.955722,-37.809229],[144.955732,-37.809231],[144.95568,-37.809501],[144.956434,-37.809282],[144.95651,-37.80929]]]},"properties":{"dev_key":"X0014804","status":"APPLIED","permit_num":"TPMR-2023-12","bldhgt_ahd":141.2,"base_ahd":27.9,"address":"65-159 Victoria Street MELBOURNE VIC 3000","num_floors":29,"land_use_1":"Office (sq.m) 43144","shape_type":"tower","datadate":"2024-10-24T12:53:51+00:00","height":113.3}},{"type":"Feature","geometry":{"type":"Polygon","coordinates":[[[144.945842,-37.809075],[144.945836,-37.80907],[144.945839,-37.809067],[144.945796,-37.809032],[144.945779,-37.809045],[144.94577,-37.809038],[144.945743,-37.80906],[144.945751,-37.809067],[144.945736,-37.809079],[144.945728,-37.809072],[144.945673,-37.809114],[144.945682,-37.809122],[144.945665,-37.809135],[144.945708,-37.809171],[144.945711,-37.809168],[144.945715,-37.809172],[144.945755,-37.809142],[144.945752,-37.809139],[144.945756,-37.809136],[144.945759,-37.809138],[144.945798,-37.809108],[144.945795,-37.809106],[144.9458,-37.809103],[144.945803,-37.809105],[144.945807,-37.809102],[144.945842,-37.809075]]]},"properties":{"dev_key":"X001199","status":"COMPLETED","permit_num":"TP-2015-19","bldhgt_ahd":27.5,"base_ahd":15.1,"address":"187-189 Adderley Street WEST MELBOURNE VIC 3003","num_floors":4,"land_use_1":"Dwellings 10","shape_type":"tower","datadate":"2024-10-24T12:53:51+00:00","height":12.4}},{"type":"Feature","geometry":{"type":"Polygon","coordinates":[[[144.950788,-37.808799],[144.950799,-37.808793],[144.950778,-37.808762],[144.950764,-37.808769],[144.950595,-37.808851],[144.950651,-37.808932],[144.950664,-37.808926],[144.950669,-37.808933],[144.950655,-37.808939],[144.950689,-37.808988],[144.950699,-37.809002],[144.950733,-37.808988],[144.950734,-37.808987],[144.950747,-37.809005],[144.950746,-37.809005],[144.9506,-37.809068],[144.950511,-37.809106],[144.950499,-37.809089],[144.950535,-37.809073],[144.950492,-37.80901],[144.950478,-37.809016],[144.950473,-37.809008],[144.950497,-37.808998],[144.950579,-37.808964],[144.950576,-37.80896],[144.950525,-37.808885],[144.950398,-37.808947],[144.950259,-37.809014],[144.95028,-37.809044],[144.950286,-37.809041],[144.95029,-37.809047],[144.950284,-37.80905],[144.95031,-37.809088],[144.950316,-37.809085],[144.950322,-37.809095],[144.950316,-37.809097],[144.95035,-37.809146],[144.950356,-37.809143],[144.950365,-37.809156],[144.950358,-37.809158],[144.950416,-37.809241],[144.950422,-37.809237],[144.95045,-37.809276],[144.950442,-37.80928],[144.950445,-37.809283],[144.950467,-37.809315],[144.950532,-37.809285],[144.950539,-37.809296],[144.950934,-37.809124],[144.950927,-37.809115],[144.950986,-37.809089],[144.950995,-37.809085],[144.95097,-37.809051],[144.950964,-37.809054],[144.950937,-37.809015],[144.950943,-37.809012],[144.950887,-37.808929],[144.95088,-37.808933],[144.950871,-37.80892],[144.950878,-37.808917],[144.950845,-37.808869],[144.950838,-37.808872],[144.950831,-37.808862],[144.950837,-37.808858],[144.950812,-37.808821],[144.950805,-37.808824],[144.950788,-37.808799]]]},"properties":{"dev_key":"X001234","status":"COMPLETED","permit_num":"TP-2015-391","bldhgt_ahd":46.3,"base_ahd":21.0,"address":"109-133 Rosslyn Street WEST MELBOURNE VIC 3003","num_floors":8,"land_use_1":"Dwellings 191","shape_type":"tower","datadate":"2024-10-24T12:53:51+00:00","height":25.3}},{"type":"Feature","geometry":{"type":"Polygon","coordinates":[[[144.953089,-37.805331],[144.953111,-37.805215],[144.953118,-37.805181],[144.952951,-37.805037],[144.952879,-37.80503],[144.952815,-37.80539],[144.953073,-37.805419],[144.953089,-37.805331]]]},"properties":{"dev_key":"X000493","status":"COMPLETED","permit_num":"TP-2007-658/A","bldhgt_ahd":40.0,"base_ahd":34.5,"address":"392-398 Victoria Street NORTH MELBOURNE VIC 3051","num_floors":4,"land_use_1":"Dwellings 17","shape_type":"podium","datadate":"2024-10-24T12:53:51+00:00","height":5.5}},{"type":"Feature","geometry":{"type":"Polygon","coordinates":[[[144.961906,-37.805433],[144.961882,-37.805401],[144.961835,-37.805408],[144.961833,-37.805398],[144.961802,-37.805401],[144.961805,-37.805422],[144.961781,-37.805419],[144.961703,-37.805856],[144.961991,-37.805885],[144.961952,-37.805809],[144.961972,-37.805804],[144.96194,-37.805744],[144.961958,-37.805736],[144.961925,-37.80567],[144.961952,-37.805665],[144.961912,-37.805595],[144.961931,-37.805585],[144.961898,-37.80552],[144.961923,-37.805513],[144.961888,-37.805451],[144.961906,-37.805433]]]},"properties":{"dev_key":"X000419","status":"COMPLETED","permit_num":"TPM-2013-20","bldhgt_ahd":81.3,"base_ahd":20.8,"address":"28-44 Bouverie Street CARLTON VIC 3053","num_floors":20,"land_use_1":"Dwellings 216","shape_type":"tower","datadate":"2024-10-24T12:53:51+00:00","height":60.5}},{"type":"Feature","geometry":{"type":"Polygon","coordinates":[[[144.960008,-37.810899],[144.959863,-37.810942],[144.959926,-37.81108],[144.960072,-37.811037],[144.960008,-37.810899]]]},"properties":{"dev_key":"X000222","status":"COMPLETED","permit_num":"TP-2012-225","bldhgt_ahd":123.4,"base_ahd":17.2,"address":"315-321 La Trobe Street MELBOURNE VIC 3000","num_floors":34,"land_use_1":"Dwellings 149","shape_type":"tower","datadate":"2024-10-24T12:53:51+00:00","height":106.2}},{"type":"Feature","geometry":{"type":"Polygon","coordinates":[[[144.958084,-37.802334],[144.958095,-37.802331],[144.958245,-37.802286],[144.958433,-37.802229],[144.958479,-37.802215],[144.958408,-37.802061],[144.958201,-37.802038],[144.958228,-37.802097],[144.958243,-37.802131],[144.958214,-37.802139],[144.957985,-37.802201],[144.958051,-37.802344],[144.958084,-37.802334]]]},"properties":{"dev_key":"X000402","status":"COMPLETED","permit_num":"TP-2014-319/A","bldhgt_ahd":63.5,"base_ahd":33.4,"address":"149-155 Berkeley Street MELBOURNE VIC 3000","num_floors":20,"land_use_1":"Dwellings 150","shape_type":"podium","datadate":"2024-10-24T12:53:51+00:00","height":30.1}},{"type":"Feature","geometry":{"type":"Polygon","coordinates":[[[144.950903,-37.809361],[144.9509,-37.809357],[144.950905,-37.809355],[144.950859,-37.809278],[144.950826,-37.80929],[144.950829,-37.809294],[144.95072,-37.809335],[144.950722,-37.80934],[144.950694,-37.809352],[144.950735,-37.809419],[144.95074,-37.809417],[144.950748,-37.809429],[144.950732,-37.809434],[144.950783,-37.809521],[144.950799,-37.809515],[144.950806,-37.809528],[144.950801,-37.809529],[144.950842,-37.809598],[144.950871,-37.809587],[144.950874,-37.809591],[144.950982,-37.80955],[144.950983,-37.809553],[144.951017,-37.809541],[144.950972,-37.809465],[144.950965,-37.809467],[144.950962,-37.809461],[144.950958,-37.809455],[144.950972,-37.809449],[144.95092,-37.809364],[144.950907,-37.809369],[144.950903,-37.809361]]]},"properties":{"dev_key":"X000607","status":"COMPLETED","permit_num":"TPM-2011-40/A","bldhgt_ahd":49.5,"base_ahd":19.1,"address":"130-154 Dudley Street WEST MELBOURNE VIC 3003","num_floors":9,"land_use_1":"Dwellings 80","shape_type":"tower","datadate":"2024-10-24T12:53:51+00:00","height":30.4}},{"type":"Feature","geometry":{"type":"Polygon","coordinates":[[[144.95522,-37.813301],[144.955077,-37.813341],[144.955119,-37.813432],[144.95524,-37.813397],[144.955222,-37.813356],[144.955243,-37.81335],[144.95522,-37.813301]]]},"properties":{"dev_key":"X0002002","status":"APPROVED","permit_num":"TP-2017-457/A","bldhgt_ahd":100.6,"base_ahd":20.6,"address":"563 Little Lonsdale Street, MELBOURNE, 3000","num_floors":25,"land_use_1":"Office (sq.m) 3759","shape_type":"tower","datadate":"2024-10-24T12:53:51+00:00","height":80.0}},{"type":"Feature","geometry":{"type":"Polygon","coordinates":[[[144.950652,-37.810495],[144.950443,-37.810565],[144.950471,-37.810629],[144.950515,-37.810714],[144.950529,-37.810711],[144.950534,-37.810722],[144.95053,-37.810723],[144.950524,-37.810728],[144.950524,-37.810734],[144.950542,-37.810785],[144.950563,-37.810829],[144.950566,-37.810833],[144.950571,-37.810836],[144.950577,-37.810837],[144.950583,-37.810836],[144.950631,-37.81082],[144.950776,-37.810772],[144.950781,-37.81077],[144.950785,-37.810765],[144.950787,-37.81076],[144.950786,-37.810755],[144.950781,-37.810747],[144.950652,-37.810495]]]},"properties":{"dev_key":"X0003217","status":"COMPLETED","permit_num":"TP-2018-63/A","bldhgt_ahd":84.3,"base_ahd":19.0,"address":"404-418 Spencer Street, West Melbourne, 3003","num_floors":20,"land_use_1":"Dwellings 161","shape_type":"tower","datadate":"2024-10-24T12:53:51+00:00","height":65.3}},{"type":"Feature","geometry":{"type":"Polygon","coordinates":[[[144.957919,-37.810271],[144.958065,-37.810603],[144.95819,-37.810566],[144.95812,-37.810407],[144.958139,-37.8104],[144.958063,-37.81023],[144.957919,-37.810271]]]},"properties":{"dev_key":"X0004001","status":"COMPLETED","permit_num":"TPMR-2015-29/A","bldhgt_ahd":168.6,"base_ahd":23.2,"address":"183-189 A'Beckett Street MELBOURNE VIC 3000","num_floors":48,"land_use_1":"Student Accommodation 901","shape_type":"tower","datadate":"2024-10-24T12:53:51+00:00","height":145.4}},{"type":"Feature","geometry":{"type":"Polygon","coordinates":[[[144.953967,-37.799463],[144.954052,-37.799531],[144.954225,-37.799394],[144.954139,-37.799325],[144.953967,-37.799463]]]},"properties":{"dev_key":"X0004804","status":"APPROVED","permit_num":"TP-2018-688","bldhgt_ahd":67.0,"base_ahd":25.8,"address":"61-63 Flemington Road, North Melbourne, 3051","num_floors":13,"land_use_1":"Hotel rooms 52","shape_type":"podium","datadate":"2024-10-24T12:53:51+00:00","height":41.2}},{"type":"Feature","geometry":{"type":"Polygon","coordinates":[[[144.959445,-37.8133],[144.959296,-37.813343],[144.95931,-37.813372],[144.95934,-37.813363],[144.959353,-37.81339],[144.959339,-37.813394],[144.959437,-37.813604],[144.959419,-37.813609],[144.959435,-37.813642],[144.959531,-37.813614],[144.959521,-37.813592],[144.959523,-37.813592],[144.959519,-37.813584],[144.959586,-37.813564],[144.959486,-37.813352],[144.959472,-37.813356],[144.959445,-37.8133]]]},"properties":{"dev_key":"X0005616","status":"APPROVED","permit_num":"TP-2015-1072/A","bldhgt_ahd":54.8,"base_ahd":25.9,"address":"Lonsdale Central Apartments 439-445 Lonsdale Street MELBOURNE VIC 3000","num_floors":3,"land_use_1":"Dwellings 24","shape_type":"extension","datadate":"2024-10-24T12:53:51+00:00","height":28.9}},{"type":"Feature","geometry":{"type":"Polygon","coordinates":[[[144.956875,-37.802399],[144.9573,-37.802283],[144.957243,-37.802158],[144.957202,-37.802068],[144.95717,-37.802012],[144.957155,-37.801989],[144.957137,-37.801966],[144.957118,-37.801948],[144.95709,-37.801929],[144.957063,-37.801915],[144.957033,-37.801905],[144.957007,-37.801898],[144.956971,-37.801894],[144.95696,-37.801895],[144.956943,-37.801899],[144.956935,-37.801904],[144.956926,-37.801926],[144.956908,-37.801975],[144.956895,-37.802019],[144.956885,-37.802049],[144.956839,-37.802312],[144.956842,-37.802328],[144.956845,-37.802334],[144.956875,-37.802399]]]},"properties":{"dev_key":"X0006202","status":"APPROVED","permit_num":"TPM-2019-5","bldhgt_ahd":48.3,"base_ahd":33.3,"address":"685 Elizabeth Street, Melbourne, 3000","num_floors":19,"land_use_1":"Office (sq.m) 16980","shape_type":"podium","datadate":"2024-10-24T12:53:51+00:00","height":15.0}},{"type":"Feature","geometry":{"type":"Polygon","coordinates":[[[144.957992,-37.803794],[144.957649,-37.803045],[144.957219,-37.803167],[144.957386,-37.803529],[144.957509,-37.803794],[144.957944,-37.803845],[144.957955,-37.803844],[144.957965,-37.80384],[144.957974,-37.803835],[144.957982,-37.803828],[144.957988,-37.803821],[144.957991,-37.803812],[144.957993,-37.803803],[144.957992,-37.803794]]]},"properties":{"dev_key":"X0005602","status":"COMPLETED","permit_num":"TPM-2018-21","bldhgt_ahd":41.4,"base_ahd":27.4,"address":"611-669 Elizabeth Street MELBOURNE VIC 3000","num_floors":9,"land_use_1":"Education (sq.m) 8688","shape_type":"podium","datadate":"2024-10-24T12:53:51+00:00","height":14.0}},{"type":"Feature","geometry":{"type":"Polygon","coordinates":[[[144.953401,-37.81174],[144.9532,-37.811798],[144.953163,-37.811809],[144.952969,-37.811864],[144.953066,-37.812078],[144.953501,-37.811955],[144.953401,-37.81174]]]},"properties":{"dev_key":"X0007605","status":"APPROVED","permit_num":"TP-2019-834","bldhgt_ahd":34.0,"base_ahd":21.6,"address":"363 King Street, West Melbourne, 3003","num_floors":16,"land_use_1":"Office (sq.m) 7799","shape_type":"podium","datadate":"2024-10-24T12:53:51+00:00","height":12.4}},{"type":"Feature","geometry":{"type":"Polygon","coordinates":[[[144.955158,-37.813853],[144.954881,-37.813931],[144.954985,-37.81416],[144.955261,-37.81408],[144.955158,-37.813853]]]},"properties":{"dev_key":"X0008010","status":"APPROVED","permit_num":"TPMR-2019-34","bldhgt_ahd":109.5,"base_ahd":17.7,"address":"572-574 Lonsdale Street, Melbourne, 3000","num_floors":21,"land_use_1":"Office (sq.m) 24786","shape_type":"podium","datadate":"2024-10-24T12:53:51+00:00","height":91.8}},{"type":"Feature","geometry":{"type":"Polygon","coordinates":[[[144.952068,-37.807227],[144.952044,-37.807362],[144.952237,-37.807384],[144.952274,-37.807433],[144.952378,-37.807303],[144.952343,-37.807259],[144.952068,-37.807227]]]},"properties":{"dev_key":"X0009402","status":"APPROVED","permit_num":"TP-2017-145/A","bldhgt_ahd":31.7,"base_ahd":27.6,"address":"24-28 Chetwynd Street WEST MELBOURNE VIC 3003","num_floors":4,"land_use_1":"Dwellings 9","shape_type":"podium","datadate":"2024-10-24T12:53:51+00:00","height":4.1}},{"type":"Feature","geometry":{"type":"Polygon","coordinates":[[[144.950042,-37.810699],[144.949836,-37.810765],[144.949837,-37.810771],[144.949821,-37.810776],[144.94978,-37.810698],[144.949671,-37.810728],[144.949824,-37.811015],[144.949872,-37.81101],[144.949921,-37.810995],[144.94991,-37.810971],[144.949927,-37.810967],[144.949933,-37.810982],[144.949941,-37.810987],[144.94995,-37.810988],[144.950131,-37.810937],[144.95014,-37.810929],[144.950142,-37.810919],[144.950042,-37.810699]]]},"properties":{"dev_key":"X0010401","status":"APPROVED","permit_num":"TP-2016-722/A","bldhgt_ahd":87.0,"base_ahd":17.5,"address":"419-421 Spencer Street WEST MELBOURNE VIC 3003","num_floors":20,"land_use_1":"Dwellings 198","shape_type":"tower","datadate":"2024-10-24T12:53:51+00:00","height":69.5}},{"type":"Feature","geometry":{"type":"Polygon","coordinates":[[[144.949224,-37.806934],[144.949354,-37.807056],[144.949422,-37.807013],[144.949414,-37.807005],[144.949481,-37.806961],[144.949489,-37.80697],[144.949687,-37.806841],[144.949625,-37.806782],[144.949612,-37.80679],[144.949599,-37.806778],[144.949613,-37.806769],[144.949557,-37.806715],[144.949224,-37.806934]]]},"properties":{"dev_key":"X0014004","status":"APPROVED","permit_num":"TPM-2022-20","bldhgt_ahd":39.2,"base_ahd":22.8,"address":"559-577 King Street WEST MELBOURNE VIC 3003","num_floors":9,"land_use_1":"Dwellings 105","shape_type":"tower","datadate":"2024-10-24T12:53:51+00:00","height":16.4}},{"type":"Feature","geometry":{"type":"Polygon","coordinates":[[[144.95472,-37.81471],[144.954609,-37.814742],[144.954631,-37.814792],[144.954607,-37.814798],[144.954709,-37.815021],[144.954744,-37.815011],[144.954742,-37.815005],[144.954757,-37.815],[144.95476,-37.815006],[144.954846,-37.814982],[144.95472,-37.81471]]]},"properties":{"dev_key":"X0015309","status":"APPLIED","permit_num":"TP-2023-877","bldhgt_ahd":95.0,"base_ahd":15.7,"address":"225-237 King Street MELBOURNE VIC 3000","num_floors":25,"land_use_1":"Student Accommodation 431","shape_type":"tower","datadate":"2024-10-24T12:53:51+00:00","height":79.3}},{"type":"Feature","geometry":{"type":"Polygon","coordinates":[[[144.959475,-37.808205],[144.95946,-37.808173],[144.959489,-37.808165],[144.959496,-37.808179],[144.959626,-37.808141],[144.959495,-37.807855],[144.959379,-37.807888],[144.959401,-37.807936],[144.95936,-37.807947],[144.959342,-37.807909],[144.95924,-37.807938],[144.959304,-37.808077],[144.959346,-37.808065],[144.959353,-37.808082],[144.959312,-37.808094],[144.959376,-37.808233],[144.959475,-37.808205]]]},"properties":{"dev_key":"X0015601","status":"APPROVED","permit_num":"TPMR-2021-10/B","bldhgt_ahd":141.4,"base_ahd":18.2,"address":"104 Franklin Street, Melbourne, 3000","num_floors":39,"land_use_1":"Student Accommodation 1038","shape_type":"extension","datadate":"2024-10-24T12:53:51+00:00","height":123.2}},{"type":"Feature","geometry":{"type":"Polygon","coordinates":[[[144.959676,-37.808124],[144.959528,-37.807807],[144.959174,-37.807909],[144.95919,-37.807944],[144.959197,-37.807943],[144.959247,-37.808051],[144.95928,-37.808043],[144.959411,-37.808316],[144.959512,-37.808287],[144.959466,-37.808185],[144.959676,-37.808124]]]},"properties":{"dev_key":"X0015601","status":"APPROVED","permit_num":"TPMR-2021-10/B","bldhgt_ahd":37.2,"base_ahd":18.2,"address":"104 Franklin Street, Melbourne, 3000","num_floors":39,"land_use_1":"Student Accommodation 1038","shape_type":"extension","datadate":"2024-10-24T12:53:51+00:00","height":19.0}},{"type":"Feature","geometry":{"type":"Polygon","coordinates":[[[144.960978,-37.808153],[144.960595,-37.808263],[144.960676,-37.808438],[144.961059,-37.808329],[144.960978,-37.808153]]]},"properties":{"dev_key":"X000297","status":"COMPLETED","permit_num":"TPM-2011-42","bldhgt_ahd":223.8,"base_ahd":17.2,"address":"442-450 Elizabeth Street MELBOURNE VIC 3000","num_floors":70,"land_use_1":"Dwellings 607","shape_type":"tower","datadate":"2024-10-24T12:53:51+00:00","height":206.6}},{"type":"Feature","geometry":{"type":"Polygon","coordinates":[[[144.95869,-37.802093],[144.958674,-37.802108],[144.958774,-37.802327],[144.959007,-37.802257],[144.959079,-37.802416],[144.959274,-37.802359],[144.959176,-37.802146],[144.95869,-37.802093]]]},"properties":{"dev_key":"X001340","status":"COMPLETED","permit_num":"TP-2016-46","bldhgt_ahd":42.4,"base_ahd":31.2,"address":"221 Pelham Street, CARLTON, 3053","num_floors":14,"land_use_1":"Student Accommodation 352","shape_type":"podium","datadate":"2024-10-24T12:53:51+00:00","height":11.2}},{"type":"Feature","geometry":{"type":"Polygon","coordinates":[[[144.963296,-37.809371],[144.963359,-37.809353],[144.963366,-37.809351],[144.963371,-37.80935],[144.963442,-37.809329],[144.963447,-37.809328],[144.963501,-37.809313],[144.963421,-37.809138],[144.962999,-37.809262],[144.963006,-37.809276],[144.963032,-37.809334],[144.963036,-37.809344],[144.963062,-37.809403],[144.963069,-37.809418],[144.963213,-37.809377],[144.963227,-37.809373],[144.963233,-37.809389],[144.963296,-37.809371]]]},"properties":{"dev_key":"X000267","status":"COMPLETED","permit_num":"TP-2014-934","bldhgt_ahd":38.5,"base_ahd":22.3,"address":"Deakin House 393-397 Swanston Street MELBOURNE VIC 3000","num_floors":43,"land_use_1":"Student Accommodation 763","shape_type":"podium","datadate":"2024-10-24T12:53:51+00:00","height":16.2}},{"type":"Feature","geometry":{"type":"Polygon","coordinates":[[[144.963006,-37.804246],[144.962447,-37.804187],[144.962437,-37.804247],[144.962434,-37.804263],[144.962425,-37.804317],[144.963043,-37.804382],[144.963064,-37.804252],[144.963006,-37.804246]]]},"properties":{"dev_key":"X001332","status":"COMPLETED","permit_num":"TP-2016-259","bldhgt_ahd":90.0,"base_ahd":30.5,"address":"599-605 Swanston Street CARLTON VIC 3053","num_floors":20,"land_use_1":"Student Accommodation 628","shape_type":"tower","datadate":"2024-10-24T12:53:51+00:00","height":59.5}},{"type":"Feature","geometry":{"type":"Polygon","coordinates":[[[144.953287,-37.806915],[144.953159,-37.806901],[144.953148,-37.80695],[144.953129,-37.806948],[144.953124,-37.806974],[144.953144,-37.806975],[144.953143,-37.806985],[144.953112,-37.806982],[144.953115,-37.806961],[144.952707,-37.806912],[144.952682,-37.80705],[144.95309,-37.807097],[144.953097,-37.807062],[144.953128,-37.807065],[144.953108,-37.807164],[144.953241,-37.807178],[144.953287,-37.806915]]]},"properties":{"dev_key":"X001360","status":"COMPLETED","permit_num":"TP-2015-1218","bldhgt_ahd":44.4,"base_ahd":32.4,"address":"3-11 Howard Street WEST MELBOURNE VIC 3003","num_floors":5,"land_use_1":"Dwellings 17","shape_type":"tower","datadate":"2024-10-24T12:53:51+00:00","height":12.0}},{"type":"Feature","geometry":{"type":"Polygon","coordinates":[[[144.960076,-37.811045],[144.960072,-37.811037],[144.960008,-37.810899],[144.959992,-37.810864],[144.959847,-37.810907],[144.959862,-37.81094],[144.959863,-37.810942],[144.959926,-37.81108],[144.95993,-37.811089],[144.960076,-37.811045]]]},"properties":{"dev_key":"X000222","status":"COMPLETED","permit_num":"TP-2012-225","bldhgt_ahd":75.3,"base_ahd":17.2,"address":"315-321 La Trobe Street MELBOURNE VIC 3000","num_floors":34,"land_use_1":"Dwellings 149","shape_type":"podium","datadate":"2024-10-24T12:53:51+00:00","height":58.1}},{"type":"Feature","geometry":{"type":"Polygon","coordinates":[[[144.960069,-37.810023],[144.960054,-37.80999],[144.959905,-37.809668],[144.959891,-37.809636],[144.959887,-37.809628],[144.959456,-37.809753],[144.959611,-37.810088],[144.959641,-37.810152],[144.960069,-37.810023]]]},"properties":{"dev_key":"X000252","status":"COMPLETED","permit_num":"TPM-2013-25","bldhgt_ahd":41.7,"base_ahd":17.0,"address":"127-141 A'Beckett Street MELBOURNE VIC 3000","num_floors":64,"land_use_1":"Dwellings 632","shape_type":"podium","datadate":"2024-10-24T12:53:51+00:00","height":24.7}},{"type":"Feature","geometry":{"type":"Polygon","coordinates":[[[144.96227,-37.805913],[144.962254,-37.805911],[144.961991,-37.805885],[144.961703,-37.805856],[144.961611,-37.806377],[144.962179,-37.806436],[144.96227,-37.805913]]]},"properties":{"dev_key":"X000414","status":"COMPLETED","permit_num":"TPM-2014-13","bldhgt_ahd":33.0,"base_ahd":21.0,"address":"156-172 Victoria Street CARLTON VIC 3053","num_floors":77,"land_use_1":"Dwellings 1035","shape_type":"podium","datadate":"2024-10-24T12:53:51+00:00","height":12.0}},{"type":"Feature","geometry":{"type":"Polygon","coordinates":[[[144.958245,-37.802286],[144.958433,-37.802229],[144.95838,-37.80212],[144.958367,-37.802093],[144.958355,-37.802081],[144.95834,-37.802077],[144.958255,-37.802067],[144.95824,-37.802073],[144.958232,-37.802082],[144.95823,-37.802086],[144.958228,-37.802097],[144.958229,-37.802116],[144.958226,-37.802126],[144.958214,-37.802139],[144.958047,-37.80219],[144.95804,-37.802197],[144.958037,-37.802207],[144.958095,-37.802331],[144.958245,-37.802286]]]},"properties":{"dev_key":"X000402","status":"COMPLETED","permit_num":"TP-2014-319/A","bldhgt_ahd":93.4,"base_ahd":33.4,"address":"149-155 Berkeley Street MELBOURNE VIC 3000","num_floors":20,"land_use_1":"Dwellings 150","shape_type":"tower","datadate":"2024-10-24T12:53:51+00:00","height":60.0}},{"type":"Feature","geometry":{"type":"Polygon","coordinates":[[[144.954453,-37.803725],[144.954302,-37.803709],[144.954203,-37.803699],[144.954178,-37.80384],[144.954214,-37.803844],[144.954212,-37.803851],[144.954279,-37.803859],[144.954281,-37.803852],[144.954334,-37.803858],[144.954332,-37.803864],[144.954427,-37.803874],[144.954453,-37.803725]]]},"properties":{"dev_key":"X001202","status":"APPROVED","permit_num":"TP-2015-82/A","bldhgt_ahd":48.1,"base_ahd":35.7,"address":"399-405 Queensberry Street NORTH MELBOURNE VIC 3051","num_floors":4,"land_use_1":"Dwellings 12","shape_type":"podium","datadate":"2024-10-24T12:53:51+00:00","height":12.4}},{"type":"Feature","geometry":{"type":"Polygon","coordinates":[[[144.96752,-37.808657],[144.96737,-37.808701],[144.967381,-37.808727],[144.967483,-37.808949],[144.96766,-37.808898],[144.96764,-37.808853],[144.967607,-37.808863],[144.967573,-37.808819],[144.96757,-37.80882],[144.967554,-37.808787],[144.967551,-37.80878],[144.967552,-37.80878],[144.967569,-37.808776],[144.967575,-37.808789],[144.967579,-37.808788],[144.96752,-37.808657]]]},"properties":{"dev_key":"X001570","status":"COMPLETED","permit_num":"TP-2014-910/A","bldhgt_ahd":64.4,"base_ahd":26.9,"address":"141-149 La Trobe Street MELBOURNE VIC 3000","num_floors":43,"land_use_1":"Dwellings 177","shape_type":"podium","datadate":"2024-10-24T12:53:51+00:00","height":37.5}},{"type":"Feature","geometry":{"type":"Polygon","coordinates":[[[144.958971,-37.802358],[144.958843,-37.802394],[144.958841,-37.802395],[144.95887,-37.802456],[144.958871,-37.802455],[144.958886,-37.802451],[144.958898,-37.802478],[144.958883,-37.802482],[144.958881,-37.802483],[144.95891,-37.802543],[144.958911,-37.802543],[144.958926,-37.802539],[144.958952,-37.802594],[144.958937,-37.802599],[144.958935,-37.802599],[144.958964,-37.80266],[144.958964,-37.80266],[144.958964,-37.80266],[144.959094,-37.802623],[144.959094,-37.802623],[144.959094,-37.802623],[144.959084,-37.802601],[144.959089,-37.802599],[144.959068,-37.802555],[144.959072,-37.802554],[144.959067,-37.802541],[144.959062,-37.802542],[144.959054,-37.802525],[144.959059,-37.802523],[144.959056,-37.802516],[144.959053,-37.802511],[144.959048,-37.802512],[144.959045,-37.802506],[144.959054,-37.802504],[144.959034,-37.802462],[144.959026,-37.802464],[144.959023,-37.802458],[144.959028,-37.802456],[144.959028,-37.802455],[144.959022,-37.802443],[144.959017,-37.802444],[144.959012,-37.802435],[144.959017,-37.802434],[144.95901,-37.80242],[144.959006,-37.802422],[144.959001,-37.80241],[144.959005,-37.802409],[144.959001,-37.802403],[144.958998,-37.802404],[144.958995,-37.802397],[144.958997,-37.802396],[144.958994,-37.802389],[144.958992,-37.802391],[144.958986,-37.802378],[144.958981,-37.802379],[144.958971,-37.802358]]]},"properties":{"dev_key":"X0001805","status":"COMPLETED","permit_num":"TP-2015-1146/A","bldhgt_ahd":72.3,"base_ahd":31.3,"address":"122-136 Berkeley Street CARLTON VIC 3053","num_floors":12,"land_use_1":"Student Accommodation 240","shape_type":"tower","datadate":"2024-10-24T12:53:51+00:00","height":41.0}},{"type":"Feature","geometry":{"type":"Polygon","coordinates":[[[144.95503,-37.813311],[144.955107,-37.81348],[144.95528,-37.81343],[144.955202,-37.813262],[144.95503,-37.813311]]]},"properties":{"dev_key":"X0002002","status":"APPROVED","permit_num":"TP-2017-457/A","bldhgt_ahd":60.6,"base_ahd":20.6,"address":"563 Little Lonsdale Street, MELBOURNE, 3000","num_floors":25,"land_use_1":"Office (sq.m) 3759","shape_type":"podium","datadate":"2024-10-24T12:53:51+00:00","height":40.0}},{"type":"Feature","geometry":{"type":"Polygon","coordinates":[[[144.951015,-37.810324],[144.951227,-37.810254],[144.951277,-37.810237],[144.951085,-37.809869],[144.950778,-37.809988],[144.95097,-37.810339],[144.951015,-37.810324]]]},"properties":{"dev_key":"X0002808","status":"COMPLETED","permit_num":"TP-2017-866","bldhgt_ahd":43.2,"base_ahd":21.0,"address":"Flagstaff City Inn 45-55 Dudley Street WEST MELBOURNE VIC 3003","num_floors":25,"land_use_1":"Dwellings 169","shape_type":"podium","datadate":"2024-10-24T12:53:51+00:00","height":22.2}},{"type":"Feature","geometry":{"type":"Polygon","coordinates":[[[144.95926,-37.80739],[144.958661,-37.807566],[144.958701,-37.807653],[144.95871,-37.80765],[144.958844,-37.807943],[144.959157,-37.807853],[144.959179,-37.8079],[144.959314,-37.807861],[144.959525,-37.807801],[144.959526,-37.8078],[144.959383,-37.807491],[144.959317,-37.807511],[144.95926,-37.80739]]]},"properties":{"dev_key":"X0003210","status":"COMPLETED","permit_num":"TPMR-2018-2","bldhgt_ahd":39.5,"base_ahd":20.8,"address":"93-129 Therry Street, Melbourne, 3000","num_floors":38,"land_use_1":"Dwellings 362","shape_type":"podium","datadate":"2024-10-24T12:53:51+00:00","height":18.7}},{"type":"Feature","geometry":{"type":"Polygon","coordinates":[[[144.951488,-37.802022],[144.951459,-37.802181],[144.952183,-37.802261],[144.952181,-37.80228],[144.952237,-37.802286],[144.952269,-37.802106],[144.951488,-37.802022]]]},"properties":{"dev_key":"X0004407","status":"UNDER CONSTRUCTION","permit_num":"TP-2018-493","bldhgt_ahd":38.2,"base_ahd":21.7,"address":"84-88 Leveson Street NORTH MELBOURNE VIC 3051","num_floors":4,"land_use_1":"Dwellings 15","shape_type":"podium","datadate":"2024-10-24T12:53:51+00:00","height":16.5}},{"type":"Feature","geometry":{"type":"Polygon","coordinates":[[[144.967198,-37.809783],[144.967387,-37.81019],[144.967769,-37.810079],[144.967582,-37.80967],[144.967198,-37.809783]]]},"properties":{"dev_key":"X0004602","status":"COMPLETED","permit_num":"TPMR-2017-10/A","bldhgt_ahd":51.7,"base_ahd":21.4,"address":"150-162 Lonsdale Street MELBOURNE VIC 3000","num_floors":21,"land_use_1":"Office (sq.m) 22450","shape_type":"podium","datadate":"2024-10-24T12:53:51+00:00","height":30.3}},{"type":"Feature","geometry":{"type":"Polygon","coordinates":[[[144.960594,-37.807374],[144.960235,-37.807478],[144.960356,-37.807744],[144.960716,-37.807639],[144.960594,-37.807374]]]},"properties":{"dev_key":"X0005612","status":"COMPLETED","permit_num":"TPMR-2015-14/B","bldhgt_ahd":38.4,"base_ahd":18.4,"address":"480-488 Elizabeth Street MELBOURNE VIC 3000","num_floors":52,"land_use_1":"Student Accommodation 909","shape_type":"podium","datadate":"2024-10-24T12:53:51+00:00","height":20.0}},{"type":"Feature","geometry":{"type":"Polygon","coordinates":[[[144.963064,-37.811495],[144.963207,-37.811805],[144.963884,-37.811612],[144.963733,-37.811303],[144.963064,-37.811495]]]},"properties":{"dev_key":"X0005614","status":"APPROVED","permit_num":"ID-2018-3","bldhgt_ahd":88.4,"base_ahd":14.4,"address":"Melbourne Central 183-265 La Trobe Street MELBOURNE VIC 3000","num_floors":14,"land_use_1":"Office (sq.m) 20083","shape_type":"tower","datadate":"2024-10-24T12:53:51+00:00","height":74.0}},{"type":"Feature","geometry":{"type":"Polygon","coordinates":[[[144.956865,-37.802167],[144.95686,-37.802222],[144.956859,-37.802271],[144.95686,-37.802298],[144.956869,-37.802313],[144.956883,-37.802323],[144.956897,-37.802331],[144.956913,-37.802334],[144.956927,-37.802334],[144.956942,-37.802332],[144.957049,-37.802305],[144.957184,-37.802266],[144.957218,-37.802256],[144.957233,-37.802248],[144.957242,-37.802237],[144.957248,-37.802227],[144.957249,-37.802222],[144.957249,-37.802209],[144.957246,-37.802193],[144.957237,-37.802158],[144.957227,-37.802122],[144.957202,-37.802068],[144.95717,-37.802012],[144.957155,-37.801989],[144.957137,-37.801966],[144.957118,-37.801948],[144.95709,-37.801929],[144.957063,-37.801915],[144.957033,-37.801905],[144.957007,-37.801898],[144.956971,-37.801894],[144.95696,-37.801895],[144.956943,-37.801899],[144.956935,-37.801904],[144.956923,-37.801933],[144.956901,-37.801999],[144.956885,-37.802049],[144.956865,-37.802163],[144.956865,-37.802167]]]},"properties":{"dev_key":"X0006202","status":"APPROVED","permit_num":"TPM-2019-5","bldhgt_ahd":109.4,"base_ahd":33.3,"address":"685 Elizabeth Street, Melbourne, 3000","num_floors":19,"land_use_1":"Office (sq.m) 16980","shape_type":"tower","datadate":"2024-10-24T12:53:51+00:00","height":76.1}},{"type":"Feature","geometry":{"type":"Polygon","coordinates":[[[144.95729,-37.802286],[144.956875,-37.802399],[144.956883,-37.802415],[144.956872,-37.802417],[144.956955,-37.802596],[144.956964,-37.802593],[144.956989,-37.802648],[144.95698,-37.802651],[144.957046,-37.802794],[144.957054,-37.802791],[144.957089,-37.80287],[144.957082,-37.802871],[144.957181,-37.803084],[144.957189,-37.803089],[144.957199,-37.803093],[144.957209,-37.803094],[144.957219,-37.803094],[144.957385,-37.803049],[144.957381,-37.803039],[144.957391,-37.803036],[144.957396,-37.803047],[144.957493,-37.80302],[144.957507,-37.803014],[144.957519,-37.803007],[144.957529,-37.802998],[144.957538,-37.802988],[144.95757,-37.802933],[144.957575,-37.802921],[144.957578,-37.80291],[144.957578,-37.802898],[144.957576,-37.802886],[144.957496,-37.802711],[144.957483,-37.802715],[144.957475,-37.802696],[144.957488,-37.802693],[144.957418,-37.802541],[144.957406,-37.802545],[144.957376,-37.80248],[144.957389,-37.802477],[144.957308,-37.802301],[144.957298,-37.802304],[144.95729,-37.802286]]]},"properties":{"dev_key":"X0006400","status":"COMPLETED","permit_num":"TPM-2019-6","bldhgt_ahd":49.5,"base_ahd":33.0,"address":"611-669 Elizabeth Street, Melbourne, 3000","num_floors":18,"land_use_1":"Education (sq.m) 20445","shape_type":"podium","datadate":"2024-10-24T12:53:51+00:00","height":16.5}},{"type":"Feature","geometry":{"type":"Polygon","coordinates":[[[144.95744,-37.802949],[144.95744,-37.802948],[144.957478,-37.802926],[144.957512,-37.8029],[144.957522,-37.802885],[144.957529,-37.802869],[144.957532,-37.802852],[144.95753,-37.802835],[144.957505,-37.802783],[144.957476,-37.802742],[144.957441,-37.802705],[144.957426,-37.80269],[144.957415,-37.802674],[144.957407,-37.802656],[144.957404,-37.802638],[144.9574,-37.802551],[144.957389,-37.802511],[144.957372,-37.802473],[144.957349,-37.802437],[144.957321,-37.802403],[144.957308,-37.802392],[144.957293,-37.802382],[144.957276,-37.802374],[144.957258,-37.802369],[144.95724,-37.802365],[144.95722,-37.802364],[144.957201,-37.802364],[144.957182,-37.802367],[144.957145,-37.802374],[144.957109,-37.802382],[144.957074,-37.802393],[144.95704,-37.802406],[144.957025,-37.802414],[144.957011,-37.802423],[144.957,-37.802434],[144.95699,-37.802447],[144.956984,-37.80246],[144.95698,-37.802474],[144.956978,-37.802488],[144.95698,-37.802502],[144.957015,-37.802613],[144.957059,-37.802722],[144.957108,-37.802829],[144.957164,-37.802934],[144.957176,-37.802946],[144.95719,-37.802957],[144.957205,-37.802966],[144.957223,-37.802973],[144.957241,-37.802979],[144.95726,-37.802982],[144.95728,-37.802982],[144.957299,-37.802981],[144.957336,-37.802978],[144.957372,-37.802971],[144.957407,-37.802962],[144.95744,-37.802949]]]},"properties":{"dev_key":"X0006400","status":"COMPLETED","permit_num":"TPM-2019-6","bldhgt_ahd":105.6,"base_ahd":33.0,"address":"611-669 Elizabeth Street, Melbourne, 3000","num_floors":18,"land_use_1":"Education (sq.m) 20445","shape_type":"tower","datadate":"2024-10-24T12:53:51+00:00","height":72.6}},{"type":"Feature","geometry":{"type":"Polygon","coordinates":[[[144.95602,-37.803248],[144.956019,-37.803293],[144.956163,-37.803309],[144.956173,-37.803249],[144.956106,-37.803241],[144.95611,-37.803214],[144.956025,-37.803205],[144.95602,-37.803248]]]},"properties":{"dev_key":"X0007433","status":"APPROVED","permit_num":"TP-2019-707","bldhgt_ahd":56.9,"base_ahd":33.4,"address":"187-189 Peel Street, North Melbourne, 3051","num_floors":7,"land_use_1":"Office (sq.m) 593","shape_type":"tower","datadate":"2024-10-24T12:53:51+00:00","height":23.5}},{"type":"Feature","geometry":{"type":"Polygon","coordinates":[[[144.957153,-37.810865],[144.95678,-37.810973],[144.956831,-37.811081],[144.957202,-37.810973],[144.957153,-37.810865]]]},"properties":{"dev_key":"X0007603","status":"COMPLETED","permit_num":"TP-2012-820/B","bldhgt_ahd":143.0,"base_ahd":26.8,"address":"17-23 Wills Street MELBOURNE VIC 3000","num_floors":38,"land_use_1":"Student Accommodation 659","shape_type":"tower","datadate":"2024-10-24T12:53:51+00:00","height":116.2}},{"type":"Feature","geometry":{"type":"Polygon","coordinates":[[[144.966285,-37.8116],[144.966374,-37.811571],[144.966316,-37.811441],[144.966379,-37.811423],[144.966368,-37.8114],[144.966461,-37.811373],[144.96639,-37.811222],[144.966146,-37.811294],[144.966285,-37.8116]]]},"properties":{"dev_key":"X0008023","status":"APPROVED","permit_num":"TP-2020-30","bldhgt_ahd":46.8,"base_ahd":18.3,"address":"203-207 Lonsdale Street, Melbourne, 3000","num_floors":8,"land_use_1":"Office (sq.m) 2933","shape_type":"podium","datadate":"2024-10-24T12:53:51+00:00","height":28.5}},{"type":"Feature","geometry":{"type":"Polygon","coordinates":[[[144.94767,-37.810341],[144.947754,-37.810451],[144.948146,-37.810258],[144.948064,-37.81015],[144.94767,-37.810341]]]},"properties":{"dev_key":"X0008408","status":"COMPLETED","permit_num":"TPM-2014-22/B","bldhgt_ahd":36.0,"base_ahd":11.4,"address":"177-231 Rosslyn Street WEST MELBOURNE VIC 3003","num_floors":9,"land_use_1":"Car parks 558","shape_type":"tower","datadate":"2024-10-24T12:53:51+00:00","height":24.6}},{"type":"Feature","geometry":{"type":"Polygon","coordinates":[[[144.948503,-37.810529],[144.948991,-37.810344],[144.948952,-37.810288],[144.948937,-37.810293],[144.948912,-37.81025],[144.948869,-37.810267],[144.948858,-37.810247],[144.948881,-37.810236],[144.948846,-37.810186],[144.94886,-37.810182],[144.948843,-37.810155],[144.948821,-37.810163],[144.948801,-37.81013],[144.948704,-37.810166],[144.948725,-37.810198],[144.948658,-37.810222],[144.948667,-37.810239],[144.948636,-37.810249],[144.948629,-37.810233],[144.948498,-37.810285],[144.948506,-37.810301],[144.948481,-37.810309],[144.948462,-37.810279],[144.948439,-37.810283],[144.948407,-37.810301],[144.948372,-37.810306],[144.948503,-37.810529]]]},"properties":{"dev_key":"X0008411","status":"COMPLETED","permit_num":"TPM-2014-22/B","bldhgt_ahd":26.9,"base_ahd":13.8,"address":"177-231 Rosslyn Street WEST MELBOURNE VIC 3003","num_floors":8,"land_use_1":"Dwellings 56","shape_type":"podium","datadate":"2024-10-24T12:53:51+00:00","height":13.1}},{"type":"Feature","geometry":{"type":"Polygon","coordinates":[[[144.958126,-37.808461],[144.958476,-37.808347],[144.958409,-37.808197],[144.95831,-37.808229],[144.958305,-37.80822],[144.958268,-37.80822],[144.958265,-37.808216],[144.958227,-37.808218],[144.958212,-37.808189],[144.958173,-37.808202],[144.958126,-37.808461]]]},"properties":{"dev_key":"X0009201","status":"APPROVED","permit_num":"TPM-2020-49","bldhgt_ahd":94.0,"base_ahd":22.0,"address":"450 Queen Street, Melbourne, 3000","num_floors":22,"land_use_1":"Dwellings 146","shape_type":"tower","datadate":"2024-10-24T12:53:51+00:00","height":72.0}},{"type":"Feature","geometry":{"type":"Polygon","coordinates":[[[144.952436,-37.812439],[144.952426,-37.812413],[144.952404,-37.812371],[144.952383,-37.812328],[144.952333,-37.812342],[144.952332,-37.812342],[144.952301,-37.812351],[144.9523,-37.812351],[144.952276,-37.812358],[144.952288,-37.812384],[144.952289,-37.812388],[144.952299,-37.812409],[144.952301,-37.812412],[144.952328,-37.812471],[144.952393,-37.812609],[144.952427,-37.812685],[144.952498,-37.812668],[144.952502,-37.812667],[144.952536,-37.812655],[144.952531,-37.812643],[144.952523,-37.812622],[144.952514,-37.812606],[144.952501,-37.812578],[144.952492,-37.812555],[144.952479,-37.81253],[144.95246,-37.81249],[144.952436,-37.812439]]]},"properties":{"dev_key":"X0009200","status":"APPROVED","permit_num":"TP-2018-749/A","bldhgt_ahd":72.8,"base_ahd":17.8,"address":"488-494 La Trobe Street WEST MELBOURNE VIC 3003","num_floors":17,"land_use_1":"Hotel rooms 195","shape_type":"tower","datadate":"2024-10-24T12:53:51+00:00","height":55.0}},{"type":"Feature","geometry":{"type":"Polygon","coordinates":[[[144.961868,-37.813418],[144.962079,-37.81336],[144.961927,-37.813024],[144.961717,-37.813083],[144.961868,-37.813418]]]},"properties":{"dev_key":"X0010008","status":"APPROVED","permit_num":"TP-2020-804","bldhgt_ahd":69.1,"base_ahd":12.5,"address":"360 Little Bourke Street, Melbourne, 3000","num_floors":14,"land_use_1":"Office (sq.m) 7743","shape_type":"extension","datadate":"2024-10-24T12:53:51+00:00","height":56.6}},{"type":"Feature","geometry":{"type":"Polygon","coordinates":[[[144.949594,-37.810681],[144.949795,-37.811079],[144.950215,-37.810961],[144.95022,-37.810958],[144.950224,-37.810953],[144.950225,-37.810948],[144.950223,-37.810943],[144.950103,-37.810702],[144.950092,-37.810705],[144.950085,-37.810691],[144.950091,-37.810687],[144.950093,-37.810681],[144.950084,-37.810664],[144.949906,-37.81072],[144.949916,-37.81074],[144.949899,-37.810746],[144.949885,-37.810718],[144.949804,-37.810744],[144.949796,-37.810728],[144.949747,-37.810633],[144.949594,-37.810681]]]},"properties":{"dev_key":"X0010401","status":"APPROVED","permit_num":"TP-2016-722/A","bldhgt_ahd":27.0,"base_ahd":17.5,"address":"419-421 Spencer Street WEST MELBOURNE VIC 3003","num_floors":20,"land_use_1":"Dwellings 198","shape_type":"podium","datadate":"2024-10-24T12:53:51+00:00","height":9.5}},{"type":"Feature","geometry":{"type":"Polygon","coordinates":[[[144.959425,-37.810738],[144.959647,-37.810673],[144.959761,-37.810569],[144.959766,-37.810564],[144.95977,-37.810557],[144.959773,-37.810551],[144.959774,-37.810543],[144.959774,-37.810536],[144.959773,-37.810529],[144.959588,-37.810128],[144.959586,-37.810124],[144.959583,-37.810121],[144.959579,-37.810118],[144.959575,-37.810115],[144.959571,-37.810113],[144.959566,-37.810112],[144.959561,-37.810111],[144.959509,-37.810109],[144.959504,-37.810109],[144.959498,-37.810109],[144.959493,-37.81011],[144.959488,-37.810112],[144.959403,-37.810137],[144.959396,-37.810141],[144.959389,-37.810146],[144.959383,-37.810151],[144.959361,-37.810171],[144.959357,-37.810176],[144.959353,-37.810182],[144.959351,-37.810188],[144.95935,-37.810194],[144.95935,-37.8102],[144.959352,-37.810207],[144.959355,-37.810213],[144.959387,-37.810283],[144.959388,-37.810286],[144.95939,-37.810288],[144.959393,-37.810291],[144.959395,-37.810293],[144.959398,-37.810294],[144.959402,-37.810296],[144.959458,-37.810316],[144.95946,-37.810317],[144.959461,-37.810318],[144.959463,-37.81032],[144.959464,-37.810321],[144.959464,-37.810323],[144.959464,-37.810325],[144.959464,-37.810326],[144.959464,-37.810328],[144.959463,-37.81033],[144.959462,-37.810331],[144.959458,-37.810334],[144.959456,-37.810338],[144.959454,-37.810342],[144.959453,-37.810346],[144.959453,-37.810351],[144.959453,-37.810355],[144.959455,-37.810359],[144.959457,-37.810363],[144.959458,-37.810364],[144.959459,-37.810365],[144.95946,-37.810367],[144.95946,-37.810368],[144.95946,-37.810369],[144.95946,-37.810371],[144.959459,-37.810372],[144.959458,-37.810373],[144.959357,-37.810545],[144.959339,-37.810551],[144.959425,-37.810738]]]},"properties":{"dev_key":"X0012812","status":"APPROVED","permit_num":"TPM-2015-12/C","bldhgt_ahd":44.4,"base_ahd":21.3,"address":"332-346 La Trobe Street, Melbourne, 3000","num_floors":80,"land_use_1":"Dwellings 815","shape_type":"podium","datadate":"2024-10-24T12:53:51+00:00","height":23.1}},{"type":"Feature","geometry":{"type":"Polygon","coordinates":[[[144.961096,-37.811187],[144.961151,-37.811316],[144.9612,-37.811301],[144.961219,-37.811344],[144.961222,-37.811349],[144.961225,-37.811353],[144.961229,-37.811357],[144.961234,-37.81136],[144.96124,-37.811362],[144.961246,-37.811364],[144.961252,-37.811364],[144.961259,-37.811364],[144.961265,-37.811363],[144.961271,-37.811361],[144.961276,-37.811358],[144.961281,-37.811355],[144.961284,-37.811351],[144.961287,-37.811346],[144.961289,-37.811342],[144.96129,-37.811337],[144.96129,-37.811332],[144.961288,-37.811327],[144.961209,-37.81114],[144.961206,-37.811135],[144.961203,-37.811131],[144.961198,-37.811128],[144.961193,-37.811125],[144.961188,-37.811122],[144.961182,-37.811121],[144.961176,-37.81112],[144.961169,-37.811121],[144.961163,-37.811122],[144.961158,-37.811124],[144.961152,-37.811127],[144.961148,-37.81113],[144.961144,-37.811134],[144.961141,-37.811138],[144.961139,-37.811143],[144.961138,-37.811148],[144.961138,-37.811153],[144.96114,-37.811157],[144.961146,-37.811172],[144.961096,-37.811187]]]},"properties":{"dev_key":"X0014007","status":"APPROVED","permit_num":"TP-2016-290/A","bldhgt_ahd":118.4,"base_ahd":9.9,"address":"274-278 Little Lonsdale Street MELBOURNE VIC 3000","num_floors":32,"land_use_1":"Hotel rooms 207","shape_type":"tower","datadate":"2024-10-24T12:53:51+00:00","height":108.5}},{"type":"Feature","geometry":{"type":"Polygon","coordinates":[[[144.949498,-37.807095],[144.949502,-37.8071],[144.949597,-37.807191],[144.949627,-37.807171],[144.949643,-37.807186],[144.949612,-37.807206],[144.949798,-37.807388],[144.9498,-37.807389],[144.949776,-37.807404],[144.949876,-37.807501],[144.950069,-37.807377],[144.950071,-37.807336],[144.949984,-37.807254],[144.9499,-37.807309],[144.949897,-37.807306],[144.949865,-37.807275],[144.949953,-37.807218],[144.949732,-37.807007],[144.949634,-37.806999],[144.949498,-37.807095]]]},"properties":{"dev_key":"X0014004","status":"APPROVED","permit_num":"TPM-2022-20","bldhgt_ahd":52.9,"base_ahd":22.0,"address":"559-577 King Street WEST MELBOURNE VIC 3003","num_floors":9,"land_use_1":"Dwellings 105","shape_type":"tower","datadate":"2024-10-24T12:53:51+00:00","height":30.9}},{"type":"Feature","geometry":{"type":"Polygon","coordinates":[[[144.949477,-37.807075],[144.949597,-37.807191],[144.949627,-37.807171],[144.949643,-37.807186],[144.949612,-37.807206],[144.949798,-37.807388],[144.949804,-37.807384],[144.949814,-37.807394],[144.949778,-37.807418],[144.949771,-37.807411],[144.949744,-37.807429],[144.949751,-37.807435],[144.949889,-37.80757],[144.950073,-37.807458],[144.950159,-37.807393],[144.950162,-37.807325],[144.950041,-37.807211],[144.949915,-37.807291],[144.949886,-37.807262],[144.949953,-37.807218],[144.949701,-37.806978],[144.949636,-37.806973],[144.949477,-37.807075]]]},"properties":{"dev_key":"X0014004","status":"APPROVED","permit_num":"TPM-2022-20","bldhgt_ahd":33.0,"base_ahd":22.0,"address":"559-577 King Street WEST MELBOURNE VIC 3003","num_floors":9,"land_use_1":"Dwellings 105","shape_type":"tower","datadate":"2024-10-24T12:53:51+00:00","height":11.0}},{"type":"Feature","geometry":{"type":"Polygon","coordinates":[[[144.961101,-37.810735],[144.961139,-37.810815],[144.960945,-37.810871],[144.961013,-37.811021],[144.961442,-37.810897],[144.961397,-37.810797],[144.961369,-37.810802],[144.961364,-37.810789],[144.96139,-37.81078],[144.961375,-37.810747],[144.961346,-37.810753],[144.961342,-37.810742],[144.961368,-37.810732],[144.961361,-37.810715],[144.961336,-37.810722],[144.961332,-37.810712],[144.961353,-37.810698],[144.961338,-37.810666],[144.961101,-37.810735]]]},"properties":{"dev_key":"X0014012","status":"APPROVED","permit_num":"TP-2020-463/B","bldhgt_ahd":26.2,"base_ahd":13.3,"address":"337-347 Elizabeth Street, Melbourne, 3000","num_floors":10,"land_use_1":"Retail (sq.m) 6923","shape_type":"podium","datadate":"2024-10-24T12:53:51+00:00","height":12.9}},{"type":"Feature","geometry":{"type":"Polygon","coordinates":[[[144.95618,-37.809621],[144.956188,-37.809639],[144.956068,-37.809675],[144.956059,-37.809656],[144.956053,-37.809639],[144.956046,-37.809625],[144.956031,-37.809629],[144.956023,-37.80961],[144.956012,-37.809585],[144.956,-37.809588],[144.955903,-37.809616],[144.955898,-37.809617],[144.955781,-37.809651],[144.955755,-37.809659],[144.95572,-37.809669],[144.955671,-37.809683],[144.955671,-37.809683],[144.955671,-37.809683],[144.955668,-37.809684],[144.955664,-37.809686],[144.95566,-37.80969],[144.955657,-37.809694],[144.955655,-37.809698],[144.955654,-37.809702],[144.955653,-37.809707],[144.955654,-37.809711],[144.955654,-37.809711],[144.955654,-37.809711],[144.955654,-37.809711],[144.955654,-37.809711],[144.955658,-37.809719],[144.955665,-37.809736],[144.955684,-37.809775],[144.95569,-37.809789],[144.955722,-37.809858],[144.955723,-37.809861],[144.955727,-37.809869],[144.955822,-37.80984],[144.955842,-37.809833],[144.955902,-37.809963],[144.955881,-37.809969],[144.955838,-37.809983],[144.955828,-37.809988],[144.95582,-37.809994],[144.955813,-37.810001],[144.955808,-37.810009],[144.955805,-37.810018],[144.955804,-37.810027],[144.955804,-37.810036],[144.95588,-37.8102],[144.956254,-37.810094],[144.956229,-37.810046],[144.956277,-37.810019],[144.956319,-37.809986],[144.956355,-37.80995],[144.956384,-37.809909],[144.956405,-37.809866],[144.956419,-37.809821],[144.95644,-37.809815],[144.956455,-37.809787],[144.956417,-37.809711],[144.956339,-37.809533],[144.956163,-37.809585],[144.95618,-37.809621]]]},"properties":{"dev_key":"X0014201","status":"APPROVED","permit_num":"TPM-2013-28/C","bldhgt_ahd":68.7,"base_ahd":28.0,"address":"386-412 William Street MELBOURNE VIC 3000","num_floors":34,"land_use_1":"Office (sq.m) 22289","shape_type":"podium","datadate":"2024-10-24T12:53:51+00:00","height":40.7}},{"type":"Feature","geometry":{"type":"Polygon","coordinates":[[[144.94985,-37.809215],[144.949895,-37.809273],[144.949904,-37.809269],[144.949916,-37.809285],[144.949907,-37.809289],[144.949962,-37.809362],[144.950069,-37.809311],[144.950021,-37.809244],[144.950008,-37.809249],[144.950006,-37.809244],[144.950003,-37.809239],[144.949999,-37.809234],[144.949994,-37.80923],[144.950007,-37.809224],[144.94996,-37.80916],[144.94985,-37.809215]]]},"properties":{"dev_key":"X0014302","status":"APPROVED","permit_num":"TP-2019-535/A","bldhgt_ahd":37.4,"base_ahd":12.4,"address":"145-147 Rosslyn Street, West Melbourne, 3003","num_floors":7,"land_use_1":"Dwellings 18","shape_type":"tower","datadate":"2024-10-24T12:53:51+00:00","height":25.0}},{"type":"Feature","geometry":{"type":"Polygon","coordinates":[[[144.967077,-37.808322],[144.967097,-37.808364],[144.967098,-37.808366],[144.9671,-37.808368],[144.967102,-37.80837],[144.967105,-37.808371],[144.967107,-37.808372],[144.96711,-37.808373],[144.967113,-37.808373],[144.967116,-37.808372],[144.967119,-37.808372],[144.967193,-37.808351],[144.967196,-37.80835],[144.967198,-37.808348],[144.967201,-37.808346],[144.967202,-37.808344],[144.967203,-37.808342],[144.967204,-37.808339],[144.967204,-37.808337],[144.967204,-37.808334],[144.967203,-37.808332],[144.967124,-37.80816],[144.96707,-37.808176],[144.967038,-37.808105],[144.967036,-37.808101],[144.967032,-37.808093],[144.967031,-37.808091],[144.967029,-37.808089],[144.967027,-37.808088],[144.967024,-37.808086],[144.967022,-37.808085],[144.967019,-37.808085],[144.967016,-37.808085],[144.967013,-37.808085],[144.96701,-37.808085],[144.966972,-37.808097],[144.96692,-37.808112],[144.966907,-37.808116],[144.966908,-37.808119],[144.966904,-37.808121],[144.966902,-37.808117],[144.966757,-37.808158],[144.966814,-37.808281],[144.966817,-37.80828],[144.966878,-37.808263],[144.966876,-37.808259],[144.966875,-37.808257],[144.966883,-37.808254],[144.966926,-37.808349],[144.966927,-37.808352],[144.966929,-37.808354],[144.966932,-37.808355],[144.966934,-37.808357],[144.966937,-37.808358],[144.96694,-37.808359],[144.966943,-37.808359],[144.966947,-37.808359],[144.96695,-37.808358],[144.967023,-37.808337],[144.967077,-37.808322]]]},"properties":{"dev_key":"X0014703","status":"APPROVED","permit_num":"TPM-2023-8","bldhgt_ahd":79.4,"base_ahd":27.6,"address":"58-66 La Trobe Street MELBOURNE VIC 3000","num_floors":42,"land_use_1":"Office (sq.m) 6172","shape_type":"tower","datadate":"2024-10-24T12:53:51+00:00","height":51.8}},{"type":"Feature","geometry":{"type":"Polygon","coordinates":[[[144.950998,-37.808327],[144.951204,-37.808219],[144.951189,-37.808209],[144.951211,-37.808197],[144.951227,-37.808217],[144.95128,-37.808189],[144.951285,-37.808195],[144.951394,-37.808142],[144.951237,-37.807953],[144.951081,-37.807763],[144.950915,-37.807576],[144.950562,-37.807777],[144.950614,-37.80784],[144.95063,-37.807832],[144.95068,-37.80789],[144.950665,-37.807899],[144.950719,-37.80796],[144.950691,-37.807975],[144.950772,-37.808069],[144.950808,-37.808109],[144.950832,-37.808096],[144.950862,-37.808132],[144.950859,-37.808133],[144.950919,-37.808205],[144.950901,-37.808214],[144.950998,-37.808327]]]},"properties":{"dev_key":"X0015004","status":"APPROVED","permit_num":"TP-2019-22/A","bldhgt_ahd":35.2,"base_ahd":23.2,"address":"501-509 King Street, West Melbourne, 3003","num_floors":5,"land_use_1":"Retail (sq.m) 4753","shape_type":"podium","datadate":"2024-10-24T12:53:51+00:00","height":12.0}},{"type":"Feature","geometry":{"type":"Polygon","coordinates":[[[144.95902,-37.81291],[144.958907,-37.812664],[144.958695,-37.812726],[144.958856,-37.813077],[144.95907,-37.813015],[144.95902,-37.81291]]]},"properties":{"dev_key":"X0015815","status":"APPLIED","permit_num":"TPMR-2024-12","bldhgt_ahd":115.7,"base_ahd":24.6,"address":"436-450 Lonsdale Street MELBOURNE VIC 3000","num_floors":24,"land_use_1":"Office (sq.m) 16932","shape_type":"tower","datadate":"2024-10-24T12:53:51+00:00","height":91.1}},{"type":"Feature","geometry":{"type":"Polygon","coordinates":[[[144.966316,-37.811441],[144.966361,-37.811428],[144.96635,-37.811404],[144.96646,-37.811372],[144.96639,-37.811222],[144.966146,-37.811294],[144.966284,-37.811597],[144.966374,-37.811571],[144.966316,-37.811441]]]},"properties":{"dev_key":"X0015809","status":"APPLIED","permit_num":"TP-2020-30/A","bldhgt_ahd":29.4,"base_ahd":18.3,"address":"203-207 Lonsdale Street, Melbourne, 3000","num_floors":8,"land_use_1":"Education (sq.m) 2660","shape_type":"podium","datadate":"2024-10-24T12:53:51+00:00","height":11.1}},{"type":"Feature","geometry":{"type":"Polygon","coordinates":[[[144.95837,-37.811668],[144.958326,-37.811571],[144.958325,-37.811569],[144.958323,-37.811567],[144.958321,-37.811565],[144.958319,-37.811564],[144.958316,-37.811563],[144.958314,-37.811562],[144.958311,-37.811562],[144.958308,-37.811562],[144.958305,-37.811562],[144.958303,-37.811563],[144.958277,-37.81157],[144.958271,-37.811558],[144.958294,-37.811551],[144.958296,-37.811551],[144.958299,-37.81155],[144.958302,-37.811549],[144.958304,-37.811548],[144.958306,-37.811546],[144.958307,-37.811544],[144.958308,-37.811542],[144.958309,-37.81154],[144.958309,-37.811537],[144.958309,-37.811535],[144.958308,-37.811533],[144.958264,-37.811434],[144.958263,-37.811432],[144.958261,-37.811431],[144.958259,-37.811429],[144.958257,-37.811428],[144.958255,-37.811427],[144.958252,-37.811426],[144.958249,-37.811426],[144.958247,-37.811426],[144.958111,-37.811465],[144.958108,-37.811466],[144.958106,-37.811468],[144.958104,-37.81147],[144.958103,-37.811472],[144.958102,-37.811474],[144.958102,-37.811476],[144.958102,-37.811479],[144.958102,-37.811481],[144.958103,-37.811484],[144.958104,-37.811486],[144.958039,-37.811505],[144.958038,-37.811502],[144.958037,-37.8115],[144.958036,-37.811498],[144.958033,-37.811496],[144.958031,-37.811494],[144.958028,-37.811493],[144.958025,-37.811492],[144.958022,-37.811492],[144.958019,-37.811492],[144.957885,-37.811531],[144.957883,-37.811532],[144.957881,-37.811533],[144.957879,-37.811535],[144.957877,-37.811536],[144.957876,-37.811538],[144.957876,-37.811541],[144.957875,-37.811543],[144.957876,-37.811545],[144.957877,-37.811547],[144.957922,-37.811648],[144.957924,-37.811649],[144.957926,-37.811651],[144.957928,-37.811652],[144.95793,-37.811653],[144.957933,-37.811654],[144.957935,-37.811655],[144.957938,-37.811655],[144.957941,-37.811654],[144.957943,-37.811654],[144.95797,-37.811646],[144.957975,-37.811658],[144.957949,-37.811666],[144.957946,-37.811667],[144.957944,-37.811668],[144.957942,-37.81167],[144.95794,-37.811671],[144.957939,-37.811673],[144.957938,-37.811675],[144.957937,-37.811677],[144.957937,-37.81168],[144.957938,-37.811682],[144.957938,-37.811684],[144.957984,-37.811784],[144.957986,-37.811786],[144.957988,-37.811787],[144.95799,-37.811789],[144.957993,-37.81179],[144.957995,-37.811791],[144.957998,-37.811791],[144.958001,-37.811791],[144.958135,-37.811752],[144.958137,-37.811751],[144.95814,-37.811749],[144.958142,-37.811747],[144.958143,-37.811745],[144.958144,-37.811743],[144.958145,-37.81174],[144.958145,-37.811738],[144.958145,-37.811736],[144.958144,-37.811733],[144.958142,-37.811731],[144.958208,-37.811712],[144.958208,-37.811714],[144.958209,-37.811717],[144.958211,-37.811719],[144.958212,-37.81172],[144.958215,-37.811722],[144.958217,-37.811723],[144.95822,-37.811724],[144.958222,-37.811725],[144.958225,-37.811725],[144.958228,-37.811725],[144.958231,-37.811724],[144.958363,-37.811685],[144.958366,-37.811684],[144.958368,-37.811682],[144.958369,-37.81168],[144.95837,-37.811678],[144.958371,-37.811676],[144.958371,-37.811674],[144.958371,-37.811672],[144.958371,-37.811669],[144.95837,-37.811668]]]},"properties":{"dev_key":"X0015804","status":"APPROVED","permit_num":"TPMR-2016-14/A","bldhgt_ahd":260.5,"base_ahd":24.5,"address":"371-389 La Trobe Street MELBOURNE VIC 3000","num_floors":71,"land_use_1":"Dwellings 797","shape_type":"tower","datadate":"2024-10-24T12:53:51+00:00","height":236.0}},{"type":"Feature","geometry":{"type":"Polygon","coordinates":[[[144.967512,-37.807406],[144.967271,-37.807476],[144.967256,-37.807498],[144.967202,-37.807504],[144.967149,-37.807512],[144.967124,-37.807521],[144.967102,-37.807534],[144.967095,-37.807548],[144.967095,-37.807563],[144.967106,-37.807588],[144.967122,-37.807611],[144.96714,-37.807636],[144.967144,-37.80764],[144.96715,-37.807642],[144.967156,-37.807641],[144.96716,-37.807638],[144.967166,-37.807634],[144.967178,-37.807644],[144.967171,-37.807654],[144.967172,-37.807666],[144.967156,-37.807679],[144.967153,-37.80769],[144.967252,-37.807906],[144.967258,-37.807919],[144.967269,-37.807932],[144.967285,-37.807941],[144.967305,-37.807945],[144.967325,-37.807943],[144.967709,-37.807833],[144.967512,-37.807406]]]},"properties":{"dev_key":"X000274","status":"COMPLETED","permit_num":"TPM-2014-11","bldhgt_ahd":49.6,"base_ahd":32.6,"address":"9-23 MacKenzie Street MELBOURNE VIC 3000","num_floors":37,"land_use_1":"Dwellings 473","shape_type":"podium","datadate":"2024-10-24T12:53:51+00:00","height":17.0}},{"type":"Feature","geometry":{"type":"Polygon","coordinates":[[[144.961495,-37.808641],[144.961443,-37.808528],[144.961432,-37.808506],[144.961432,-37.808506],[144.961358,-37.808527],[144.961282,-37.808549],[144.961272,-37.808552],[144.961217,-37.808568],[144.96132,-37.808782],[144.961349,-37.808844],[144.961395,-37.80883],[144.9614,-37.808829],[144.96141,-37.808851],[144.96141,-37.808851],[144.961408,-37.808852],[144.961362,-37.808865],[144.961402,-37.808947],[144.96145,-37.808934],[144.96145,-37.808934],[144.961453,-37.808941],[144.961471,-37.808979],[144.961476,-37.808978],[144.961616,-37.808937],[144.961618,-37.808937],[144.961598,-37.808897],[144.961596,-37.808891],[144.961596,-37.808891],[144.961623,-37.808883],[144.961632,-37.80888],[144.961655,-37.808874],[144.961685,-37.808865],[144.961736,-37.808851],[144.961735,-37.80885],[144.961735,-37.808849],[144.961682,-37.808736],[144.961682,-37.808735],[144.961637,-37.808748],[144.961637,-37.808747],[144.961617,-37.808705],[144.961589,-37.808713],[144.961587,-37.808713],[144.961535,-37.808727],[144.961495,-37.808641]]]},"properties":{"dev_key":"X001190","status":"COMPLETED","permit_num":"TPM-2010-29/B","bldhgt_ahd":44.7,"base_ahd":16.1,"address":"58-64 A'Beckett Street MELBOURNE VIC 3000","num_floors":57,"land_use_1":"Dwellings 463","shape_type":"podium","datadate":"2024-10-24T12:53:51+00:00","height":28.6}},{"type":"Feature","geometry":{"type":"Polygon","coordinates":[[[144.957307,-37.809859],[144.95736,-37.80956],[144.957297,-37.809553],[144.956906,-37.809509],[144.956886,-37.80962],[144.956885,-37.809626],[144.956869,-37.80972],[144.956847,-37.809845],[144.956837,-37.809897],[144.957307,-37.809859]]]},"properties":{"dev_key":"X001233","status":"COMPLETED","permit_num":"TP-2015-580","bldhgt_ahd":33.7,"base_ahd":26.3,"address":"229-241 Franklin Street MELBOURNE VIC 3000","num_floors":24,"land_use_1":"Student Accommodation 691","shape_type":"podium","datadate":"2024-10-24T12:53:51+00:00","height":7.4}},{"type":"Feature","geometry":{"type":"Polygon","coordinates":[[[144.950189,-37.811738],[144.950222,-37.811729],[144.950281,-37.811712],[144.950264,-37.811675],[144.950178,-37.811478],[144.9502,-37.811472],[144.950438,-37.811404],[144.950362,-37.81124],[144.949519,-37.811474],[144.949633,-37.811718],[144.949593,-37.81173],[144.949392,-37.811786],[144.949326,-37.811804],[144.949396,-37.811962],[144.950189,-37.811738]]]},"properties":{"dev_key":"X000618","status":"COMPLETED","permit_num":"TPM-2012-4/A","bldhgt_ahd":31.5,"base_ahd":14.5,"address":"83-113 Batman Street WEST MELBOURNE VIC 3003","num_floors":26,"land_use_1":"Dwellings 360","shape_type":"podium","datadate":"2024-10-24T12:53:51+00:00","height":17.0}},{"type":"Feature","geometry":{"type":"Polygon","coordinates":[[[144.958162,-37.802506],[144.95847,-37.802414],[144.958558,-37.802388],[144.958479,-37.802215],[144.958433,-37.802229],[144.958245,-37.802286],[144.958095,-37.802331],[144.958084,-37.802334],[144.958051,-37.802344],[144.958092,-37.802432],[144.95813,-37.802516],[144.958162,-37.802506]]]},"properties":{"dev_key":"X001341","status":"COMPLETED","permit_num":"TP-2015-1219","bldhgt_ahd":36.9,"base_ahd":32.2,"address":"684-688 Elizabeth Street MELBOURNE VIC 3000","num_floors":19,"land_use_1":"Dwellings 120","shape_type":"podium","datadate":"2024-10-24T12:53:51+00:00","height":4.7}},{"type":"Feature","geometry":{"type":"Polygon","coordinates":[[[144.958066,-37.802179],[144.958066,-37.802179],[144.958208,-37.80214],[144.958187,-37.802094],[144.95819,-37.802093],[144.958191,-37.802092],[144.958192,-37.80209],[144.958185,-37.802075],[144.958166,-37.802034],[144.957931,-37.802052],[144.957919,-37.802057],[144.957919,-37.802057],[144.957915,-37.802061],[144.957912,-37.802067],[144.957917,-37.802078],[144.957929,-37.802092],[144.957938,-37.8021],[144.957944,-37.802111],[144.957971,-37.802171],[144.957974,-37.802172],[144.957977,-37.802173],[144.95799,-37.802199],[144.95799,-37.8022],[144.958066,-37.802179]]]},"properties":{"dev_key":"X001349","status":"APPROVED","permit_num":"TP-2016-240","bldhgt_ahd":104.3,"base_ahd":32.9,"address":"696-708 Elizabeth Street MELBOURNE VIC 3000","num_floors":22,"land_use_1":"Dwellings 80","shape_type":"tower","datadate":"2024-10-24T12:53:51+00:00","height":71.4}},{"type":"Feature","geometry":{"type":"Polygon","coordinates":[[[144.950251,-37.805769],[144.95007,-37.805619],[144.950057,-37.805629],[144.950017,-37.80566],[144.950029,-37.80567],[144.950016,-37.80568],[144.950043,-37.805703],[144.950069,-37.805684],[144.950073,-37.805688],[144.950062,-37.805697],[144.950108,-37.805735],[144.95012,-37.805726],[144.950124,-37.80573],[144.950099,-37.805749],[144.950127,-37.805772],[144.95014,-37.805762],[144.950197,-37.805809],[144.950251,-37.805769]]]},"properties":{"dev_key":"X000583","status":"COMPLETED","permit_num":"TP-2014-22","bldhgt_ahd":37.4,"base_ahd":25.7,"address":"14-20 Roden Street WEST MELBOURNE VIC 3003","num_floors":4,"land_use_1":"Dwellings 10","shape_type":"podium","datadate":"2024-10-24T12:53:51+00:00","height":11.7}},{"type":"Feature","geometry":{"type":"Polygon","coordinates":[[[144.949064,-37.809596],[144.948939,-37.809657],[144.94908,-37.80986],[144.949207,-37.809803],[144.949168,-37.809744],[144.949064,-37.809596]]]},"properties":{"dev_key":"X000609","status":"COMPLETED","permit_num":"TP-2013-12/A","bldhgt_ahd":32.6,"base_ahd":15.7,"address":"171-175 Rosslyn Street WEST MELBOURNE VIC 3003","num_floors":5,"land_use_1":"Dwellings 18","shape_type":"podium","datadate":"2024-10-24T12:53:51+00:00","height":16.9}},{"type":"Feature","geometry":{"type":"Polygon","coordinates":[[[144.953372,-37.800407],[144.953275,-37.800329],[144.9532,-37.800389],[144.953297,-37.800467],[144.953372,-37.800407]]]},"properties":{"dev_key":"X001338","status":"COMPLETED","permit_num":"TP-2016-258","bldhgt_ahd":32.0,"base_ahd":21.0,"address":"15-27 Wreckyn Street NORTH MELBOURNE VIC 3051","num_floors":9,"land_use_1":"Student Accommodation 432","shape_type":"podium","datadate":"2024-10-24T12:53:51+00:00","height":11.0}},{"type":"Feature","geometry":{"type":"Polygon","coordinates":[[[144.949486,-37.807083],[144.949798,-37.807388],[144.949804,-37.807384],[144.949817,-37.807392],[144.949778,-37.807418],[144.949771,-37.807411],[144.949744,-37.807429],[144.949889,-37.80757],[144.950124,-37.807407],[144.950143,-37.807391],[144.950142,-37.807346],[144.950143,-37.807331],[144.950026,-37.80722],[144.949915,-37.807291],[144.949897,-37.807306],[144.949865,-37.807275],[144.949886,-37.807262],[144.949953,-37.807218],[144.949721,-37.806997],[144.949627,-37.806989],[144.949486,-37.807083]]]},"properties":{"dev_key":"X0014004","status":"APPROVED","permit_num":"TPM-2022-20","bldhgt_ahd":39.4,"base_ahd":22.0,"address":"559-577 King Street WEST MELBOURNE VIC 3003","num_floors":9,"land_use_1":"Dwellings 105","shape_type":"tower","datadate":"2024-10-24T12:53:51+00:00","height":17.4}},{"type":"Feature","geometry":{"type":"Polygon","coordinates":[[[144.956091,-37.81009],[144.956099,-37.810088],[144.956177,-37.810066],[144.956218,-37.81005],[144.956218,-37.81005],[144.956218,-37.81005],[144.956233,-37.810044],[144.956233,-37.810044],[144.956233,-37.810044],[144.956233,-37.810044],[144.956233,-37.810043],[144.956234,-37.810043],[144.956235,-37.810043],[144.956235,-37.810042],[144.956236,-37.810042],[144.956236,-37.810042],[144.956236,-37.810042],[144.956237,-37.810041],[144.956238,-37.810041],[144.956239,-37.81004],[144.956282,-37.810013],[144.95632,-37.809983],[144.956328,-37.809975],[144.956331,-37.809972],[144.956331,-37.809972],[144.956331,-37.809972],[144.956332,-37.809972],[144.956333,-37.80997],[144.956334,-37.809969],[144.956334,-37.809969],[144.956364,-37.809934],[144.956365,-37.809934],[144.95637,-37.809926],[144.956389,-37.809896],[144.956405,-37.809864],[144.956416,-37.809831],[144.956419,-37.809821],[144.95644,-37.809815],[144.956455,-37.809787],[144.956452,-37.809782],[144.956428,-37.809732],[144.956427,-37.809729],[144.956417,-37.809711],[144.956395,-37.809659],[144.95636,-37.80958],[144.956274,-37.809604],[144.956258,-37.809609],[144.956244,-37.809615],[144.95623,-37.809623],[144.956219,-37.809632],[144.956218,-37.809633],[144.956217,-37.809633],[144.956217,-37.809634],[144.956216,-37.809635],[144.956216,-37.809635],[144.956216,-37.809635],[144.956214,-37.809637],[144.956214,-37.809637],[144.956213,-37.809638],[144.956206,-37.809647],[144.956201,-37.809655],[144.956196,-37.809667],[144.956193,-37.80968],[144.956192,-37.809692],[144.956194,-37.809705],[144.956198,-37.809717],[144.956198,-37.809718],[144.956198,-37.809719],[144.956199,-37.809719],[144.956199,-37.809719],[144.9562,-37.809721],[144.956209,-37.809743],[144.956214,-37.809767],[144.956214,-37.809791],[144.956209,-37.809814],[144.956207,-37.809817],[144.956198,-37.809838],[144.956184,-37.809857],[144.956166,-37.809875],[144.956145,-37.80989],[144.956122,-37.809902],[144.956105,-37.809909],[144.956089,-37.80992],[144.956076,-37.809933],[144.956065,-37.809948],[144.956058,-37.809964],[144.956054,-37.809981],[144.956054,-37.809997],[144.956056,-37.810014],[144.956091,-37.81009]]]},"properties":{"dev_key":"X0014201","status":"APPROVED","permit_num":"TPM-2013-28/C","bldhgt_ahd":98.8,"base_ahd":28.0,"address":"386-412 William Street MELBOURNE VIC 3000","num_floors":34,"land_use_1":"Office (sq.m) 22289","shape_type":"tower","datadate":"2024-10-24T12:53:51+00:00","height":70.8}},{"type":"Feature","geometry":{"type":"Polygon","coordinates":[[[144.956135,-37.810078],[144.95614,-37.810076],[144.956177,-37.810066],[144.956218,-37.81005],[144.956218,-37.81005],[144.956218,-37.81005],[144.956233,-37.810044],[144.956233,-37.810044],[144.956233,-37.810044],[144.956233,-37.810044],[144.956233,-37.810043],[144.956234,-37.810043],[144.956235,-37.810043],[144.956235,-37.810042],[144.956236,-37.810042],[144.956236,-37.810042],[144.956236,-37.810042],[144.956237,-37.810041],[144.956238,-37.810041],[144.956239,-37.81004],[144.956282,-37.810013],[144.95632,-37.809983],[144.956328,-37.809975],[144.956331,-37.809972],[144.956331,-37.809972],[144.956331,-37.809972],[144.956332,-37.809972],[144.956333,-37.80997],[144.956334,-37.809969],[144.956334,-37.809969],[144.956364,-37.809934],[144.956365,-37.809934],[144.95637,-37.809926],[144.956389,-37.809896],[144.956405,-37.809864],[144.956416,-37.809831],[144.956419,-37.809821],[144.95644,-37.809815],[144.956455,-37.809787],[144.956452,-37.809782],[144.956428,-37.809732],[144.956427,-37.809729],[144.956417,-37.809711],[144.956395,-37.809659],[144.95636,-37.80958],[144.956274,-37.809604],[144.956258,-37.809609],[144.956244,-37.809615],[144.95623,-37.809623],[144.956219,-37.809632],[144.956218,-37.809633],[144.956217,-37.809633],[144.956217,-37.809634],[144.956216,-37.809635],[144.956216,-37.809635],[144.956216,-37.809635],[144.956214,-37.809637],[144.956214,-37.809637],[144.956213,-37.809638],[144.956206,-37.809647],[144.956201,-37.809655],[144.956196,-37.809667],[144.956193,-37.80968],[144.956192,-37.809692],[144.956194,-37.809705],[144.956198,-37.809717],[144.956198,-37.809718],[144.956198,-37.809719],[144.956199,-37.809719],[144.956199,-37.809719],[144.9562,-37.809721],[144.956209,-37.809743],[144.956214,-37.809767],[144.956214,-37.809791],[144.956209,-37.809814],[144.956207,-37.809817],[144.956197,-37.80984],[144.956181,-37.80986],[144.956161,-37.809879],[144.956138,-37.809894],[144.956127,-37.8099],[144.956115,-37.809914],[144.956105,-37.809928],[144.956098,-37.809944],[144.956095,-37.80996],[144.956094,-37.809977],[144.956097,-37.809993],[144.956135,-37.810078]]]},"properties":{"dev_key":"X0014201","status":"APPROVED","permit_num":"TPM-2013-28/C","bldhgt_ahd":105.1,"base_ahd":28.0,"address":"386-412 William Street MELBOURNE VIC 3000","num_floors":34,"land_use_1":"Office (sq.m) 22289","shape_type":"tower","datadate":"2024-10-24T12:53:51+00:00","height":77.1}},{"type":"Feature","geometry":{"type":"Polygon","coordinates":[[[144.954771,-37.814696],[144.954609,-37.814742],[144.954631,-37.814792],[144.954581,-37.814805],[144.954609,-37.814867],[144.954635,-37.814859],[144.954727,-37.815061],[144.954815,-37.815037],[144.954812,-37.815031],[144.954828,-37.815027],[144.954831,-37.815032],[144.954915,-37.815009],[144.954771,-37.814696]]]},"properties":{"dev_key":"X0015309","status":"APPLIED","permit_num":"TP-2023-877","bldhgt_ahd":53.7,"base_ahd":15.7,"address":"225-237 King Street MELBOURNE VIC 3000","num_floors":25,"land_use_1":"Student Accommodation 431","shape_type":"tower","datadate":"2024-10-24T12:53:51+00:00","height":38.0}},{"type":"Feature","geometry":{"type":"Polygon","coordinates":[[[144.952681,-37.79964],[144.95313,-37.799285],[144.953035,-37.799209],[144.95295,-37.799277],[144.952913,-37.799247],[144.952981,-37.799193],[144.952955,-37.799172],[144.952972,-37.799158],[144.953002,-37.799182],[144.953079,-37.799121],[144.953015,-37.799071],[144.95299,-37.79909],[144.952981,-37.799083],[144.953007,-37.799062],[144.952855,-37.798941],[144.952671,-37.799087],[144.952744,-37.799145],[144.952657,-37.799214],[144.952622,-37.799187],[144.952363,-37.799392],[144.952681,-37.79964]]]},"properties":{"dev_key":"X0016007","status":"APPLIED","permit_num":"TPM-2024-21","bldhgt_ahd":47.6,"base_ahd":25.2,"address":"23-47 Villiers Street NORTH MELBOURNE VIC 3051","num_floors":12,"land_use_1":"Dwellings 181","shape_type":"podium","datadate":"2024-10-24T12:53:51+00:00","height":22.4}}]}