{"type":"FeatureCollection","features":[{"type":"Feature","geometry":{"type":"MultiPolygon","coordinates":[[[[144.952139,-37.807776],[144.952167,-37.807763],[144.952374,-37.807662],[144.952408,-37.807645],[144.953228,-37.807251],[144.953424,-37.807473],[144.952102,-37.808114],[144.951733,-37.807967],[144.951982,-37.807853],[144.952139,-37.807776]]]]},"properties":{"seg_id":"21388","str_type":"Council Major","seg_descr":"Rosslyn Street between Howard Street and King Street","street_id":"1038"}},{"type":"Feature","geometry":{"type":"MultiPolygon","coordinates":[[[[144.954453,-37.803725],[144.954203,-37.803699],[144.954248,-37.80343],[144.955388,-37.803556],[144.955345,-37.803824],[144.954486,-37.803728],[144.954453,-37.803725]]]]},"properties":{"seg_id":"20950","str_type":"Council Major","seg_descr":"Queensberry Street between Capel Street and Howard Street","street_id":"1008"}},{"type":"Feature","geometry":{"type":"MultiPolygon","coordinates":[[[[144.957204,-37.806152],[144.95725,-37.805886],[144.95826,-37.805999],[144.958214,-37.806263],[144.95804,-37.806244],[144.957204,-37.806152]]]]},"properties":{"seg_id":"22496","str_type":"Arterial","seg_descr":"Victoria Street between O'Connell Street and Cobden Street","street_id":"1152"}},{"type":"Feature","geometry":{"type":"MultiPolygon","coordinates":[[[[144.959553,-37.812919],[144.959193,-37.81212],[144.959523,-37.812012],[144.959787,-37.812597],[144.959802,-37.812628],[144.959889,-37.812821],[144.959553,-37.812919]]]]},"properties":{"seg_id":"20176","str_type":"Council Major","seg_descr":"Queen Street between Lonsdale Street and Little Lonsdale Street","street_id":"1010"}},{"type":"Feature","geometry":{"type":"MultiPolygon","coordinates":[[[[144.95853,-37.806026],[144.958483,-37.806296],[144.958448,-37.806292],[144.958449,-37.806289],[144.958214,-37.806263],[144.95826,-37.805999],[144.95853,-37.806026]]]]},"properties":{"seg_id":"22671","str_type":"Arterial","seg_descr":"Intersection of Victoria Street and O'Connell Street","street_id":"1152"}},{"type":"Feature","geometry":{"type":"MultiPolygon","coordinates":[[[[144.949654,-37.810415],[144.949683,-37.810402],[144.949759,-37.810554],[144.949826,-37.810683],[144.950056,-37.810608],[144.95007,-37.810635],[144.949975,-37.810665],[144.949977,-37.810671],[144.949796,-37.810728],[144.949747,-37.810633],[144.949741,-37.810623],[144.949755,-37.810619],[144.94973,-37.810568],[144.949654,-37.810415]]]]},"properties":{"seg_id":"21485","str_type":"Council Minor","seg_descr":"Middleton Place between Spencer Street and Dudley Street","street_id":"1278"}},{"type":"Feature","geometry":{"type":"MultiPolygon","coordinates":[[[[144.948757,-37.802244],[144.948724,-37.80224],[144.948435,-37.802209],[144.948451,-37.802122],[144.949597,-37.80224],[144.94958,-37.802331],[144.949391,-37.802311],[144.949355,-37.802307],[144.948757,-37.802244]]]]},"properties":{"seg_id":"21078","str_type":"Council Minor","seg_descr":"Purcell Street between Curzon Street and Errol Street","street_id":"1005"}},{"type":"Feature","geometry":{"type":"MultiPolygon","coordinates":[[[[144.953512,-37.813742],[144.954016,-37.813596],[144.954024,-37.813612],[144.953519,-37.813757],[144.953512,-37.813742]]]]},"properties":{"seg_id":"20048","str_type":"Council Major","seg_descr":"Little Lonsdale Street between King Street and Spencer Street","street_id":"825"}},{"type":"Feature","geometry":{"type":"MultiPolygon","coordinates":[[[[144.946172,-37.809835],[144.945985,-37.809662],[144.94599,-37.809658],[144.946049,-37.809618],[144.946053,-37.809622],[144.946,-37.809659],[144.946182,-37.809828],[144.946172,-37.809835]]]]},"properties":{"seg_id":"30456","str_type":"Private","seg_descr":"Pl5106","street_id":"2847"}},{"type":"Feature","geometry":{"type":"MultiPolygon","coordinates":[[[[144.95388,-37.80551],[144.953861,-37.805781],[144.953535,-37.805745],[144.953528,-37.805744],[144.953492,-37.80574],[144.95354,-37.80547],[144.95388,-37.80551]]]]},"properties":{"seg_id":"20955","str_type":"Council Major","seg_descr":"Intersection of Victoria Street and William Street","street_id":"0"}},{"type":"Feature","geometry":{"type":"MultiPolygon","coordinates":[[[[144.952506,-37.810602],[144.95267,-37.810963],[144.95279,-37.811217],[144.952808,-37.811255],[144.952835,-37.811311],[144.952802,-37.81132],[144.952631,-37.810963],[144.952468,-37.810613],[144.952506,-37.810602]]]]},"properties":{"seg_id":"21511","str_type":"Council Minor","seg_descr":"Cl1302 from Batman Street","street_id":"182"}},{"type":"Feature","geometry":{"type":"MultiPolygon","coordinates":[[[[144.964735,-37.812616],[144.96474,-37.812627],[144.964686,-37.812642],[144.964681,-37.81263],[144.964643,-37.812641],[144.964273,-37.811842],[144.964315,-37.811829],[144.964361,-37.811813],[144.964735,-37.812616]]]]},"properties":{"seg_id":"20326","str_type":"Council Minor","seg_descr":"Caledonian Lane between Lonsdale Street and Little Bourke Street","street_id":"475"}},{"type":"Feature","geometry":{"type":"MultiPolygon","coordinates":[[[[144.952984,-37.800724],[144.953012,-37.800706],[144.953308,-37.800475],[144.953356,-37.800513],[144.952862,-37.800898],[144.952812,-37.800859],[144.952984,-37.800724]]]]},"properties":{"seg_id":"21133","str_type":"Council Minor","seg_descr":"Hotham Place from Courtney Street","street_id":"724"}},{"type":"Feature","geometry":{"type":"MultiPolygon","coordinates":[[[[144.963351,-37.80503],[144.963342,-37.805084],[144.963311,-37.805263],[144.963245,-37.805629],[144.963203,-37.805874],[144.963193,-37.805927],[144.963086,-37.806533],[144.96275,-37.806497],[144.963065,-37.804689],[144.963405,-37.804723],[144.963351,-37.80503]]]]},"properties":{"seg_id":"20482","str_type":"Council Major","seg_descr":"Swanston Street between Victoria Street and Queensberry Street","street_id":"1114"}},{"type":"Feature","geometry":{"type":"MultiPolygon","coordinates":[[[[144.960807,-37.813773],[144.960559,-37.813228],[144.960532,-37.813168],[144.960572,-37.813156],[144.960761,-37.813575],[144.960939,-37.81352],[144.960953,-37.813551],[144.960775,-37.813604],[144.960846,-37.813762],[144.960807,-37.813773]]]]},"properties":{"seg_id":"20372","str_type":"Council Minor","seg_descr":"Goldie Place between Little Bourke Street and Lonsdale Street","street_id":"663"}},{"type":"Feature","geometry":{"type":"MultiPolygon","coordinates":[[[[144.966594,-37.811396],[144.966584,-37.811373],[144.96674,-37.811325],[144.966752,-37.811351],[144.966703,-37.811365],[144.966655,-37.811378],[144.966654,-37.811378],[144.966655,-37.81138],[144.966594,-37.811396]]]]},"properties":{"seg_id":"30184","str_type":"Private","seg_descr":"PL5370","street_id":"118879"}},{"type":"Feature","geometry":{"type":"MultiPolygon","coordinates":[[[[144.954451,-37.803931],[144.954417,-37.803927],[144.954412,-37.803926],[144.954425,-37.803874],[144.954427,-37.803874],[144.954422,-37.803865],[144.954423,-37.803857],[144.954429,-37.803858],[144.954453,-37.803725],[144.954486,-37.803728],[144.954451,-37.803931]]]]},"properties":{"seg_id":"30399","str_type":"Private","seg_descr":"Pl5169","street_id":"2921"}},{"type":"Feature","geometry":{"type":"MultiPolygon","coordinates":[[[[144.953424,-37.807473],[144.953622,-37.807377],[144.95377,-37.807704],[144.953781,-37.807728],[144.953898,-37.807985],[144.953682,-37.808048],[144.953424,-37.807473]]]]},"properties":{"seg_id":"21402","str_type":"Council Major","seg_descr":"Milton Street between Walsh Street and Rosslyn Street","street_id":"901"}},{"type":"Feature","geometry":{"type":"MultiPolygon","coordinates":[[[[144.955658,-37.806418],[144.955653,-37.806442],[144.955431,-37.806417],[144.955435,-37.806393],[144.955658,-37.806418]]]]},"properties":{"seg_id":"30499","str_type":"Private","seg_descr":"Pl5224","street_id":"2981"}},{"type":"Feature","geometry":{"type":"MultiPolygon","coordinates":[[[[144.961576,-37.810399],[144.961462,-37.810145],[144.962764,-37.809765],[144.962812,-37.809751],[144.963597,-37.809521],[144.963721,-37.809771],[144.961576,-37.810399]]]]},"properties":{"seg_id":"20022","str_type":"Council Major","seg_descr":"La Trobe Street between Swanston Street and Elizabeth Street","street_id":"780"}},{"type":"Feature","geometry":{"type":"MultiPolygon","coordinates":[[[[144.965088,-37.8037],[144.965082,-37.803733],[144.964926,-37.804619],[144.964586,-37.804579],[144.964614,-37.804412],[144.96462,-37.804381],[144.964688,-37.803985],[144.964692,-37.80396],[144.964711,-37.803856],[144.964716,-37.803824],[144.964773,-37.803498],[144.965116,-37.803537],[144.965088,-37.8037]]]]},"properties":{"seg_id":"20506","str_type":"Council Major","seg_descr":"Cardigan Street between Queensberry Street and Argyle Place South","street_id":"483"}},{"type":"Feature","geometry":{"type":"MultiPolygon","coordinates":[[[[144.948183,-37.801657],[144.948218,-37.801477],[144.948556,-37.801517],[144.948525,-37.801695],[144.948183,-37.801657]]]]},"properties":{"seg_id":"22675","str_type":"Arterial","seg_descr":"Intersection of Curzon Street and Baillie Street","street_id":"552"}},{"type":"Feature","geometry":{"type":"MultiPolygon","coordinates":[[[[144.94845,-37.808448],[144.948145,-37.80816],[144.948133,-37.808149],[144.948122,-37.808139],[144.947882,-37.807923],[144.948132,-37.807736],[144.948289,-37.807875],[144.948427,-37.808004],[144.948716,-37.808282],[144.94845,-37.808448]]]]},"properties":{"seg_id":"21651","str_type":"Arterial","seg_descr":"Spencer Street between Stanley Street and Roden Street","street_id":"1086"}},{"type":"Feature","geometry":{"type":"MultiPolygon","coordinates":[[[[144.954649,-37.80447],[144.954644,-37.804502],[144.954642,-37.804509],[144.954067,-37.804446],[144.954075,-37.804405],[144.95428,-37.804426],[144.954312,-37.804266],[144.954343,-37.804269],[144.954313,-37.804429],[144.95465,-37.804465],[144.954649,-37.80447]]]]},"properties":{"seg_id":"20958","str_type":"Council Minor","seg_descr":"Little Howard Street between Howard Street and Capel Street","street_id":"821"}},{"type":"Feature","geometry":{"type":"MultiPolygon","coordinates":[[[[144.945884,-37.809424],[144.945909,-37.809406],[144.9461,-37.809581],[144.946075,-37.809598],[144.945884,-37.809424]]]]},"properties":{"seg_id":"30457","str_type":"Private","seg_descr":"Pl5105","street_id":"2846"}},{"type":"Feature","geometry":{"type":"MultiPolygon","coordinates":[[[[144.952176,-37.802834],[144.952239,-37.802476],[144.952561,-37.802513],[144.952556,-37.802539],[144.952299,-37.80251],[144.952241,-37.802841],[144.952176,-37.802834]]]]},"properties":{"seg_id":"30412","str_type":"Private","seg_descr":"Chetwynd Place","street_id":"2209"}},{"type":"Feature","geometry":{"type":"MultiPolygon","coordinates":[[[[144.94879,-37.803469],[144.949079,-37.803498],[144.949054,-37.803644],[144.949009,-37.80364],[144.949024,-37.803533],[144.949011,-37.80352],[144.948817,-37.803501],[144.948785,-37.803519],[144.94879,-37.803469]]]]},"properties":{"seg_id":"21002","str_type":"Council Minor","seg_descr":"Cl1736 from Atkin Street","street_id":"114"}},{"type":"Feature","geometry":{"type":"MultiPolygon","coordinates":[[[[144.951239,-37.812345],[144.951244,-37.812356],[144.951432,-37.812764],[144.951455,-37.812818],[144.951541,-37.812994],[144.95122,-37.813085],[144.950823,-37.812231],[144.951143,-37.81214],[144.951239,-37.812345]]]]},"properties":{"seg_id":"21506","str_type":"Arterial","seg_descr":"Spencer Street between La Trobe Street and Jeffcott Street","street_id":"1086"}},{"type":"Feature","geometry":{"type":"MultiPolygon","coordinates":[[[[144.959337,-37.808338],[144.959138,-37.807912],[144.95917,-37.807902],[144.959368,-37.808329],[144.959337,-37.808338]]]]},"properties":{"seg_id":"23339","str_type":"Council Minor","seg_descr":"Blender Lane from Franklin Street","street_id":"2877"}},{"type":"Feature","geometry":{"type":"MultiPolygon","coordinates":[[[[144.951983,-37.805768],[144.951977,-37.805796],[144.951784,-37.805776],[144.951775,-37.805781],[144.951761,-37.805868],[144.951736,-37.805865],[144.951757,-37.805744],[144.951764,-37.805745],[144.951983,-37.805768]]]]},"properties":{"seg_id":"21378","str_type":"Council Minor","seg_descr":"Prout Lane from Chetwynd Street","street_id":"117822"}},{"type":"Feature","geometry":{"type":"MultiPolygon","coordinates":[[[[144.966381,-37.802932],[144.966721,-37.802969],[144.966693,-37.803132],[144.966688,-37.803159],[144.966643,-37.803425],[144.966303,-37.803389],[144.966381,-37.802932]]]]},"properties":{"seg_id":"20526","str_type":"Council Major","seg_descr":"Lygon Street between Argyle Place South and Pelham Street","street_id":"840"}},{"type":"Feature","geometry":{"type":"MultiPolygon","coordinates":[[[[144.964711,-37.803856],[144.963581,-37.803738],[144.963583,-37.80373],[144.963787,-37.803752],[144.963794,-37.803713],[144.96383,-37.803709],[144.963828,-37.80372],[144.964515,-37.803793],[144.964514,-37.803803],[144.964716,-37.803824],[144.964711,-37.803856]]]]},"properties":{"seg_id":"20803","str_type":"Council Minor","seg_descr":"Kelvin Place between Cardigan Street and Swanston Street","street_id":"751"}},{"type":"Feature","geometry":{"type":"MultiPolygon","coordinates":[[[[144.957168,-37.814954],[144.956838,-37.815047],[144.956806,-37.815056],[144.956798,-37.81504],[144.957247,-37.814915],[144.957626,-37.814806],[144.957633,-37.81482],[144.957253,-37.814929],[144.957168,-37.814954]]]]},"properties":{"seg_id":"20061","str_type":"Council Major","seg_descr":"Little Bourke Street between William Street and King Street","street_id":"809"}},{"type":"Feature","geometry":{"type":"MultiPolygon","coordinates":[[[[144.961265,-37.806332],[144.961611,-37.806377],[144.961772,-37.806662],[144.961291,-37.806607],[144.961195,-37.806597],[144.961265,-37.806332]]]]},"properties":{"seg_id":"21624","str_type":"Arterial","seg_descr":"Intersection of Victoria Street and Bouverie Street","street_id":"0"}},{"type":"Feature","geometry":{"type":"MultiPolygon","coordinates":[[[[144.951398,-37.808462],[144.95144,-37.808521],[144.951427,-37.808527],[144.951385,-37.808468],[144.951398,-37.808462]]]]},"properties":{"seg_id":"30491","str_type":"Private","seg_descr":"Pl5138","street_id":"2882"}},{"type":"Feature","geometry":{"type":"MultiPolygon","coordinates":[[[[144.953055,-37.804467],[144.952979,-37.804458],[144.953048,-37.804075],[144.953121,-37.804083],[144.953055,-37.804467]]]]},"properties":{"seg_id":"23347","str_type":"Council Minor","seg_descr":"St Andrews Street from Gardiner Street","street_id":"1050"}},{"type":"Feature","geometry":{"type":"MultiPolygon","coordinates":[[[[144.960417,-37.809475],[144.960722,-37.81014],[144.960638,-37.810165],[144.960498,-37.809861],[144.960484,-37.809865],[144.960319,-37.809503],[144.960417,-37.809475]]]]},"properties":{"seg_id":"30502","str_type":"Private","seg_descr":"Pl5222","street_id":"2979"}},{"type":"Feature","geometry":{"type":"MultiPolygon","coordinates":[[[[144.953501,-37.811955],[144.953141,-37.812057],[144.953127,-37.812027],[144.953487,-37.811926],[144.953501,-37.811955]]]]},"properties":{"seg_id":"30497","str_type":"Private","seg_descr":"Pl5234","street_id":"2994"}},{"type":"Feature","geometry":{"type":"MultiPolygon","coordinates":[[[[144.953716,-37.813572],[144.953518,-37.813139],[144.95355,-37.813129],[144.953571,-37.813174],[144.953615,-37.813161],[144.953799,-37.813561],[144.953721,-37.813583],[144.953716,-37.813572]]]]},"properties":{"seg_id":"20445","str_type":"Council Minor","seg_descr":"Nicholson Place from Little Lonsdale Street","street_id":"930"}},{"type":"Feature","geometry":{"type":"MultiPolygon","coordinates":[[[[144.950806,-37.807017],[144.950534,-37.807178],[144.950351,-37.806996],[144.950263,-37.806911],[144.950174,-37.806826],[144.950121,-37.806778],[144.950069,-37.806729],[144.950031,-37.806694],[144.949988,-37.806656],[144.949793,-37.806487],[144.950043,-37.806309],[144.950242,-37.806481],[144.950435,-37.806656],[144.950623,-37.806835],[144.950806,-37.807017]]]]},"properties":{"seg_id":"21375","str_type":"Arterial","seg_descr":"King Street between Stanley Street and Roden Street","street_id":"761"}},{"type":"Feature","geometry":{"type":"MultiPolygon","coordinates":[[[[144.967847,-37.80521],[144.967501,-37.805172],[144.967553,-37.804902],[144.967891,-37.804939],[144.967847,-37.80521]]]]},"properties":{"seg_id":"20543","str_type":"Council Major","seg_descr":"Intersection of Drummond Street and Queensberry Street","street_id":"0"}},{"type":"Feature","geometry":{"type":"MultiPolygon","coordinates":[[[[144.955462,-37.815404],[144.955138,-37.815492],[144.9551,-37.815411],[144.955421,-37.815315],[144.955462,-37.815404]]]]},"properties":{"seg_id":"20062","str_type":"Arterial","seg_descr":"Intersection of King Street and Little Bourke Street","street_id":"0"}},{"type":"Feature","geometry":{"type":"MultiPolygon","coordinates":[[[[144.964837,-37.811392],[144.964802,-37.811317],[144.964872,-37.811309],[144.964906,-37.811248],[144.964901,-37.811237],[144.964884,-37.811242],[144.964879,-37.811233],[144.964907,-37.811224],[144.9649,-37.81121],[144.964933,-37.8112],[144.965007,-37.811069],[144.964999,-37.811051],[144.965082,-37.811026],[144.964914,-37.811322],[144.964914,-37.811321],[144.964908,-37.811331],[144.964908,-37.811331],[144.964925,-37.811366],[144.964837,-37.811392]]]]},"properties":{"seg_id":"30733","str_type":"Private","seg_descr":"Unnamed Arcade","street_id":"117935"}},{"type":"Feature","geometry":{"type":"MultiPolygon","coordinates":[[[[144.960839,-37.800218],[144.960887,-37.799948],[144.961224,-37.799985],[144.961178,-37.800253],[144.96105,-37.80024],[144.960839,-37.800218]]]]},"properties":{"seg_id":"20461","str_type":"Council Major","seg_descr":"Intersection of Leicester Street and Grattan Street","street_id":"674"}},{"type":"Feature","geometry":{"type":"MultiPolygon","coordinates":[[[[144.950209,-37.803995],[144.950779,-37.804061],[144.950773,-37.804106],[144.950035,-37.804021],[144.950043,-37.803977],[144.950165,-37.803991],[144.950209,-37.803995]]]]},"properties":{"seg_id":"20989","str_type":"Council Minor","seg_descr":"Little Errol Street from Leveson Street","street_id":"818"}},{"type":"Feature","geometry":{"type":"MultiPolygon","coordinates":[[[[144.963385,-37.809054],[144.963709,-37.80896],[144.963747,-37.809043],[144.963421,-37.809138],[144.963385,-37.809054]]]]},"properties":{"seg_id":"22648","str_type":"Council Major","seg_descr":"Intersection of Swanston Street and Little La Trobe Street","street_id":"1114"}},{"type":"Feature","geometry":{"type":"MultiPolygon","coordinates":[[[[144.957631,-37.805706],[144.95764,-37.805657],[144.957694,-37.805664],[144.957681,-37.805565],[144.957715,-37.805554],[144.957736,-37.805718],[144.957631,-37.805706]]]]},"properties":{"seg_id":"30409","str_type":"Private","seg_descr":"Pl5159","street_id":"2905"}},{"type":"Feature","geometry":{"type":"MultiPolygon","coordinates":[[[[144.953468,-37.803618],[144.953389,-37.803609],[144.952718,-37.803532],[144.952776,-37.803257],[144.953913,-37.803383],[144.95386,-37.803661],[144.953844,-37.80366],[144.953468,-37.803618]]]]},"properties":{"seg_id":"20973","str_type":"Council Major","seg_descr":"Queensberry Street between Howard Street and Chetwynd Street","street_id":"1008"}},{"type":"Feature","geometry":{"type":"MultiPolygon","coordinates":[[[[144.955356,-37.805674],[144.955782,-37.805721],[144.955735,-37.805988],[144.955311,-37.805942],[144.955356,-37.805674]]]]},"properties":{"seg_id":"20953","str_type":"Council Major","seg_descr":"Victoria Street between Peel Street and Capel Street","street_id":"1152"}},{"type":"Feature","geometry":{"type":"MultiPolygon","coordinates":[[[[144.946807,-37.806523],[144.946793,-37.806543],[144.946603,-37.806458],[144.946616,-37.806439],[144.946807,-37.806523]]]]},"properties":{"seg_id":"30445","str_type":"Private","seg_descr":"Pl5216","street_id":"2973"}},{"type":"Feature","geometry":{"type":"MultiPolygon","coordinates":[[[[144.949303,-37.806481],[144.949116,-37.806337],[144.949087,-37.806336],[144.949017,-37.806391],[144.948931,-37.806326],[144.948929,-37.806325],[144.948954,-37.806305],[144.948956,-37.806306],[144.949,-37.80634],[144.94903,-37.806343],[144.949101,-37.806287],[144.949329,-37.806461],[144.949303,-37.806481]]]]},"properties":{"seg_id":"21436","str_type":"Council Minor","seg_descr":"Cl1416 from Roden Street","street_id":"232"}},{"type":"Feature","geometry":{"type":"MultiPolygon","coordinates":[[[[144.950743,-37.812062],[144.950351,-37.811214],[144.950673,-37.811123],[144.951057,-37.811964],[144.951061,-37.811973],[144.950743,-37.812062]]]]},"properties":{"seg_id":"21499","str_type":"Arterial","seg_descr":"Spencer Street between Jeffcott Street and Batman Street","street_id":"1086"}},{"type":"Feature","geometry":{"type":"MultiPolygon","coordinates":[[[[144.965367,-37.802092],[144.96529,-37.802541],[144.964944,-37.802504],[144.965024,-37.802054],[144.965367,-37.802092]]]]},"properties":{"seg_id":"20509","str_type":"Council Major","seg_descr":"Cardigan Street between Pelham Street and Argyle Place North","street_id":"483"}},{"type":"Feature","geometry":{"type":"MultiPolygon","coordinates":[[[[144.955216,-37.804531],[144.955258,-37.804299],[144.955267,-37.804258],[144.955345,-37.803824],[144.955682,-37.803864],[144.955443,-37.80521],[144.955439,-37.805237],[144.955356,-37.805674],[144.955014,-37.805638],[144.955209,-37.804563],[144.955216,-37.804531]]]]},"properties":{"seg_id":"20945","str_type":"Council Major","seg_descr":"Capel Street between Victoria Street and Queensberry Street","street_id":"482"}},{"type":"Feature","geometry":{"type":"MultiPolygon","coordinates":[[[[144.960785,-37.814796],[144.960467,-37.814888],[144.960106,-37.814088],[144.960419,-37.813996],[144.960785,-37.814796]]]]},"properties":{"seg_id":"20174","str_type":"Council Major","seg_descr":"Queen Street between Bourke Street and Little Bourke Street","street_id":"1010"}},{"type":"Feature","geometry":{"type":"MultiPolygon","coordinates":[[[[144.958828,-37.808774],[144.958916,-37.808747],[144.959321,-37.809599],[144.959224,-37.809627],[144.95914,-37.809446],[144.959128,-37.80942],[144.958919,-37.80897],[144.958912,-37.808955],[144.958828,-37.808774]]]]},"properties":{"seg_id":"21637","str_type":"Council Minor","seg_descr":"Anthony Street between Franklin Street and A'Beckett Street","street_id":"388"}},{"type":"Feature","geometry":{"type":"MultiPolygon","coordinates":[[[[144.962936,-37.800447],[144.962896,-37.800664],[144.962886,-37.80072],[144.962924,-37.800724],[144.962886,-37.800957],[144.962851,-37.800954],[144.962886,-37.800738],[144.96285,-37.800734],[144.962901,-37.800443],[144.962936,-37.800447]]]]},"properties":{"seg_id":"20843","str_type":"Council Minor","seg_descr":"Cl1136 from Grattan Street","street_id":"1563"}},{"type":"Feature","geometry":{"type":"MultiPolygon","coordinates":[[[[144.966399,-37.808696],[144.966516,-37.80895],[144.966195,-37.809048],[144.966074,-37.808791],[144.966399,-37.808696]]]]},"properties":{"seg_id":"20019","str_type":"Council Major","seg_descr":"Intersection of Russell Street and La Trobe Street","street_id":"0"}},{"type":"Feature","geometry":{"type":"MultiPolygon","coordinates":[[[[144.964226,-37.806662],[144.964567,-37.806697],[144.964519,-37.806968],[144.964176,-37.80693],[144.96413,-37.806925],[144.964226,-37.806662]]]]},"properties":{"seg_id":"21606","str_type":"Arterial","seg_descr":"Intersection of Victoria Street and Cardigan Street","street_id":"0"}},{"type":"Feature","geometry":{"type":"MultiPolygon","coordinates":[[[[144.948463,-37.802054],[144.948451,-37.802122],[144.948435,-37.802209],[144.948431,-37.802233],[144.948089,-37.802196],[144.94812,-37.802016],[144.948463,-37.802054]]]]},"properties":{"seg_id":"22676","str_type":"Arterial","seg_descr":"Intersection of Curzon Street and Provost Street","street_id":"552"}},{"type":"Feature","geometry":{"type":"MultiPolygon","coordinates":[[[[144.966859,-37.804827],[144.96699,-37.804102],[144.967057,-37.804109],[144.966926,-37.804834],[144.966859,-37.804827]]]]},"properties":{"seg_id":"20730","str_type":"Council Minor","seg_descr":"Mission Place from Queensberry Street","street_id":"902"}},{"type":"Feature","geometry":{"type":"MultiPolygon","coordinates":[[[[144.966733,-37.81022],[144.966677,-37.810237],[144.96668,-37.810243],[144.966648,-37.810252],[144.966641,-37.810236],[144.966647,-37.810234],[144.966646,-37.810233],[144.965914,-37.810453],[144.965893,-37.810408],[144.966707,-37.810163],[144.966733,-37.81022]]]]},"properties":{"seg_id":"30731","str_type":"Private","seg_descr":"Jane Bell Lane","street_id":"117926"}},{"type":"Feature","geometry":{"type":"MultiPolygon","coordinates":[[[[144.953993,-37.801228],[144.953956,-37.801257],[144.953603,-37.800976],[144.953639,-37.800947],[144.953993,-37.801228]]]]},"properties":{"seg_id":"21130","str_type":"Council Minor","seg_descr":"Dowling Place from Wreckyn Street","street_id":"1237"}},{"type":"Feature","geometry":{"type":"MultiPolygon","coordinates":[[[[144.9633,-37.803336],[144.962762,-37.803276],[144.962708,-37.803271],[144.962161,-37.80321],[144.962187,-37.803073],[144.963326,-37.803198],[144.9633,-37.803336]]]]},"properties":{"seg_id":"20838","str_type":"Council Major","seg_descr":"Lincoln Square South between Swanston Street and Bouverie Street","street_id":"795"}},{"type":"Feature","geometry":{"type":"MultiPolygon","coordinates":[[[[144.964189,-37.80481],[144.963405,-37.804723],[144.963452,-37.80446],[144.964139,-37.804531],[144.96419,-37.804536],[144.964586,-37.804579],[144.964541,-37.804849],[144.964259,-37.804817],[144.964189,-37.80481]]]]},"properties":{"seg_id":"22500","str_type":"Council Major","seg_descr":"Queensberry Street between Cardigan Street and Swanston Street","street_id":"1008"}},{"type":"Feature","geometry":{"type":"MultiPolygon","coordinates":[[[[144.965541,-37.810896],[144.965591,-37.810881],[144.965722,-37.811131],[144.965661,-37.811149],[144.965541,-37.810896]]]]},"properties":{"seg_id":"30728","str_type":"Private","seg_descr":"Shilling Lane","street_id":"117922"}},{"type":"Feature","geometry":{"type":"MultiPolygon","coordinates":[[[[144.952776,-37.803257],[144.952718,-37.803532],[144.952388,-37.803496],[144.952433,-37.803228],[144.952776,-37.803257]]]]},"properties":{"seg_id":"20963","str_type":"Council Major","seg_descr":"Intersection of Queensberry Street and Chetwynd Street","street_id":"0"}},{"type":"Feature","geometry":{"type":"MultiPolygon","coordinates":[[[[144.960903,-37.807875],[144.96087,-37.807884],[144.960754,-37.807628],[144.960748,-37.80763],[144.960651,-37.807417],[144.960627,-37.807364],[144.960666,-37.807352],[144.960903,-37.807875]]]]},"properties":{"seg_id":"23323","str_type":"Council Minor","seg_descr":"PH8039 from Franklin Street","street_id":"120165"}},{"type":"Feature","geometry":{"type":"MultiPolygon","coordinates":[[[[144.953637,-37.804928],[144.953641,-37.804883],[144.953695,-37.804594],[144.953706,-37.80454],[144.953858,-37.803674],[144.953844,-37.80366],[144.95386,-37.803661],[144.954203,-37.803699],[144.954075,-37.804405],[144.954067,-37.804446],[144.95401,-37.804768],[144.954004,-37.804801],[144.953917,-37.805296],[144.953913,-37.805323],[144.95388,-37.80551],[144.95354,-37.80547],[144.953637,-37.804928]]]]},"properties":{"seg_id":"20956","str_type":"Council Major","seg_descr":"Howard Street between Victoria Street and Queensberry Street","street_id":"726"}},{"type":"Feature","geometry":{"type":"MultiPolygon","coordinates":[[[[144.956288,-37.80183],[144.955874,-37.801509],[144.956378,-37.801113],[144.956414,-37.801143],[144.956112,-37.801383],[144.956084,-37.801404],[144.955955,-37.801506],[144.956139,-37.801653],[144.956325,-37.801798],[144.956288,-37.80183]]]]},"properties":{"seg_id":"21121","str_type":"Council Minor","seg_descr":"Bedford Place between Flemington Road and Bedford Street","street_id":"427"}},{"type":"Feature","geometry":{"type":"MultiPolygon","coordinates":[[[[144.966134,-37.804347],[144.966129,-37.804379],[144.965561,-37.804319],[144.965568,-37.804276],[144.965765,-37.804297],[144.965779,-37.804298],[144.96593,-37.804314],[144.965928,-37.804325],[144.966134,-37.804347]]]]},"properties":{"seg_id":"20749","str_type":"Council Minor","seg_descr":"Magenta Place from Lygon Street","street_id":"865"}},{"type":"Feature","geometry":{"type":"MultiPolygon","coordinates":[[[[144.954618,-37.801231],[144.954767,-37.801348],[144.954722,-37.801389],[144.953905,-37.800737],[144.953955,-37.800701],[144.954136,-37.800844],[144.954161,-37.800864],[144.954592,-37.801209],[144.954618,-37.801231]]]]},"properties":{"seg_id":"21129","str_type":"Council Minor","seg_descr":"Tyrone Street between Blackwood Street and Wreckyn Street","street_id":"1138"}},{"type":"Feature","geometry":{"type":"MultiPolygon","coordinates":[[[[144.965781,-37.80471],[144.965815,-37.804713],[144.966067,-37.80474],[144.966024,-37.805016],[144.965165,-37.80492],[144.964884,-37.804889],[144.964926,-37.804619],[144.965212,-37.80465],[144.965271,-37.804656],[144.965781,-37.80471]]]]},"properties":{"seg_id":"22499","str_type":"Council Major","seg_descr":"Queensberry Street between Lygon Street and Cardigan Street","street_id":"1008"}},{"type":"Feature","geometry":{"type":"MultiPolygon","coordinates":[[[[144.949479,-37.802896],[144.949823,-37.802936],[144.949774,-37.803209],[144.949427,-37.803165],[144.949479,-37.802896]]]]},"properties":{"seg_id":"20991","str_type":"Council Major","seg_descr":"Intersection of Queensberry Street and Errol Street","street_id":"0"}},{"type":"Feature","geometry":{"type":"MultiPolygon","coordinates":[[[[144.946793,-37.806543],[144.946807,-37.806523],[144.946838,-37.806535],[144.946813,-37.80657],[144.947104,-37.806766],[144.947082,-37.806785],[144.946824,-37.806614],[144.946759,-37.806592],[144.946793,-37.806543]]]]},"properties":{"seg_id":"23361","str_type":"Council Minor","seg_descr":"Glencoe Place from Hawke Street","street_id":"1877"}},{"type":"Feature","geometry":{"type":"MultiPolygon","coordinates":[[[[144.94748,-37.805769],[144.947796,-37.805801],[144.947793,-37.805836],[144.947775,-37.805857],[144.947758,-37.805894],[144.947699,-37.805957],[144.94762,-37.806005],[144.947519,-37.806029],[144.947479,-37.806032],[144.94746,-37.806038],[144.947425,-37.806036],[144.94748,-37.805769]]]]},"properties":{"seg_id":"21347","str_type":"Council Major","seg_descr":"Intersection of Miller Street and Curzon Street","street_id":"0"}},{"type":"Feature","geometry":{"type":"MultiPolygon","coordinates":[[[[144.954417,-37.803927],[144.954451,-37.803931],[144.954438,-37.80401],[144.954402,-37.804007],[144.954417,-37.803927]]]]},"properties":{"seg_id":"30367","str_type":"Private","seg_descr":"Pl5169","street_id":"2921"}},{"type":"Feature","geometry":{"type":"MultiPolygon","coordinates":[[[[144.955294,-37.808665],[144.955707,-37.808711],[144.955568,-37.809499],[144.955236,-37.809005],[144.955294,-37.808665]]]]},"properties":{"seg_id":"22657","str_type":"Council Major","seg_descr":"Peel Street between Franklin Street and Dudley Street","street_id":"973"}},{"type":"Feature","geometry":{"type":"MultiPolygon","coordinates":[[[[144.967915,-37.807531],[144.967939,-37.807341],[144.967972,-37.807345],[144.967949,-37.807521],[144.967915,-37.807531]]]]},"properties":{"seg_id":"30485","str_type":"Private","seg_descr":"Pl5242","street_id":"3002"}},{"type":"Feature","geometry":{"type":"MultiPolygon","coordinates":[[[[144.963209,-37.808667],[144.963531,-37.808574],[144.963709,-37.80896],[144.963385,-37.809054],[144.963209,-37.808667]]]]},"properties":{"seg_id":"22649","str_type":"Council Major","seg_descr":"Swanston Street between Little La Trobe Street and A'Beckett Street","street_id":"1114"}},{"type":"Feature","geometry":{"type":"MultiPolygon","coordinates":[[[[144.966412,-37.811894],[144.966509,-37.811864],[144.966521,-37.81189],[144.966424,-37.811919],[144.966412,-37.811894]]]]},"properties":{"seg_id":"30183","str_type":"Private","seg_descr":"Celestial Avenue","street_id":"496"}},{"type":"Feature","geometry":{"type":"MultiPolygon","coordinates":[[[[144.955897,-37.805067],[144.955901,-37.805041],[144.955907,-37.805011],[144.955909,-37.804998],[144.956364,-37.805048],[144.956234,-37.805772],[144.955782,-37.805721],[144.95581,-37.805564],[144.955815,-37.805533],[144.955897,-37.805067]]]]},"properties":{"seg_id":"20937","str_type":"Arterial","seg_descr":"Peel Street between Victoria Street and Princess Street","street_id":"973"}},{"type":"Feature","geometry":{"type":"MultiPolygon","coordinates":[[[[144.948923,-37.804588],[144.9489,-37.804715],[144.948892,-37.804761],[144.948885,-37.804804],[144.948851,-37.8048],[144.948856,-37.804771],[144.948857,-37.804771],[144.94889,-37.804585],[144.948923,-37.804588]]]]},"properties":{"seg_id":"30376","str_type":"Private","seg_descr":"PL5334","street_id":"3134"}},{"type":"Feature","geometry":{"type":"MultiPolygon","coordinates":[[[[144.952779,-37.804491],[144.952744,-37.804487],[144.952557,-37.804465],[144.952565,-37.804412],[144.952769,-37.804435],[144.952803,-37.804438],[144.952839,-37.804443],[144.952979,-37.804458],[144.953055,-37.804467],[144.953281,-37.804492],[144.953349,-37.8045],[144.953499,-37.804516],[144.953534,-37.80452],[144.953706,-37.80454],[144.953695,-37.804594],[144.953468,-37.804569],[144.953435,-37.804565],[144.952779,-37.804491]]]]},"properties":{"seg_id":"20969","str_type":"Council Minor","seg_descr":"Gardiner Street between Howard Street and Chetwynd Street","street_id":"647"}},{"type":"Feature","geometry":{"type":"MultiPolygon","coordinates":[[[[144.962845,-37.811048],[144.962873,-37.811039],[144.963059,-37.811443],[144.96303,-37.811451],[144.962845,-37.811048]]]]},"properties":{"seg_id":"30120","str_type":"Private","seg_descr":"Pl5250","street_id":"3013"}},{"type":"Feature","geometry":{"type":"MultiPolygon","coordinates":[[[[144.95881,-37.81446],[144.958945,-37.814754],[144.958994,-37.814761],[144.959036,-37.814849],[144.958941,-37.814876],[144.958756,-37.814475],[144.958751,-37.814464],[144.958805,-37.814448],[144.95881,-37.81446]]]]},"properties":{"seg_id":"20349","str_type":"Council Minor","seg_descr":"Thomson Street from Little Bourke Street","street_id":"1122"}},{"type":"Feature","geometry":{"type":"MultiPolygon","coordinates":[[[[144.9633,-37.803336],[144.963326,-37.803198],[144.963668,-37.803236],[144.963644,-37.803373],[144.9633,-37.803336]]]]},"properties":{"seg_id":"22505","str_type":"Council Major","seg_descr":"Intersection of Swanston Street and Lincoln Square South","street_id":"1114"}},{"type":"Feature","geometry":{"type":"MultiPolygon","coordinates":[[[[144.952091,-37.81418],[144.952453,-37.814961],[144.952123,-37.815056],[144.951832,-37.814425],[144.951763,-37.814276],[144.952091,-37.81418]]]]},"properties":{"seg_id":"20077","str_type":"Arterial","seg_descr":"Spencer Street between Lonsdale Street and Little Lonsdale Street","street_id":"1086"}},{"type":"Feature","geometry":{"type":"MultiPolygon","coordinates":[[[[144.962439,-37.808697],[144.962043,-37.807849],[144.962152,-37.807818],[144.962348,-37.80824],[144.962547,-37.808666],[144.962439,-37.808697]]]]},"properties":{"seg_id":"21640","str_type":"Council Minor","seg_descr":"Stewart Street between Franklin Street and A'Beckett Street","street_id":"1098"}},{"type":"Feature","geometry":{"type":"MultiPolygon","coordinates":[[[[144.954886,-37.815473],[144.95484,-37.815486],[144.954521,-37.814804],[144.954573,-37.814789],[144.954622,-37.814896],[144.954643,-37.814941],[144.954886,-37.815473]]]]},"properties":{"seg_id":"20437","str_type":"Council Minor","seg_descr":"Uniacke Court from Little Bourke Street","street_id":"1140"}},{"type":"Feature","geometry":{"type":"MultiPolygon","coordinates":[[[[144.961485,-37.808008],[144.961447,-37.80802],[144.960595,-37.808263],[144.960474,-37.808],[144.96087,-37.807884],[144.960903,-37.807875],[144.962616,-37.80738],[144.962738,-37.807648],[144.962152,-37.807818],[144.962043,-37.807849],[144.961485,-37.808008]]]]},"properties":{"seg_id":"21633","str_type":"Council Major","seg_descr":"Franklin Street between Swanston Street and Elizabeth Street","street_id":"644"}},{"type":"Feature","geometry":{"type":"MultiPolygon","coordinates":[[[[144.967915,-37.807531],[144.967949,-37.807521],[144.96804,-37.807494],[144.968072,-37.807562],[144.968059,-37.807566],[144.968032,-37.807509],[144.967978,-37.807525],[144.967978,-37.807527],[144.96788,-37.807556],[144.967877,-37.807549],[144.967874,-37.807543],[144.967915,-37.807531]]]]},"properties":{"seg_id":"30509","str_type":"Private","seg_descr":"Pl5184","street_id":"2937"}},{"type":"Feature","geometry":{"type":"MultiPolygon","coordinates":[[[[144.961039,-37.813803],[144.961087,-37.813789],[144.961386,-37.814442],[144.961361,-37.81445],[144.961357,-37.814443],[144.961328,-37.814436],[144.961242,-37.814249],[144.96088,-37.814352],[144.960833,-37.814366],[144.960814,-37.814325],[144.96122,-37.814208],[144.961039,-37.813803]]]]},"properties":{"seg_id":"20379","str_type":"Council Minor","seg_descr":"Kirks Lane from Little Bourke Street","street_id":"763"}},{"type":"Feature","geometry":{"type":"MultiPolygon","coordinates":[[[[144.953819,-37.814568],[144.953854,-37.814554],[144.954605,-37.814339],[144.954727,-37.8146],[144.953993,-37.814809],[144.953954,-37.81482],[144.953524,-37.814943],[144.953247,-37.815022],[144.952568,-37.815216],[144.952453,-37.814961],[144.953819,-37.814568]]]]},"properties":{"seg_id":"20014","str_type":"Council Major","seg_descr":"Lonsdale Street between King Street and Spencer Street","street_id":"803"}},{"type":"Feature","geometry":{"type":"MultiPolygon","coordinates":[[[[144.96383,-37.803709],[144.963794,-37.803713],[144.963803,-37.803662],[144.963837,-37.803665],[144.96383,-37.803709]]]]},"properties":{"seg_id":"30889","str_type":"Private","seg_descr":"Kelvin Place","street_id":"751"}},{"type":"Feature","geometry":{"type":"MultiPolygon","coordinates":[[[[144.964541,-37.804849],[144.964586,-37.804579],[144.964926,-37.804619],[144.964884,-37.804889],[144.964541,-37.804849]]]]},"properties":{"seg_id":"20505","str_type":"Council Major","seg_descr":"Intersection of Cardigan Street and Queensberry Street","street_id":"0"}},{"type":"Feature","geometry":{"type":"MultiPolygon","coordinates":[[[[144.961269,-37.813639],[144.9612,-37.81366],[144.96094,-37.813086],[144.960922,-37.813092],[144.960813,-37.81285],[144.96083,-37.812845],[144.960899,-37.812822],[144.960974,-37.812982],[144.960984,-37.813006],[144.961207,-37.8135],[144.961216,-37.813524],[144.961269,-37.813639]]]]},"properties":{"seg_id":"20371","str_type":"Council Minor","seg_descr":"Hardware Lane between Little Bourke Street and Lonsdale Street","street_id":"3226"}},{"type":"Feature","geometry":{"type":"MultiPolygon","coordinates":[[[[144.962531,-37.814584],[144.962558,-37.814643],[144.962693,-37.814933],[144.962809,-37.814975],[144.963039,-37.814909],[144.963066,-37.81481],[144.963097,-37.814801],[144.963147,-37.814716],[144.963186,-37.814705],[144.963238,-37.814818],[144.96328,-37.814911],[144.963242,-37.814922],[144.963134,-37.814881],[144.963118,-37.814886],[144.963027,-37.815041],[144.963146,-37.8153],[144.96306,-37.815325],[144.962946,-37.815076],[144.962638,-37.814963],[144.962497,-37.814661],[144.96247,-37.814601],[144.962531,-37.814584]]]]},"properties":{"seg_id":"30152","str_type":"Private","seg_descr":"Galleria Plaza","street_id":"3160"}},{"type":"Feature","geometry":{"type":"MultiPolygon","coordinates":[[[[144.955767,-37.803358],[144.955733,-37.80358],[144.955427,-37.803337],[144.955555,-37.803071],[144.955786,-37.803241],[144.955767,-37.803358]]]]},"properties":{"seg_id":"21110","str_type":"Council Major","seg_descr":"Intersection of Courtney Street and Capel Street","street_id":"0"}},{"type":"Feature","geometry":{"type":"MultiPolygon","coordinates":[[[[144.962363,-37.812106],[144.962037,-37.812202],[144.961667,-37.811391],[144.961991,-37.811299],[144.962363,-37.812106]]]]},"properties":{"seg_id":"20168","str_type":"Council Major","seg_descr":"Elizabeth Street between Lonsdale Street and Little Lonsdale Street","street_id":"599"}},{"type":"Feature","geometry":{"type":"MultiPolygon","coordinates":[[[[144.947448,-37.809741],[144.947461,-37.809767],[144.947631,-37.80997],[144.947606,-37.809983],[144.947416,-37.809758],[144.947438,-37.809746],[144.947448,-37.809741]]]]},"properties":{"seg_id":"21480","str_type":"Council Minor","seg_descr":"Cl1469 from Rosslyn Street","street_id":"230"}},{"type":"Feature","geometry":{"type":"MultiPolygon","coordinates":[[[[144.961178,-37.812968],[144.961248,-37.813129],[144.961228,-37.813135],[144.961148,-37.812957],[144.960984,-37.813006],[144.960974,-37.812982],[144.961161,-37.812927],[144.961166,-37.812939],[144.961178,-37.812968]]]]},"properties":{"seg_id":"20370","str_type":"Council Minor","seg_descr":"Cl1757 from Hardware Lane","street_id":"103"}},{"type":"Feature","geometry":{"type":"MultiPolygon","coordinates":[[[[144.954367,-37.815714],[144.952987,-37.816115],[144.952942,-37.816028],[144.95402,-37.81572],[144.954071,-37.815706],[144.954325,-37.815633],[144.95437,-37.81562],[144.954365,-37.815609],[144.954535,-37.815561],[144.95454,-37.815571],[144.954585,-37.815559],[144.95484,-37.815486],[144.954886,-37.815473],[144.9551,-37.815411],[144.955138,-37.815492],[144.954874,-37.81557],[144.954826,-37.815583],[144.954405,-37.815704],[144.954367,-37.815714]]]]},"properties":{"seg_id":"20063","str_type":"Council Major","seg_descr":"Little Bourke Street between King Street and Spencer Street","street_id":"809"}},{"type":"Feature","geometry":{"type":"MultiPolygon","coordinates":[[[[144.964623,-37.811737],[144.964361,-37.811813],[144.964315,-37.811829],[144.964273,-37.811842],[144.962476,-37.812363],[144.962363,-37.812106],[144.963498,-37.811778],[144.963626,-37.811741],[144.964235,-37.811565],[144.964284,-37.811549],[144.964512,-37.811484],[144.964623,-37.811737]]]]},"properties":{"seg_id":"20007","str_type":"Council Major","seg_descr":"Lonsdale Street between Swanston Street and Elizabeth Street","street_id":"803"}},{"type":"Feature","geometry":{"type":"MultiPolygon","coordinates":[[[[144.966004,-37.807136],[144.966052,-37.80686],[144.966611,-37.80692],[144.966675,-37.806927],[144.966852,-37.806946],[144.966865,-37.806948],[144.967199,-37.806983],[144.967136,-37.807257],[144.966004,-37.807136]]]]},"properties":{"seg_id":"21603","str_type":"Arterial","seg_descr":"Victoria Street between Drummond Street and Lygon Street","street_id":"1152"}},{"type":"Feature","geometry":{"type":"MultiPolygon","coordinates":[[[[144.958674,-37.810958],[144.958998,-37.810862],[144.959117,-37.811123],[144.958797,-37.811217],[144.958674,-37.810958]]]]},"properties":{"seg_id":"20025","str_type":"Council Major","seg_descr":"Intersection of Queen Street and La Trobe Street","street_id":"0"}},{"type":"Feature","geometry":{"type":"MultiPolygon","coordinates":[[[[144.962099,-37.803571],[144.962365,-37.8036],[144.962382,-37.803602],[144.962633,-37.80363],[144.962667,-37.803433],[144.96268,-37.803434],[144.962708,-37.803271],[144.962762,-37.803276],[144.962731,-37.80344],[144.962743,-37.803441],[144.962738,-37.803469],[144.962709,-37.803638],[144.96268,-37.803635],[144.962672,-37.803678],[144.962659,-37.803676],[144.962331,-37.80364],[144.962297,-37.803636],[144.962299,-37.803626],[144.962093,-37.803604],[144.962099,-37.803571]]]]},"properties":{"seg_id":"20836","str_type":"Council Minor","seg_descr":"Cumberland Place between Lincoln Square South and Bouverie Street","street_id":"1227"}},{"type":"Feature","geometry":{"type":"MultiPolygon","coordinates":[[[[144.962461,-37.801501],[144.962438,-37.801636],[144.962099,-37.801599],[144.962099,-37.801598],[144.962123,-37.801463],[144.962461,-37.801501]]]]},"properties":{"seg_id":"20467","str_type":"Council Major","seg_descr":"Intersection of Bouverie Street and Lincoln Square North","street_id":"456"}},{"type":"Feature","geometry":{"type":"MultiPolygon","coordinates":[[[[144.946814,-37.809442],[144.947026,-37.809656],[144.946747,-37.809828],[144.94654,-37.809608],[144.946814,-37.809442]]]]},"properties":{"seg_id":"21474","str_type":"Council Major","seg_descr":"Intersection of Adderley Street and Stanley Street","street_id":"0"}},{"type":"Feature","geometry":{"type":"MultiPolygon","coordinates":[[[[144.949885,-37.805334],[144.949851,-37.805329],[144.949402,-37.805278],[144.949449,-37.805015],[144.950586,-37.805136],[144.950531,-37.805411],[144.949885,-37.805334]]]]},"properties":{"seg_id":"20983","str_type":"Council Major","seg_descr":"Victoria Street between Leveson Street and Errol Street","street_id":"1152"}},{"type":"Feature","geometry":{"type":"MultiPolygon","coordinates":[[[[144.950167,-37.802762],[144.95013,-37.80297],[144.950062,-37.802963],[144.950158,-37.802421],[144.950226,-37.802429],[144.950172,-37.80273],[144.950167,-37.802762]]]]},"properties":{"seg_id":"21091","str_type":"Council Minor","seg_descr":"Lancashire Lane from Queensberry Street","street_id":"772"}},{"type":"Feature","geometry":{"type":"MultiPolygon","coordinates":[[[[144.96229,-37.804159],[144.962004,-37.804127],[144.962009,-37.804097],[144.962213,-37.804121],[144.962217,-37.804095],[144.962254,-37.804099],[144.962264,-37.804044],[144.962308,-37.804049],[144.962299,-37.804108],[144.96229,-37.804159]]]]},"properties":{"seg_id":"20832","str_type":"Council Minor","seg_descr":"Cl0515 from Bouverie Street","street_id":"1968"}},{"type":"Feature","geometry":{"type":"MultiPolygon","coordinates":[[[[144.948421,-37.808808],[144.948394,-37.808826],[144.947026,-37.809656],[144.946814,-37.809442],[144.947536,-37.809005],[144.948198,-37.808596],[144.948229,-37.80858],[144.94845,-37.808448],[144.948658,-37.808665],[144.948421,-37.808808]]]]},"properties":{"seg_id":"21475","str_type":"Council Major","seg_descr":"Stanley Street between Adderley Street and Spencer Street","street_id":"1089"}},{"type":"Feature","geometry":{"type":"MultiPolygon","coordinates":[[[[144.966943,-37.80373],[144.966939,-37.803757],[144.966882,-37.804091],[144.966812,-37.804084],[144.966839,-37.803928],[144.966562,-37.803898],[144.966572,-37.803844],[144.966849,-37.803875],[144.966874,-37.803721],[144.966883,-37.803722],[144.966943,-37.80373]]]]},"properties":{"seg_id":"20728","str_type":"Council Minor","seg_descr":"Finlay Place from Lygon Street","street_id":"628"}},{"type":"Feature","geometry":{"type":"MultiPolygon","coordinates":[[[[144.959975,-37.807712],[144.95976,-37.807242],[144.960086,-37.807154],[144.960474,-37.808],[144.960154,-37.808103],[144.95999,-37.807745],[144.959975,-37.807712]]]]},"properties":{"seg_id":"21631","str_type":"Council Major","seg_descr":"Elizabeth Street between Franklin Street and Therry Street","street_id":"599"}},{"type":"Feature","geometry":{"type":"MultiPolygon","coordinates":[[[[144.955462,-37.815404],[144.955421,-37.815315],[144.955615,-37.815259],[144.955671,-37.815245],[144.955853,-37.815192],[144.955892,-37.815181],[144.95623,-37.815083],[144.956283,-37.815071],[144.956462,-37.81502],[144.956447,-37.814988],[144.957095,-37.814803],[144.95717,-37.814782],[144.95718,-37.814802],[144.957578,-37.814689],[144.957583,-37.8147],[144.957618,-37.814787],[144.957626,-37.814806],[144.957247,-37.814915],[144.956798,-37.81504],[144.956806,-37.815056],[144.956766,-37.815067],[144.956387,-37.815174],[144.956373,-37.815144],[144.956328,-37.815157],[144.956279,-37.815171],[144.956285,-37.815183],[144.955906,-37.815291],[144.9559,-37.815279],[144.955725,-37.815329],[144.95571,-37.815333],[144.955661,-37.815347],[144.955462,-37.815404]]]]},"properties":{"seg_id":"20061","str_type":"Council Major","seg_descr":"Little Bourke Street between William Street and King Street","street_id":"809"}},{"type":"Feature","geometry":{"type":"MultiPolygon","coordinates":[[[[144.954688,-37.800123],[144.954713,-37.8001],[144.954874,-37.800226],[144.954919,-37.800259],[144.955044,-37.800358],[144.955018,-37.800379],[144.954688,-37.800123]]]]},"properties":{"seg_id":"21125","str_type":"Council Minor","seg_descr":"Wreckyn Place from Wreckyn Street","street_id":"1188"}},{"type":"Feature","geometry":{"type":"MultiPolygon","coordinates":[[[[144.948404,-37.804345],[144.948409,-37.804319],[144.948791,-37.804359],[144.948832,-37.804343],[144.948835,-37.804322],[144.948882,-37.804326],[144.948901,-37.804213],[144.948912,-37.804214],[144.948905,-37.80426],[144.948937,-37.804264],[144.948921,-37.804355],[144.948881,-37.804351],[144.948856,-37.804363],[144.948851,-37.804392],[144.948847,-37.804391],[144.948404,-37.804345]]]]},"properties":{"seg_id":"30414","str_type":"Private","seg_descr":"Pl5335","street_id":"3135"}},{"type":"Feature","geometry":{"type":"MultiPolygon","coordinates":[[[[144.955883,-37.802668],[144.95606,-37.802688],[144.95608,-37.802676],[144.956086,-37.80264],[144.956118,-37.802644],[144.956092,-37.802789],[144.956058,-37.802785],[144.95606,-37.802773],[144.956068,-37.802731],[144.956053,-37.802715],[144.955878,-37.802696],[144.955883,-37.802668]]]]},"properties":{"seg_id":"21119","str_type":"Council Minor","seg_descr":"McInerney Lane from Capel Street","street_id":"120096"}},{"type":"Feature","geometry":{"type":"MultiPolygon","coordinates":[[[[144.958537,-37.808292],[144.958802,-37.808217],[144.958827,-37.808271],[144.958826,-37.80827],[144.958824,-37.808268],[144.958823,-37.808267],[144.958822,-37.808266],[144.95882,-37.808264],[144.958818,-37.808263],[144.958816,-37.808262],[144.958814,-37.808261],[144.958812,-37.808261],[144.95881,-37.80826],[144.958808,-37.80826],[144.958806,-37.808259],[144.958803,-37.808259],[144.958801,-37.808259],[144.958799,-37.80826],[144.958797,-37.80826],[144.958795,-37.808261],[144.958576,-37.808325],[144.958574,-37.808325],[144.958572,-37.808326],[144.958571,-37.808327],[144.958569,-37.808328],[144.958568,-37.80833],[144.958566,-37.808331],[144.958565,-37.808333],[144.958564,-37.808334],[144.958563,-37.808336],[144.958563,-37.808337],[144.958562,-37.808339],[144.958562,-37.808341],[144.958562,-37.808342],[144.958562,-37.808344],[144.958562,-37.808346],[144.958563,-37.808348],[144.958563,-37.808349],[144.958537,-37.808292]]]]},"properties":{"seg_id":"30480","str_type":"Private","seg_descr":"Pl5287","street_id":"3063"}},{"type":"Feature","geometry":{"type":"MultiPolygon","coordinates":[[[[144.956861,-37.809504],[144.956451,-37.809459],[144.955644,-37.80969],[144.955568,-37.809499],[144.955658,-37.809563],[144.956439,-37.809336],[144.957966,-37.809504],[144.958003,-37.809468],[144.958073,-37.80964],[144.957438,-37.809569],[144.956906,-37.809509],[144.956861,-37.809504]]]]},"properties":{"seg_id":"21527","str_type":"Council Major","seg_descr":"Franklin Street between Queen Street and William Street","street_id":"644"}},{"type":"Feature","geometry":{"type":"MultiPolygon","coordinates":[[[[144.948481,-37.805879],[144.947239,-37.807052],[144.946935,-37.806922],[144.947082,-37.806785],[144.947104,-37.806766],[144.94734,-37.80655],[144.947383,-37.806495],[144.947514,-37.806373],[144.947561,-37.806329],[144.948038,-37.805884],[144.948083,-37.805834],[144.948481,-37.805879]]]]},"properties":{"seg_id":"22667","str_type":"Council Major","seg_descr":"Hawke Street between Spencer Street and Miller Street","street_id":"696"}},{"type":"Feature","geometry":{"type":"MultiPolygon","coordinates":[[[[144.964094,-37.81058],[144.964133,-37.810667],[144.964119,-37.810671],[144.963904,-37.810734],[144.96385,-37.810751],[144.963316,-37.810909],[144.962954,-37.811015],[144.962873,-37.811039],[144.962845,-37.811048],[144.961991,-37.811299],[144.961947,-37.811211],[144.962913,-37.810927],[144.963275,-37.810821],[144.963617,-37.81072],[144.963662,-37.810707],[144.964094,-37.81058]]]]},"properties":{"seg_id":"20040","str_type":"Council Major","seg_descr":"Little Lonsdale Street between Swanston Street and Elizabeth Street","street_id":"825"}},{"type":"Feature","geometry":{"type":"MultiPolygon","coordinates":[[[[144.961976,-37.804291],[144.962386,-37.804336],[144.962421,-37.80434],[144.963116,-37.804416],[144.963065,-37.804689],[144.962521,-37.804627],[144.962467,-37.804621],[144.961933,-37.804561],[144.961976,-37.804291]]]]},"properties":{"seg_id":"20829","str_type":"Council Major","seg_descr":"Queensberry Street between Swanston Street and Bouverie Street","street_id":"1008"}},{"type":"Feature","geometry":{"type":"MultiPolygon","coordinates":[[[[144.963935,-37.810934],[144.963952,-37.810978],[144.963585,-37.81108],[144.963568,-37.811043],[144.963935,-37.810934]]]]},"properties":{"seg_id":"20333","str_type":"Council Minor","seg_descr":"Drewery Alley from Drewery Lane","street_id":"578"}},{"type":"Feature","geometry":{"type":"MultiPolygon","coordinates":[[[[144.951643,-37.802772],[144.951933,-37.802806],[144.951931,-37.802819],[144.951641,-37.802786],[144.951643,-37.802772]]]]},"properties":{"seg_id":"30362","str_type":"Private","seg_descr":"CL0266","street_id":"1851"}},{"type":"Feature","geometry":{"type":"MultiPolygon","coordinates":[[[[144.961459,-37.813681],[144.961491,-37.813672],[144.961568,-37.813842],[144.961537,-37.813852],[144.961459,-37.813681]]]]},"properties":{"seg_id":"30114","str_type":"Private","seg_descr":"Platypus Alley","street_id":"1430"}},{"type":"Feature","geometry":{"type":"MultiPolygon","coordinates":[[[[144.962638,-37.803801],[144.962659,-37.803676],[144.962672,-37.803678],[144.962651,-37.803802],[144.962638,-37.803801]]]]},"properties":{"seg_id":"20834","str_type":"Council Minor","seg_descr":"Cl1015 from Lincoln Place","street_id":"1568"}},{"type":"Feature","geometry":{"type":"MultiPolygon","coordinates":[[[[144.951066,-37.805862],[144.951057,-37.805835],[144.95151,-37.805705],[144.951513,-37.805728],[144.951612,-37.805739],[144.951607,-37.805767],[144.951461,-37.80575],[144.951066,-37.805862]]]]},"properties":{"seg_id":"21377","str_type":"Council Minor","seg_descr":"Wing Sing Lane from Eades Place","street_id":"117820"}},{"type":"Feature","geometry":{"type":"MultiPolygon","coordinates":[[[[144.958392,-37.809548],[144.958073,-37.80964],[144.958003,-37.809468],[144.957792,-37.809007],[144.957781,-37.809006],[144.95782,-37.808778],[144.958026,-37.808718],[144.958129,-37.808975],[144.958392,-37.809548]]]]},"properties":{"seg_id":"20922","str_type":"Council Major","seg_descr":"Intersection of Queen Street and Franklin Street","street_id":"1010"}},{"type":"Feature","geometry":{"type":"MultiPolygon","coordinates":[[[[144.959018,-37.813694],[144.958728,-37.813776],[144.958699,-37.813714],[144.959059,-37.813609],[144.959089,-37.813675],[144.959018,-37.813694]]]]},"properties":{"seg_id":"30099","str_type":"Private","seg_descr":"Pl5257","street_id":"3020"}},{"type":"Feature","geometry":{"type":"MultiPolygon","coordinates":[[[[144.951375,-37.802659],[144.951381,-37.802627],[144.951663,-37.802656],[144.951643,-37.802772],[144.95162,-37.80277],[144.951602,-37.802768],[144.951617,-37.802683],[144.951375,-37.802659]]]]},"properties":{"seg_id":"21104","str_type":"Council Minor","seg_descr":"Ryans Lane from Leveson Street","street_id":"1047"}},{"type":"Feature","geometry":{"type":"MultiPolygon","coordinates":[[[[144.956036,-37.810538],[144.956124,-37.810726],[144.955803,-37.81082],[144.955716,-37.810631],[144.956036,-37.810538]]]]},"properties":{"seg_id":"21525","str_type":"Council Major","seg_descr":"Intersection of William Street and A'Beckett Street","street_id":"1179"}},{"type":"Feature","geometry":{"type":"MultiPolygon","coordinates":[[[[144.954435,-37.807835],[144.954677,-37.80757],[144.954927,-37.808115],[144.95451,-37.808004],[144.954435,-37.807835]]]]},"properties":{"seg_id":"21393","str_type":"Council Major","seg_descr":"Intersection of William Street and Capel Street","street_id":"0"}},{"type":"Feature","geometry":{"type":"MultiPolygon","coordinates":[[[[144.953012,-37.800706],[144.952984,-37.800724],[144.952802,-37.800579],[144.952827,-37.80056],[144.953012,-37.800706]]]]},"properties":{"seg_id":"21134","str_type":"Council Minor","seg_descr":"Kennedys Lane from Hotham Place","street_id":"1262"}},{"type":"Feature","geometry":{"type":"MultiPolygon","coordinates":[[[[144.948522,-37.811726],[144.948227,-37.811809],[144.948098,-37.811695],[144.948027,-37.811633],[144.948003,-37.811584],[144.948285,-37.811505],[144.948522,-37.811726]]]]},"properties":{"seg_id":"21493","str_type":"Council Major","seg_descr":"Intersection of Adderley Street and Batman Street","street_id":"371"}},{"type":"Feature","geometry":{"type":"MultiPolygon","coordinates":[[[[144.9636,-37.801624],[144.963575,-37.801759],[144.962438,-37.801636],[144.962461,-37.801501],[144.9636,-37.801624]]]]},"properties":{"seg_id":"20839","str_type":"Council Major","seg_descr":"Lincoln Square North between Swanston Street and Bouverie Street","street_id":"794"}},{"type":"Feature","geometry":{"type":"MultiPolygon","coordinates":[[[[144.958796,-37.80291],[144.958651,-37.802953],[144.958642,-37.802972],[144.958788,-37.803287],[144.958523,-37.803367],[144.958517,-37.803355],[144.958744,-37.803289],[144.958584,-37.802941],[144.958784,-37.802885],[144.958796,-37.80291]]]]},"properties":{"seg_id":"20857","str_type":"Council Minor","seg_descr":"Cl1014 from Berkeley Street","street_id":"349"}},{"type":"Feature","geometry":{"type":"MultiPolygon","coordinates":[[[[144.953372,-37.81344],[144.953409,-37.81343],[144.953397,-37.813404],[144.953393,-37.813405],[144.9533,-37.813202],[144.953339,-37.813191],[144.95354,-37.813622],[144.953545,-37.813633],[144.95347,-37.813655],[144.953372,-37.81344]]]]},"properties":{"seg_id":"20447","str_type":"Council Minor","seg_descr":"Warner Lane from Little Lonsdale Street","street_id":"1162"}},{"type":"Feature","geometry":{"type":"MultiPolygon","coordinates":[[[[144.960183,-37.813033],[144.960247,-37.813014],[144.960381,-37.813304],[144.960317,-37.813322],[144.960183,-37.813033]]]]},"properties":{"seg_id":"20373","str_type":"Council Minor","seg_descr":"Crown Place from Lonsdale Street","street_id":"546"}},{"type":"Feature","geometry":{"type":"MultiPolygon","coordinates":[[[[144.955279,-37.814445],[144.955316,-37.814432],[144.955412,-37.814638],[144.955436,-37.81469],[144.95549,-37.814806],[144.955504,-37.814836],[144.955486,-37.814841],[144.955671,-37.815245],[144.955615,-37.815259],[144.955428,-37.814849],[144.955448,-37.814812],[144.955279,-37.814445]]]]},"properties":{"seg_id":"20412","str_type":"Council Minor","seg_descr":"Brown Alley between Little Bourke Street and Lonsdale Street","street_id":"1265"}},{"type":"Feature","geometry":{"type":"MultiPolygon","coordinates":[[[[144.9636,-37.801624],[144.963688,-37.801093],[144.963695,-37.80105],[144.96378,-37.800539],[144.964118,-37.800574],[144.963968,-37.801463],[144.963961,-37.801495],[144.963934,-37.801659],[144.9636,-37.801624]]]]},"properties":{"seg_id":"20488","str_type":"Council Major","seg_descr":"Swanston Street between Lincoln Square North and Grattan Street","street_id":"1114"}},{"type":"Feature","geometry":{"type":"MultiPolygon","coordinates":[[[[144.953303,-37.811529],[144.953227,-37.81136],[144.953547,-37.811269],[144.953626,-37.811439],[144.953303,-37.811529]]]]},"properties":{"seg_id":"22654","str_type":"Arterial","seg_descr":"Intersection of King Street and Jeffcott Street","street_id":"0"}},{"type":"Feature","geometry":{"type":"MultiPolygon","coordinates":[[[[144.961462,-37.810145],[144.961576,-37.810399],[144.96126,-37.810493],[144.961139,-37.81024],[144.961462,-37.810145]]]]},"properties":{"seg_id":"20023","str_type":"Council Major","seg_descr":"Intersection of Elizabeth Street and La Trobe Street","street_id":"0"}},{"type":"Feature","geometry":{"type":"MultiPolygon","coordinates":[[[[144.955707,-37.808711],[144.955294,-37.808665],[144.955296,-37.808661],[144.955296,-37.808656],[144.955297,-37.808651],[144.955297,-37.808646],[144.955296,-37.808641],[144.955294,-37.808636],[144.955293,-37.808631],[144.95529,-37.808626],[144.955287,-37.808622],[144.955284,-37.808617],[144.95528,-37.808613],[144.955276,-37.80861],[144.955271,-37.808606],[144.955266,-37.808603],[144.955261,-37.8086],[144.955255,-37.808598],[144.955335,-37.808247],[144.95578,-37.808296],[144.955707,-37.808711]]]]},"properties":{"seg_id":"22658","str_type":"Arterial","seg_descr":"Intersection of Peel Street and Dudley Street","street_id":"0"}},{"type":"Feature","geometry":{"type":"MultiPolygon","coordinates":[[[[144.949169,-37.80122],[144.948993,-37.801201],[144.948997,-37.801174],[144.949171,-37.801193],[144.949169,-37.80122]]]]},"properties":{"seg_id":"30433","str_type":"Private","seg_descr":"Wylies Lane","street_id":"1190"}},{"type":"Feature","geometry":{"type":"MultiPolygon","coordinates":[[[[144.959368,-37.808329],[144.960154,-37.808103],[144.960269,-37.808357],[144.960003,-37.808434],[144.959975,-37.808442],[144.959839,-37.808482],[144.959799,-37.808493],[144.959195,-37.808669],[144.959133,-37.808685],[144.958916,-37.808747],[144.958828,-37.808774],[144.958129,-37.808975],[144.958026,-37.808718],[144.958641,-37.808538],[144.95865,-37.808535],[144.958912,-37.808458],[144.958944,-37.808453],[144.959337,-37.808338],[144.959368,-37.808329]]]]},"properties":{"seg_id":"21634","str_type":"Council Major","seg_descr":"Franklin Street between Elizabeth Street and Queen Street","street_id":"644"}},{"type":"Feature","geometry":{"type":"MultiPolygon","coordinates":[[[[144.957721,-37.81153],[144.957602,-37.811271],[144.958463,-37.811021],[144.958674,-37.810958],[144.958797,-37.811217],[144.957721,-37.81153]]]]},"properties":{"seg_id":"20026","str_type":"Council Major","seg_descr":"La Trobe Street between Queen Street and Wills Street","street_id":"780"}},{"type":"Feature","geometry":{"type":"MultiPolygon","coordinates":[[[[144.954688,-37.800123],[144.955018,-37.800379],[144.955099,-37.800442],[144.955041,-37.800487],[144.954967,-37.800428],[144.954972,-37.800421],[144.954972,-37.80042],[144.954972,-37.800419],[144.954972,-37.800418],[144.954972,-37.800417],[144.954971,-37.800416],[144.954971,-37.800415],[144.95497,-37.800414],[144.95497,-37.800413],[144.954969,-37.800413],[144.954951,-37.800394],[144.954945,-37.800382],[144.954941,-37.800367],[144.954937,-37.800344],[144.954937,-37.800343],[144.954936,-37.800342],[144.954936,-37.800341],[144.954935,-37.80034],[144.954935,-37.800339],[144.954934,-37.800338],[144.954933,-37.800337],[144.954932,-37.800337],[144.954671,-37.800137],[144.954688,-37.800123]]]]},"properties":{"seg_id":"21125","str_type":"Council Minor","seg_descr":"Wreckyn Place from Wreckyn Street","street_id":"1188"}},{"type":"Feature","geometry":{"type":"MultiPolygon","coordinates":[[[[144.949139,-37.811765],[144.949163,-37.811817],[144.949246,-37.812004],[144.949194,-37.812018],[144.949003,-37.811592],[144.949055,-37.811577],[144.949139,-37.811765]]]]},"properties":{"seg_id":"21497","str_type":"Council Minor","seg_descr":"Franklin Place between Batman Street and McDougall Lane","street_id":"643"}},{"type":"Feature","geometry":{"type":"MultiPolygon","coordinates":[[[[144.963769,-37.802655],[144.963427,-37.802618],[144.963473,-37.802345],[144.963813,-37.802381],[144.963769,-37.802655]]]]},"properties":{"seg_id":"20486","str_type":"Council Major","seg_descr":"Intersection of Swanston Street and Pelham Street","street_id":"1114"}},{"type":"Feature","geometry":{"type":"MultiPolygon","coordinates":[[[[144.961485,-37.808008],[144.961571,-37.808188],[144.961612,-37.808273],[144.961643,-37.808339],[144.961604,-37.808352],[144.961572,-37.808285],[144.961466,-37.808061],[144.961447,-37.80802],[144.961485,-37.808008]]]]},"properties":{"seg_id":"30472","str_type":"Private","seg_descr":"Pl5290","street_id":"3066"}},{"type":"Feature","geometry":{"type":"MultiPolygon","coordinates":[[[[144.955179,-37.808293],[144.955217,-37.808281],[144.955335,-37.808247],[144.955255,-37.808598],[144.955217,-37.808597],[144.95518,-37.808597],[144.955142,-37.808598],[144.955025,-37.808337],[144.955179,-37.808293]]]]},"properties":{"seg_id":"21532","str_type":"Arterial","seg_descr":"Dudley Street between William Street and Peel Street","street_id":"586"}},{"type":"Feature","geometry":{"type":"MultiPolygon","coordinates":[[[[144.951467,-37.80018],[144.950918,-37.799737],[144.951158,-37.799545],[144.951543,-37.79985],[144.951592,-37.799889],[144.951978,-37.800195],[144.951732,-37.800388],[144.951524,-37.800222],[144.951467,-37.80018]]]]},"properties":{"seg_id":"21178","str_type":"Council Major","seg_descr":"Courtney Street between Villiers Street and Harcourt Street","street_id":"541"}},{"type":"Feature","geometry":{"type":"MultiPolygon","coordinates":[[[[144.951929,-37.811728],[144.951821,-37.811496],[144.951796,-37.811441],[144.95179,-37.811428],[144.952011,-37.811368],[144.95203,-37.811409],[144.951936,-37.811435],[144.951935,-37.811432],[144.951856,-37.811455],[144.951846,-37.811472],[144.951965,-37.811719],[144.951929,-37.811728]]]]},"properties":{"seg_id":"22823","str_type":"Council Minor","seg_descr":"Boughton Place from Jeffcott Street","street_id":"1446"}},{"type":"Feature","geometry":{"type":"MultiPolygon","coordinates":[[[[144.948926,-37.805447],[144.948697,-37.8053],[144.948734,-37.805266],[144.948772,-37.805231],[144.94881,-37.805198],[144.948829,-37.805183],[144.94885,-37.805169],[144.948872,-37.805156],[144.949197,-37.805287],[144.949169,-37.805295],[144.949133,-37.805306],[144.949098,-37.80532],[144.949065,-37.805336],[144.949034,-37.805354],[144.949005,-37.805374],[144.948979,-37.805398],[144.948926,-37.805447]]]]},"properties":{"seg_id":"21352","str_type":"Council Major","seg_descr":"Hawke Street between King Street and Victoria Street","street_id":"696"}},{"type":"Feature","geometry":{"type":"MultiPolygon","coordinates":[[[[144.955856,-37.814276],[144.955516,-37.814374],[144.955479,-37.814385],[144.955316,-37.814432],[144.955279,-37.814445],[144.955051,-37.814512],[144.954931,-37.814252],[144.955476,-37.814096],[144.955488,-37.814093],[144.955995,-37.813947],[144.956039,-37.813935],[144.956402,-37.813832],[144.957093,-37.813635],[144.957202,-37.813886],[144.956767,-37.814012],[144.956722,-37.814026],[144.95591,-37.814261],[144.955856,-37.814276]]]]},"properties":{"seg_id":"20013","str_type":"Council Major","seg_descr":"Lonsdale Street between William Street and King Street","street_id":"803"}},{"type":"Feature","geometry":{"type":"MultiPolygon","coordinates":[[[[144.947425,-37.806036],[144.94746,-37.806038],[144.947429,-37.806211],[144.947549,-37.806225],[144.94755,-37.806225],[144.947551,-37.806225],[144.947552,-37.806225],[144.947552,-37.806226],[144.947553,-37.806226],[144.947554,-37.806226],[144.947554,-37.806227],[144.947555,-37.806227],[144.947555,-37.806228],[144.947556,-37.806228],[144.947556,-37.806229],[144.947557,-37.806229],[144.947557,-37.80623],[144.947557,-37.806231],[144.947557,-37.806231],[144.947557,-37.806232],[144.947557,-37.806233],[144.947557,-37.806233],[144.947543,-37.806308],[144.947544,-37.806312],[144.947548,-37.806318],[144.947561,-37.806329],[144.947514,-37.806373],[144.947482,-37.80635],[144.947407,-37.806339],[144.947379,-37.806494],[144.947383,-37.806495],[144.94734,-37.80655],[144.947375,-37.806337],[144.94738,-37.806311],[144.947425,-37.806036]]]]},"properties":{"seg_id":"21355","str_type":"Council Major","seg_descr":"Curzon Street between Hawke Street and Miller Street","street_id":"552"}},{"type":"Feature","geometry":{"type":"MultiPolygon","coordinates":[[[[144.963058,-37.807547],[144.963452,-37.808403],[144.963129,-37.808496],[144.962738,-37.807648],[144.963058,-37.807547]]]]},"properties":{"seg_id":"21619","str_type":"Council Major","seg_descr":"Swanston Street between A'Beckett Street and Franklin Street","street_id":"1114"}},{"type":"Feature","geometry":{"type":"MultiPolygon","coordinates":[[[[144.953249,-37.808363],[144.953217,-37.808372],[144.953013,-37.80843],[144.953004,-37.808433],[144.952332,-37.808624],[144.952253,-37.808454],[144.953127,-37.808206],[144.953156,-37.808197],[144.953682,-37.808048],[144.95376,-37.808218],[144.953249,-37.808363]]]]},"properties":{"seg_id":"21405","str_type":"Council Major","seg_descr":"Walsh Street between Milton Street and King Street","street_id":"1156"}},{"type":"Feature","geometry":{"type":"MultiPolygon","coordinates":[[[[144.958137,-37.815127],[144.958114,-37.815076],[144.958429,-37.814984],[144.958453,-37.815035],[144.958137,-37.815127]]]]},"properties":{"seg_id":"20351","str_type":"Council Minor","seg_descr":"Grice Alley between William Street and Little William Street","street_id":"678"}},{"type":"Feature","geometry":{"type":"MultiPolygon","coordinates":[[[[144.96306,-37.814431],[144.962943,-37.814172],[144.96326,-37.814074],[144.963358,-37.814325],[144.96306,-37.814431]]]]},"properties":{"seg_id":"20083","str_type":"Council Major","seg_descr":"Intersection of Elizabeth Street and Bourke Street","street_id":"0"}},{"type":"Feature","geometry":{"type":"MultiPolygon","coordinates":[[[[144.965165,-37.803266],[144.966303,-37.803389],[144.966288,-37.803479],[144.96607,-37.803456],[144.966067,-37.803455],[144.966063,-37.803455],[144.96606,-37.803455],[144.966057,-37.803455],[144.966054,-37.803456],[144.96605,-37.803457],[144.966047,-37.803458],[144.966045,-37.803459],[144.966042,-37.80346],[144.966039,-37.803462],[144.966037,-37.803463],[144.966034,-37.803465],[144.966032,-37.803467],[144.966031,-37.80347],[144.966029,-37.803472],[144.966028,-37.803474],[144.966027,-37.803477],[144.966026,-37.803479],[144.966026,-37.803482],[144.966017,-37.803536],[144.966017,-37.803536],[144.966017,-37.803536],[144.966017,-37.803537],[144.966017,-37.803537],[144.966017,-37.803537],[144.966017,-37.803537],[144.966017,-37.803538],[144.966018,-37.803538],[144.966018,-37.803538],[144.966018,-37.803538],[144.966018,-37.803539],[144.966019,-37.803539],[144.966019,-37.803539],[144.966019,-37.803539],[144.96602,-37.803539],[144.96602,-37.80354],[144.96602,-37.80354],[144.966021,-37.80354],[144.966272,-37.803567],[144.966253,-37.803657],[144.965991,-37.803629],[144.965913,-37.803621],[144.965433,-37.80357],[144.965403,-37.803567],[144.965116,-37.803537],[144.965165,-37.803266]]]]},"properties":{"seg_id":"20751","str_type":"Council Major","seg_descr":"Argyle Place South between Lygon Street and Cardigan Street","street_id":"398"}},{"type":"Feature","geometry":{"type":"MultiPolygon","coordinates":[[[[144.947534,-37.805432],[144.947538,-37.805399],[144.947592,-37.805075],[144.947918,-37.805162],[144.947796,-37.805801],[144.94748,-37.805769],[144.947534,-37.805432]]]]},"properties":{"seg_id":"21346","str_type":"Council Major","seg_descr":"Curzon Street between Miller Street and Victoria Street","street_id":"552"}},{"type":"Feature","geometry":{"type":"MultiPolygon","coordinates":[[[[144.955201,-37.809203],[144.954944,-37.808642],[144.955018,-37.80862],[144.955195,-37.809006],[144.955215,-37.809016],[144.955229,-37.809014],[144.955236,-37.809005],[144.955201,-37.809203]]]]},"properties":{"seg_id":"21530","str_type":"Council Major","seg_descr":"William Street between Franklin Street and Dudley Street","street_id":"1179"}},{"type":"Feature","geometry":{"type":"MultiPolygon","coordinates":[[[[144.957647,-37.810079],[144.957551,-37.809875],[144.957537,-37.809867],[144.957478,-37.809872],[144.957472,-37.809874],[144.957456,-37.809845],[144.957571,-37.809836],[144.95768,-37.810069],[144.957647,-37.810079]]]]},"properties":{"seg_id":"30522","str_type":"Private","seg_descr":"Electric Place","street_id":"596"}},{"type":"Feature","geometry":{"type":"MultiPolygon","coordinates":[[[[144.949509,-37.811452],[144.949466,-37.811464],[144.949055,-37.811577],[144.949003,-37.811592],[144.948522,-37.811726],[144.948285,-37.811505],[144.95023,-37.810957],[144.950351,-37.811214],[144.949509,-37.811452]]]]},"properties":{"seg_id":"21494","str_type":"Council Major","seg_descr":"Batman Street between Adderley Street and Spencer Street","street_id":"423"}},{"type":"Feature","geometry":{"type":"MultiPolygon","coordinates":[[[[144.965936,-37.807642],[144.96593,-37.807676],[144.965604,-37.80777],[144.965273,-37.807051],[144.965324,-37.807055],[144.965369,-37.80706],[144.965366,-37.80706],[144.965364,-37.807061],[144.965361,-37.807061],[144.965359,-37.807061],[144.965356,-37.807062],[144.965354,-37.807063],[144.965352,-37.807064],[144.96535,-37.807065],[144.965348,-37.807066],[144.965346,-37.807067],[144.965344,-37.807069],[144.965343,-37.80707],[144.965342,-37.807072],[144.96534,-37.807074],[144.96534,-37.807076],[144.965339,-37.807077],[144.965338,-37.807079],[144.965338,-37.807081],[144.965338,-37.807083],[144.965338,-37.807085],[144.965339,-37.807087],[144.965339,-37.807089],[144.965562,-37.807573],[144.965563,-37.807574],[144.965563,-37.807575],[144.965564,-37.807575],[144.965565,-37.807576],[144.965566,-37.807577],[144.965567,-37.807577],[144.965568,-37.807578],[144.965569,-37.807579],[144.96557,-37.807579],[144.965571,-37.807579],[144.965572,-37.80758],[144.965573,-37.80758],[144.965575,-37.80758],[144.965576,-37.80758],[144.965577,-37.80758],[144.965578,-37.80758],[144.965579,-37.807579],[144.965581,-37.807579],[144.965582,-37.807579],[144.965583,-37.807578],[144.965584,-37.807578],[144.965585,-37.807577],[144.965586,-37.807576],[144.965586,-37.807576],[144.965587,-37.807575],[144.965588,-37.807574],[144.965588,-37.807573],[144.965589,-37.807572],[144.965589,-37.807571],[144.965589,-37.807571],[144.965668,-37.807111],[144.965668,-37.80711],[144.965668,-37.807108],[144.965668,-37.807107],[144.965668,-37.807105],[144.965668,-37.807104],[144.965667,-37.807103],[144.965666,-37.807101],[144.965665,-37.8071],[144.965664,-37.807099],[144.965663,-37.807098],[144.965662,-37.807097],[144.965661,-37.807096],[144.965659,-37.807095],[144.965658,-37.807094],[144.965656,-37.807094],[144.965654,-37.807093],[144.965653,-37.807093],[144.965651,-37.807093],[144.965671,-37.807095],[144.966004,-37.807136],[144.965936,-37.807642]]]]},"properties":{"seg_id":"21615","str_type":"Council Major","seg_descr":"Russell Street between MacKenzie Street and Victoria Street","street_id":"1045"}},{"type":"Feature","geometry":{"type":"MultiPolygon","coordinates":[[[[144.946231,-37.810654],[144.946239,-37.810649],[144.94652,-37.810513],[144.94671,-37.81042],[144.946717,-37.810417],[144.946724,-37.810413],[144.947105,-37.810226],[144.947283,-37.810459],[144.946653,-37.810764],[144.945751,-37.811202],[144.94557,-37.810975],[144.946231,-37.810654]]]]},"properties":{"seg_id":"21490","str_type":"Council Major","seg_descr":"Rosslyn Street between Railway Place and Adderley Street","street_id":"1038"}},{"type":"Feature","geometry":{"type":"MultiPolygon","coordinates":[[[[144.955421,-37.815315],[144.9551,-37.815411],[144.95485,-37.814867],[144.954835,-37.814835],[144.954727,-37.8146],[144.955051,-37.814512],[144.955421,-37.815315]]]]},"properties":{"seg_id":"20193","str_type":"Arterial","seg_descr":"King Street between Little Bourke Street and Lonsdale Street","street_id":"761"}},{"type":"Feature","geometry":{"type":"MultiPolygon","coordinates":[[[[144.966623,-37.803542],[144.966634,-37.803477],[144.96689,-37.803505],[144.966906,-37.803407],[144.966936,-37.803411],[144.966919,-37.803508],[144.9672,-37.803538],[144.967189,-37.803604],[144.966908,-37.803573],[144.966878,-37.80357],[144.966623,-37.803542]]]]},"properties":{"seg_id":"20727","str_type":"Council Minor","seg_descr":"Argyle Place East from Lygon Street","street_id":"396"}},{"type":"Feature","geometry":{"type":"MultiPolygon","coordinates":[[[[144.951401,-37.809749],[144.95137,-37.809761],[144.950224,-37.810195],[144.950218,-37.810197],[144.950059,-37.809954],[144.950364,-37.809838],[144.951945,-37.80924],[144.952123,-37.809172],[144.952271,-37.80942],[144.951958,-37.809539],[144.951929,-37.80955],[144.951401,-37.809749]]]]},"properties":{"seg_id":"21413","str_type":"Arterial","seg_descr":"Dudley Street between King Street and Spencer Street","street_id":"586"}},{"type":"Feature","geometry":{"type":"MultiPolygon","coordinates":[[[[144.950978,-37.802923],[144.950777,-37.802902],[144.950781,-37.802878],[144.950982,-37.802899],[144.950978,-37.802923]]]]},"properties":{"seg_id":"21094","str_type":"Council Minor","seg_descr":"Cl0214 from Leveson Street","street_id":"1864"}},{"type":"Feature","geometry":{"type":"MultiPolygon","coordinates":[[[[144.962616,-37.80738],[144.962316,-37.806723],[144.962423,-37.806736],[144.962585,-37.806755],[144.962584,-37.806755],[144.962584,-37.806755],[144.962583,-37.806755],[144.962582,-37.806755],[144.962581,-37.806755],[144.96258,-37.806756],[144.96258,-37.806756],[144.962579,-37.806756],[144.962578,-37.806757],[144.962578,-37.806757],[144.962577,-37.806757],[144.962577,-37.806758],[144.962576,-37.806758],[144.962576,-37.806759],[144.962576,-37.80676],[144.962575,-37.80676],[144.962575,-37.806761],[144.962575,-37.806761],[144.962575,-37.806762],[144.962575,-37.806763],[144.962575,-37.806763],[144.962575,-37.806764],[144.962575,-37.806765],[144.962654,-37.806943],[144.962655,-37.806944],[144.962655,-37.806944],[144.962655,-37.806945],[144.962656,-37.806945],[144.962656,-37.806946],[144.962657,-37.806946],[144.962657,-37.806946],[144.962658,-37.806947],[144.962659,-37.806947],[144.96266,-37.806947],[144.96266,-37.806947],[144.962661,-37.806948],[144.962662,-37.806948],[144.962663,-37.806948],[144.962663,-37.806948],[144.962664,-37.806948],[144.962665,-37.806948],[144.962666,-37.806947],[144.962666,-37.806947],[144.962667,-37.806947],[144.962668,-37.806947],[144.962668,-37.806946],[144.962669,-37.806946],[144.96267,-37.806945],[144.96267,-37.806945],[144.96267,-37.806944],[144.962671,-37.806944],[144.962671,-37.806943],[144.962671,-37.806943],[144.962672,-37.806942],[144.962672,-37.806942],[144.962702,-37.806775],[144.962702,-37.806774],[144.962702,-37.806774],[144.962702,-37.806773],[144.962702,-37.806773],[144.962702,-37.806772],[144.962701,-37.806771],[144.962701,-37.806771],[144.962701,-37.80677],[144.9627,-37.80677],[144.9627,-37.806769],[144.962699,-37.806769],[144.962699,-37.806768],[144.962698,-37.806768],[144.962697,-37.806768],[144.962697,-37.806767],[144.962696,-37.806767],[144.962695,-37.806767],[144.962694,-37.806767],[144.962703,-37.806768],[144.962872,-37.806785],[144.963041,-37.806806],[144.962954,-37.807242],[144.962996,-37.80727],[144.962946,-37.807284],[144.962616,-37.80738]]]]},"properties":{"seg_id":"21621","str_type":"Council Major","seg_descr":"Swanston Street between Franklin Street and Victoria Street","street_id":"1114"}},{"type":"Feature","geometry":{"type":"MultiPolygon","coordinates":[[[[144.958899,-37.810647],[144.959327,-37.810525],[144.959343,-37.81056],[144.958915,-37.810682],[144.958899,-37.810647]]]]},"properties":{"seg_id":"21650","str_type":"Council Minor","seg_descr":"Cl1183 from Queen Street","street_id":"161"}},{"type":"Feature","geometry":{"type":"MultiPolygon","coordinates":[[[[144.956769,-37.802717],[144.956595,-37.803688],[144.956157,-37.803537],[144.956233,-37.803109],[144.956235,-37.8031],[144.956245,-37.803041],[144.956251,-37.803019],[144.956411,-37.802109],[144.956489,-37.801667],[144.956556,-37.801257],[144.956914,-37.801887],[144.956835,-37.802336],[144.956769,-37.802717]]]]},"properties":{"seg_id":"21117","str_type":"Arterial","seg_descr":"Peel Street between Queensberry Street and Elizabeth Street","street_id":"973"}},{"type":"Feature","geometry":{"type":"MultiPolygon","coordinates":[[[[144.96148,-37.800287],[144.961178,-37.800253],[144.961224,-37.799985],[144.962359,-37.800109],[144.962312,-37.800378],[144.961744,-37.800316],[144.961703,-37.800311],[144.961512,-37.80029],[144.96148,-37.800287]]]]},"properties":{"seg_id":"20848","str_type":"Council Major","seg_descr":"Grattan Street between Bouverie Street and Leicester Street","street_id":"674"}},{"type":"Feature","geometry":{"type":"MultiPolygon","coordinates":[[[[144.964408,-37.804007],[144.964421,-37.804008],[144.96445,-37.804012],[144.964391,-37.804356],[144.96462,-37.804381],[144.964614,-37.804412],[144.964335,-37.804382],[144.964369,-37.804184],[144.964252,-37.804172],[144.96419,-37.804536],[144.964139,-37.804531],[144.964201,-37.804166],[144.96408,-37.804153],[144.964087,-37.804111],[144.964385,-37.804142],[144.964408,-37.804007]]]]},"properties":{"seg_id":"20801","str_type":"Council Minor","seg_descr":"Little Queensberry Street between Queensberry Street and Cardigan Street","street_id":"834"}},{"type":"Feature","geometry":{"type":"MultiPolygon","coordinates":[[[[144.959029,-37.801857],[144.959037,-37.801812],[144.959078,-37.801817],[144.95907,-37.801862],[144.959029,-37.801857]]]]},"properties":{"seg_id":"20855","str_type":"Council Minor","seg_descr":"Cl1229 from Pelham Street","street_id":"274"}},{"type":"Feature","geometry":{"type":"MultiPolygon","coordinates":[[[[144.952802,-37.81132],[144.952835,-37.811311],[144.952899,-37.811453],[144.952868,-37.811462],[144.952802,-37.81132]]]]},"properties":{"seg_id":"30011","str_type":"Private","street_id":"0"}},{"type":"Feature","geometry":{"type":"MultiPolygon","coordinates":[[[[144.967474,-37.809387],[144.967557,-37.809566],[144.967501,-37.809585],[144.967496,-37.809574],[144.967208,-37.808952],[144.967264,-37.808935],[144.967461,-37.80936],[144.967474,-37.809387]]]]},"properties":{"seg_id":"20281","str_type":"Council Minor","seg_descr":"Davisons Place from Little Lonsdale Street","street_id":"559"}},{"type":"Feature","geometry":{"type":"MultiPolygon","coordinates":[[[[144.95788,-37.799893],[144.9572,-37.799816],[144.957229,-37.799546],[144.957907,-37.799622],[144.95788,-37.799893]]]]},"properties":{"seg_id":"22515","str_type":"Arterial","seg_descr":"Intersection of Royal Parade and Grattan Street","street_id":"0"}},{"type":"Feature","geometry":{"type":"MultiPolygon","coordinates":[[[[144.965415,-37.80182],[144.965367,-37.802092],[144.965024,-37.802054],[144.965072,-37.801782],[144.965415,-37.80182]]]]},"properties":{"seg_id":"20511","str_type":"Council Major","seg_descr":"Intersection of Cardigan Street and Argyle Place North","street_id":"483"}},{"type":"Feature","geometry":{"type":"MultiPolygon","coordinates":[[[[144.961991,-37.811299],[144.961667,-37.811391],[144.961625,-37.811308],[144.961947,-37.811211],[144.961991,-37.811299]]]]},"properties":{"seg_id":"20041","str_type":"Council Major","seg_descr":"Intersection of Elizabeth Street and Little Lonsdale Street","street_id":"0"}},{"type":"Feature","geometry":{"type":"MultiPolygon","coordinates":[[[[144.954809,-37.806834],[144.954812,-37.806812],[144.954853,-37.806581],[144.954854,-37.806577],[144.954882,-37.806418],[144.95493,-37.806167],[144.954933,-37.806133],[144.954974,-37.805907],[144.955311,-37.805942],[144.955194,-37.806602],[144.955122,-37.807008],[144.955117,-37.807036],[144.954927,-37.808115],[144.954677,-37.80757],[144.954809,-37.806834]]]]},"properties":{"seg_id":"21392","str_type":"Council Major","seg_descr":"Capel Street between William Street and Victoria Street","street_id":"482"}},{"type":"Feature","geometry":{"type":"MultiPolygon","coordinates":[[[[144.951616,-37.801285],[144.951279,-37.801252],[144.951327,-37.800985],[144.951665,-37.80102],[144.951616,-37.801285]]]]},"properties":{"seg_id":"21084","str_type":"Council Major","seg_descr":"Intersection of Arden Street and Leveson Street","street_id":"0"}},{"type":"Feature","geometry":{"type":"MultiPolygon","coordinates":[[[[144.95113,-37.800753],[144.951136,-37.800718],[144.951144,-37.800718],[144.951138,-37.800754],[144.95113,-37.800753]]]]},"properties":{"seg_id":"30424","str_type":"Private","seg_descr":"Arden Lane","street_id":"394"}},{"type":"Feature","geometry":{"type":"MultiPolygon","coordinates":[[[[144.957219,-37.810968],[144.957243,-37.81102],[144.956839,-37.81114],[144.956985,-37.811453],[144.956919,-37.811473],[144.956589,-37.810761],[144.956654,-37.810743],[144.956815,-37.811089],[144.957219,-37.810968]]]]},"properties":{"seg_id":"21520","str_type":"Council Minor","seg_descr":"Singers Lane between Wills Street and La Trobe Street","street_id":"1075"}},{"type":"Feature","geometry":{"type":"MultiPolygon","coordinates":[[[[144.96229,-37.802487],[144.962187,-37.803073],[144.961846,-37.803034],[144.961869,-37.802904],[144.96195,-37.802449],[144.96229,-37.802487]]]]},"properties":{"seg_id":"22503","str_type":"Council Major","seg_descr":"Bouverie Street between Lincoln Square South and Pelham Street","street_id":"456"}},{"type":"Feature","geometry":{"type":"MultiPolygon","coordinates":[[[[144.962216,-37.800927],[144.96165,-37.800865],[144.961659,-37.800811],[144.962226,-37.800874],[144.962216,-37.800927]]]]},"properties":{"seg_id":"20846","str_type":"Council Minor","seg_descr":"Church Street between Bouverie Street and Leicester Street","street_id":"512"}},{"type":"Feature","geometry":{"type":"MultiPolygon","coordinates":[[[[144.947239,-37.807052],[144.947011,-37.807255],[144.94669,-37.807135],[144.946698,-37.807127],[144.946935,-37.806922],[144.947239,-37.807052]]]]},"properties":{"seg_id":"21360","str_type":"Arterial","seg_descr":"Intersection of Hawke Street and Spencer Street","street_id":"0"}},{"type":"Feature","geometry":{"type":"MultiPolygon","coordinates":[[[[144.953952,-37.808647],[144.954172,-37.808586],[144.954287,-37.80884],[144.954068,-37.808902],[144.953952,-37.808647]]]]},"properties":{"seg_id":"22655","str_type":"Arterial","seg_descr":"Intersection of Dudley Street and Milton Street","street_id":"586"}},{"type":"Feature","geometry":{"type":"MultiPolygon","coordinates":[[[[144.951897,-37.801319],[144.951834,-37.801651],[144.951803,-37.801647],[144.951862,-37.801314],[144.951897,-37.801319]]]]},"properties":{"seg_id":"21101","str_type":"Council Minor","seg_descr":"Cl1669 from Arden Street","street_id":"132"}},{"type":"Feature","geometry":{"type":"MultiPolygon","coordinates":[[[[144.94934,-37.80946],[144.949628,-37.809325],[144.94974,-37.809477],[144.949848,-37.809634],[144.950059,-37.809954],[144.949754,-37.810072],[144.94934,-37.80946]]]]},"properties":{"seg_id":"21417","str_type":"Arterial","seg_descr":"Spencer Street between Dudley Street and Rosslyn Street","street_id":"1086"}},{"type":"Feature","geometry":{"type":"MultiPolygon","coordinates":[[[[144.953432,-37.803821],[144.953682,-37.803849],[144.953677,-37.803875],[144.953598,-37.803867],[144.953585,-37.803866],[144.953427,-37.80385],[144.953432,-37.803821]]]]},"properties":{"seg_id":"20966","str_type":"Council Minor","seg_descr":"Cl1681 from Warwick Street","street_id":"134"}},{"type":"Feature","geometry":{"type":"MultiPolygon","coordinates":[[[[144.945211,-37.806165],[144.945224,-37.80617],[144.945703,-37.806382],[144.945731,-37.806393],[144.946107,-37.806558],[144.946135,-37.806571],[144.946435,-37.806702],[144.946935,-37.806922],[144.946698,-37.807127],[144.94669,-37.807135],[144.946688,-37.807123],[144.944907,-37.806344],[144.945079,-37.806106],[144.945211,-37.806165]]]]},"properties":{"seg_id":"21361","str_type":"Arterial","seg_descr":"Spencer Street between Hawke Street and Abbotsford Street","street_id":"1086"}},{"type":"Feature","geometry":{"type":"MultiPolygon","coordinates":[[[[144.960106,-37.804356],[144.960067,-37.804078],[144.960145,-37.804086],[144.960495,-37.804121],[144.960445,-37.804398],[144.960106,-37.804356]]]]},"properties":{"seg_id":"20457","str_type":"Council Major","seg_descr":"Intersection of Leicester Street and Queensberry Street","street_id":"0"}},{"type":"Feature","geometry":{"type":"MultiPolygon","coordinates":[[[[144.958299,-37.813283],[144.958275,-37.81329],[144.95823,-37.813194],[144.958102,-37.812916],[144.958126,-37.812909],[144.958254,-37.813187],[144.958299,-37.813283]]]]},"properties":{"seg_id":"30876","str_type":"Private","seg_descr":"Rostella Way","street_id":"120150"}},{"type":"Feature","geometry":{"type":"MultiPolygon","coordinates":[[[[144.964551,-37.813992],[144.964402,-37.814031],[144.964349,-37.814045],[144.964143,-37.814099],[144.96412,-37.814106],[144.963946,-37.814156],[144.963873,-37.814177],[144.963358,-37.814325],[144.96326,-37.814074],[144.963641,-37.813963],[144.963658,-37.813958],[144.965396,-37.813454],[144.965407,-37.813437],[144.965412,-37.81345],[144.965533,-37.813707],[144.964579,-37.813984],[144.964551,-37.813992]]]]},"properties":{"seg_id":"20082","str_type":"Council Major","seg_descr":"Bourke Street between Swanston Street and Elizabeth Street","street_id":"455"}},{"type":"Feature","geometry":{"type":"MultiPolygon","coordinates":[[[[144.951906,-37.8062],[144.951907,-37.806191],[144.951908,-37.806184],[144.95192,-37.806117],[144.951925,-37.806093],[144.951977,-37.805796],[144.951983,-37.805768],[144.952017,-37.805577],[144.952355,-37.805614],[144.952226,-37.806331],[144.952223,-37.806351],[144.952214,-37.806402],[144.951876,-37.806364],[144.951906,-37.8062]]]]},"properties":{"seg_id":"22661","str_type":"Council Major","seg_descr":"Chetwynd Street between Stanley Street and Victoria Street","street_id":"506"}},{"type":"Feature","geometry":{"type":"MultiPolygon","coordinates":[[[[144.948982,-37.812128],[144.949355,-37.812452],[144.949055,-37.812537],[144.948227,-37.811809],[144.948522,-37.811726],[144.94894,-37.81209],[144.948982,-37.812128]]]]},"properties":{"seg_id":"21503","str_type":"Council Major","seg_descr":"Adderley Street between Jeffcott Street and Batman Street","street_id":"371"}},{"type":"Feature","geometry":{"type":"MultiPolygon","coordinates":[[[[144.954815,-37.808688],[144.954287,-37.80884],[144.954172,-37.808586],[144.954709,-37.80843],[144.954815,-37.808688]]]]},"properties":{"seg_id":"22656","str_type":"Arterial","seg_descr":"Dudley Street between William Street and Milton Street","street_id":"586"}},{"type":"Feature","geometry":{"type":"MultiPolygon","coordinates":[[[[144.958399,-37.80162],[144.958172,-37.801593],[144.958198,-37.80145],[144.958225,-37.801453],[144.958204,-37.801574],[144.958402,-37.801598],[144.958399,-37.80162]]]]},"properties":{"seg_id":"20854","str_type":"Council Minor","seg_descr":"Cl1079 from Berkeley Street","street_id":"243"}},{"type":"Feature","geometry":{"type":"MultiPolygon","coordinates":[[[[144.953612,-37.812195],[144.953599,-37.812166],[144.953501,-37.811955],[144.953487,-37.811926],[144.953303,-37.811529],[144.953626,-37.811439],[144.954022,-37.812294],[144.9537,-37.812384],[144.953612,-37.812195]]]]},"properties":{"seg_id":"21507","str_type":"Arterial","seg_descr":"King Street between La Trobe Street and Jeffcott Street","street_id":"761"}},{"type":"Feature","geometry":{"type":"MultiPolygon","coordinates":[[[[144.951907,-37.806191],[144.951622,-37.806159],[144.951671,-37.806157],[144.951908,-37.806184],[144.951907,-37.806191]]]]},"properties":{"seg_id":"30013","str_type":"Private","street_id":"0"}},{"type":"Feature","geometry":{"type":"MultiPolygon","coordinates":[[[[144.951547,-37.812027],[144.951606,-37.81201],[144.951797,-37.812435],[144.951746,-37.812449],[144.951649,-37.812238],[144.951244,-37.812356],[144.951239,-37.812345],[144.951407,-37.812297],[144.951394,-37.812272],[144.951632,-37.812207],[144.951547,-37.812027]]]]},"properties":{"seg_id":"21510","str_type":"Council Minor","seg_descr":"Cl1316 from Jeffcott Street","street_id":"184"}},{"type":"Feature","geometry":{"type":"MultiPolygon","coordinates":[[[[144.957021,-37.80586],[144.95725,-37.805886],[144.957204,-37.806152],[144.956975,-37.806127],[144.957021,-37.80586]]]]},"properties":{"seg_id":"22672","str_type":"Arterial","seg_descr":"Intersection of Victoria Street and Cobden Street","street_id":"1152"}},{"type":"Feature","geometry":{"type":"MultiPolygon","coordinates":[[[[144.958799,-37.813138],[144.958627,-37.812765],[144.958126,-37.812909],[144.958102,-37.812916],[144.958089,-37.812886],[144.958113,-37.812879],[144.958671,-37.812717],[144.958858,-37.813121],[144.958799,-37.813138]]]]},"properties":{"seg_id":"20343","str_type":"Council Minor","seg_descr":"Lonsdale Lane from Lonsdale Street","street_id":"802"}},{"type":"Feature","geometry":{"type":"MultiPolygon","coordinates":[[[[144.94872,-37.80192],[144.948686,-37.801918],[144.948723,-37.801712],[144.948745,-37.801714],[144.94913,-37.801755],[144.9492,-37.801763],[144.949357,-37.801779],[144.949425,-37.801787],[144.949475,-37.801792],[144.949443,-37.801995],[144.94941,-37.801992],[144.949437,-37.801824],[144.949428,-37.801814],[144.94877,-37.801745],[144.948746,-37.801759],[144.94872,-37.80192]]]]},"properties":{"seg_id":"21076","str_type":"Council Minor","seg_descr":"Cullens Lane from Glass Street","street_id":"1226"}},{"type":"Feature","geometry":{"type":"MultiPolygon","coordinates":[[[[144.965271,-37.804656],[144.965212,-37.80465],[144.965348,-37.803872],[144.965303,-37.803867],[144.965322,-37.803758],[144.965082,-37.803733],[144.965088,-37.8037],[144.965375,-37.80373],[144.965403,-37.803567],[144.965433,-37.80357],[144.965405,-37.803734],[144.965556,-37.80375],[144.965552,-37.803777],[144.965424,-37.803763],[144.965322,-37.804355],[144.965318,-37.804382],[144.965271,-37.804656]]]]},"properties":{"seg_id":"20747","str_type":"Council Minor","seg_descr":"Little Cardigan Street between Queensberry Street and Cardigan Street","street_id":"810"}},{"type":"Feature","geometry":{"type":"MultiPolygon","coordinates":[[[[144.951494,-37.81185],[144.951375,-37.811594],[144.951408,-37.811584],[144.951412,-37.811583],[144.951424,-37.811609],[144.951529,-37.81184],[144.951494,-37.81185]]]]},"properties":{"seg_id":"21512","str_type":"Council Minor","seg_descr":"Jeffcott Place from Jeffcott Street","street_id":"739"}},{"type":"Feature","geometry":{"type":"MultiPolygon","coordinates":[[[[144.952399,-37.805345],[144.952355,-37.805614],[144.952017,-37.805577],[144.952067,-37.8053],[144.952399,-37.805345]]]]},"properties":{"seg_id":"20961","str_type":"Council Major","seg_descr":"Intersection of Victoria Street and Chetwynd Street","street_id":"0"}},{"type":"Feature","geometry":{"type":"MultiPolygon","coordinates":[[[[144.962845,-37.81317],[144.96285,-37.813181],[144.962889,-37.813257],[144.962566,-37.81336],[144.962535,-37.813272],[144.962529,-37.813259],[144.962845,-37.81317]]]]},"properties":{"seg_id":"20056","str_type":"Council Major","seg_descr":"Intersection of Elizabeth Street and Little Bourke Street","street_id":"0"}},{"type":"Feature","geometry":{"type":"MultiPolygon","coordinates":[[[[144.961462,-37.810145],[144.961139,-37.81024],[144.960962,-37.809855],[144.961284,-37.809762],[144.961462,-37.810145]]]]},"properties":{"seg_id":"21647","str_type":"Council Major","seg_descr":"Elizabeth Street between La Trobe Street and Little La Trobe Street","street_id":"599"}},{"type":"Feature","geometry":{"type":"MultiPolygon","coordinates":[[[[144.956253,-37.812866],[144.956069,-37.812463],[144.956108,-37.812451],[144.956278,-37.812823],[144.956293,-37.812855],[144.956253,-37.812866]]]]},"properties":{"seg_id":"20401","str_type":"Council Minor","seg_descr":"Alsop Lane from Little Lonsdale Street","street_id":"1199"}},{"type":"Feature","geometry":{"type":"MultiPolygon","coordinates":[[[[144.945892,-37.809038],[144.946144,-37.808853],[144.946386,-37.809051],[144.946135,-37.809236],[144.945892,-37.809038]]]]},"properties":{"seg_id":"21463","str_type":"Council Major","seg_descr":"Intersection of Roden Street and Adderley Street","street_id":"0"}},{"type":"Feature","geometry":{"type":"MultiPolygon","coordinates":[[[[144.952091,-37.81418],[144.951763,-37.814276],[144.95171,-37.814161],[144.952035,-37.814066],[144.952091,-37.81418]]]]},"properties":{"seg_id":"20033","str_type":"Arterial","seg_descr":"Intersection of Spencer Street and Little Lonsdale Street","street_id":"1086"}},{"type":"Feature","geometry":{"type":"MultiPolygon","coordinates":[[[[144.951641,-37.802786],[144.95162,-37.80277],[144.951643,-37.802772],[144.951641,-37.802786]]]]},"properties":{"seg_id":"30422","str_type":"Private","seg_descr":"CL0266","street_id":"1851"}},{"type":"Feature","geometry":{"type":"MultiPolygon","coordinates":[[[[144.961902,-37.804734],[144.962184,-37.804766],[144.962178,-37.804799],[144.961897,-37.804767],[144.961902,-37.804734]]]]},"properties":{"seg_id":"30846","str_type":"Private","seg_descr":"CL1619","street_id":"347"}},{"type":"Feature","geometry":{"type":"MultiPolygon","coordinates":[[[[144.961772,-37.806662],[144.961611,-37.806377],[144.96275,-37.806497],[144.962703,-37.806768],[144.962694,-37.806767],[144.962585,-37.806755],[144.962423,-37.806736],[144.962316,-37.806723],[144.961772,-37.806662]]]]},"properties":{"seg_id":"21623","str_type":"Arterial","seg_descr":"Victoria Street between Swanston Street and Bouverie Street","street_id":"1152"}},{"type":"Feature","geometry":{"type":"MultiPolygon","coordinates":[[[[144.959437,-37.816381],[144.959189,-37.815838],[144.959227,-37.815827],[144.959355,-37.816099],[144.959385,-37.816162],[144.959479,-37.81637],[144.959483,-37.816379],[144.959441,-37.816391],[144.959437,-37.816381]]]]},"properties":{"seg_id":"20352","str_type":"Council Minor","seg_descr":"Kitz Lane from Little Collins Street","street_id":"764"}},{"type":"Feature","geometry":{"type":"MultiPolygon","coordinates":[[[[144.956049,-37.813058],[144.956034,-37.813025],[144.956101,-37.813006],[144.956116,-37.813038],[144.956319,-37.813477],[144.956505,-37.813424],[144.956521,-37.81346],[144.956181,-37.813555],[144.956165,-37.81352],[144.956251,-37.813495],[144.956049,-37.813058]]]]},"properties":{"seg_id":"20408","str_type":"Council Minor","seg_descr":"Chisholm Place from Little Lonsdale Street","street_id":"508"}},{"type":"Feature","geometry":{"type":"MultiPolygon","coordinates":[[[[144.958206,-37.8077],[144.958241,-37.807491],[144.959686,-37.807068],[144.95976,-37.807242],[144.959304,-37.807376],[144.959262,-37.807389],[144.958206,-37.8077]]]]},"properties":{"seg_id":"21629","str_type":"Council Major","seg_descr":"Therry Street between Elizabeth Street and Queen Street","street_id":"1120"}},{"type":"Feature","geometry":{"type":"MultiPolygon","coordinates":[[[[144.960145,-37.804086],[144.960067,-37.804078],[144.959443,-37.802725],[144.959429,-37.802696],[144.959288,-37.80239],[144.959274,-37.802359],[144.959176,-37.802146],[144.959687,-37.802162],[144.959649,-37.802384],[144.960234,-37.803649],[144.960145,-37.804086]]]]},"properties":{"seg_id":"20476","str_type":"Council Major","seg_descr":"Barry Street between Leicester Street and Pelham Street","street_id":"421"}},{"type":"Feature","geometry":{"type":"MultiPolygon","coordinates":[[[[144.95186,-37.803438],[144.951779,-37.803428],[144.951246,-37.803368],[144.951296,-37.8031],[144.952433,-37.803228],[144.952388,-37.803496],[144.95186,-37.803438]]]]},"properties":{"seg_id":"20974","str_type":"Council Major","seg_descr":"Queensberry Street between Chetwynd Street and Leveson Street","street_id":"1008"}},{"type":"Feature","geometry":{"type":"MultiPolygon","coordinates":[[[[144.952438,-37.808162],[144.952425,-37.808167],[144.952385,-37.808115],[144.952396,-37.808109],[144.952438,-37.808162]]]]},"properties":{"seg_id":"30521","str_type":"Private","seg_descr":"Pl5127","street_id":"2871"}},{"type":"Feature","geometry":{"type":"MultiPolygon","coordinates":[[[[144.962668,-37.812782],[144.962736,-37.812762],[144.962808,-37.812709],[144.962835,-37.812656],[144.962904,-37.812636],[144.962948,-37.812603],[144.962965,-37.812591],[144.963128,-37.812471],[144.963236,-37.81244],[144.963256,-37.812484],[144.963161,-37.812511],[144.962948,-37.812669],[144.962915,-37.812726],[144.962951,-37.812803],[144.962923,-37.812811],[144.962913,-37.812814],[144.962877,-37.812734],[144.962849,-37.812743],[144.9627,-37.812853],[144.962668,-37.812782]]]]},"properties":{"seg_id":"30153","str_type":"Private","seg_descr":"The Strand","street_id":"1605"}},{"type":"Feature","geometry":{"type":"MultiPolygon","coordinates":[[[[144.9537,-37.812384],[144.954022,-37.812294],[144.954141,-37.812547],[144.953816,-37.812638],[144.9537,-37.812384]]]]},"properties":{"seg_id":"20029","str_type":"Arterial","seg_descr":"Intersection of King Street and La Trobe Street","street_id":"0"}},{"type":"Feature","geometry":{"type":"MultiPolygon","coordinates":[[[[144.949247,-37.804199],[144.949252,-37.804171],[144.949427,-37.803165],[144.949774,-37.803209],[144.949726,-37.803476],[144.94972,-37.803506],[144.949583,-37.804262],[144.949573,-37.804318],[144.949498,-37.804741],[144.949492,-37.804772],[144.949449,-37.805015],[144.949093,-37.80497],[144.949114,-37.80496],[144.949174,-37.804616],[144.949184,-37.804561],[144.949247,-37.804199]]]]},"properties":{"seg_id":"20992","str_type":"Council Major","seg_descr":"Errol Street between Victoria Street and Queensberry Street","street_id":"607"}},{"type":"Feature","geometry":{"type":"MultiPolygon","coordinates":[[[[144.967095,-37.811014],[144.966981,-37.81076],[144.967305,-37.810661],[144.967417,-37.810914],[144.967095,-37.811014]]]]},"properties":{"seg_id":"20004","str_type":"Council Major","seg_descr":"Intersection of Lonsdale Street and Russell Street","street_id":"0"}},{"type":"Feature","geometry":{"type":"MultiPolygon","coordinates":[[[[144.960428,-37.809275],[144.960666,-37.809209],[144.960744,-37.80938],[144.960417,-37.809475],[144.960319,-37.809503],[144.9586,-37.810001],[144.95852,-37.809827],[144.959224,-37.809627],[144.959321,-37.809599],[144.959574,-37.809525],[144.959592,-37.80952],[144.960386,-37.809289],[144.960428,-37.809275]]]]},"properties":{"seg_id":"21649","str_type":"Council Major","seg_descr":"A'Beckett Street between Elizabeth Street and Queen Street","street_id":"368"}},{"type":"Feature","geometry":{"type":"MultiPolygon","coordinates":[[[[144.96275,-37.806497],[144.963086,-37.806533],[144.963041,-37.806806],[144.962872,-37.806785],[144.962703,-37.806768],[144.96275,-37.806497]]]]},"properties":{"seg_id":"21608","str_type":"Arterial","seg_descr":"Intersection of Victoria Street and Swanston Street","street_id":"0"}},{"type":"Feature","geometry":{"type":"MultiPolygon","coordinates":[[[[144.954071,-37.815706],[144.95402,-37.81572],[144.953904,-37.815468],[144.953956,-37.815453],[144.954066,-37.815695],[144.954071,-37.815706]]]]},"properties":{"seg_id":"20440","str_type":"Council Minor","seg_descr":"Cleve Lane from Little Bourke Street","street_id":"516"}},{"type":"Feature","geometry":{"type":"MultiPolygon","coordinates":[[[[144.963516,-37.804094],[144.964079,-37.804153],[144.964075,-37.804181],[144.963511,-37.804121],[144.963516,-37.804094]]]]},"properties":{"seg_id":"30244","str_type":"Private","seg_descr":"Monahan Lane","street_id":"1724"}},{"type":"Feature","geometry":{"type":"MultiPolygon","coordinates":[[[[144.9503,-37.802116],[144.951104,-37.802203],[144.951089,-37.802296],[144.950798,-37.802263],[144.950764,-37.802259],[144.950283,-37.802207],[144.950248,-37.802203],[144.94996,-37.802172],[144.949975,-37.802081],[144.950264,-37.802113],[144.9503,-37.802116]]]]},"properties":{"seg_id":"21095","str_type":"Council Minor","seg_descr":"Bendigo Street between Leveson Street and Errol Street","street_id":"434"}},{"type":"Feature","geometry":{"type":"MultiPolygon","coordinates":[[[[144.958114,-37.815076],[144.958137,-37.815127],[144.958312,-37.81551],[144.957983,-37.815598],[144.957633,-37.81482],[144.957626,-37.814806],[144.957944,-37.814708],[144.958114,-37.815076]]]]},"properties":{"seg_id":"20184","str_type":"Council Major","seg_descr":"William Street between Bourke Street and Little Bourke Street","street_id":"1179"}},{"type":"Feature","geometry":{"type":"MultiPolygon","coordinates":[[[[144.948756,-37.809422],[144.948728,-37.809435],[144.948498,-37.809171],[144.948481,-37.809181],[144.948451,-37.80915],[144.948499,-37.809121],[144.948497,-37.809119],[144.948597,-37.809057],[144.948458,-37.808896],[144.948394,-37.808826],[144.948421,-37.808808],[144.948484,-37.808875],[144.948658,-37.809079],[144.94854,-37.809147],[144.948541,-37.809169],[144.948544,-37.809173],[144.948645,-37.809292],[144.948756,-37.809422]]]]},"properties":{"seg_id":"21476","str_type":"Council Minor","seg_descr":"McKendrick Lane between Stanley Street and Rosslyn Street","street_id":"2862"}},{"type":"Feature","geometry":{"type":"MultiPolygon","coordinates":[[[[144.954812,-37.806812],[144.954809,-37.806834],[144.954609,-37.806812],[144.954592,-37.806833],[144.954603,-37.806942],[144.954599,-37.806948],[144.954587,-37.806944],[144.954574,-37.806852],[144.954584,-37.806849],[144.954557,-37.806671],[144.954568,-37.806672],[144.954584,-37.80678],[144.954608,-37.806791],[144.954812,-37.806812]]]]},"properties":{"seg_id":"21399","str_type":"Council Minor","seg_descr":"Zeplin Place from Capel Street","street_id":"3158"}},{"type":"Feature","geometry":{"type":"MultiPolygon","coordinates":[[[[144.952506,-37.810602],[144.952468,-37.810613],[144.950673,-37.811123],[144.950553,-37.810862],[144.952711,-37.810256],[144.952826,-37.810511],[144.952506,-37.810602]]]]},"properties":{"seg_id":"21516","str_type":"Council Major","seg_descr":"Batman Street between Spencer Street and King Street","street_id":"423"}},{"type":"Feature","geometry":{"type":"MultiPolygon","coordinates":[[[[144.95243,-37.808838],[144.952416,-37.808808],[144.953052,-37.808626],[144.953063,-37.808659],[144.95243,-37.808838]]]]},"properties":{"seg_id":"21406","str_type":"Council Minor","seg_descr":"CL1116 from King Street","street_id":"233"}},{"type":"Feature","geometry":{"type":"MultiPolygon","coordinates":[[[[144.956397,-37.81292],[144.956352,-37.812933],[144.956289,-37.812952],[144.956303,-37.812984],[144.956116,-37.813038],[144.956101,-37.813006],[144.956034,-37.813025],[144.956049,-37.813058],[144.955683,-37.813163],[144.95568,-37.813164],[144.955665,-37.813132],[144.955602,-37.81315],[144.95503,-37.813311],[144.954987,-37.813323],[144.955001,-37.813355],[144.954568,-37.813476],[144.954514,-37.813357],[144.954939,-37.813237],[144.954987,-37.813224],[144.955345,-37.813122],[144.955412,-37.813104],[144.955675,-37.813029],[144.955728,-37.813014],[144.956253,-37.812866],[144.956293,-37.812855],[144.956278,-37.812823],[144.956671,-37.812712],[144.956681,-37.812733],[144.956685,-37.812743],[144.956723,-37.812826],[144.956397,-37.81292]]]]},"properties":{"seg_id":"20046","str_type":"Council Major","seg_descr":"Little Lonsdale Street between William Street and King Street","street_id":"825"}},{"type":"Feature","geometry":{"type":"MultiPolygon","coordinates":[[[[144.951939,-37.806693],[144.952158,-37.806718],[144.952145,-37.806789],[144.951964,-37.807813],[144.951982,-37.807853],[144.951733,-37.807967],[144.951735,-37.807956],[144.951779,-37.80759],[144.951939,-37.806693]]]]},"properties":{"seg_id":"21381","str_type":"Council Major","seg_descr":"Chetwynd Street between Rosslyn Street and Stanley Street","street_id":"506"}},{"type":"Feature","geometry":{"type":"MultiPolygon","coordinates":[[[[144.963895,-37.807303],[144.963958,-37.807285],[144.964046,-37.807478],[144.96404,-37.807508],[144.964652,-37.808781],[144.964585,-37.808802],[144.964395,-37.808408],[144.963978,-37.807542],[144.963987,-37.807499],[144.963895,-37.807303]]]]},"properties":{"seg_id":"30466","str_type":"Private","seg_descr":"Bowen Street","street_id":"1455"}},{"type":"Feature","geometry":{"type":"MultiPolygon","coordinates":[[[[144.954136,-37.800844],[144.954298,-37.800716],[144.954555,-37.800918],[144.95453,-37.800938],[144.9543,-37.800754],[144.954161,-37.800864],[144.954136,-37.800844]]]]},"properties":{"seg_id":"21128","str_type":"Council Minor","seg_descr":"Laidlaws Lane from Tyrone Street","street_id":"1267"}},{"type":"Feature","geometry":{"type":"MultiPolygon","coordinates":[[[[144.95161,-37.804334],[144.951608,-37.804345],[144.9514,-37.804322],[144.951385,-37.804405],[144.951364,-37.804403],[144.951381,-37.804309],[144.95161,-37.804334]]]]},"properties":{"seg_id":"30373","str_type":"Private","seg_descr":"Pl5340","street_id":"3139"}},{"type":"Feature","geometry":{"type":"MultiPolygon","coordinates":[[[[144.951929,-37.80955],[144.951958,-37.809539],[144.952171,-37.809948],[144.951997,-37.810002],[144.951975,-37.80996],[144.952116,-37.809916],[144.951929,-37.80955]]]]},"properties":{"seg_id":"21414","str_type":"Council Minor","seg_descr":"Flagstaff Lane from Dudley Street","street_id":"3058"}},{"type":"Feature","geometry":{"type":"MultiPolygon","coordinates":[[[[144.950315,-37.812183],[144.950351,-37.812173],[144.950743,-37.812062],[144.950823,-37.812231],[144.949522,-37.812599],[144.949355,-37.812452],[144.950315,-37.812183]]]]},"properties":{"seg_id":"21501","str_type":"Council Major","seg_descr":"Jeffcott Street between Adderley Street and Spencer Street","street_id":"740"}},{"type":"Feature","geometry":{"type":"MultiPolygon","coordinates":[[[[144.950917,-37.801779],[144.950885,-37.801949],[144.950869,-37.801948],[144.950871,-37.801935],[144.950874,-37.801935],[144.950902,-37.801778],[144.950917,-37.801779]]]]},"properties":{"seg_id":"30405","str_type":"Private","seg_descr":"Pl5162","street_id":"2912"}},{"type":"Feature","geometry":{"type":"MultiPolygon","coordinates":[[[[144.94879,-37.803469],[144.948785,-37.803519],[144.94876,-37.803674],[144.94819,-37.803611],[144.948197,-37.80357],[144.948726,-37.803629],[144.948814,-37.8031],[144.948856,-37.803105],[144.94879,-37.803469]]]]},"properties":{"seg_id":"21001","str_type":"Council Minor","seg_descr":"Atkin Street between Queensberry Street and Curzon Street","street_id":"403"}},{"type":"Feature","geometry":{"type":"MultiPolygon","coordinates":[[[[144.955815,-37.805533],[144.95581,-37.805564],[144.95544,-37.805522],[144.955446,-37.805489],[144.95557,-37.805502],[144.95558,-37.805494],[144.955602,-37.805376],[144.955617,-37.805378],[144.955627,-37.805379],[144.955637,-37.80538],[144.955617,-37.805499],[144.955626,-37.805513],[144.955815,-37.805533]]]]},"properties":{"seg_id":"20946","str_type":"Council Minor","seg_descr":"Victoria Hotel Lane from Peel Street","street_id":"1292"}},{"type":"Feature","geometry":{"type":"MultiPolygon","coordinates":[[[[144.960858,-37.802059],[144.960812,-37.802324],[144.960479,-37.802252],[144.960522,-37.802019],[144.960734,-37.802045],[144.960858,-37.802059]]]]},"properties":{"seg_id":"20459","str_type":"Council Major","seg_descr":"Intersection of Leicester Street and Pelham Street","street_id":"0"}},{"type":"Feature","geometry":{"type":"MultiPolygon","coordinates":[[[[144.951432,-37.812764],[144.951977,-37.812613],[144.951999,-37.812662],[144.951455,-37.812818],[144.951432,-37.812764]]]]},"properties":{"seg_id":"21509","str_type":"Council Minor","seg_descr":"West End Lane from Spencer Street","street_id":"1174"}},{"type":"Feature","geometry":{"type":"MultiPolygon","coordinates":[[[[144.948925,-37.808498],[144.948658,-37.808665],[144.94845,-37.808448],[144.948716,-37.808282],[144.948925,-37.808498]]]]},"properties":{"seg_id":"21425","str_type":"Arterial","seg_descr":"Intersection of Spencer Street and Stanley Street","street_id":"0"}},{"type":"Feature","geometry":{"type":"MultiPolygon","coordinates":[[[[144.952422,-37.801904],[144.952666,-37.801932],[144.952654,-37.80199],[144.952327,-37.801955],[144.952291,-37.801951],[144.951515,-37.801867],[144.951526,-37.801806],[144.952371,-37.8019],[144.952422,-37.801904]]]]},"properties":{"seg_id":"21100","str_type":"Council Minor","seg_descr":"Byron Street between Chetwynd Street and Leveson Street","street_id":"474"}},{"type":"Feature","geometry":{"type":"MultiPolygon","coordinates":[[[[144.951333,-37.813344],[144.951658,-37.813248],[144.951818,-37.813594],[144.951856,-37.813679],[144.952035,-37.814066],[144.95171,-37.814161],[144.951333,-37.813344]]]]},"properties":{"seg_id":"20032","str_type":"Arterial","seg_descr":"Spencer Street between La Trobe Street and Little Lonsdale Street","street_id":"1086"}},{"type":"Feature","geometry":{"type":"MultiPolygon","coordinates":[[[[144.947905,-37.802175],[144.947872,-37.802375],[144.947841,-37.802371],[144.947874,-37.802172],[144.947905,-37.802175]]]]},"properties":{"seg_id":"30360","str_type":"Private","seg_descr":"Pl5139","street_id":"2969"}},{"type":"Feature","geometry":{"type":"MultiPolygon","coordinates":[[[[144.962959,-37.809176],[144.962893,-37.809195],[144.962822,-37.809039],[144.96167,-37.809378],[144.96174,-37.809535],[144.961675,-37.809553],[144.961579,-37.809344],[144.96286,-37.808967],[144.962862,-37.80897],[144.962879,-37.809005],[144.96289,-37.809022],[144.962959,-37.809176]]]]},"properties":{"seg_id":"21645","str_type":"Council Minor","seg_descr":"Literature Lane between Little La Trobe Street and Little La Trobe Street","street_id":"120083"}},{"type":"Feature","geometry":{"type":"MultiPolygon","coordinates":[[[[144.954386,-37.80584],[144.954345,-37.805836],[144.953861,-37.805781],[144.95388,-37.80551],[144.955014,-37.805638],[144.954974,-37.805907],[144.954386,-37.80584]]]]},"properties":{"seg_id":"20951","str_type":"Council Major","seg_descr":"Victoria Street between Capel Street and Howard Street","street_id":"1152"}},{"type":"Feature","geometry":{"type":"MultiPolygon","coordinates":[[[[144.95493,-37.806167],[144.954516,-37.806124],[144.954428,-37.806094],[144.9543,-37.806083],[144.954345,-37.805836],[144.954386,-37.80584],[144.954346,-37.806053],[144.95447,-37.806068],[144.954467,-37.806082],[144.954933,-37.806133],[144.95493,-37.806167]]]]},"properties":{"seg_id":"21390","str_type":"Council Minor","seg_descr":"Allison Lane between Victoria Street and Capel Street","street_id":"3159"}},{"type":"Feature","geometry":{"type":"MultiPolygon","coordinates":[[[[144.956994,-37.810473],[144.95691,-37.81029],[144.956963,-37.810275],[144.957006,-37.810263],[144.957126,-37.810228],[144.95721,-37.810411],[144.957187,-37.810417],[144.956994,-37.810473]]]]},"properties":{"seg_id":"22652","str_type":"Council Major","seg_descr":"Intersection of Wills Street and A'Beckett Street","street_id":"368"}},{"type":"Feature","geometry":{"type":"MultiPolygon","coordinates":[[[[144.964772,-37.812713],[144.964828,-37.812697],[144.964943,-37.812953],[144.964889,-37.812969],[144.964772,-37.812713]]]]},"properties":{"seg_id":"20324","str_type":"Council Minor","seg_descr":"Louden Place from Little Bourke Street","street_id":"805"}},{"type":"Feature","geometry":{"type":"MultiPolygon","coordinates":[[[[144.946239,-37.810649],[144.946231,-37.810654],[144.946077,-37.81048],[144.946126,-37.81045],[144.946133,-37.810459],[144.94611,-37.810473],[144.946098,-37.810487],[144.946239,-37.810649]]]]},"properties":{"seg_id":"30455","str_type":"Private","seg_descr":"Pl5109","street_id":"2850"}},{"type":"Feature","geometry":{"type":"MultiPolygon","coordinates":[[[[144.950423,-37.800887],[144.950497,-37.800438],[144.950541,-37.800443],[144.950505,-37.800648],[144.950865,-37.800688],[144.950905,-37.800483],[144.95095,-37.800487],[144.950909,-37.800692],[144.951136,-37.800718],[144.95113,-37.800753],[144.950501,-37.800684],[144.950467,-37.800891],[144.950423,-37.800887]]]]},"properties":{"seg_id":"21143","str_type":"Council Minor","seg_descr":"Arden Lane between O'Shanassy Street and Arden Street","street_id":"394"}},{"type":"Feature","geometry":{"type":"MultiPolygon","coordinates":[[[[144.950351,-37.812173],[144.950315,-37.812183],[144.95014,-37.811796],[144.950175,-37.811785],[144.950351,-37.812173]]]]},"properties":{"seg_id":"21496","str_type":"Council Minor","seg_descr":"McDougall Lane between Adderley Street and Jeffcott Street","street_id":"117840"}},{"type":"Feature","geometry":{"type":"MultiPolygon","coordinates":[[[[144.958734,-37.799713],[144.958687,-37.799979],[144.95788,-37.799893],[144.957907,-37.799622],[144.958734,-37.799713]]]]},"properties":{"seg_id":"20851","str_type":"Council Major","seg_descr":"Grattan Street between Berkeley Street and Royal Parade","street_id":"674"}},{"type":"Feature","geometry":{"type":"MultiPolygon","coordinates":[[[[144.954028,-37.799551],[144.953925,-37.79947],[144.95395,-37.79945],[144.954052,-37.799531],[144.954028,-37.799551]]]]},"properties":{"seg_id":"21139","str_type":"Council Minor","seg_descr":"Alexanders Lane from High Street","street_id":"1197"}},{"type":"Feature","geometry":{"type":"MultiPolygon","coordinates":[[[[144.96289,-37.809022],[144.962879,-37.809005],[144.962982,-37.808976],[144.963021,-37.808965],[144.963029,-37.808982],[144.96289,-37.809022]]]]},"properties":{"seg_id":"23288","str_type":"Council Minor","seg_descr":"CL0111 from Literature Lane","street_id":"2079"}},{"type":"Feature","geometry":{"type":"MultiPolygon","coordinates":[[[[144.951467,-37.80018],[144.951524,-37.800222],[144.951507,-37.800222],[144.951492,-37.8003],[144.951502,-37.800302],[144.951512,-37.800305],[144.951522,-37.800308],[144.951531,-37.800312],[144.95154,-37.800316],[144.951548,-37.800321],[144.951556,-37.800327],[144.951563,-37.800333],[144.951569,-37.80034],[144.951574,-37.800347],[144.951579,-37.800354],[144.951583,-37.800362],[144.951586,-37.80037],[144.951588,-37.800378],[144.951589,-37.800386],[144.95159,-37.800394],[144.951589,-37.800402],[144.951495,-37.800928],[144.951495,-37.800929],[144.951496,-37.800931],[144.951496,-37.800932],[144.951497,-37.800934],[144.951498,-37.800935],[144.951499,-37.800937],[144.9515,-37.800938],[144.951502,-37.800939],[144.951503,-37.80094],[144.951505,-37.800941],[144.951506,-37.800942],[144.951508,-37.800942],[144.95151,-37.800943],[144.951512,-37.800943],[144.951514,-37.800944],[144.951516,-37.800944],[144.951518,-37.800944],[144.95152,-37.800944],[144.951522,-37.800944],[144.951523,-37.800943],[144.951525,-37.800943],[144.951527,-37.800942],[144.951529,-37.800941],[144.951531,-37.800941],[144.951532,-37.80094],[144.951533,-37.800939],[144.951535,-37.800937],[144.951536,-37.800936],[144.951858,-37.800489],[144.951967,-37.800583],[144.951905,-37.800659],[144.951816,-37.80078],[144.951795,-37.800804],[144.951747,-37.800875],[144.951705,-37.800947],[144.951665,-37.80102],[144.951327,-37.800985],[144.951409,-37.800536],[144.95145,-37.800267],[144.951467,-37.80018]]]]},"properties":{"seg_id":"21146","str_type":"Council Major","seg_descr":"Leveson Street between Arden Street and Courtney Street","street_id":"791"}},{"type":"Feature","geometry":{"type":"MultiPolygon","coordinates":[[[[144.967982,-37.80944],[144.967933,-37.809455],[144.96786,-37.809301],[144.967847,-37.809305],[144.967631,-37.808835],[144.967605,-37.808843],[144.96759,-37.808811],[144.967871,-37.808729],[144.967886,-37.808759],[144.967711,-37.80881],[144.967913,-37.80925],[144.968027,-37.809217],[144.968042,-37.809249],[144.967911,-37.809286],[144.967982,-37.80944]]]]},"properties":{"seg_id":"20280","str_type":"Council Minor","seg_descr":"Bennetts Lane from Little Lonsdale Street","street_id":"437"}},{"type":"Feature","geometry":{"type":"MultiPolygon","coordinates":[[[[144.951321,-37.802951],[144.951327,-37.802913],[144.951612,-37.802944],[144.951605,-37.802983],[144.951321,-37.802951]]]]},"properties":{"seg_id":"30391","str_type":"Private","seg_descr":"Pl5189","street_id":"2942"}},{"type":"Feature","geometry":{"type":"MultiPolygon","coordinates":[[[[144.958143,-37.804136],[144.958915,-37.804224],[144.959796,-37.806122],[144.958962,-37.805903],[144.958956,-37.80589],[144.958143,-37.804136]]]]},"properties":{"seg_id":"21113","str_type":"Arterial","seg_descr":"Elizabeth Street between Victoria Street and Queensberry Street","street_id":"599"}},{"type":"Feature","geometry":{"type":"MultiPolygon","coordinates":[[[[144.949492,-37.804772],[144.949498,-37.804741],[144.949783,-37.804768],[144.949778,-37.804799],[144.949774,-37.804822],[144.949728,-37.804798],[144.94968,-37.804793],[144.949668,-37.804791],[144.949492,-37.804772]]]]},"properties":{"seg_id":"20985","str_type":"Council Minor","seg_descr":"Webbs Lane from Errol Street","street_id":"1293"}},{"type":"Feature","geometry":{"type":"MultiPolygon","coordinates":[[[[144.959392,-37.801898],[144.959473,-37.801435],[144.959708,-37.800097],[144.95988,-37.800114],[144.959776,-37.8007],[144.959775,-37.800708],[144.959775,-37.800715],[144.959776,-37.800723],[144.959778,-37.800731],[144.95978,-37.800739],[144.959784,-37.800746],[144.959788,-37.800753],[144.959793,-37.80076],[144.959798,-37.800766],[144.959805,-37.800772],[144.959812,-37.800778],[144.959819,-37.800783],[144.959827,-37.800788],[144.959836,-37.800792],[144.959845,-37.800795],[144.959854,-37.800798],[144.959863,-37.8008],[144.959873,-37.800802],[144.959929,-37.800808],[144.95973,-37.801933],[144.959392,-37.801898]]]]},"properties":{"seg_id":"20480","str_type":"Council Major","seg_descr":"Barry Street between Pelham Street and Grattan Street","street_id":"421"}},{"type":"Feature","geometry":{"type":"MultiPolygon","coordinates":[[[[144.95216,-37.808245],[144.952425,-37.808167],[144.952438,-37.808162],[144.952476,-37.808144],[144.952537,-37.808117],[144.952611,-37.80809],[144.952625,-37.808113],[144.95252,-37.808154],[144.952479,-37.808176],[144.952451,-37.808189],[144.952172,-37.808272],[144.95216,-37.808245]]]]},"properties":{"seg_id":"21409","str_type":"Council Minor","seg_descr":"Cl1050 from King Street","street_id":"166"}},{"type":"Feature","geometry":{"type":"MultiPolygon","coordinates":[[[[144.95993,-37.805365],[144.95943,-37.804281],[144.959685,-37.80431],[144.959753,-37.804456],[144.959763,-37.804479],[144.959995,-37.804984],[144.95993,-37.805365]]]]},"properties":{"seg_id":"20456","str_type":"Council Major","seg_descr":"Berkeley Street between Leicester Street and Queensberry Street","street_id":"441"}},{"type":"Feature","geometry":{"type":"MultiPolygon","coordinates":[[[[144.950403,-37.807601],[144.950719,-37.80796],[144.950659,-37.807993],[144.950519,-37.80783],[144.950188,-37.808029],[144.950156,-37.807993],[144.950487,-37.807793],[144.950349,-37.807635],[144.950403,-37.807601]]]]},"properties":{"seg_id":"21430","str_type":"Council Minor","seg_descr":"Cl1224 from Stanley Street","street_id":"2027"}},{"type":"Feature","geometry":{"type":"MultiPolygon","coordinates":[[[[144.955661,-37.815347],[144.95571,-37.815333],[144.955725,-37.815366],[144.955676,-37.81538],[144.955661,-37.815347]]]]},"properties":{"seg_id":"20061","str_type":"Council Minor","seg_descr":"Little Bourke Street between William Street and King Street","street_id":"454"}},{"type":"Feature","geometry":{"type":"MultiPolygon","coordinates":[[[[144.950391,-37.801153],[144.950426,-37.801157],[144.950381,-37.801421],[144.950346,-37.801417],[144.950391,-37.801153]]]]},"properties":{"seg_id":"30388","str_type":"Private","seg_descr":"Bulla Lane","street_id":"2945"}},{"type":"Feature","geometry":{"type":"MultiPolygon","coordinates":[[[[144.949321,-37.80894],[144.949446,-37.809088],[144.949155,-37.809229],[144.949123,-37.809187],[144.948919,-37.808949],[144.948817,-37.808833],[144.948658,-37.808665],[144.948925,-37.808498],[144.949173,-37.808764],[144.949194,-37.808793],[144.949298,-37.808916],[144.949321,-37.80894]]]]},"properties":{"seg_id":"21423","str_type":"Arterial","seg_descr":"Spencer Street between Rosslyn Street and Stanley Street","street_id":"1086"}},{"type":"Feature","geometry":{"type":"MultiPolygon","coordinates":[[[[144.953993,-37.801228],[144.954011,-37.801242],[144.953974,-37.801271],[144.953956,-37.801257],[144.953993,-37.801228]]]]},"properties":{"seg_id":"21130","str_type":"Council Minor","seg_descr":"Dowling Place from Wreckyn Street","street_id":"1237"}},{"type":"Feature","geometry":{"type":"MultiPolygon","coordinates":[[[[144.946135,-37.806571],[144.946107,-37.806558],[144.946297,-37.806283],[144.946198,-37.806257],[144.946213,-37.806235],[144.946289,-37.806255],[144.946344,-37.80627],[144.946135,-37.806571]]]]},"properties":{"seg_id":"30451","str_type":"Private","seg_descr":"Pl5137","street_id":"2881"}},{"type":"Feature","geometry":{"type":"MultiPolygon","coordinates":[[[[144.961712,-37.809636],[144.961778,-37.809615],[144.961849,-37.809769],[144.962043,-37.809712],[144.962065,-37.80976],[144.961808,-37.809838],[144.961807,-37.809837],[144.96174,-37.809857],[144.961727,-37.809828],[144.961652,-37.809849],[144.961643,-37.80983],[144.961785,-37.809788],[144.961712,-37.809636]]]]},"properties":{"seg_id":"21646","str_type":"Council Minor","seg_descr":"CL0112 from Little La Trobe Street","street_id":"2081"}},{"type":"Feature","geometry":{"type":"MultiPolygon","coordinates":[[[[144.959717,-37.815393],[144.959627,-37.815419],[144.959074,-37.81558],[144.958429,-37.815763],[144.958312,-37.81551],[144.958642,-37.815415],[144.958696,-37.815399],[144.959553,-37.81515],[144.959603,-37.815135],[144.96017,-37.814973],[144.960212,-37.814961],[144.960467,-37.814888],[144.960584,-37.815142],[144.960346,-37.815211],[144.960302,-37.815223],[144.959717,-37.815393]]]]},"properties":{"seg_id":"20086","str_type":"Council Major","seg_descr":"Bourke Street between Queen Street and William Street","street_id":"455"}},{"type":"Feature","geometry":{"type":"MultiPolygon","coordinates":[[[[144.954585,-37.815559],[144.95454,-37.815571],[144.954535,-37.815561],[144.954371,-37.815209],[144.954503,-37.815171],[144.954518,-37.815203],[144.95443,-37.815227],[144.954585,-37.815559]]]]},"properties":{"seg_id":"20438","str_type":"Council Minor","seg_descr":"Pender Alley from Little Bourke Street","street_id":"976"}},{"type":"Feature","geometry":{"type":"MultiPolygon","coordinates":[[[[144.955637,-37.80538],[144.955627,-37.805379],[144.955617,-37.805378],[144.955602,-37.805376],[144.95561,-37.805332],[144.955624,-37.805258],[144.955439,-37.805237],[144.955443,-37.80521],[144.955629,-37.805231],[144.955644,-37.805156],[144.955675,-37.80516],[144.955645,-37.805337],[144.955637,-37.80538]]]]},"properties":{"seg_id":"20947","str_type":"Council Minor","seg_descr":"Denby Lane from Capel Street","street_id":"1235"}},{"type":"Feature","geometry":{"type":"MultiPolygon","coordinates":[[[[144.957602,-37.811271],[144.957721,-37.81153],[144.957506,-37.811592],[144.957388,-37.811337],[144.957602,-37.811271]]]]},"properties":{"seg_id":"22614","str_type":"Council Major","seg_descr":"Intersection of La Trobe Street and Wills Street","street_id":"780"}},{"type":"Feature","geometry":{"type":"MultiPolygon","coordinates":[[[[144.95768,-37.810069],[144.958201,-37.809917],[144.958275,-37.8101],[144.957854,-37.810223],[144.95782,-37.810232],[144.95721,-37.810411],[144.957126,-37.810228],[144.957647,-37.810079],[144.95768,-37.810069]]]]},"properties":{"seg_id":"21524","str_type":"Council Major","seg_descr":"A'Beckett Street between Wills Street and Queen Street","street_id":"368"}},{"type":"Feature","geometry":{"type":"MultiPolygon","coordinates":[[[[144.961291,-37.802913],[144.961286,-37.802941],[144.960953,-37.802903],[144.961014,-37.802586],[144.961057,-37.802592],[144.961056,-37.802601],[144.961035,-37.802716],[144.96108,-37.802722],[144.961047,-37.802886],[144.961291,-37.802913]]]]},"properties":{"seg_id":"20871","str_type":"Council Minor","seg_descr":"Cl1002 from Leicester Place","street_id":"1582"}},{"type":"Feature","geometry":{"type":"MultiPolygon","coordinates":[[[[144.957187,-37.810417],[144.95728,-37.810621],[144.957303,-37.810615],[144.957406,-37.810841],[144.957434,-37.810902],[144.957348,-37.810927],[144.957338,-37.810905],[144.957207,-37.810943],[144.957148,-37.810812],[144.957063,-37.810626],[144.956994,-37.810473],[144.957187,-37.810417]],[[144.957356,-37.810902],[144.957355,-37.810902],[144.957355,-37.810903],[144.957354,-37.810903],[144.957353,-37.810903],[144.957352,-37.810903],[144.957352,-37.810903],[144.957351,-37.810904],[144.95735,-37.810904],[144.95735,-37.810904],[144.957349,-37.810905],[144.957349,-37.810905],[144.957349,-37.810906],[144.957348,-37.810906],[144.957348,-37.810907],[144.957348,-37.810907],[144.957347,-37.810908],[144.957347,-37.810908],[144.957347,-37.810909],[144.957347,-37.81091],[144.957347,-37.81091],[144.957348,-37.810911],[144.957348,-37.810911],[144.957348,-37.810912],[144.957348,-37.810912],[144.957349,-37.810913],[144.957349,-37.810913],[144.95735,-37.810914],[144.95735,-37.810914],[144.957351,-37.810915],[144.957351,-37.810915],[144.957352,-37.810915],[144.957353,-37.810916],[144.957353,-37.810916],[144.957354,-37.810916],[144.957355,-37.810916],[144.957356,-37.810916],[144.957356,-37.810916],[144.957357,-37.810916],[144.957358,-37.810916],[144.957359,-37.810916],[144.957359,-37.810915],[144.95736,-37.810915],[144.957361,-37.810915],[144.957361,-37.810915],[144.957362,-37.810914],[144.957362,-37.810914],[144.957363,-37.810913],[144.957363,-37.810913],[144.957363,-37.810912],[144.957364,-37.810912],[144.957364,-37.810911],[144.957364,-37.810911],[144.957364,-37.81091],[144.957364,-37.810909],[144.957364,-37.810909],[144.957364,-37.810908],[144.957364,-37.810908],[144.957364,-37.810907],[144.957364,-37.810907],[144.957363,-37.810906],[144.957363,-37.810906],[144.957362,-37.810905],[144.957362,-37.810905],[144.957361,-37.810904],[144.957361,-37.810904],[144.95736,-37.810903],[144.95736,-37.810903],[144.957359,-37.810903],[144.957358,-37.810903],[144.957357,-37.810903],[144.957357,-37.810903],[144.957356,-37.810902]],[[144.957146,-37.810438],[144.957145,-37.810438],[144.957144,-37.810438],[144.957143,-37.810438],[144.957143,-37.810438],[144.957142,-37.810438],[144.957141,-37.810438],[144.957141,-37.810439],[144.95714,-37.810439],[144.95714,-37.810439],[144.957139,-37.81044],[144.957139,-37.81044],[144.957138,-37.810441],[144.957138,-37.810441],[144.957138,-37.810442],[144.957137,-37.810442],[144.957137,-37.810443],[144.957137,-37.810444],[144.957137,-37.810444],[144.957137,-37.810445],[144.957137,-37.810445],[144.957137,-37.810446],[144.957137,-37.810446],[144.957138,-37.810447],[144.957138,-37.810447],[144.957138,-37.810448],[144.957139,-37.810448],[144.957139,-37.810449],[144.95714,-37.810449],[144.95714,-37.81045],[144.957141,-37.81045],[144.957142,-37.81045],[144.957142,-37.810451],[144.957143,-37.810451],[144.957144,-37.810451],[144.957145,-37.810451],[144.957145,-37.810451],[144.957146,-37.810451],[144.957147,-37.810451],[144.957148,-37.810451],[144.957148,-37.810451],[144.957149,-37.810451],[144.95715,-37.81045],[144.95715,-37.81045],[144.957151,-37.81045],[144.957151,-37.810449],[144.957152,-37.810449],[144.957152,-37.810448],[144.957153,-37.810448],[144.957153,-37.810447],[144.957153,-37.810447],[144.957154,-37.810446],[144.957154,-37.810446],[144.957154,-37.810445],[144.957154,-37.810444],[144.957154,-37.810444],[144.957154,-37.810443],[144.957154,-37.810443],[144.957154,-37.810442],[144.957153,-37.810442],[144.957153,-37.810441],[144.957153,-37.810441],[144.957152,-37.81044],[144.957152,-37.81044],[144.957151,-37.810439],[144.957151,-37.810439],[144.95715,-37.810439],[144.957149,-37.810438],[144.957149,-37.810438],[144.957148,-37.810438],[144.957147,-37.810438],[144.957146,-37.810438],[144.957146,-37.810438]]]]},"properties":{"seg_id":"21521","str_type":"Council Major","seg_descr":"Wills Street between La Trobe Street and A'Beckett Street","street_id":"1180"}},{"type":"Feature","geometry":{"type":"MultiPolygon","coordinates":[[[[144.956034,-37.803042],[144.95602,-37.803041],[144.956027,-37.802993],[144.956251,-37.803019],[144.956245,-37.803041],[144.956039,-37.803017],[144.956034,-37.803041],[144.956034,-37.803042]]]]},"properties":{"seg_id":"30387","str_type":"Private","seg_descr":"Pl5192","street_id":"2946"}},{"type":"Feature","geometry":{"type":"MultiPolygon","coordinates":[[[[144.950897,-37.801496],[144.950907,-37.801442],[144.950949,-37.801213],[144.950987,-37.80122],[144.950891,-37.801731],[144.950856,-37.801723],[144.950897,-37.801496]]]]},"properties":{"seg_id":"21088","str_type":"Council Minor","seg_descr":"Loughmore Lane between Arden Street and Byron Street","street_id":"117909"}},{"type":"Feature","geometry":{"type":"MultiPolygon","coordinates":[[[[144.96088,-37.814352],[144.96096,-37.814533],[144.960914,-37.814546],[144.960833,-37.814366],[144.96088,-37.814352]]]]},"properties":{"seg_id":"30115","str_type":"Private","seg_descr":"Pl5253","street_id":"3016"}},{"type":"Feature","geometry":{"type":"MultiPolygon","coordinates":[[[[144.95573,-37.803593],[144.955682,-37.803864],[144.955345,-37.803824],[144.955388,-37.803556],[144.95573,-37.803593]]]]},"properties":{"seg_id":"20944","str_type":"Council Major","seg_descr":"Intersection of Queensberry Street and Capel Street","street_id":"0"}},{"type":"Feature","geometry":{"type":"MultiPolygon","coordinates":[[[[144.951606,-37.81201],[144.951547,-37.812027],[144.951143,-37.81214],[144.951061,-37.811973],[144.951057,-37.811964],[144.951072,-37.81197],[144.951329,-37.811896],[144.951359,-37.811888],[144.951494,-37.81185],[144.951529,-37.81184],[144.951929,-37.811728],[144.951965,-37.811719],[144.952868,-37.811462],[144.952899,-37.811453],[144.953227,-37.81136],[144.953303,-37.811529],[144.953102,-37.811584],[144.95307,-37.811594],[144.951606,-37.81201]]]]},"properties":{"seg_id":"21514","str_type":"Council Major","seg_descr":"Jeffcott Street between Spencer Street and King Street","street_id":"740"}},{"type":"Feature","geometry":{"type":"MultiPolygon","coordinates":[[[[144.947538,-37.807264],[144.948632,-37.806353],[144.948687,-37.806352],[144.948775,-37.806276],[144.948808,-37.806299],[144.947605,-37.80731],[144.947538,-37.807264]]]]},"properties":{"seg_id":"21434","str_type":"Council Minor","seg_descr":"Jones Place from Spencer Street","street_id":"1261"}},{"type":"Feature","geometry":{"type":"MultiPolygon","coordinates":[[[[144.950172,-37.80273],[144.950426,-37.802758],[144.950419,-37.80279],[144.950368,-37.802785],[144.950333,-37.802781],[144.950167,-37.802762],[144.950172,-37.80273]]]]},"properties":{"seg_id":"21092","str_type":"Council Minor","seg_descr":"Haddows Lane from Lancashire Lane","street_id":"1299"}},{"type":"Feature","geometry":{"type":"MultiPolygon","coordinates":[[[[144.959284,-37.811482],[144.959712,-37.811359],[144.959752,-37.811358],[144.96076,-37.811061],[144.960781,-37.811102],[144.959771,-37.811399],[144.959731,-37.811401],[144.959303,-37.811524],[144.959284,-37.811482]]]]},"properties":{"seg_id":"20340","str_type":"Council Minor","seg_descr":"Guildford Lane between Queen Street and Sutherland Street","street_id":"682"}},{"type":"Feature","geometry":{"type":"MultiPolygon","coordinates":[[[[144.950315,-37.807311],[144.950534,-37.807178],[144.950744,-37.807394],[144.950403,-37.807601],[144.950349,-37.807635],[144.949119,-37.808382],[144.949087,-37.808401],[144.948925,-37.808498],[144.948716,-37.808282],[144.950279,-37.807333],[144.950315,-37.807311]]]]},"properties":{"seg_id":"21429","str_type":"Council Major","seg_descr":"Stanley Street between King Street and Spencer Street","street_id":"1089"}},{"type":"Feature","geometry":{"type":"MultiPolygon","coordinates":[[[[144.952531,-37.809054],[144.953952,-37.808647],[144.954068,-37.808902],[144.952641,-37.809311],[144.952531,-37.809054]]]]},"properties":{"seg_id":"21411","str_type":"Arterial","seg_descr":"Dudley Street between Milton Street and King Street","street_id":"586"}},{"type":"Feature","geometry":{"type":"MultiPolygon","coordinates":[[[[144.966074,-37.808791],[144.966195,-37.809048],[144.964044,-37.809682],[144.963923,-37.809426],[144.964287,-37.809318],[144.964351,-37.809299],[144.966074,-37.808791]]]]},"properties":{"seg_id":"20020","str_type":"Council Major","seg_descr":"La Trobe Street between Russell Street and Swanston Street","street_id":"780"}},{"type":"Feature","geometry":{"type":"MultiPolygon","coordinates":[[[[144.948083,-37.805834],[144.948038,-37.805884],[144.948028,-37.805863],[144.947793,-37.805836],[144.947796,-37.805801],[144.948083,-37.805834]]]]},"properties":{"seg_id":"21353","str_type":"Council Major","seg_descr":"Miller Street between Hawke Street and Curzon Street","street_id":"899"}},{"type":"Feature","geometry":{"type":"MultiPolygon","coordinates":[[[[144.955901,-37.805041],[144.955897,-37.805067],[144.955698,-37.805045],[144.955682,-37.805133],[144.955672,-37.805131],[144.955651,-37.805129],[144.955672,-37.805015],[144.955674,-37.805016],[144.95569,-37.805017],[144.955901,-37.805041]]]]},"properties":{"seg_id":"30366","str_type":"Private","seg_descr":"PL5347","street_id":"3146"}},{"type":"Feature","geometry":{"type":"MultiPolygon","coordinates":[[[[144.957534,-37.813796],[144.957905,-37.814607],[144.957578,-37.814689],[144.957202,-37.813886],[144.957534,-37.813796]]]]},"properties":{"seg_id":"20185","str_type":"Council Major","seg_descr":"William Street between Little Bourke Street and Lonsdale Street","street_id":"1179"}},{"type":"Feature","geometry":{"type":"MultiPolygon","coordinates":[[[[144.963902,-37.810164],[144.963884,-37.810126],[144.963721,-37.809771],[144.964044,-37.809682],[144.964416,-37.810488],[144.964094,-37.81058],[144.963902,-37.810164]]]]},"properties":{"seg_id":"20161","str_type":"Council Major","seg_descr":"Swanston Street between Little Lonsdale Street and La Trobe Street","street_id":"1114"}},{"type":"Feature","geometry":{"type":"MultiPolygon","coordinates":[[[[144.94985,-37.809215],[144.949962,-37.809362],[144.950122,-37.809285],[144.950128,-37.809294],[144.949935,-37.809385],[144.949875,-37.809301],[144.949822,-37.809229],[144.94985,-37.809215]]]]},"properties":{"seg_id":"30525","str_type":"Private","seg_descr":"PL5111","street_id":"2852"}},{"type":"Feature","geometry":{"type":"MultiPolygon","coordinates":[[[[144.964855,-37.803011],[144.963728,-37.802888],[144.963736,-37.802843],[144.964864,-37.802966],[144.964855,-37.803011]]]]},"properties":{"seg_id":"20805","str_type":"Council Minor","seg_descr":"Canada Lane between Cardigan Street and Swanston Street","street_id":"477"}},{"type":"Feature","geometry":{"type":"MultiPolygon","coordinates":[[[[144.954568,-37.813476],[144.954857,-37.814093],[144.95487,-37.814122],[144.954931,-37.814252],[144.954605,-37.814339],[144.954234,-37.813533],[144.954568,-37.813476]]]]},"properties":{"seg_id":"20194","str_type":"Arterial","seg_descr":"King Street between Lonsdale Street and Little Lonsdale Street","street_id":"761"}},{"type":"Feature","geometry":{"type":"MultiPolygon","coordinates":[[[[144.963473,-37.802345],[144.963575,-37.801759],[144.963911,-37.801795],[144.963888,-37.801934],[144.963813,-37.802381],[144.963473,-37.802345]]]]},"properties":{"seg_id":"20487","str_type":"Council Major","seg_descr":"Swanston Street between Pelham Street and Lincoln Square North","street_id":"1114"}},{"type":"Feature","geometry":{"type":"MultiPolygon","coordinates":[[[[144.961712,-37.800496],[144.961711,-37.800505],[144.961686,-37.800644],[144.961785,-37.800655],[144.961903,-37.80067],[144.961915,-37.800672],[144.961911,-37.800691],[144.962047,-37.800705],[144.962045,-37.800715],[144.961909,-37.8007],[144.96168,-37.800675],[144.961611,-37.800668],[144.961574,-37.800664],[144.961579,-37.800632],[144.961645,-37.800639],[144.961703,-37.800311],[144.961744,-37.800316],[144.961712,-37.800496]]]]},"properties":{"seg_id":"20845","str_type":"Council Minor","seg_descr":"Malvina Place from Grattan Street","street_id":"867"}},{"type":"Feature","geometry":{"type":"MultiPolygon","coordinates":[[[[144.958912,-37.808955],[144.958919,-37.80897],[144.958664,-37.809043],[144.958873,-37.809495],[144.959128,-37.80942],[144.95914,-37.809446],[144.958865,-37.809524],[144.958652,-37.809066],[144.958637,-37.809034],[144.958912,-37.808955]]]]},"properties":{"seg_id":"30474","str_type":"Private","seg_descr":"Pl5288","street_id":"3064"}},{"type":"Feature","geometry":{"type":"MultiPolygon","coordinates":[[[[144.953992,-37.813019],[144.953816,-37.812638],[144.954141,-37.812547],[144.954514,-37.813357],[144.954193,-37.813448],[144.954003,-37.813045],[144.953992,-37.813019]]]]},"properties":{"seg_id":"20195","str_type":"Arterial","seg_descr":"King Street between Little Lonsdale Street and La Trobe Street","street_id":"761"}},{"type":"Feature","geometry":{"type":"MultiPolygon","coordinates":[[[[144.950256,-37.801667],[144.950269,-37.801589],[144.950306,-37.801592],[144.950294,-37.801672],[144.950256,-37.801667]]]]},"properties":{"seg_id":"30394","str_type":"Private","seg_descr":"Pl5186","street_id":"2939"}},{"type":"Feature","geometry":{"type":"MultiPolygon","coordinates":[[[[144.95014,-37.801127],[144.949795,-37.80109],[144.949845,-37.800828],[144.950187,-37.800861],[144.95014,-37.801127]]]]},"properties":{"seg_id":"21083","str_type":"Council Major","seg_descr":"Intersection of Arden Street and Errol Street","street_id":"0"}},{"type":"Feature","geometry":{"type":"MultiPolygon","coordinates":[[[[144.959862,-37.814045],[144.959897,-37.814036],[144.960052,-37.81399],[144.960102,-37.814078],[144.960106,-37.814088],[144.959704,-37.814204],[144.959699,-37.814193],[144.959661,-37.814203],[144.959574,-37.814228],[144.959535,-37.81424],[144.959539,-37.814249],[144.959235,-37.814338],[144.95923,-37.814327],[144.959151,-37.814349],[144.959156,-37.814359],[144.95881,-37.81446],[144.958805,-37.814448],[144.958751,-37.814464],[144.958756,-37.814475],[144.958327,-37.814598],[144.958322,-37.814586],[144.958254,-37.814606],[144.958142,-37.814638],[144.958148,-37.81465],[144.957944,-37.814708],[144.957905,-37.814607],[144.958915,-37.814317],[144.958972,-37.814301],[144.95937,-37.814187],[144.959405,-37.814177],[144.959699,-37.814093],[144.959714,-37.814089],[144.959729,-37.814084],[144.959862,-37.814045]]]]},"properties":{"seg_id":"20059","str_type":"Council Major","seg_descr":"Little Bourke Street between Queen Street and William Street","street_id":"809"}},{"type":"Feature","geometry":{"type":"MultiPolygon","coordinates":[[[[144.949628,-37.809325],[144.94934,-37.80946],[144.949155,-37.809229],[144.949446,-37.809088],[144.949628,-37.809325]]]]},"properties":{"seg_id":"21422","str_type":"Arterial","seg_descr":"Intersection of Spencer Street and Rosslyn Street","street_id":"0"}},{"type":"Feature","geometry":{"type":"MultiPolygon","coordinates":[[[[144.961752,-37.808898],[144.961718,-37.808908],[144.961633,-37.808725],[144.961623,-37.808703],[144.961662,-37.808692],[144.961678,-37.808726],[144.961673,-37.808727],[144.961752,-37.808898]]]]},"properties":{"seg_id":"30503","str_type":"Private","seg_descr":"Pl5221","street_id":"2978"}},{"type":"Feature","geometry":{"type":"MultiPolygon","coordinates":[[[[144.952118,-37.800911],[144.952349,-37.801004],[144.952347,-37.801015],[144.952109,-37.80092],[144.95211,-37.800918],[144.952118,-37.800911]]]]},"properties":{"seg_id":"30403","str_type":"Private","seg_descr":"Pl5166","street_id":"2918"}},{"type":"Feature","geometry":{"type":"MultiPolygon","coordinates":[[[[144.965072,-37.806754],[144.965209,-37.806769],[144.965712,-37.806827],[144.965671,-37.807095],[144.965651,-37.807093],[144.965369,-37.80706],[144.965324,-37.807055],[144.965273,-37.807051],[144.964901,-37.80701],[144.964519,-37.806968],[144.964567,-37.806697],[144.965072,-37.806754]]]]},"properties":{"seg_id":"21605","str_type":"Arterial","seg_descr":"Victoria Street between Lygon Street and Cardigan Street","street_id":"1152"}},{"type":"Feature","geometry":{"type":"MultiPolygon","coordinates":[[[[144.954299,-37.799453],[144.954225,-37.799394],[144.953853,-37.799097],[144.954337,-37.798715],[144.955087,-37.799314],[144.954666,-37.799748],[144.954299,-37.799453]]]]},"properties":{"seg_id":"22688","str_type":"Arterial","seg_descr":"Flemington Road between Wreckyn Street and Villiers Street","street_id":"632"}},{"type":"Feature","geometry":{"type":"MultiPolygon","coordinates":[[[[144.951456,-37.808946],[144.951467,-37.808942],[144.95146,-37.808932],[144.951489,-37.808921],[144.951548,-37.809029],[144.951517,-37.809042],[144.951456,-37.808946]]]]},"properties":{"seg_id":"21420","str_type":"Council Minor","seg_descr":"Cl0053 from Cl1181","street_id":"353"}},{"type":"Feature","geometry":{"type":"MultiPolygon","coordinates":[[[[144.951907,-37.806191],[144.951906,-37.8062],[144.951583,-37.806164],[144.951592,-37.806215],[144.951577,-37.806213],[144.951567,-37.806153],[144.951622,-37.806159],[144.951907,-37.806191]]]]},"properties":{"seg_id":"21379","str_type":"Council Minor","seg_descr":"Cl1573 from Chetwynd Street","street_id":"235"}},{"type":"Feature","geometry":{"type":"MultiPolygon","coordinates":[[[[144.961375,-37.805719],[144.960807,-37.805657],[144.960814,-37.805619],[144.961382,-37.805681],[144.961375,-37.805719]]]]},"properties":{"seg_id":"23340","str_type":"Council Minor","seg_descr":"Alma Place from Bouverie Street","street_id":"379"}},{"type":"Feature","geometry":{"type":"MultiPolygon","coordinates":[[[[144.962312,-37.800378],[144.962359,-37.800109],[144.962699,-37.800146],[144.962652,-37.800416],[144.962312,-37.800378]]]]},"properties":{"seg_id":"20469","str_type":"Council Major","seg_descr":"Intersection of Bouverie Street and Grattan Street","street_id":"674"}},{"type":"Feature","geometry":{"type":"MultiPolygon","coordinates":[[[[144.966801,-37.810369],[144.966831,-37.810434],[144.966764,-37.810454],[144.966765,-37.810456],[144.966571,-37.810514],[144.966566,-37.810502],[144.966233,-37.810602],[144.966238,-37.810612],[144.966012,-37.81068],[144.965982,-37.810616],[144.966092,-37.810583],[144.966095,-37.810591],[144.966602,-37.810438],[144.966599,-37.810432],[144.96663,-37.810423],[144.966629,-37.810421],[144.966801,-37.810369]]]]},"properties":{"seg_id":"30730","str_type":"Private","seg_descr":"Artemis Lane","street_id":"117925"}},{"type":"Feature","geometry":{"type":"MultiPolygon","coordinates":[[[[144.962421,-37.80434],[144.962386,-37.804336],[144.962414,-37.804173],[144.962449,-37.804176],[144.962421,-37.80434]]]]},"properties":{"seg_id":"22833","str_type":"Council Minor","seg_descr":"Brompton Place from Queensberry Street","street_id":"1213"}},{"type":"Feature","geometry":{"type":"MultiPolygon","coordinates":[[[[144.959304,-37.807376],[144.959344,-37.807463],[144.959366,-37.807457],[144.959382,-37.807491],[144.959318,-37.80751],[144.959262,-37.807389],[144.959304,-37.807376]]]]},"properties":{"seg_id":"30479","str_type":"Private","seg_descr":"Pl5285","street_id":"3060"}},{"type":"Feature","geometry":{"type":"MultiPolygon","coordinates":[[[[144.955584,-37.799705],[144.955087,-37.799314],[144.957229,-37.799546],[144.9572,-37.799816],[144.955632,-37.799641],[144.955584,-37.799705]]]]},"properties":{"seg_id":"21552","str_type":"Council Major","seg_descr":"Grattan Street between Flemington Road and Elizabeth Street","street_id":"674"}},{"type":"Feature","geometry":{"type":"MultiPolygon","coordinates":[[[[144.958596,-37.801809],[144.959029,-37.801857],[144.95907,-37.801862],[144.959392,-37.801898],[144.959176,-37.802146],[144.958692,-37.802093],[144.958665,-37.80209],[144.958596,-37.801809]]]]},"properties":{"seg_id":"20477","str_type":"Council Major","seg_descr":"Pelham Street between Berkeley Street and Barry Street","street_id":"975"}},{"type":"Feature","geometry":{"type":"MultiPolygon","coordinates":[[[[144.949683,-37.810402],[144.949654,-37.810415],[144.949504,-37.810473],[144.949492,-37.810477],[144.949407,-37.81051],[144.949378,-37.810521],[144.948043,-37.811025],[144.947894,-37.81078],[144.949,-37.810361],[144.949178,-37.810294],[144.949336,-37.810234],[144.949369,-37.810221],[144.949754,-37.810072],[144.949911,-37.810315],[144.949683,-37.810402]]]]},"properties":{"seg_id":"21483","str_type":"Arterial","seg_descr":"Dudley Street between Adderley Street and Spencer Street","street_id":"586"}},{"type":"Feature","geometry":{"type":"MultiPolygon","coordinates":[[[[144.949845,-37.800828],[144.949795,-37.80109],[144.949252,-37.801031],[144.949198,-37.801026],[144.948651,-37.800966],[144.948706,-37.800704],[144.949845,-37.800828]]]]},"properties":{"seg_id":"21074","str_type":"Council Major","seg_descr":"Arden Street between Errol Street and Curzon Street","street_id":"395"}},{"type":"Feature","geometry":{"type":"MultiPolygon","coordinates":[[[[144.955631,-37.815773],[144.955648,-37.815809],[144.955834,-37.816215],[144.95551,-37.816303],[144.955138,-37.815492],[144.955462,-37.815404],[144.955631,-37.815773]]]]},"properties":{"seg_id":"20192","str_type":"Arterial","seg_descr":"King Street between Bourke Street and Little Bourke Street","street_id":"761"}},{"type":"Feature","geometry":{"type":"MultiPolygon","coordinates":[[[[144.958055,-37.808552],[144.958026,-37.808718],[144.95782,-37.808778],[144.957951,-37.808028],[144.958034,-37.807551],[144.958241,-37.807491],[144.958206,-37.8077],[144.958062,-37.808513],[144.958055,-37.808552]]]]},"properties":{"seg_id":"21630","str_type":"Council Major","seg_descr":"Queen Street between Franklin Street and Therry Street","street_id":"1010"}},{"type":"Feature","geometry":{"type":"MultiPolygon","coordinates":[[[[144.960428,-37.811951],[144.96044,-37.811983],[144.960258,-37.812036],[144.960245,-37.812004],[144.960428,-37.811951]]]]},"properties":{"seg_id":"22792","str_type":"Council Minor","seg_descr":"Cl0034 from Hardware Street","street_id":"2250"}},{"type":"Feature","geometry":{"type":"MultiPolygon","coordinates":[[[[144.947697,-37.802489],[144.947773,-37.802499],[144.947769,-37.802528],[144.947693,-37.802519],[144.947697,-37.802489]]]]},"properties":{"seg_id":"30360","str_type":"Private","seg_descr":"Pl5139","street_id":"2969"}},{"type":"Feature","geometry":{"type":"MultiPolygon","coordinates":[[[[144.958372,-37.801784],[144.958596,-37.801809],[144.958665,-37.80209],[144.958408,-37.802061],[144.958372,-37.801784]]]]},"properties":{"seg_id":"20473","str_type":"Council Major","seg_descr":"Intersection of Berkeley Street and Pelham Street","street_id":"0"}},{"type":"Feature","geometry":{"type":"MultiPolygon","coordinates":[[[[144.952769,-37.804435],[144.952836,-37.804049],[144.952871,-37.804053],[144.952807,-37.804416],[144.952839,-37.804443],[144.952803,-37.804438],[144.952769,-37.804435]]]]},"properties":{"seg_id":"20968","str_type":"Council Minor","seg_descr":"Ayrshire Hotel Lane from Gardiner Street","street_id":"1205"}},{"type":"Feature","geometry":{"type":"MultiPolygon","coordinates":[[[[144.948149,-37.803844],[144.948146,-37.803872],[144.948122,-37.804012],[144.947789,-37.803971],[144.947821,-37.803781],[144.948154,-37.80382],[144.948149,-37.803844]]]]},"properties":{"seg_id":"20997","str_type":"Arterial","seg_descr":"Intersection of Curzon Street and Elm Street","street_id":"552"}},{"type":"Feature","geometry":{"type":"MultiPolygon","coordinates":[[[[144.954857,-37.814093],[144.955139,-37.814009],[144.955063,-37.813848],[144.955101,-37.813836],[144.955191,-37.814025],[144.95487,-37.814122],[144.954857,-37.814093]]]]},"properties":{"seg_id":"20405","str_type":"Council Minor","seg_descr":"Gough Alley from King Street","street_id":"666"}},{"type":"Feature","geometry":{"type":"MultiPolygon","coordinates":[[[[144.950907,-37.801442],[144.950897,-37.801496],[144.950883,-37.801481],[144.950722,-37.801463],[144.950727,-37.801436],[144.950888,-37.801453],[144.950907,-37.801442]]]]},"properties":{"seg_id":"30432","str_type":"Private","seg_descr":"Pl5366","street_id":"117900"}},{"type":"Feature","geometry":{"type":"MultiPolygon","coordinates":[[[[144.960313,-37.816139],[144.960126,-37.815737],[144.960175,-37.815723],[144.96017,-37.815736],[144.960352,-37.816127],[144.960313,-37.816139]]]]},"properties":{"seg_id":"30102","str_type":"Private","seg_descr":"Normanby Lane","street_id":"3019"}},{"type":"Feature","geometry":{"type":"MultiPolygon","coordinates":[[[[144.959679,-37.807735],[144.959719,-37.807724],[144.959729,-37.807742],[144.959748,-37.80778],[144.959975,-37.807712],[144.95999,-37.807745],[144.959823,-37.807794],[144.959828,-37.807805],[144.959706,-37.807841],[144.959659,-37.807741],[144.959679,-37.807735]]]]},"properties":{"seg_id":"30478","str_type":"Private","seg_descr":"Pl5286","street_id":"3061"}},{"type":"Feature","geometry":{"type":"MultiPolygon","coordinates":[[[[144.951673,-37.806489],[144.951876,-37.806364],[144.951891,-37.806664],[144.951542,-37.806874],[144.951538,-37.806876],[144.951535,-37.806877],[144.951532,-37.806878],[144.951425,-37.80664],[144.951417,-37.806621],[144.951492,-37.806599],[144.951649,-37.806506],[144.951673,-37.806489]]]]},"properties":{"seg_id":"21380","str_type":"Council Major","seg_descr":"Stanley Street between Chetwynd Street and King Street","street_id":"1089"}},{"type":"Feature","geometry":{"type":"MultiPolygon","coordinates":[[[[144.948132,-37.807736],[144.947882,-37.807923],[144.947646,-37.807725],[144.947892,-37.807538],[144.948132,-37.807736]]]]},"properties":{"seg_id":"21432","str_type":"Arterial","seg_descr":"Intersection of Spencer Street and Roden Street","street_id":"0"}},{"type":"Feature","geometry":{"type":"MultiPolygon","coordinates":[[[[144.958429,-37.815763],[144.958103,-37.815853],[144.957983,-37.815598],[144.958312,-37.81551],[144.958429,-37.815763]]]]},"properties":{"seg_id":"20087","str_type":"Council Major","seg_descr":"Intersection of William Street and Bourke Street","street_id":"0"}},{"type":"Feature","geometry":{"type":"MultiPolygon","coordinates":[[[[144.957282,-37.805694],[144.95725,-37.805886],[144.957021,-37.80586],[144.957055,-37.80568],[144.95706,-37.805652],[144.957119,-37.805321],[144.957121,-37.805306],[144.957148,-37.805148],[144.95715,-37.805139],[144.957379,-37.805166],[144.957288,-37.805667],[144.957282,-37.805694]]]]},"properties":{"seg_id":"20931","str_type":"Council Major","seg_descr":"Cobden Street between Victoria Street and Princess Street","street_id":"520"}},{"type":"Feature","geometry":{"type":"MultiPolygon","coordinates":[[[[144.956985,-37.811453],[144.957388,-37.811337],[144.957506,-37.811592],[144.956635,-37.811846],[144.956522,-37.81159],[144.956919,-37.811473],[144.956985,-37.811453]]]]},"properties":{"seg_id":"22615","str_type":"Council Major","seg_descr":"La Trobe Street between Wills Street and William Street","street_id":"780"}},{"type":"Feature","geometry":{"type":"MultiPolygon","coordinates":[[[[144.959975,-37.808442],[144.960003,-37.808434],[144.960104,-37.808645],[144.960071,-37.808655],[144.959975,-37.808442]]]]},"properties":{"seg_id":"30507","str_type":"Private","seg_descr":"Pl5218","street_id":"2975"}},{"type":"Feature","geometry":{"type":"MultiPolygon","coordinates":[[[[144.957944,-37.814708],[144.957626,-37.814806],[144.957618,-37.814787],[144.957583,-37.8147],[144.957578,-37.814689],[144.957905,-37.814607],[144.957944,-37.814708]]]]},"properties":{"seg_id":"20060","str_type":"Council Major","seg_descr":"Intersection of William Street and Little Bourke Street","street_id":"0"}},{"type":"Feature","geometry":{"type":"MultiPolygon","coordinates":[[[[144.956235,-37.8031],[144.956233,-37.803109],[144.956027,-37.803085],[144.956023,-37.803087],[144.956025,-37.803076],[144.956027,-37.803076],[144.956235,-37.8031]]]]},"properties":{"seg_id":"30386","str_type":"Private","seg_descr":"Pl5193","street_id":"2947"}},{"type":"Feature","geometry":{"type":"MultiPolygon","coordinates":[[[[144.953913,-37.803383],[144.95411,-37.802289],[144.95441,-37.802531],[144.954248,-37.80343],[144.953913,-37.803383]]]]},"properties":{"seg_id":"21105","str_type":"Council Major","seg_descr":"Howard Street between Queensberry Street and Courtney Street","street_id":"726"}},{"type":"Feature","geometry":{"type":"MultiPolygon","coordinates":[[[[144.94738,-37.806311],[144.947375,-37.806337],[144.947048,-37.806305],[144.947034,-37.806302],[144.946906,-37.806289],[144.946911,-37.806262],[144.94738,-37.806311]]]]},"properties":{"seg_id":"23360","str_type":"Council Minor","seg_descr":"Austin Place from Curzon Street","street_id":"1876"}},{"type":"Feature","geometry":{"type":"MultiPolygon","coordinates":[[[[144.955388,-37.803556],[144.955427,-37.803337],[144.955733,-37.80358],[144.95573,-37.803593],[144.955388,-37.803556]]]]},"properties":{"seg_id":"21109","str_type":"Council Major","seg_descr":"Capel Street between Queensberry Street and Courtney Street","street_id":"482"}},{"type":"Feature","geometry":{"type":"MultiPolygon","coordinates":[[[[144.954281,-37.800443],[144.955096,-37.801088],[144.955045,-37.801131],[144.954231,-37.800482],[144.954281,-37.800443]]]]},"properties":{"seg_id":"21127","str_type":"Council Minor","seg_descr":"Oxford Street between Blackwood Street and Wreckyn Street","street_id":"951"}},{"type":"Feature","geometry":{"type":"MultiPolygon","coordinates":[[[[144.95179,-37.805552],[144.951797,-37.805553],[144.951764,-37.805745],[144.951757,-37.805744],[144.95179,-37.805552]]]]},"properties":{"seg_id":"22871","str_type":"Council Minor","seg_descr":"Cl1254 between Victoria Street and Prout Lane","street_id":"190"}},{"type":"Feature","geometry":{"type":"MultiPolygon","coordinates":[[[[144.949336,-37.810234],[144.94908,-37.80986],[144.949115,-37.809844],[144.949369,-37.810221],[144.949336,-37.810234]]]]},"properties":{"seg_id":"21481","str_type":"Council Minor","seg_descr":"Cl1225 from Dudley Street","street_id":"191"}},{"type":"Feature","geometry":{"type":"MultiPolygon","coordinates":[[[[144.95307,-37.811594],[144.953102,-37.811584],[144.953147,-37.811686],[144.953151,-37.811685],[144.953178,-37.811747],[144.953141,-37.811757],[144.95307,-37.811594]]]]},"properties":{"seg_id":"30512","str_type":"Private","seg_descr":"Pl5152","street_id":"2896"}},{"type":"Feature","geometry":{"type":"MultiPolygon","coordinates":[[[[144.951925,-37.806093],[144.95192,-37.806117],[144.951554,-37.806076],[144.951532,-37.80589],[144.951565,-37.805893],[144.951582,-37.806055],[144.951925,-37.806093]]]]},"properties":{"seg_id":"30527","str_type":"Private","seg_descr":"Pl5146","street_id":"2890"}},{"type":"Feature","geometry":{"type":"MultiPolygon","coordinates":[[[[144.966733,-37.81022],[144.966707,-37.810163],[144.966607,-37.809945],[144.966931,-37.809862],[144.967305,-37.810661],[144.966981,-37.81076],[144.966831,-37.810434],[144.966801,-37.810369],[144.966733,-37.81022]]]]},"properties":{"seg_id":"20152","str_type":"Council Major","seg_descr":"Russell Street between Lonsdale Street and Little Lonsdale Street","street_id":"1045"}},{"type":"Feature","geometry":{"type":"MultiPolygon","coordinates":[[[[144.966366,-37.805049],[144.966024,-37.805016],[144.966067,-37.80474],[144.966412,-37.804778],[144.966366,-37.805049]]]]},"properties":{"seg_id":"20523","str_type":"Council Major","seg_descr":"Intersection of Lygon Street and Queensberry Street","street_id":"0"}},{"type":"Feature","geometry":{"type":"MultiPolygon","coordinates":[[[[144.955834,-37.816215],[144.955946,-37.816468],[144.955633,-37.816557],[144.95551,-37.816303],[144.955834,-37.816215]]]]},"properties":{"seg_id":"20089","str_type":"Arterial","seg_descr":"Intersection of King Street and Bourke Street","street_id":"0"}},{"type":"Feature","geometry":{"type":"MultiPolygon","coordinates":[[[[144.959294,-37.803991],[144.95943,-37.804281],[144.959223,-37.804258],[144.959191,-37.804254],[144.958915,-37.804224],[144.958785,-37.803937],[144.959294,-37.803991]]]]},"properties":{"seg_id":"20864","str_type":"Council Major","seg_descr":"Queensberry Street between Berkeley Street and Elizabeth Street","street_id":"1008"}},{"type":"Feature","geometry":{"type":"MultiPolygon","coordinates":[[[[144.954172,-37.808586],[144.953952,-37.808647],[144.95376,-37.808218],[144.953976,-37.80816],[144.954172,-37.808586]]]]},"properties":{"seg_id":"21403","str_type":"Council Major","seg_descr":"Milton Street between Dudley Street and Walsh Street","street_id":"901"}},{"type":"Feature","geometry":{"type":"MultiPolygon","coordinates":[[[[144.967199,-37.806983],[144.967537,-37.807019],[144.967491,-37.807294],[144.967136,-37.807257],[144.967199,-37.806983]]]]},"properties":{"seg_id":"21602","str_type":"Arterial","seg_descr":"Intersection of Victoria Street and Drummond Street","street_id":"0"}},{"type":"Feature","geometry":{"type":"MultiPolygon","coordinates":[[[[144.956769,-37.802717],[144.956835,-37.802336],[144.957509,-37.803794],[144.957249,-37.803762],[144.957121,-37.80348],[144.95711,-37.803455],[144.956769,-37.802717]]]]},"properties":{"seg_id":"21116","str_type":"Council Major","seg_descr":"O'Connell Street between Queensberry Street and Peel Street","street_id":"939"}},{"type":"Feature","geometry":{"type":"MultiPolygon","coordinates":[[[[144.956797,-37.804751],[144.956683,-37.804739],[144.956686,-37.804722],[144.9568,-37.804735],[144.956797,-37.804751]]]]},"properties":{"seg_id":"30364","str_type":"Private","seg_descr":"PL5348","street_id":"2897"}},{"type":"Feature","geometry":{"type":"MultiPolygon","coordinates":[[[[144.959685,-37.80431],[144.95943,-37.804281],[144.959294,-37.803991],[144.959554,-37.804021],[144.959685,-37.80431]]]]},"properties":{"seg_id":"20470","str_type":"Council Major","seg_descr":"Intersection of Berkeley Street and Queensberry Street","street_id":"0"}},{"type":"Feature","geometry":{"type":"MultiPolygon","coordinates":[[[[144.959714,-37.814089],[144.959699,-37.814093],[144.959672,-37.814032],[144.95967,-37.814032],[144.959543,-37.813752],[144.959575,-37.813742],[144.959607,-37.813812],[144.959608,-37.813815],[144.959592,-37.813819],[144.959639,-37.813924],[144.95965,-37.813921],[144.95966,-37.813942],[144.959649,-37.813945],[144.959714,-37.814089]]]]},"properties":{"seg_id":"30185","str_type":"Private","seg_descr":"St Johns Lane","street_id":"1054"}},{"type":"Feature","geometry":{"type":"MultiPolygon","coordinates":[[[[144.947034,-37.806302],[144.947048,-37.806305],[144.947032,-37.806402],[144.947031,-37.806404],[144.947018,-37.806403],[144.947034,-37.806302]]]]},"properties":{"seg_id":"30463","str_type":"Private","seg_descr":"Austin Place","street_id":"1876"}},{"type":"Feature","geometry":{"type":"MultiPolygon","coordinates":[[[[144.948824,-37.804521],[144.948814,-37.804577],[144.94872,-37.804567],[144.94873,-37.804511],[144.948824,-37.804521]]]]},"properties":{"seg_id":"30434","str_type":"Private","seg_descr":"Errol Place","street_id":"608"}},{"type":"Feature","geometry":{"type":"MultiPolygon","coordinates":[[[[144.955259,-37.807504],[144.955281,-37.807507],[144.955266,-37.80759],[144.955243,-37.807587],[144.955254,-37.807532],[144.955259,-37.807504]]]]},"properties":{"seg_id":"30500","str_type":"Private","seg_descr":"Pl5157","street_id":"2902"}},{"type":"Feature","geometry":{"type":"MultiPolygon","coordinates":[[[[144.966024,-37.805016],[144.966366,-37.805049],[144.966285,-37.805503],[144.966282,-37.80553],[144.966052,-37.80686],[144.965712,-37.806827],[144.965828,-37.80614],[144.965843,-37.806051],[144.966024,-37.805016]]]]},"properties":{"seg_id":"20522","str_type":"Council Major","seg_descr":"Lygon Street between Victoria Street and Queensberry Street","street_id":"840"}},{"type":"Feature","geometry":{"type":"MultiPolygon","coordinates":[[[[144.949202,-37.805676],[144.949202,-37.805676],[144.949202,-37.805676],[144.949202,-37.805675],[144.949203,-37.805675],[144.949203,-37.805675],[144.949203,-37.805675],[144.949203,-37.805675],[144.949203,-37.805675],[144.949203,-37.805675],[144.949203,-37.805674],[144.949203,-37.805674],[144.949203,-37.805674],[144.949203,-37.805674],[144.949203,-37.805674],[144.949203,-37.805674],[144.949191,-37.805643],[144.949183,-37.805613],[144.949176,-37.805582],[144.949173,-37.805555],[144.949173,-37.805536],[144.949174,-37.805518],[144.949176,-37.805499],[144.949213,-37.805295],[144.949402,-37.805278],[144.949355,-37.805516],[144.949437,-37.805746],[144.94961,-37.805942],[144.949202,-37.805676]]]]},"properties":{"seg_id":"22834","str_type":"Council Major","seg_descr":"King Street between Roden Street and Victoria Street","street_id":"761"}},{"type":"Feature","geometry":{"type":"MultiPolygon","coordinates":[[[[144.9636,-37.801624],[144.963934,-37.801659],[144.963911,-37.801795],[144.963575,-37.801759],[144.9636,-37.801624]]]]},"properties":{"seg_id":"21558","str_type":"Council Major","seg_descr":"Intersection of Swanston Street and Lincoln Square North","street_id":"1114"}},{"type":"Feature","geometry":{"type":"MultiPolygon","coordinates":[[[[144.948575,-37.801403],[144.94972,-37.801527],[144.949714,-37.801563],[144.948569,-37.80144],[144.948575,-37.801403]]]]},"properties":{"seg_id":"21075","str_type":"Council Minor","seg_descr":"Scotia Street between Curzon Street and Errol Street","street_id":"1064"}},{"type":"Feature","geometry":{"type":"MultiPolygon","coordinates":[[[[144.959687,-37.802162],[144.95973,-37.801933],[144.960522,-37.802019],[144.960479,-37.802252],[144.959687,-37.802162]]]]},"properties":{"seg_id":"20479","str_type":"Council Major","seg_descr":"Pelham Street between Leicester Street and Barry Street","street_id":"975"}},{"type":"Feature","geometry":{"type":"MultiPolygon","coordinates":[[[[144.949412,-37.808675],[144.949194,-37.808793],[144.949173,-37.808764],[144.949537,-37.808562],[144.94955,-37.808577],[144.950304,-37.808165],[144.95039,-37.808261],[144.950772,-37.808069],[144.95085,-37.808155],[144.950874,-37.808183],[144.951002,-37.808331],[144.950946,-37.808359],[144.95075,-37.808132],[144.950398,-37.808307],[144.950305,-37.808199],[144.949759,-37.808495],[144.949573,-37.808597],[144.949566,-37.8086],[144.94949,-37.80863],[144.94944,-37.808659],[144.949412,-37.808675]]]]},"properties":{"seg_id":"21426","str_type":"Council Minor","seg_descr":"Mansion House Lane between Spencer Street and Rosslyn Street","street_id":"871"}},{"type":"Feature","geometry":{"type":"MultiPolygon","coordinates":[[[[144.950744,-37.807394],[144.951015,-37.807233],[144.951216,-37.807452],[144.951411,-37.807674],[144.9516,-37.807899],[144.951657,-37.807962],[144.951394,-37.808142],[144.951081,-37.807763],[144.950915,-37.807576],[144.950744,-37.807394]]]]},"properties":{"seg_id":"21427","str_type":"Arterial","seg_descr":"King Street between Rosslyn Street and Stanley Street","street_id":"761"}},{"type":"Feature","geometry":{"type":"MultiPolygon","coordinates":[[[[144.953534,-37.80452],[144.953499,-37.804516],[144.953569,-37.804131],[144.953553,-37.804128],[144.953548,-37.804127],[144.953559,-37.804068],[144.95358,-37.80407],[144.953593,-37.804004],[144.953608,-37.804006],[144.953597,-37.804072],[144.95363,-37.804075],[144.95362,-37.804138],[144.953602,-37.804136],[144.953534,-37.80452]]]]},"properties":{"seg_id":"30395","str_type":"Private","seg_descr":"Pl5183","street_id":"2936"}},{"type":"Feature","geometry":{"type":"MultiPolygon","coordinates":[[[[144.957907,-37.812493],[144.957922,-37.812488],[144.957931,-37.812486],[144.958113,-37.812879],[144.958089,-37.812886],[144.957907,-37.812493]]]]},"properties":{"seg_id":"30875","str_type":"Private","seg_descr":"Rostella Way","street_id":"120150"}},{"type":"Feature","geometry":{"type":"MultiPolygon","coordinates":[[[[144.949378,-37.810521],[144.949407,-37.81051],[144.949462,-37.810622],[144.949481,-37.810641],[144.949472,-37.810678],[144.949427,-37.810662],[144.949435,-37.810636],[144.949378,-37.810521]]]]},"properties":{"seg_id":"30505","str_type":"Private","seg_descr":"Pl5219","street_id":"2976"}},{"type":"Feature","geometry":{"type":"MultiPolygon","coordinates":[[[[144.947918,-37.805162],[144.948338,-37.8051],[144.94854,-37.805226],[144.94858,-37.805251],[144.94862,-37.805277],[144.948659,-37.805303],[144.948452,-37.805489],[144.947918,-37.805162]]]]},"properties":{"seg_id":"21350","str_type":"Arterial","seg_descr":"King Street between Hawke Street and Victoria Street","street_id":"761"}},{"type":"Feature","geometry":{"type":"MultiPolygon","coordinates":[[[[144.959704,-37.814204],[144.959834,-37.814484],[144.959794,-37.814496],[144.959661,-37.814203],[144.959699,-37.814193],[144.959704,-37.814204]]]]},"properties":{"seg_id":"20346","str_type":"Council Minor","seg_descr":"Merlin Alley from Little Bourke Street","street_id":"892"}},{"type":"Feature","geometry":{"type":"MultiPolygon","coordinates":[[[[144.961788,-37.813585],[144.961835,-37.813572],[144.962095,-37.814139],[144.962047,-37.814152],[144.961788,-37.813585]]]]},"properties":{"seg_id":"20376","str_type":"Council Minor","seg_descr":"Warburton Lane from Little Bourke Street","street_id":"1161"}},{"type":"Feature","geometry":{"type":"MultiPolygon","coordinates":[[[[144.958818,-37.800566],[144.958824,-37.800535],[144.959164,-37.800571],[144.959194,-37.800407],[144.959249,-37.800413],[144.959195,-37.800697],[144.959143,-37.800692],[144.959159,-37.800602],[144.958818,-37.800566]]]]},"properties":{"seg_id":"20853","str_type":"Council Minor","seg_descr":"Cl1593 from Berkeley Street","street_id":"335"}},{"type":"Feature","geometry":{"type":"MultiPolygon","coordinates":[[[[144.964459,-37.810574],[144.964416,-37.810488],[144.966564,-37.80986],[144.966607,-37.809945],[144.966465,-37.809986],[144.966472,-37.81],[144.965231,-37.810363],[144.965225,-37.810349],[144.964601,-37.810532],[144.96457,-37.810541],[144.964459,-37.810574]]]]},"properties":{"seg_id":"20038","str_type":"Council Major","seg_descr":"Little Lonsdale Street between Russell Street and Swanston Street","street_id":"825"}},{"type":"Feature","geometry":{"type":"MultiPolygon","coordinates":[[[[144.959405,-37.814177],[144.95937,-37.814187],[144.959135,-37.813674],[144.959023,-37.813706],[144.959018,-37.813694],[144.959089,-37.813675],[144.959165,-37.813653],[144.959405,-37.814177]]]]},"properties":{"seg_id":"30100","str_type":"Private","seg_descr":"Pl5257","street_id":"3020"}},{"type":"Feature","geometry":{"type":"MultiPolygon","coordinates":[[[[144.958565,-37.800674],[144.958687,-37.799979],[144.958918,-37.800009],[144.958824,-37.800535],[144.958818,-37.800566],[144.958596,-37.801809],[144.958372,-37.801784],[144.958399,-37.80162],[144.958402,-37.801598],[144.958555,-37.800729],[144.958565,-37.800674]]]]},"properties":{"seg_id":"20474","str_type":"Council Major","seg_descr":"Berkeley Street between Pelham Street and Grattan Street","street_id":"441"}},{"type":"Feature","geometry":{"type":"MultiPolygon","coordinates":[[[[144.953127,-37.808206],[144.953022,-37.807969],[144.953049,-37.807959],[144.953101,-37.808075],[144.95314,-37.808162],[144.953156,-37.808197],[144.953127,-37.808206]]]]},"properties":{"seg_id":"30481","str_type":"Private","seg_descr":"Pl5264","street_id":"3029"}},{"type":"Feature","geometry":{"type":"MultiPolygon","coordinates":[[[[144.952896,-37.805002],[144.952862,-37.804999],[144.95288,-37.804902],[144.952913,-37.804906],[144.952896,-37.805002]]]]},"properties":{"seg_id":"30370","str_type":"Private","seg_descr":"Pl5343","street_id":"3142"}},{"type":"Feature","geometry":{"type":"MultiPolygon","coordinates":[[[[144.957186,-37.80495],[144.957309,-37.804255],[144.957314,-37.804228],[144.957344,-37.804051],[144.957526,-37.804352],[144.957541,-37.804385],[144.95752,-37.804385],[144.957411,-37.804985],[144.957184,-37.80496],[144.957186,-37.80495]]]]},"properties":{"seg_id":"20939","str_type":"Council Major","seg_descr":"Cobden Street between Princess Street and Queensberry Street","street_id":"520"}},{"type":"Feature","geometry":{"type":"MultiPolygon","coordinates":[[[[144.949522,-37.812599],[144.949223,-37.812684],[144.949055,-37.812537],[144.949355,-37.812452],[144.949522,-37.812599]]]]},"properties":{"seg_id":"21502","str_type":"Council Major","seg_descr":"Intersection of Adderley Street and Jeffcott Street","street_id":"371"}},{"type":"Feature","geometry":{"type":"MultiPolygon","coordinates":[[[[144.948984,-37.805858],[144.949006,-37.805874],[144.948744,-37.806102],[144.948722,-37.806085],[144.948793,-37.806023],[144.9488,-37.806017],[144.948984,-37.805858]]]]},"properties":{"seg_id":"30488","str_type":"Private","seg_descr":"PL5136","street_id":"2880"}},{"type":"Feature","geometry":{"type":"MultiPolygon","coordinates":[[[[144.95022,-37.810202],[144.950218,-37.810197],[144.950224,-37.810195],[144.95022,-37.810202]]]]},"properties":{"seg_id":"21413","str_type":"Council Minor","seg_descr":"Dudley Street between King Street and Spencer Street","street_id":"586"}},{"type":"Feature","geometry":{"type":"MultiPolygon","coordinates":[[[[144.96564,-37.813147],[144.965663,-37.813196],[144.965737,-37.813357],[144.965412,-37.81345],[144.965407,-37.813437],[144.965353,-37.813321],[144.965337,-37.813288],[144.965042,-37.812635],[144.965362,-37.812543],[144.96564,-37.813147]]]]},"properties":{"seg_id":"20158","str_type":"Council Major","seg_descr":"Swanston Street between Bourke Street and Little Bourke Street","street_id":"1114"}},{"type":"Feature","geometry":{"type":"MultiPolygon","coordinates":[[[[144.962638,-37.803801],[144.962651,-37.803802],[144.962974,-37.803836],[144.962971,-37.803847],[144.963208,-37.803874],[144.963201,-37.803919],[144.962628,-37.803857],[144.962638,-37.803801]]]]},"properties":{"seg_id":"20833","str_type":"Council Minor","seg_descr":"Lincoln Place from Swanston Street","street_id":"793"}},{"type":"Feature","geometry":{"type":"MultiPolygon","coordinates":[[[[144.949906,-37.805594],[144.949979,-37.805579],[144.949974,-37.805613],[144.9499,-37.805632],[144.949906,-37.805594]]]]},"properties":{"seg_id":"30501","str_type":"Private","seg_descr":"PL5102","street_id":"2827"}},{"type":"Feature","geometry":{"type":"MultiPolygon","coordinates":[[[[144.952686,-37.803721],[144.952855,-37.80374],[144.952861,-37.80371],[144.952891,-37.803713],[144.952886,-37.803743],[144.952971,-37.803752],[144.952968,-37.803769],[144.953367,-37.803816],[144.953362,-37.803844],[144.952965,-37.803801],[144.952929,-37.803783],[144.952681,-37.803755],[144.952686,-37.803721]]]]},"properties":{"seg_id":"20965","str_type":"Council Minor","seg_descr":"Browns Lane between Chetwynd Street and Warwick Street","street_id":"1214"}},{"type":"Feature","geometry":{"type":"MultiPolygon","coordinates":[[[[144.947597,-37.804806],[144.947638,-37.80481],[144.947592,-37.805075],[144.945291,-37.804859],[144.945343,-37.804587],[144.947597,-37.804806]]]]},"properties":{"seg_id":"21007","str_type":"Arterial","seg_descr":"Victoria Street between Curzon Street and Abbotsford Street","street_id":"1152"}},{"type":"Feature","geometry":{"type":"MultiPolygon","coordinates":[[[[144.967496,-37.810605],[144.967124,-37.809804],[144.967198,-37.809783],[144.967569,-37.810584],[144.967496,-37.810605]]]]},"properties":{"seg_id":"20275","str_type":"Council Minor","seg_descr":"Hayward Lane between Lonsdale Street and Little Lonsdale Street","street_id":"698"}},{"type":"Feature","geometry":{"type":"MultiPolygon","coordinates":[[[[144.957006,-37.810263],[144.956963,-37.810275],[144.956791,-37.8099],[144.95682,-37.809731],[144.956826,-37.809705],[144.956861,-37.809504],[144.956906,-37.809509],[144.956836,-37.809896],[144.956888,-37.810004],[144.9569,-37.810031],[144.957006,-37.810263]]]]},"properties":{"seg_id":"30870","str_type":"Private","seg_descr":"Frederick Way","street_id":"120139"}},{"type":"Feature","geometry":{"type":"MultiPolygon","coordinates":[[[[144.959523,-37.812012],[144.959483,-37.81192],[144.96006,-37.81175],[144.960066,-37.811763],[144.960963,-37.811501],[144.961015,-37.811486],[144.961196,-37.811433],[144.961344,-37.811389],[144.961401,-37.811373],[144.961625,-37.811308],[144.961667,-37.811391],[144.961417,-37.811463],[144.96137,-37.811478],[144.961114,-37.811552],[144.961119,-37.811564],[144.960815,-37.811646],[144.960776,-37.811657],[144.960771,-37.811647],[144.960409,-37.811754],[144.960344,-37.811771],[144.959943,-37.811889],[144.959904,-37.8119],[144.959523,-37.812012]]]]},"properties":{"seg_id":"20042","str_type":"Council Major","seg_descr":"Little Lonsdale Street between Elizabeth Street and Queen Street","street_id":"825"}},{"type":"Feature","geometry":{"type":"MultiPolygon","coordinates":[[[[144.952013,-37.808994],[144.951716,-37.809117],[144.951699,-37.809093],[144.951997,-37.808969],[144.952013,-37.808994]]]]},"properties":{"seg_id":"30514","str_type":"Private","seg_descr":"Pl5143","street_id":"2887"}},{"type":"Feature","geometry":{"type":"MultiPolygon","coordinates":[[[[144.963658,-37.813958],[144.963641,-37.813963],[144.963266,-37.813148],[144.963283,-37.813143],[144.963658,-37.813958]]]]},"properties":{"seg_id":"30746","str_type":"Private","seg_descr":"GPO Lane","street_id":"118864"}},{"type":"Feature","geometry":{"type":"MultiPolygon","coordinates":[[[[144.961756,-37.813498],[144.961559,-37.813066],[144.961597,-37.813054],[144.961797,-37.813486],[144.961756,-37.813498]]]]},"properties":{"seg_id":"20368","str_type":"Council Minor","seg_descr":"Warburton Alley from Little Bourke Street","street_id":"1160"}},{"type":"Feature","geometry":{"type":"MultiPolygon","coordinates":[[[[144.965781,-37.80471],[144.965827,-37.804442],[144.965861,-37.804446],[144.965815,-37.804713],[144.965781,-37.80471]]]]},"properties":{"seg_id":"20746","str_type":"Council Minor","seg_descr":"Cl1724 from Queensberry Street","street_id":"343"}},{"type":"Feature","geometry":{"type":"MultiPolygon","coordinates":[[[[144.955267,-37.804258],[144.955258,-37.804299],[144.954421,-37.804204],[144.954429,-37.804164],[144.954691,-37.804193],[144.954703,-37.804124],[144.954773,-37.804131],[144.95476,-37.804201],[144.954969,-37.804225],[144.954976,-37.804189],[144.955003,-37.804192],[144.954996,-37.804228],[144.955267,-37.804258]]]]},"properties":{"seg_id":"20957","str_type":"Council Minor","seg_descr":"Capel Place from Capel Street","street_id":"481"}},{"type":"Feature","geometry":{"type":"MultiPolygon","coordinates":[[[[144.951978,-37.800195],[144.952604,-37.799704],[144.952657,-37.799659],[144.953248,-37.799192],[144.953286,-37.799161],[144.953613,-37.798902],[144.953853,-37.799097],[144.953282,-37.799547],[144.953208,-37.799609],[144.952569,-37.800114],[144.952547,-37.800132],[144.952218,-37.800389],[144.951978,-37.800195]]]]},"properties":{"seg_id":"21141","str_type":"Council Major","seg_descr":"Villiers Street between Flemington Road and Courtney Street","street_id":"1154"}},{"type":"Feature","geometry":{"type":"MultiPolygon","coordinates":[[[[144.954914,-37.799942],[144.954713,-37.8001],[144.954688,-37.800123],[144.954671,-37.800137],[144.954448,-37.800311],[144.954422,-37.800331],[144.954281,-37.800443],[144.954231,-37.800482],[144.953955,-37.800701],[144.953905,-37.800737],[144.953639,-37.800947],[144.953603,-37.800976],[144.953278,-37.801232],[144.953035,-37.801035],[144.954021,-37.80026],[144.954097,-37.8002],[144.954666,-37.799748],[144.954914,-37.799942]]]]},"properties":{"seg_id":"21124","str_type":"Council Major","seg_descr":"Wreckyn Street between Flemington Road and Courtney Street","street_id":"1189"}},{"type":"Feature","geometry":{"type":"MultiPolygon","coordinates":[[[[144.949805,-37.806102],[144.94955,-37.806295],[144.949347,-37.806131],[144.94924,-37.80605],[144.949133,-37.805969],[144.949006,-37.805874],[144.948984,-37.805858],[144.948706,-37.805665],[144.948929,-37.805484],[144.948941,-37.805494],[144.949075,-37.805587],[144.949199,-37.805676],[144.949199,-37.805676],[144.949199,-37.805676],[144.9492,-37.805676],[144.9492,-37.805676],[144.9492,-37.805676],[144.9492,-37.805676],[144.9492,-37.805676],[144.949201,-37.805676],[144.949201,-37.805676],[144.949201,-37.805676],[144.949201,-37.805676],[144.949201,-37.805676],[144.949202,-37.805676],[144.949202,-37.805676],[144.949202,-37.805676],[144.94961,-37.805942],[144.949805,-37.806102]]]]},"properties":{"seg_id":"21351","str_type":"Arterial","seg_descr":"King Street between Roden Street and Hawke Street","street_id":"761"}},{"type":"Feature","geometry":{"type":"MultiPolygon","coordinates":[[[[144.966052,-37.80686],[144.966004,-37.807136],[144.965671,-37.807095],[144.965712,-37.806827],[144.966052,-37.80686]]]]},"properties":{"seg_id":"21604","str_type":"Arterial","seg_descr":"Intersection of Victoria Street and Lygon Street","street_id":"0"}},{"type":"Feature","geometry":{"type":"MultiPolygon","coordinates":[[[[144.95411,-37.802289],[144.953849,-37.80208],[144.954096,-37.801884],[144.954335,-37.802077],[144.95411,-37.802289]]]]},"properties":{"seg_id":"21106","str_type":"Council Major","seg_descr":"Intersection of Courtney Street and Blackwood Street","street_id":"0"}},{"type":"Feature","geometry":{"type":"MultiPolygon","coordinates":[[[[144.966699,-37.807643],[144.966899,-37.808068],[144.966845,-37.808084],[144.966823,-37.808091],[144.966626,-37.807665],[144.966668,-37.807653],[144.966699,-37.807643]]]]},"properties":{"seg_id":"21613","str_type":"Council Minor","seg_descr":"Grange Place from MacKenzie Street","street_id":"670"}},{"type":"Feature","geometry":{"type":"MultiPolygon","coordinates":[[[[144.954835,-37.814835],[144.95485,-37.814867],[144.954664,-37.814921],[144.95467,-37.814933],[144.954643,-37.814941],[144.954622,-37.814896],[144.954835,-37.814835]]]]},"properties":{"seg_id":"23248","str_type":"Council Minor","seg_descr":"PT8011 between King Street and Uniacke Court","street_id":"2105"}},{"type":"Feature","geometry":{"type":"MultiPolygon","coordinates":[[[[144.961997,-37.802182],[144.962337,-37.802219],[144.96229,-37.802487],[144.96195,-37.802449],[144.961997,-37.802182]]]]},"properties":{"seg_id":"20466","str_type":"Council Major","seg_descr":"Intersection of Bouverie Street and Pelham Street","street_id":"456"}},{"type":"Feature","geometry":{"type":"MultiPolygon","coordinates":[[[[144.950534,-37.807178],[144.950806,-37.807017],[144.950876,-37.807089],[144.950946,-37.807161],[144.951015,-37.807233],[144.950744,-37.807394],[144.950534,-37.807178]]]]},"properties":{"seg_id":"21428","str_type":"Arterial","seg_descr":"Intersection of King Street and Stanley Street","street_id":"0"}},{"type":"Feature","geometry":{"type":"MultiPolygon","coordinates":[[[[144.95406,-37.807795],[144.95405,-37.807799],[144.95403,-37.807757],[144.954042,-37.807754],[144.954056,-37.807787],[144.95406,-37.807795]]]]},"properties":{"seg_id":"30532","str_type":"Private","seg_descr":"Pl5130","street_id":"2874"}},{"type":"Feature","geometry":{"type":"MultiPolygon","coordinates":[[[[144.967403,-37.805736],[144.966872,-37.805676],[144.966853,-37.805779],[144.966818,-37.805775],[144.966858,-37.805535],[144.966895,-37.805539],[144.966885,-37.805593],[144.96688,-37.805633],[144.966911,-37.805651],[144.967408,-37.805706],[144.967403,-37.805736]]]]},"properties":{"seg_id":"20736","str_type":"Council Minor","seg_descr":"McDonald Lane from Drummond Street","street_id":"2868"}},{"type":"Feature","geometry":{"type":"MultiPolygon","coordinates":[[[[144.955759,-37.804527],[144.955794,-37.804531],[144.955764,-37.804708],[144.955753,-37.804707],[144.955748,-37.804737],[144.955752,-37.804737],[144.955749,-37.804755],[144.955736,-37.804754],[144.955737,-37.804747],[144.955722,-37.804746],[144.955759,-37.804527]]]]},"properties":{"seg_id":"30406","str_type":"Private","seg_descr":"Pl5153","street_id":"2911"}},{"type":"Feature","geometry":{"type":"MultiPolygon","coordinates":[[[[144.950315,-37.807311],[144.950279,-37.807333],[144.950102,-37.807153],[144.949963,-37.807022],[144.949947,-37.80702],[144.949844,-37.807088],[144.949819,-37.807066],[144.949936,-37.806988],[144.949964,-37.806969],[144.950046,-37.807047],[144.950135,-37.807132],[144.950315,-37.807311]]]]},"properties":{"seg_id":"21431","str_type":"Council Minor","seg_descr":"Cl1091 from Stanley Street","street_id":"304"}},{"type":"Feature","geometry":{"type":"MultiPolygon","coordinates":[[[[144.952075,-37.813438],[144.952115,-37.813427],[144.95214,-37.813479],[144.9521,-37.813491],[144.952075,-37.813438]]]]},"properties":{"seg_id":"20450","str_type":"Council Minor","seg_descr":"Cl1683 from Cl1603","street_id":"104"}},{"type":"Feature","geometry":{"type":"MultiPolygon","coordinates":[[[[144.954592,-37.801209],[144.954671,-37.801148],[144.954695,-37.801167],[144.954618,-37.801231],[144.954592,-37.801209]]]]},"properties":{"seg_id":"30384","str_type":"Private","seg_descr":"Pl5196","street_id":"2951"}},{"type":"Feature","geometry":{"type":"MultiPolygon","coordinates":[[[[144.949449,-37.805015],[144.949402,-37.805278],[144.949213,-37.805295],[144.949197,-37.805287],[144.948872,-37.805156],[144.948872,-37.805156],[144.948872,-37.805156],[144.948872,-37.805156],[144.948872,-37.805156],[144.948872,-37.805155],[144.948872,-37.805155],[144.948872,-37.805155],[144.948872,-37.805155],[144.948872,-37.805155],[144.948872,-37.805154],[144.948872,-37.805154],[144.948872,-37.805154],[144.948872,-37.805154],[144.948872,-37.805153],[144.948872,-37.805153],[144.948872,-37.805153],[144.948871,-37.805153],[144.948871,-37.805153],[144.948871,-37.805153],[144.948871,-37.805153],[144.948871,-37.805152],[144.94887,-37.805152],[144.94887,-37.805152],[144.94887,-37.805152],[144.949093,-37.80497],[144.949449,-37.805015]]]]},"properties":{"seg_id":"20993","str_type":"Council Major","seg_descr":"Intersection of Victoria Street and Errol Street","street_id":"0"}},{"type":"Feature","geometry":{"type":"MultiPolygon","coordinates":[[[[144.951011,-37.802738],[144.950531,-37.802684],[144.950536,-37.802649],[144.951016,-37.802703],[144.951011,-37.802738]]]]},"properties":{"seg_id":"21093","str_type":"Council Minor","seg_descr":"Jones Lane from Leveson Street","street_id":"747"}},{"type":"Feature","geometry":{"type":"MultiPolygon","coordinates":[[[[144.945858,-37.806156],[144.945702,-37.806116],[144.945708,-37.806107],[144.945867,-37.806142],[144.945858,-37.806156]]]]},"properties":{"seg_id":"30862","str_type":"Private","seg_descr":"PL5214","street_id":"2971"}},{"type":"Feature","geometry":{"type":"MultiPolygon","coordinates":[[[[144.96582,-37.804159],[144.965861,-37.803922],[144.965709,-37.803906],[144.965714,-37.803878],[144.965866,-37.803894],[144.965913,-37.803621],[144.965991,-37.803629],[144.965929,-37.803989],[144.965907,-37.803986],[144.965876,-37.804165],[144.965838,-37.804161],[144.96582,-37.804159]]]]},"properties":{"seg_id":"20750","str_type":"Council Minor","seg_descr":"Rush Place from Argyle Place South","street_id":"1043"}},{"type":"Feature","geometry":{"type":"MultiPolygon","coordinates":[[[[144.949925,-37.800376],[144.950263,-37.800412],[144.950261,-37.800422],[144.950187,-37.800861],[144.949845,-37.800828],[144.949925,-37.800376]]]]},"properties":{"seg_id":"21145","str_type":"Council Major","seg_descr":"Errol Street between Arden Street and O'Shanassy Street","street_id":"607"}},{"type":"Feature","geometry":{"type":"MultiPolygon","coordinates":[[[[144.962896,-37.800664],[144.963149,-37.800692],[144.963187,-37.800669],[144.963436,-37.800696],[144.963468,-37.800505],[144.963537,-37.800512],[144.963493,-37.800759],[144.963172,-37.800724],[144.963167,-37.800751],[144.962924,-37.800724],[144.962886,-37.80072],[144.962896,-37.800664]]]]},"properties":{"seg_id":"20844","str_type":"Council Minor","seg_descr":"Little Grattan Street from Grattan Street","street_id":"820"}},{"type":"Feature","geometry":{"type":"MultiPolygon","coordinates":[[[[144.947105,-37.810226],[144.947394,-37.810084],[144.947577,-37.810322],[144.947283,-37.810459],[144.947105,-37.810226]]]]},"properties":{"seg_id":"21478","str_type":"Council Major","seg_descr":"Intersection of Rosslyn Street and Adderley Street","street_id":"0"}},{"type":"Feature","geometry":{"type":"MultiPolygon","coordinates":[[[[144.950196,-37.809043],[144.950232,-37.809027],[144.950248,-37.809019],[144.950484,-37.809361],[144.950447,-37.809377],[144.950391,-37.809296],[144.95038,-37.80928],[144.950237,-37.809338],[144.950203,-37.809291],[144.950327,-37.809236],[144.950196,-37.809043]]]]},"properties":{"seg_id":"21418","str_type":"Council Minor","seg_descr":"Cl1115 from Rosslyn Street","street_id":"253"}},{"type":"Feature","geometry":{"type":"MultiPolygon","coordinates":[[[[144.952754,-37.801416],[144.952509,-37.801386],[144.952446,-37.801379],[144.951897,-37.801319],[144.951862,-37.801314],[144.951629,-37.801287],[144.951616,-37.801285],[144.951665,-37.80102],[144.95203,-37.801062],[144.95208,-37.801068],[144.95254,-37.801122],[144.952754,-37.801416]]]]},"properties":{"seg_id":"21097","str_type":"Council Major","seg_descr":"Arden Street between Chetwynd Street and Leveson Street","street_id":"395"}},{"type":"Feature","geometry":{"type":"MultiPolygon","coordinates":[[[[144.953524,-37.814943],[144.953532,-37.814961],[144.953477,-37.815091],[144.95351,-37.815165],[144.953569,-37.815294],[144.953562,-37.815296],[144.953579,-37.815333],[144.95351,-37.815353],[144.953512,-37.815358],[144.953391,-37.815393],[144.953388,-37.815388],[144.953312,-37.815409],[144.953315,-37.815414],[144.953221,-37.815441],[144.953202,-37.815471],[144.953134,-37.815491],[144.953137,-37.815498],[144.953114,-37.815505],[144.953063,-37.815511],[144.952923,-37.815551],[144.952924,-37.815553],[144.952911,-37.815557],[144.952913,-37.815562],[144.952908,-37.815563],[144.952918,-37.815601],[144.952889,-37.815612],[144.952916,-37.815658],[144.952939,-37.815733],[144.952951,-37.81576],[144.952958,-37.815774],[144.952968,-37.815797],[144.952878,-37.815839],[144.952859,-37.815848],[144.952841,-37.81581],[144.952848,-37.815808],[144.952848,-37.815806],[144.952906,-37.815789],[144.952899,-37.815776],[144.952918,-37.81577],[144.952846,-37.81561],[144.952849,-37.815609],[144.952841,-37.815591],[144.952834,-37.815593],[144.952828,-37.815579],[144.952832,-37.815578],[144.952831,-37.815575],[144.952825,-37.815577],[144.952824,-37.815576],[144.952808,-37.81558],[144.952808,-37.815582],[144.952775,-37.815591],[144.952774,-37.81559],[144.952752,-37.815596],[144.952751,-37.815595],[144.952743,-37.815597],[144.952719,-37.815545],[144.952933,-37.815484],[144.952914,-37.81544],[144.953069,-37.815396],[144.953073,-37.815404],[144.953201,-37.815367],[144.953202,-37.815367],[144.953209,-37.815381],[144.953143,-37.8154],[144.953156,-37.815429],[144.953211,-37.815414],[144.953211,-37.815413],[144.953255,-37.8154],[144.95325,-37.815389],[144.953352,-37.81536],[144.953373,-37.815354],[144.953496,-37.815319],[144.953493,-37.815311],[144.953504,-37.815308],[144.953467,-37.815226],[144.953457,-37.815228],[144.953429,-37.815165],[144.953436,-37.815163],[144.953423,-37.815133],[144.953414,-37.815136],[144.953388,-37.815078],[144.953376,-37.815036],[144.953269,-37.81503],[144.953253,-37.815035],[144.953247,-37.815022],[144.953524,-37.814943]]]]},"properties":{"seg_id":"30847","str_type":"Private","seg_descr":"Watertank Way","street_id":"120060"}},{"type":"Feature","geometry":{"type":"MultiPolygon","coordinates":[[[[144.946595,-37.805947],[144.946629,-37.805951],[144.946567,-37.806315],[144.946585,-37.806329],[144.946657,-37.806348],[144.94665,-37.806369],[144.946662,-37.806372],[144.946654,-37.806384],[144.946584,-37.806367],[144.946527,-37.806354],[144.94652,-37.80633],[144.946532,-37.806316],[144.946595,-37.805947]]]]},"properties":{"seg_id":"21356","str_type":"Council Minor","seg_descr":"Miller Place from Miller Street","street_id":"1279"}},{"type":"Feature","geometry":{"type":"MultiPolygon","coordinates":[[[[144.950673,-37.811123],[144.950351,-37.811214],[144.95023,-37.810957],[144.950553,-37.810862],[144.950673,-37.811123]]]]},"properties":{"seg_id":"21498","str_type":"Arterial","seg_descr":"Intersection of Spencer Street and Batman Street","street_id":"0"}},{"type":"Feature","geometry":{"type":"MultiPolygon","coordinates":[[[[144.952568,-37.815216],[144.952719,-37.815545],[144.952743,-37.815597],[144.952841,-37.81581],[144.952859,-37.815848],[144.952942,-37.816028],[144.952615,-37.816122],[144.95224,-37.815311],[144.952239,-37.815309],[144.952568,-37.815216]]]]},"properties":{"seg_id":"20076","str_type":"Arterial","seg_descr":"Spencer Street between Little Bourke Street and Lonsdale Street","street_id":"1086"}},{"type":"Feature","geometry":{"type":"MultiPolygon","coordinates":[[[[144.952282,-37.807545],[144.952264,-37.807521],[144.952242,-37.807493],[144.952225,-37.807482],[144.952242,-37.807474],[144.952378,-37.807303],[144.952396,-37.807326],[144.952381,-37.807342],[144.952286,-37.807483],[144.952408,-37.807645],[144.952374,-37.807662],[144.952282,-37.807545]]]]},"properties":{"seg_id":"21389","str_type":"Council Minor","seg_descr":"CL1102 from Rosslyn Street","street_id":"247"}},{"type":"Feature","geometry":{"type":"MultiPolygon","coordinates":[[[[144.955675,-37.813029],[144.955551,-37.812757],[144.955433,-37.812495],[144.955443,-37.812493],[144.955431,-37.812467],[144.955441,-37.812446],[144.955462,-37.812448],[144.955537,-37.812613],[144.955547,-37.812611],[144.955728,-37.813014],[144.955675,-37.813029]]]]},"properties":{"seg_id":"20402","str_type":"Council Minor","seg_descr":"Brights Place from Little Lonsdale Street","street_id":"463"}},{"type":"Feature","geometry":{"type":"MultiPolygon","coordinates":[[[[144.954413,-37.806989],[144.954114,-37.807136],[144.953995,-37.806879],[144.954296,-37.806733],[144.954413,-37.806989]]]]},"properties":{"seg_id":"21386","str_type":"Council Major","seg_descr":"Intersection of William Street and Rosslyn Street","street_id":"0"}},{"type":"Feature","geometry":{"type":"MultiPolygon","coordinates":[[[[144.960858,-37.802059],[144.961997,-37.802182],[144.96195,-37.802449],[144.960812,-37.802324],[144.960858,-37.802059]]]]},"properties":{"seg_id":"20873","str_type":"Council Major","seg_descr":"Pelham Street between Bouverie Street and Leicester Street","street_id":"975"}},{"type":"Feature","geometry":{"type":"MultiPolygon","coordinates":[[[[144.950354,-37.81333],[144.95122,-37.813085],[144.951333,-37.813344],[144.950331,-37.813626],[144.950303,-37.813634],[144.950054,-37.813415],[144.950354,-37.81333]]]]},"properties":{"seg_id":"21505","str_type":"Council Major","seg_descr":"La Trobe Street between Adderley Street and Spencer Street","street_id":"780"}},{"type":"Feature","geometry":{"type":"MultiPolygon","coordinates":[[[[144.959494,-37.813229],[144.959675,-37.813621],[144.959696,-37.813615],[144.959897,-37.814036],[144.959862,-37.814045],[144.959733,-37.813776],[144.959699,-37.81371],[144.959692,-37.813708],[144.959686,-37.81371],[144.959685,-37.813707],[144.959674,-37.813704],[144.95946,-37.813239],[144.959494,-37.813229]]]]},"properties":{"seg_id":"20344","str_type":"Council Minor","seg_descr":"Barry Lane between Lonsdale Street and Little Bourke Street","street_id":"420"}},{"type":"Feature","geometry":{"type":"MultiPolygon","coordinates":[[[[144.954052,-37.799531],[144.954225,-37.799394],[144.954299,-37.799453],[144.953729,-37.799905],[144.953655,-37.799848],[144.953643,-37.799838],[144.953667,-37.799838],[144.954028,-37.799551],[144.954052,-37.799531]]]]},"properties":{"seg_id":"21138","str_type":"Council Minor","seg_descr":"High Street between Flemington Road and Vale Street","street_id":"707"}},{"type":"Feature","geometry":{"type":"MultiPolygon","coordinates":[[[[144.953393,-37.813405],[144.953397,-37.813404],[144.953409,-37.81343],[144.953372,-37.81344],[144.953212,-37.813486],[144.9532,-37.813461],[144.953393,-37.813405]]]]},"properties":{"seg_id":"20448","str_type":"Council Minor","seg_descr":"Cl1320 from Warner Lane","street_id":"111"}},{"type":"Feature","geometry":{"type":"MultiPolygon","coordinates":[[[[144.961667,-37.813524],[144.961632,-37.813534],[144.961348,-37.812918],[144.961334,-37.812889],[144.961255,-37.81272],[144.961293,-37.812709],[144.961667,-37.813524]]]]},"properties":{"seg_id":"20369","str_type":"Council Minor","seg_descr":"Niagara Lane between Lonsdale Street and Little Bourke Street","street_id":"929"}},{"type":"Feature","geometry":{"type":"MultiPolygon","coordinates":[[[[144.957309,-37.804255],[144.956934,-37.804214],[144.956894,-37.804204],[144.956825,-37.804197],[144.956813,-37.804186],[144.956526,-37.804152],[144.956531,-37.804125],[144.956838,-37.80416],[144.956919,-37.804183],[144.957314,-37.804228],[144.957309,-37.804255]]]]},"properties":{"seg_id":"20940","str_type":"Council Minor","seg_descr":"Meeks Lane from Peel Street","street_id":"1276"}},{"type":"Feature","geometry":{"type":"MultiPolygon","coordinates":[[[[144.958899,-37.810647],[144.958915,-37.810682],[144.958998,-37.810862],[144.958674,-37.810958],[144.958275,-37.8101],[144.9586,-37.810001],[144.958899,-37.810647]]]]},"properties":{"seg_id":"21523","str_type":"Council Major","seg_descr":"Queen Street between La Trobe Street and A'Beckett Street","street_id":"1010"}},{"type":"Feature","geometry":{"type":"MultiPolygon","coordinates":[[[[144.960086,-37.806475],[144.959204,-37.806375],[144.958962,-37.805903],[144.959796,-37.806122],[144.95982,-37.806173],[144.960128,-37.806207],[144.960086,-37.806475]]]]},"properties":{"seg_id":"21112","str_type":"Arterial","seg_descr":"Intersection of Victoria Street and Elizabeth Street","street_id":"0"}},{"type":"Feature","geometry":{"type":"MultiPolygon","coordinates":[[[[144.961928,-37.813022],[144.961906,-37.812999],[144.961759,-37.812936],[144.961745,-37.812907],[144.961894,-37.812955],[144.962023,-37.812917],[144.962043,-37.812959],[144.961955,-37.812987],[144.962131,-37.813373],[144.962137,-37.813387],[144.962097,-37.813399],[144.961928,-37.813022]]]]},"properties":{"seg_id":"20367","str_type":"Council Minor","seg_descr":"White Hart Lane from Little Bourke Street","street_id":"1176"}},{"type":"Feature","geometry":{"type":"MultiPolygon","coordinates":[[[[144.947951,-37.80301],[144.947996,-37.802741],[144.948336,-37.802776],[144.94829,-37.803046],[144.947951,-37.80301]]]]},"properties":{"seg_id":"21000","str_type":"Arterial","seg_descr":"Intersection of Queensberry Street and Curzon Street","street_id":"0"}},{"type":"Feature","geometry":{"type":"MultiPolygon","coordinates":[[[[144.96253,-37.80111],[144.962824,-37.801143],[144.96282,-37.801165],[144.962859,-37.801169],[144.962862,-37.801155],[144.963069,-37.801179],[144.963065,-37.8012],[144.96286,-37.801177],[144.96286,-37.80118],[144.962808,-37.801174],[144.962812,-37.801152],[144.962528,-37.80112],[144.96253,-37.80111]]]]},"properties":{"seg_id":"20842","str_type":"Council Minor","seg_descr":"Cl1335 from Ph8004","street_id":"283"}},{"type":"Feature","geometry":{"type":"MultiPolygon","coordinates":[[[[144.96834,-37.807614],[144.968352,-37.80764],[144.967923,-37.807769],[144.967826,-37.807558],[144.967874,-37.807543],[144.967877,-37.807549],[144.96788,-37.807556],[144.967959,-37.807729],[144.96834,-37.807614]]]]},"properties":{"seg_id":"21610","str_type":"Council Minor","seg_descr":"Grant Lane from Exhibition Street","street_id":"671"}},{"type":"Feature","geometry":{"type":"MultiPolygon","coordinates":[[[[144.946838,-37.806535],[144.946807,-37.806523],[144.946871,-37.806431],[144.946904,-37.80644],[144.94686,-37.806503],[144.946838,-37.806535]]]]},"properties":{"seg_id":"30462","str_type":"Private","seg_descr":"Glencoe Place","street_id":"1877"}},{"type":"Feature","geometry":{"type":"MultiPolygon","coordinates":[[[[144.962387,-37.813412],[144.962321,-37.813431],[144.962053,-37.813509],[144.962014,-37.81352],[144.961835,-37.813572],[144.961788,-37.813585],[144.961618,-37.813635],[144.961582,-37.813645],[144.961491,-37.813672],[144.961459,-37.813681],[144.96132,-37.813721],[144.961243,-37.813743],[144.961087,-37.813789],[144.961039,-37.813803],[144.960848,-37.813858],[144.960852,-37.813867],[144.960419,-37.813996],[144.960414,-37.813984],[144.960376,-37.813899],[144.960661,-37.813816],[144.960655,-37.813804],[144.960694,-37.813793],[144.9607,-37.813805],[144.960807,-37.813773],[144.960846,-37.813762],[144.9612,-37.81366],[144.961269,-37.813639],[144.961632,-37.813534],[144.961667,-37.813524],[144.961756,-37.813498],[144.961797,-37.813486],[144.962097,-37.813399],[144.962137,-37.813387],[144.962131,-37.813373],[144.962529,-37.813259],[144.962535,-37.813272],[144.962566,-37.81336],[144.962387,-37.813412]]]]},"properties":{"seg_id":"20057","str_type":"Council Major","seg_descr":"Little Bourke Street between Elizabeth Street and Queen Street","street_id":"809"}},{"type":"Feature","geometry":{"type":"MultiPolygon","coordinates":[[[[144.965663,-37.813196],[144.96564,-37.813147],[144.96584,-37.813088],[144.965917,-37.812951],[144.965875,-37.812859],[144.965833,-37.812871],[144.965823,-37.812849],[144.965898,-37.812827],[144.965862,-37.812749],[144.965886,-37.812742],[144.965939,-37.812857],[144.965987,-37.812843],[144.966001,-37.812873],[144.965993,-37.812875],[144.965991,-37.812875],[144.96599,-37.812876],[144.965988,-37.812877],[144.965986,-37.812878],[144.965985,-37.812879],[144.965983,-37.81288],[144.965982,-37.812881],[144.965981,-37.812883],[144.96598,-37.812884],[144.965979,-37.812886],[144.965979,-37.812887],[144.965978,-37.812889],[144.965978,-37.81289],[144.965978,-37.812892],[144.965978,-37.812893],[144.965979,-37.812895],[144.965979,-37.812896],[144.965979,-37.812898],[144.965999,-37.81294],[144.965981,-37.812934],[144.96595,-37.812988],[144.965987,-37.813001],[144.966008,-37.812995],[144.966023,-37.813025],[144.965997,-37.813033],[144.966005,-37.813049],[144.96591,-37.813077],[144.965868,-37.813145],[144.965817,-37.81316],[144.965806,-37.813136],[144.965725,-37.81316],[144.965703,-37.813184],[144.965663,-37.813196]]]]},"properties":{"seg_id":"30182","str_type":"Private","seg_descr":"Midtown Plaza","street_id":"3182"}},{"type":"Feature","geometry":{"type":"MultiPolygon","coordinates":[[[[144.962585,-37.80938],[144.962633,-37.809366],[144.962657,-37.809418],[144.962704,-37.809521],[144.962726,-37.809569],[144.962812,-37.809751],[144.962764,-37.809765],[144.962755,-37.809745],[144.962707,-37.809643],[144.962692,-37.809647],[144.962678,-37.809616],[144.962693,-37.809611],[144.962656,-37.809533],[144.962641,-37.809538],[144.962627,-37.809506],[144.962642,-37.809502],[144.962601,-37.809413],[144.962592,-37.809396],[144.962585,-37.80938]]]]},"properties":{"seg_id":"30886","str_type":"Private","seg_descr":"Baskerville Lane","street_id":"120178"}},{"type":"Feature","geometry":{"type":"MultiPolygon","coordinates":[[[[144.945936,-37.807828],[144.946249,-37.807962],[144.946093,-37.808106],[144.945784,-37.807971],[144.945936,-37.807828]]]]},"properties":{"seg_id":"22664","str_type":"Council Major","seg_descr":"Intersection of Hawke Street and Ireland Street","street_id":"696"}},{"type":"Feature","geometry":{"type":"MultiPolygon","coordinates":[[[[144.958915,-37.814317],[144.958541,-37.813504],[144.958594,-37.813489],[144.958699,-37.813714],[144.958728,-37.813776],[144.958972,-37.814301],[144.958915,-37.814317]]]]},"properties":{"seg_id":"30101","str_type":"Private","seg_descr":"Pl5257","street_id":"3020"}},{"type":"Feature","geometry":{"type":"MultiPolygon","coordinates":[[[[144.959712,-37.811359],[144.959655,-37.811233],[144.959641,-37.811205],[144.959629,-37.811178],[144.960674,-37.810868],[144.960687,-37.810901],[144.959678,-37.8112],[144.959752,-37.811358],[144.959712,-37.811359]]]]},"properties":{"seg_id":"20339","str_type":"Council Minor","seg_descr":"Flanigan Lane between Sutherland Street and Guildford Lane","street_id":"630"}},{"type":"Feature","geometry":{"type":"MultiPolygon","coordinates":[[[[144.960376,-37.813899],[144.960414,-37.813984],[144.960419,-37.813996],[144.960106,-37.814088],[144.960102,-37.814078],[144.960052,-37.81399],[144.960376,-37.813899]]]]},"properties":{"seg_id":"20058","str_type":"Council Major","seg_descr":"Intersection of Queen Street and Little Bourke Street","street_id":"0"}},{"type":"Feature","geometry":{"type":"MultiPolygon","coordinates":[[[[144.95306,-37.805049],[144.953055,-37.805076],[144.953159,-37.805152],[144.953417,-37.805179],[144.95339,-37.8052],[144.953387,-37.805225],[144.953225,-37.805209],[144.953226,-37.805194],[144.953118,-37.805181],[144.952951,-37.805037],[144.95306,-37.805049]]]]},"properties":{"seg_id":"30371","str_type":"Private","seg_descr":"Pl5342","street_id":"3141"}},{"type":"Feature","geometry":{"type":"MultiPolygon","coordinates":[[[[144.949176,-37.80314],[144.949127,-37.803417],[144.949094,-37.803413],[144.949143,-37.803136],[144.949176,-37.80314]]]]},"properties":{"seg_id":"30402","str_type":"Private","seg_descr":"Bakery Lane","street_id":"2919"}},{"type":"Feature","geometry":{"type":"MultiPolygon","coordinates":[[[[144.956397,-37.81292],[144.956576,-37.813323],[144.956472,-37.813352],[144.956444,-37.813293],[144.956505,-37.813275],[144.956352,-37.812933],[144.956397,-37.81292]]]]},"properties":{"seg_id":"20409","str_type":"Council Minor","seg_descr":"Wicklow Lane from Little Lonsdale Street","street_id":"1177"}},{"type":"Feature","geometry":{"type":"MultiPolygon","coordinates":[[[[144.954003,-37.813045],[144.953615,-37.813161],[144.953571,-37.813174],[144.95355,-37.813129],[144.953587,-37.813118],[144.953595,-37.813137],[144.953992,-37.813019],[144.954003,-37.813045]]]]},"properties":{"seg_id":"20446","str_type":"Council Minor","seg_descr":"Cl1126 from King Street","street_id":"164"}},{"type":"Feature","geometry":{"type":"MultiPolygon","coordinates":[[[[144.960049,-37.800131],[144.960097,-37.799862],[144.960508,-37.799907],[144.960597,-37.799916],[144.960887,-37.799948],[144.960839,-37.800218],[144.960049,-37.800131]]]]},"properties":{"seg_id":"20849","str_type":"Council Major","seg_descr":"Grattan Street between Leicester Street and Barry Street","street_id":"674"}},{"type":"Feature","geometry":{"type":"MultiPolygon","coordinates":[[[[144.966786,-37.806205],[144.966741,-37.806201],[144.966783,-37.805969],[144.966828,-37.805974],[144.966819,-37.806023],[144.966842,-37.806026],[144.966816,-37.806041],[144.966786,-37.806205]]]]},"properties":{"seg_id":"30217","str_type":"Private","seg_descr":"Trades Hall Place","street_id":"1128"}},{"type":"Feature","geometry":{"type":"MultiPolygon","coordinates":[[[[144.95711,-37.803455],[144.957121,-37.80348],[144.956907,-37.803535],[144.956896,-37.803532],[144.95689,-37.803514],[144.956899,-37.803512],[144.956904,-37.803478],[144.956899,-37.803383],[144.956912,-37.803383],[144.956916,-37.803507],[144.95711,-37.803455]]]]},"properties":{"seg_id":"30404","str_type":"Private","seg_descr":"PL5164","street_id":"2915"}},{"type":"Feature","geometry":{"type":"MultiPolygon","coordinates":[[[[144.945596,-37.811958],[144.946151,-37.811747],[144.947165,-37.812462],[144.94817,-37.813208],[144.948265,-37.813119],[144.947949,-37.812884],[144.948074,-37.812768],[144.947886,-37.812597],[144.948088,-37.812419],[144.947614,-37.811731],[144.947379,-37.811279],[144.947731,-37.811145],[144.947741,-37.811163],[144.94781,-37.811191],[144.948003,-37.811584],[144.948027,-37.811633],[144.948098,-37.811695],[144.948159,-37.811806],[144.948158,-37.811877],[144.94816,-37.811908],[144.948163,-37.811922],[144.948168,-37.811937],[144.948174,-37.811948],[144.94818,-37.81196],[144.948193,-37.811975],[144.948223,-37.812005],[144.948256,-37.812036],[144.948286,-37.812066],[144.94831,-37.812091],[144.948326,-37.81211],[144.948294,-37.812162],[144.948302,-37.812187],[144.948372,-37.81233],[144.948383,-37.81234],[144.94841,-37.812337],[144.948451,-37.812385],[144.94843,-37.812409],[144.948516,-37.812514],[144.948619,-37.812629],[144.948661,-37.812669],[144.948779,-37.812763],[144.948938,-37.812889],[144.949089,-37.813021],[144.949172,-37.813093],[144.949406,-37.813301],[144.949413,-37.813307],[144.949667,-37.813544],[144.947822,-37.814077],[144.947782,-37.814028],[144.947515,-37.813723],[144.947232,-37.813428],[144.946931,-37.813144],[144.9469,-37.813116],[144.946771,-37.812996],[144.94664,-37.812878],[144.946506,-37.812762],[144.946502,-37.812758],[144.945986,-37.812289],[144.945682,-37.812031],[144.945596,-37.811958]]]]},"properties":{"seg_id":"30080","str_type":"Rail/Tram","seg_descr":"Southern Cross Railway","street_id":"3224"}},{"type":"Feature","geometry":{"type":"MultiPolygon","coordinates":[[[[144.958019,-37.803854],[144.957131,-37.801912],[144.957762,-37.801712],[144.957894,-37.802004],[144.958517,-37.803355],[144.958523,-37.803367],[144.958785,-37.803937],[144.958019,-37.803854]]]]},"properties":{"seg_id":"21115","str_type":"Arterial","seg_descr":"Elizabeth Street between Queensberry Street and Pelham Street","street_id":"599"}},{"type":"Feature","geometry":{"type":"MultiPolygon","coordinates":[[[[144.957725,-37.804254],[144.957715,-37.804226],[144.957966,-37.804255],[144.958047,-37.804448],[144.957839,-37.804506],[144.957827,-37.804478],[144.958004,-37.804432],[144.957936,-37.804277],[144.957725,-37.804254]]]]},"properties":{"seg_id":"20926","str_type":"Council Minor","seg_descr":"Ladds Lane from O'Connell Street","street_id":"1266"}},{"type":"Feature","geometry":{"type":"MultiPolygon","coordinates":[[[[144.960376,-37.802839],[144.960124,-37.802812],[144.960092,-37.802573],[144.960097,-37.802571],[144.960123,-37.802574],[144.960138,-37.802673],[144.960149,-37.802723],[144.96016,-37.802788],[144.960382,-37.802814],[144.960376,-37.802839]]]]},"properties":{"seg_id":"20862","str_type":"Council Minor","seg_descr":"Cl1568 from Leicester Street","street_id":"322"}},{"type":"Feature","geometry":{"type":"MultiPolygon","coordinates":[[[[144.95406,-37.807795],[144.954056,-37.807787],[144.95407,-37.807783],[144.954074,-37.807791],[144.95406,-37.807795]]]]},"properties":{"seg_id":"30484","str_type":"Private","seg_descr":"Pl5130","street_id":"2874"}},{"type":"Feature","geometry":{"type":"MultiPolygon","coordinates":[[[[144.967246,-37.805144],[144.967196,-37.805435],[144.967162,-37.805432],[144.967212,-37.805141],[144.967246,-37.805144]]]]},"properties":{"seg_id":"20738","str_type":"Council Minor","seg_descr":"Snowball Lane from Queensberry Street","street_id":"117882"}},{"type":"Feature","geometry":{"type":"MultiPolygon","coordinates":[[[[144.951673,-37.806489],[144.951649,-37.806506],[144.951482,-37.806147],[144.951511,-37.806136],[144.951673,-37.806489]]]]},"properties":{"seg_id":"23363","str_type":"Council Minor","seg_descr":"PT5131 from Stanley Street","street_id":"2875"}},{"type":"Feature","geometry":{"type":"MultiPolygon","coordinates":[[[[144.964459,-37.810574],[144.96457,-37.810541],[144.964581,-37.810583],[144.964582,-37.810584],[144.964582,-37.810584],[144.964582,-37.810585],[144.964582,-37.810585],[144.964583,-37.810585],[144.964583,-37.810586],[144.964584,-37.810586],[144.964584,-37.810587],[144.964585,-37.810587],[144.964587,-37.810588],[144.964588,-37.810589],[144.96459,-37.810589],[144.964657,-37.81061],[144.964659,-37.810611],[144.964661,-37.810611],[144.964663,-37.810612],[144.964666,-37.810612],[144.964669,-37.810612],[144.964672,-37.810612],[144.964675,-37.810612],[144.964678,-37.810612],[144.964737,-37.8106],[144.964738,-37.8106],[144.964751,-37.810598],[144.964761,-37.81062],[144.964725,-37.810631],[144.964724,-37.810631],[144.964723,-37.810631],[144.964723,-37.810631],[144.964722,-37.810632],[144.964722,-37.810632],[144.964721,-37.810633],[144.964721,-37.810633],[144.96472,-37.810634],[144.96472,-37.810634],[144.96472,-37.810635],[144.964719,-37.810636],[144.964719,-37.810636],[144.964719,-37.810637],[144.964719,-37.810638],[144.964719,-37.810638],[144.964719,-37.810639],[144.96472,-37.81064],[144.96472,-37.81064],[144.96472,-37.810641],[144.964721,-37.810641],[144.964721,-37.810642],[144.964722,-37.810642],[144.964722,-37.810643],[144.964723,-37.810643],[144.964724,-37.810644],[144.964724,-37.810644],[144.964807,-37.810683],[144.964822,-37.810688],[144.964948,-37.810706],[144.964789,-37.810753],[144.964781,-37.810737],[144.964716,-37.810671],[144.964713,-37.810669],[144.96471,-37.810666],[144.964706,-37.810664],[144.964703,-37.810663],[144.964676,-37.810652],[144.964656,-37.810643],[144.964646,-37.81064],[144.964565,-37.810616],[144.964561,-37.810615],[144.964557,-37.810614],[144.964554,-37.810613],[144.96455,-37.810613],[144.964545,-37.810613],[144.964541,-37.810613],[144.964537,-37.810614],[144.964481,-37.810624],[144.964459,-37.810574]]]]},"properties":{"seg_id":"30732","str_type":"Private","seg_descr":"Unnamed Arcade","street_id":"117935"}},{"type":"Feature","geometry":{"type":"MultiPolygon","coordinates":[[[[144.94983,-37.805487],[144.94986,-37.805485],[144.949859,-37.805491],[144.949862,-37.805491],[144.949857,-37.805523],[144.949824,-37.80552],[144.94983,-37.805487]]]]},"properties":{"seg_id":"30526","str_type":"Private","seg_descr":"PL5102","street_id":"2827"}},{"type":"Feature","geometry":{"type":"MultiPolygon","coordinates":[[[[144.956649,-37.815982],[144.956285,-37.815183],[144.956279,-37.815171],[144.956328,-37.815157],[144.956373,-37.815144],[144.956387,-37.815174],[144.956745,-37.815952],[144.956649,-37.815982]]]]},"properties":{"seg_id":"20415","str_type":"Council Minor","seg_descr":"Gresham Street between Bourke Street and Little Bourke Street","street_id":"676"}},{"type":"Feature","geometry":{"type":"MultiPolygon","coordinates":[[[[144.9503,-37.802116],[144.950264,-37.802113],[144.950295,-37.801953],[144.950328,-37.801956],[144.9503,-37.802116]]]]},"properties":{"seg_id":"21087","str_type":"Council Minor","seg_descr":"Cl0273 from Bendigo Street","street_id":"1859"}},{"type":"Feature","geometry":{"type":"MultiPolygon","coordinates":[[[[144.966008,-37.807844],[144.965682,-37.807939],[144.965604,-37.80777],[144.96593,-37.807676],[144.966008,-37.807844]]]]},"properties":{"seg_id":"21614","str_type":"Council Major","seg_descr":"Intersection of Russell Street and MacKenzie Street","street_id":"1045"}},{"type":"Feature","geometry":{"type":"MultiPolygon","coordinates":[[[[144.949184,-37.804561],[144.949174,-37.804616],[144.948923,-37.804588],[144.94889,-37.804585],[144.948814,-37.804577],[144.948824,-37.804521],[144.949184,-37.804561]]]]},"properties":{"seg_id":"30377","str_type":"Private","seg_descr":"Errol Place","street_id":"608"}},{"type":"Feature","geometry":{"type":"MultiPolygon","coordinates":[[[[144.962817,-37.815419],[144.962777,-37.815429],[144.962628,-37.8151],[144.962594,-37.815026],[144.962631,-37.815015],[144.962807,-37.815397],[144.962817,-37.815419]]]]},"properties":{"seg_id":"20382","str_type":"Council Minor","seg_descr":"Gills Alley from Little Collins Street","street_id":"655"}},{"type":"Feature","geometry":{"type":"MultiPolygon","coordinates":[[[[144.962168,-37.801204],[144.961688,-37.801149],[144.961695,-37.801116],[144.962174,-37.801173],[144.962168,-37.801204]]]]},"properties":{"seg_id":"20876","str_type":"Council Minor","seg_descr":"Banbridge Place from Bouverie Street","street_id":"1207"}},{"type":"Feature","geometry":{"type":"MultiPolygon","coordinates":[[[[144.95706,-37.805652],[144.957055,-37.80568],[144.956525,-37.805622],[144.95654,-37.805519],[144.956575,-37.805523],[144.956568,-37.805567],[144.956598,-37.805598],[144.95706,-37.805652]]]]},"properties":{"seg_id":"20933","str_type":"Council Minor","seg_descr":"Cathay Lane from Cobden Street","street_id":"493"}},{"type":"Feature","geometry":{"type":"MultiPolygon","coordinates":[[[[144.953612,-37.812195],[144.953179,-37.812317],[144.953128,-37.81221],[144.953194,-37.812191],[144.953231,-37.81227],[144.953599,-37.812166],[144.953612,-37.812195]]]]},"properties":{"seg_id":"21508","str_type":"Council Minor","seg_descr":"Phoenix Lane from King Street","street_id":"1429"}},{"type":"Feature","geometry":{"type":"MultiPolygon","coordinates":[[[[144.948089,-37.802196],[144.948431,-37.802233],[144.948339,-37.802763],[144.948353,-37.802778],[144.948336,-37.802776],[144.947996,-37.802741],[144.948089,-37.802196]]]]},"properties":{"seg_id":"22677","str_type":"Arterial","seg_descr":"Curzon Street between Provost Street and Queensberry Street","street_id":"552"}},{"type":"Feature","geometry":{"type":"MultiPolygon","coordinates":[[[[144.951329,-37.811896],[144.951231,-37.811685],[144.951266,-37.811675],[144.951359,-37.811888],[144.951329,-37.811896]]]]},"properties":{"seg_id":"21513","str_type":"Council Minor","seg_descr":"Cl1677 from Jeffcott Street","street_id":"269"}},{"type":"Feature","geometry":{"type":"MultiPolygon","coordinates":[[[[144.957243,-37.81102],[144.957219,-37.810968],[144.957207,-37.810943],[144.957338,-37.810905],[144.957348,-37.810927],[144.957434,-37.810902],[144.957602,-37.811271],[144.957388,-37.811337],[144.957243,-37.81102]]]]},"properties":{"seg_id":"21521","str_type":"Council Major","seg_descr":"Wills Street between La Trobe Street and A'Beckett Street","street_id":"1180"}},{"type":"Feature","geometry":{"type":"MultiPolygon","coordinates":[[[[144.954074,-37.807791],[144.95413,-37.807921],[144.954094,-37.807932],[144.954081,-37.807903],[144.954035,-37.807804],[144.95405,-37.807799],[144.95406,-37.807795],[144.954074,-37.807791]]]]},"properties":{"seg_id":"30495","str_type":"Private","seg_descr":"Pl5130","street_id":"2874"}},{"type":"Feature","geometry":{"type":"MultiPolygon","coordinates":[[[[144.961779,-37.815278],[144.961766,-37.81525],[144.961943,-37.8152],[144.961956,-37.815228],[144.961779,-37.815278]]]]},"properties":{"seg_id":"30111","str_type":"Private","seg_descr":"PL5255","street_id":"3018"}},{"type":"Feature","geometry":{"type":"MultiPolygon","coordinates":[[[[144.957534,-37.813796],[144.957202,-37.813886],[144.957093,-37.813635],[144.957404,-37.813543],[144.957534,-37.813796]]]]},"properties":{"seg_id":"20012","str_type":"Council Major","seg_descr":"Intersection of Lonsdale Street and William Street","street_id":"0"}},{"type":"Feature","geometry":{"type":"MultiPolygon","coordinates":[[[[144.956489,-37.801667],[144.956411,-37.802109],[144.955915,-37.802497],[144.955668,-37.802602],[144.955667,-37.802598],[144.955665,-37.802593],[144.955662,-37.802589],[144.95566,-37.802585],[144.955656,-37.802581],[144.955653,-37.802578],[144.955649,-37.802574],[144.955644,-37.802571],[144.955639,-37.802569],[144.955634,-37.802566],[144.955629,-37.802564],[144.955624,-37.802563],[144.955618,-37.802562],[144.955263,-37.802835],[144.955146,-37.802726],[144.955637,-37.80234],[144.956288,-37.80183],[144.956325,-37.801798],[144.956489,-37.801667]]]]},"properties":{"seg_id":"21120","str_type":"Council Major","seg_descr":"Bedford Street between Courtney Street and Peel Street","street_id":"428"}},{"type":"Feature","geometry":{"type":"MultiPolygon","coordinates":[[[[144.964729,-37.811158],[144.964722,-37.811144],[144.964693,-37.811082],[144.964878,-37.811027],[144.964881,-37.811034],[144.965563,-37.810828],[144.965591,-37.810881],[144.965541,-37.810896],[144.965355,-37.810952],[144.965351,-37.810945],[144.965082,-37.811026],[144.964999,-37.811051],[144.964903,-37.81108],[144.964907,-37.811088],[144.96474,-37.811138],[144.964729,-37.811158]]]]},"properties":{"seg_id":"30727","str_type":"Private","seg_descr":"Albert Coates Lane","street_id":"117923"}},{"type":"Feature","geometry":{"type":"MultiPolygon","coordinates":[[[[144.960115,-37.812356],[144.960074,-37.812268],[144.96003,-37.812172],[144.959904,-37.8119],[144.959943,-37.811889],[144.960069,-37.812161],[144.960102,-37.812232],[144.960108,-37.81223],[144.96012,-37.812255],[144.960113,-37.812257],[144.960154,-37.812345],[144.960115,-37.812356]]]]},"properties":{"seg_id":"20366","str_type":"Council Minor","seg_descr":"Finlay Alley between Queen Street and Little Lonsdale Street","street_id":"1247"}},{"type":"Feature","geometry":{"type":"MultiPolygon","coordinates":[[[[144.963129,-37.808496],[144.963452,-37.808403],[144.963531,-37.808574],[144.963209,-37.808667],[144.963129,-37.808496]]]]},"properties":{"seg_id":"21642","str_type":"Council Major","seg_descr":"Intersection of Swanston Street and A'Beckett Street","street_id":"1114"}},{"type":"Feature","geometry":{"type":"MultiPolygon","coordinates":[[[[144.959133,-37.808685],[144.959195,-37.808669],[144.959283,-37.808858],[144.959262,-37.808864],[144.959221,-37.808876],[144.959133,-37.808685]]]]},"properties":{"seg_id":"21638","str_type":"Council Minor","seg_descr":"Cl1163 from Franklin Street","street_id":"163"}},{"type":"Feature","geometry":{"type":"MultiPolygon","coordinates":[[[[144.951739,-37.80366],[144.951737,-37.803673],[144.951433,-37.803639],[144.951436,-37.803626],[144.951739,-37.80366]]]]},"properties":{"seg_id":"30372","str_type":"Private","seg_descr":"Pl5341","street_id":"3140"}},{"type":"Feature","geometry":{"type":"MultiPolygon","coordinates":[[[[144.965654,-37.812361],[144.965609,-37.812374],[144.965438,-37.812003],[144.965484,-37.81199],[144.965654,-37.812361]]]]},"properties":{"seg_id":"20288","str_type":"Council Minor","seg_descr":"Globe Alley from Little Bourke Street","street_id":"660"}},{"type":"Feature","geometry":{"type":"MultiPolygon","coordinates":[[[[144.96593,-37.807676],[144.965936,-37.807642],[144.965976,-37.807662],[144.967124,-37.80733],[144.967136,-37.807257],[144.967491,-37.807294],[144.967786,-37.807325],[144.9671,-37.807527],[144.96708,-37.807532],[144.96704,-37.807544],[144.966699,-37.807643],[144.966668,-37.807653],[144.966626,-37.807665],[144.966008,-37.807844],[144.96593,-37.807676]]]]},"properties":{"seg_id":"21609","str_type":"Council Major","seg_descr":"MacKenzie Street between Victoria Street and Russell Street","street_id":"858"}},{"type":"Feature","geometry":{"type":"MultiPolygon","coordinates":[[[[144.954322,-37.812496],[144.954356,-37.812488],[144.954453,-37.812691],[144.954706,-37.812622],[144.954987,-37.813224],[144.954939,-37.813237],[144.954672,-37.812664],[144.954431,-37.812732],[144.954322,-37.812496]]]]},"properties":{"seg_id":"20404","str_type":"Council Minor","seg_descr":"Eagle Alley between Little Lonsdale Street and La Trobe Street","street_id":"591"}},{"type":"Feature","geometry":{"type":"MultiPolygon","coordinates":[[[[144.949425,-37.801787],[144.949357,-37.801779],[144.94939,-37.801599],[144.949423,-37.801602],[144.949419,-37.801624],[144.949419,-37.801634],[144.949416,-37.801647],[144.94945,-37.80165],[144.949425,-37.801787]]]]},"properties":{"seg_id":"30400","str_type":"Private","seg_descr":"De Le More Place","street_id":"1233"}},{"type":"Feature","geometry":{"type":"MultiPolygon","coordinates":[[[[144.956723,-37.812826],[144.957038,-37.812745],[144.957404,-37.813543],[144.957093,-37.813635],[144.956723,-37.812826]]]]},"properties":{"seg_id":"20186","str_type":"Council Major","seg_descr":"William Street between Lonsdale Street and Little Lonsdale Street","street_id":"1179"}},{"type":"Feature","geometry":{"type":"MultiPolygon","coordinates":[[[[144.950059,-37.809954],[144.950218,-37.810197],[144.949911,-37.810315],[144.949754,-37.810072],[144.950059,-37.809954]]]]},"properties":{"seg_id":"21416","str_type":"Arterial","seg_descr":"Intersection of Spencer Street and Dudley Street","street_id":"0"}},{"type":"Feature","geometry":{"type":"MultiPolygon","coordinates":[[[[144.963597,-37.809521],[144.963421,-37.809138],[144.963747,-37.809043],[144.963923,-37.809426],[144.963597,-37.809521]]]]},"properties":{"seg_id":"21618","str_type":"Council Major","seg_descr":"Swanston Street between La Trobe Street and Little La Trobe Street","street_id":"1114"}},{"type":"Feature","geometry":{"type":"MultiPolygon","coordinates":[[[[144.958449,-37.816614],[144.958103,-37.815853],[144.958429,-37.815763],[144.958798,-37.816567],[144.958449,-37.816614]]]]},"properties":{"seg_id":"20183","str_type":"Council Major","seg_descr":"William Street between Little Collins Street and Bourke Street","street_id":"1179"}},{"type":"Feature","geometry":{"type":"MultiPolygon","coordinates":[[[[144.963688,-37.801093],[144.963153,-37.801033],[144.963096,-37.801026],[144.962555,-37.800965],[144.962563,-37.800921],[144.962851,-37.800954],[144.962886,-37.800957],[144.963695,-37.80105],[144.963688,-37.801093]]]]},"properties":{"seg_id":"20840","str_type":"Council Minor","seg_descr":"Church Street between Swanston Street and Bouverie Street","street_id":"512"}},{"type":"Feature","geometry":{"type":"MultiPolygon","coordinates":[[[[144.961401,-37.811373],[144.961344,-37.811389],[144.961189,-37.811038],[144.961245,-37.811023],[144.961293,-37.811134],[144.961401,-37.811373]]]]},"properties":{"seg_id":"20336","str_type":"Council Minor","seg_descr":"Zevenboom Lane from Little Lonsdale Street","street_id":"1195"}},{"type":"Feature","geometry":{"type":"MultiPolygon","coordinates":[[[[144.952214,-37.806402],[144.952158,-37.806718],[144.951939,-37.806693],[144.951891,-37.806664],[144.951876,-37.806364],[144.952214,-37.806402]]]]},"properties":{"seg_id":"22660","str_type":"Council Major","seg_descr":"Intersection of Chetwynd Street and Stanley Street","street_id":"506"}},{"type":"Feature","geometry":{"type":"MultiPolygon","coordinates":[[[[144.957007,-37.812651],[144.957034,-37.812735],[144.957038,-37.812745],[144.956723,-37.812826],[144.956685,-37.812743],[144.956681,-37.812733],[144.956671,-37.812712],[144.957007,-37.812651]]]]},"properties":{"seg_id":"20045","str_type":"Council Major","seg_descr":"Intersection of Little Lonsdale Street and William Street","street_id":"0"}},{"type":"Feature","geometry":{"type":"MultiPolygon","coordinates":[[[[144.96396,-37.812982],[144.963947,-37.812951],[144.963985,-37.81294],[144.963999,-37.812971],[144.96396,-37.812982]]]]},"properties":{"seg_id":"22958","str_type":"Council Minor","seg_descr":"Staughton Place from Little Bourke Street","street_id":"1094"}},{"type":"Feature","geometry":{"type":"MultiPolygon","coordinates":[[[[144.95145,-37.800267],[144.951409,-37.800536],[144.95095,-37.800487],[144.950905,-37.800483],[144.950541,-37.800443],[144.950497,-37.800438],[144.950276,-37.800414],[144.950261,-37.800422],[144.950263,-37.800412],[144.950393,-37.800148],[144.951043,-37.800221],[144.951117,-37.800229],[144.95145,-37.800267]]]]},"properties":{"seg_id":"21144","str_type":"Council Major","seg_descr":"O'Shanassy Street between Leveson Street and Errol Street","street_id":"949"}},{"type":"Feature","geometry":{"type":"MultiPolygon","coordinates":[[[[144.962337,-37.802219],[144.961997,-37.802182],[144.962039,-37.801944],[144.962045,-37.80191],[144.962076,-37.801732],[144.962092,-37.801641],[144.962099,-37.801599],[144.962438,-37.801636],[144.962337,-37.802219]]]]},"properties":{"seg_id":"22504","str_type":"Council Major","seg_descr":"Bouverie Street between Pelham Street and Lincoln Square North","street_id":"456"}},{"type":"Feature","geometry":{"type":"MultiPolygon","coordinates":[[[[144.950503,-37.80558],[144.950531,-37.805411],[144.950586,-37.805136],[144.950924,-37.805177],[144.950898,-37.805453],[144.950889,-37.805463],[144.950687,-37.805825],[144.950503,-37.80558]]]]},"properties":{"seg_id":"20982","str_type":"Council Major","seg_descr":"Intersection of Victoria Street and Leveson Street","street_id":"0"}},{"type":"Feature","geometry":{"type":"MultiPolygon","coordinates":[[[[144.955767,-37.803358],[144.955786,-37.803241],[144.955921,-37.803349],[144.955945,-37.803368],[144.956157,-37.803537],[144.956143,-37.803639],[144.95612,-37.803636],[144.955767,-37.803358]]]]},"properties":{"seg_id":"21111","str_type":"Council Major","seg_descr":"Courtney Street between Peel Street and Capel Street","street_id":"541"}},{"type":"Feature","geometry":{"type":"MultiPolygon","coordinates":[[[[144.957101,-37.80065],[144.957761,-37.800834],[144.957674,-37.801527],[144.957762,-37.801712],[144.957131,-37.801912],[144.956914,-37.801887],[144.956556,-37.801257],[144.956868,-37.80073],[144.957101,-37.80065]]]]},"properties":{"seg_id":"20594","str_type":"Arterial","seg_descr":"Intersection of Elizabeth Street and Flemington Road","street_id":"599"}},{"type":"Feature","geometry":{"type":"MultiPolygon","coordinates":[[[[144.966424,-37.811919],[144.966325,-37.811947],[144.966413,-37.812138],[144.966367,-37.812152],[144.966258,-37.811914],[144.966244,-37.811918],[144.966099,-37.811605],[144.966265,-37.811554],[144.966288,-37.811608],[144.966183,-37.811638],[144.966313,-37.81192],[144.966412,-37.811894],[144.966424,-37.811919]]]]},"properties":{"seg_id":"20285","str_type":"Council Minor","seg_descr":"Celestial Avenue from Little Bourke Street","street_id":"496"}},{"type":"Feature","geometry":{"type":"MultiPolygon","coordinates":[[[[144.955466,-37.807503],[144.955462,-37.807526],[144.955284,-37.807507],[144.955288,-37.807484],[144.955466,-37.807503]]]]},"properties":{"seg_id":"22828","str_type":"Council Minor","seg_descr":"Ph8025 from Peel Street","street_id":"117902"}},{"type":"Feature","geometry":{"type":"MultiPolygon","coordinates":[[[[144.956036,-37.810538],[144.95636,-37.810449],[144.956397,-37.810438],[144.95691,-37.81029],[144.956994,-37.810473],[144.956124,-37.810726],[144.956036,-37.810538]]]]},"properties":{"seg_id":"22653","str_type":"Council Major","seg_descr":"A'Beckett Street between Wills Street and William Street","street_id":"368"}},{"type":"Feature","geometry":{"type":"MultiPolygon","coordinates":[[[[144.965765,-37.804297],[144.96579,-37.804156],[144.96582,-37.804159],[144.965838,-37.804161],[144.965836,-37.804172],[144.965801,-37.804168],[144.965779,-37.804298],[144.965765,-37.804297]]]]},"properties":{"seg_id":"20748","str_type":"Council Minor","seg_descr":"Cl1045 between Magenta Place and Rush Place","street_id":"1556"}},{"type":"Feature","geometry":{"type":"MultiPolygon","coordinates":[[[[144.959523,-37.812012],[144.959193,-37.81212],[144.95916,-37.812022],[144.959483,-37.81192],[144.959523,-37.812012]]]]},"properties":{"seg_id":"20043","str_type":"Council Major","seg_descr":"Intersection of Queen Street and Little Lonsdale Street","street_id":"0"}},{"type":"Feature","geometry":{"type":"MultiPolygon","coordinates":[[[[144.960049,-37.800131],[144.95988,-37.800114],[144.959708,-37.800097],[144.959755,-37.799824],[144.960097,-37.799862],[144.960049,-37.800131]]]]},"properties":{"seg_id":"20481","str_type":"Council Major","seg_descr":"Intersection of Barry Street and Grattan Street","street_id":"674"}},{"type":"Feature","geometry":{"type":"MultiPolygon","coordinates":[[[[144.961246,-37.809676],[144.961284,-37.809762],[144.960962,-37.809855],[144.960923,-37.809769],[144.961246,-37.809676]]]]},"properties":{"seg_id":"22650","str_type":"Council Major","seg_descr":"Intersection of Elizabeth Street and Little La Trobe Street","street_id":"599"}},{"type":"Feature","geometry":{"type":"MultiPolygon","coordinates":[[[[144.966883,-37.803722],[144.966874,-37.803721],[144.966881,-37.803682],[144.96686,-37.80368],[144.966866,-37.803645],[144.966895,-37.803648],[144.966883,-37.803722]]]]},"properties":{"seg_id":"30259","str_type":"Private","seg_descr":"Pl5060","street_id":"1554"}},{"type":"Feature","geometry":{"type":"MultiPolygon","coordinates":[[[[144.95254,-37.801122],[144.952574,-37.801069],[144.953035,-37.801035],[144.953278,-37.801232],[144.953106,-37.801485],[144.953089,-37.801493],[144.952754,-37.801416],[144.95254,-37.801122]]]]},"properties":{"seg_id":"20914","str_type":"Council Major","seg_descr":"Intersection of Arden Street and Courtney Street","street_id":"0"}},{"type":"Feature","geometry":{"type":"MultiPolygon","coordinates":[[[[144.95007,-37.810635],[144.950056,-37.810608],[144.949911,-37.810315],[144.950218,-37.810197],[144.95022,-37.810202],[144.950396,-37.810526],[144.950399,-37.810531],[144.950413,-37.810555],[144.950553,-37.810862],[144.95023,-37.810957],[144.95007,-37.810635]]]]},"properties":{"seg_id":"21486","str_type":"Arterial","seg_descr":"Spencer Street between Batman Street and Dudley Street","street_id":"1086"}},{"type":"Feature","geometry":{"type":"MultiPolygon","coordinates":[[[[144.947534,-37.805432],[144.945232,-37.805213],[144.945236,-37.805187],[144.947538,-37.805399],[144.947534,-37.805432]]]]},"properties":{"seg_id":"21345","str_type":"Council Minor","seg_descr":"Silk Place between Abbotsford Street and Curzon Street","street_id":"1432"}},{"type":"Feature","geometry":{"type":"MultiPolygon","coordinates":[[[[144.963358,-37.814325],[144.963536,-37.81469],[144.963552,-37.814723],[144.963755,-37.815141],[144.963431,-37.815239],[144.963422,-37.815221],[144.963321,-37.815001],[144.963303,-37.814961],[144.96328,-37.814911],[144.963238,-37.814818],[144.963186,-37.814705],[144.963097,-37.814512],[144.96306,-37.814431],[144.963358,-37.814325]],[[144.963342,-37.81491],[144.963303,-37.814921],[144.963319,-37.814956],[144.963338,-37.814996],[144.963385,-37.815099],[144.963424,-37.815088],[144.963342,-37.81491]]]]},"properties":{"seg_id":"20165","str_type":"Council Major","seg_descr":"Elizabeth Street between Little Collins Street and Bourke Street","street_id":"599"}},{"type":"Feature","geometry":{"type":"MultiPolygon","coordinates":[[[[144.963519,-37.813075],[144.963283,-37.813143],[144.963266,-37.813148],[144.962889,-37.813257],[144.96285,-37.813181],[144.962845,-37.81317],[144.96306,-37.813107],[144.963065,-37.813118],[144.963117,-37.813102],[144.963278,-37.813055],[144.963273,-37.813044],[144.963917,-37.812856],[144.963922,-37.812867],[144.964013,-37.81284],[144.964052,-37.812828],[144.964141,-37.812802],[144.964135,-37.812791],[144.96429,-37.812745],[144.964336,-37.812732],[144.964408,-37.812711],[144.964457,-37.812697],[144.964643,-37.812641],[144.964681,-37.81263],[144.964686,-37.812642],[144.96474,-37.812627],[144.964735,-37.812616],[144.964995,-37.812538],[144.965042,-37.812635],[144.964828,-37.812697],[144.964772,-37.812713],[144.964431,-37.812812],[144.964393,-37.812823],[144.963985,-37.81294],[144.963947,-37.812951],[144.963942,-37.812953],[144.963899,-37.812965],[144.963752,-37.813008],[144.963662,-37.813034],[144.963559,-37.813063],[144.963519,-37.813075]]]]},"properties":{"seg_id":"20055","str_type":"Council Major","seg_descr":"Little Bourke Street between Swanston Street and Elizabeth Street","street_id":"809"}},{"type":"Feature","geometry":{"type":"MultiPolygon","coordinates":[[[[144.95612,-37.803636],[144.956143,-37.803639],[144.956104,-37.80391],[144.955853,-37.803882],[144.955825,-37.803879],[144.955682,-37.803864],[144.95573,-37.803593],[144.95612,-37.803636]]]]},"properties":{"seg_id":"20943","str_type":"Council Major","seg_descr":"Queensberry Street between Peel Street and Capel Street","street_id":"1008"}},{"type":"Feature","geometry":{"type":"MultiPolygon","coordinates":[[[[144.964897,-37.802777],[144.963769,-37.802655],[144.963813,-37.802381],[144.964055,-37.802407],[144.964098,-37.802412],[144.964944,-37.802504],[144.964897,-37.802777]]]]},"properties":{"seg_id":"20806","str_type":"Council Major","seg_descr":"Pelham Street between Cardigan Street and Swanston Street","street_id":"975"}},{"type":"Feature","geometry":{"type":"MultiPolygon","coordinates":[[[[144.958918,-37.800009],[144.958965,-37.799738],[144.959755,-37.799824],[144.959708,-37.800097],[144.958918,-37.800009]]]]},"properties":{"seg_id":"20850","str_type":"Council Major","seg_descr":"Grattan Street between Barry Street and Berkeley Street","street_id":"674"}},{"type":"Feature","geometry":{"type":"MultiPolygon","coordinates":[[[[144.948197,-37.80357],[144.94819,-37.803611],[144.948154,-37.80382],[144.947821,-37.803781],[144.947951,-37.80301],[144.94829,-37.803046],[144.948197,-37.80357]]]]},"properties":{"seg_id":"20998","str_type":"Arterial","seg_descr":"Curzon Street between Elm Street and Queensberry Street","street_id":"552"}},{"type":"Feature","geometry":{"type":"MultiPolygon","coordinates":[[[[144.948043,-37.811025],[144.948285,-37.811505],[144.948003,-37.811584],[144.94781,-37.811191],[144.947741,-37.811163],[144.947731,-37.811145],[144.948043,-37.811025]]]]},"properties":{"seg_id":"21492","str_type":"Council Major","seg_descr":"Adderley Street between Batman Street and Dudley Street","street_id":"371"}},{"type":"Feature","geometry":{"type":"MultiPolygon","coordinates":[[[[144.963427,-37.802618],[144.963769,-37.802655],[144.963736,-37.802843],[144.963728,-37.802888],[144.963691,-37.803104],[144.963668,-37.803236],[144.963326,-37.803198],[144.963427,-37.802618]]]]},"properties":{"seg_id":"20485","str_type":"Council Major","seg_descr":"Swanston Street between Lincoln Square South and Pelham Street","street_id":"1114"}},{"type":"Feature","geometry":{"type":"MultiPolygon","coordinates":[[[[144.952013,-37.808994],[144.951997,-37.808969],[144.951891,-37.808815],[144.952332,-37.808624],[144.952416,-37.808808],[144.95243,-37.808838],[144.952531,-37.809054],[144.952123,-37.809172],[144.952013,-37.808994]]]]},"properties":{"seg_id":"21410","str_type":"Arterial","seg_descr":"King Street between Dudley Street and Walsh Street","street_id":"761"}},{"type":"Feature","geometry":{"type":"MultiPolygon","coordinates":[[[[144.962161,-37.80321],[144.961821,-37.803172],[144.961846,-37.803034],[144.962187,-37.803073],[144.962161,-37.80321]]]]},"properties":{"seg_id":"20465","str_type":"Council Major","seg_descr":"Intersection of Bouverie Street and Lincoln Square South","street_id":"456"}},{"type":"Feature","geometry":{"type":"MultiPolygon","coordinates":[[[[144.961166,-37.812939],[144.961334,-37.812889],[144.961348,-37.812918],[144.961178,-37.812968],[144.961166,-37.812939]]]]},"properties":{"seg_id":"30136","str_type":"Private","seg_descr":"PL5103","street_id":"2834"}},{"type":"Feature","geometry":{"type":"MultiPolygon","coordinates":[[[[144.948691,-37.802618],[144.948655,-37.802811],[144.948586,-37.802804],[144.948653,-37.802441],[144.948721,-37.802447],[144.948693,-37.802593],[144.948691,-37.802618]]]]},"properties":{"seg_id":"21079","str_type":"Council Minor","seg_descr":"Queensberry Place from Queensberry Street","street_id":"1007"}},{"type":"Feature","geometry":{"type":"MultiPolygon","coordinates":[[[[144.948691,-37.802618],[144.948693,-37.802593],[144.94891,-37.802615],[144.948926,-37.802518],[144.948962,-37.802521],[144.94894,-37.802645],[144.948691,-37.802618]]]]},"properties":{"seg_id":"21080","str_type":"Council Minor","seg_descr":"Cl0306 from Queensberry Place","street_id":"1882"}},{"type":"Feature","geometry":{"type":"MultiPolygon","coordinates":[[[[144.957792,-37.800588],[144.958565,-37.800674],[144.958555,-37.800729],[144.957785,-37.800643],[144.957792,-37.800588]]]]},"properties":{"seg_id":"22902","str_type":"Council Minor","seg_descr":"Haymarket Walk between Elizabeth Street and Berkeley Street","street_id":"1300"}},{"type":"Feature","geometry":{"type":"MultiPolygon","coordinates":[[[[144.950639,-37.803306],[144.95068,-37.803311],[144.950627,-37.803588],[144.950585,-37.803583],[144.950639,-37.803306]]]]},"properties":{"seg_id":"30392","str_type":"Private","seg_descr":"Pl5188","street_id":"2941"}},{"type":"Feature","geometry":{"type":"MultiPolygon","coordinates":[[[[144.953435,-37.804565],[144.953468,-37.804569],[144.953448,-37.804686],[144.953412,-37.804688],[144.953435,-37.804565]]]]},"properties":{"seg_id":"20971","str_type":"Council Minor","seg_descr":"Fountain Inn Lane from Gardiner Street","street_id":"1251"}},{"type":"Feature","geometry":{"type":"MultiPolygon","coordinates":[[[[144.958998,-37.810862],[144.961139,-37.81024],[144.96126,-37.810493],[144.961022,-37.810562],[144.96098,-37.810574],[144.960644,-37.810671],[144.960589,-37.810688],[144.959415,-37.811034],[144.959375,-37.811046],[144.959117,-37.811123],[144.958998,-37.810862]]]]},"properties":{"seg_id":"20024","str_type":"Council Major","seg_descr":"La Trobe Street between Elizabeth Street and Queen Street","street_id":"780"}},{"type":"Feature","geometry":{"type":"MultiPolygon","coordinates":[[[[144.953194,-37.812191],[144.953128,-37.81221],[144.953096,-37.812143],[144.953162,-37.812122],[144.953194,-37.812191]]]]},"properties":{"seg_id":"30535","str_type":"Private","seg_descr":"Phoenix Lane","street_id":"1429"}},{"type":"Feature","geometry":{"type":"MultiPolygon","coordinates":[[[[144.950641,-37.804843],[144.950631,-37.804898],[144.95006,-37.804836],[144.950056,-37.804853],[144.949774,-37.804822],[144.949778,-37.804799],[144.950035,-37.804825],[144.950043,-37.804778],[144.950221,-37.804797],[144.950303,-37.804807],[144.950641,-37.804843]]]]},"properties":{"seg_id":"20984","str_type":"Council Minor","seg_descr":"Trafalgar Place from Leveson Street","street_id":"1129"}},{"type":"Feature","geometry":{"type":"MultiPolygon","coordinates":[[[[144.966634,-37.803477],[144.966623,-37.803542],[144.966597,-37.803694],[144.966253,-37.803657],[144.966272,-37.803567],[144.966288,-37.803479],[144.966303,-37.803389],[144.966643,-37.803425],[144.966634,-37.803477]]]]},"properties":{"seg_id":"20525","str_type":"Council Major","seg_descr":"Intersection of Lygon Street and Argyle Place South","street_id":"840"}},{"type":"Feature","geometry":{"type":"MultiPolygon","coordinates":[[[[144.961947,-37.811211],[144.961625,-37.811308],[144.961539,-37.811111],[144.96126,-37.810493],[144.961576,-37.810399],[144.961947,-37.811211]]]]},"properties":{"seg_id":"20169","str_type":"Council Major","seg_descr":"Elizabeth Street between Little Lonsdale Street and La Trobe Street","street_id":"599"}},{"type":"Feature","geometry":{"type":"MultiPolygon","coordinates":[[[[144.959392,-37.801898],[144.95973,-37.801933],[144.959687,-37.802162],[144.959176,-37.802146],[144.959392,-37.801898]]]]},"properties":{"seg_id":"20478","str_type":"Council Major","seg_descr":"Intersection of Barry Street and Pelham Street","street_id":"0"}},{"type":"Feature","geometry":{"type":"MultiPolygon","coordinates":[[[[144.952264,-37.807521],[144.952282,-37.807545],[144.952172,-37.807599],[144.952166,-37.80759],[144.95219,-37.807578],[144.952179,-37.807563],[144.952264,-37.807521]]]]},"properties":{"seg_id":"30519","str_type":"Private","seg_descr":"Pl5129","street_id":"2873"}},{"type":"Feature","geometry":{"type":"MultiPolygon","coordinates":[[[[144.960852,-37.81126],[144.960867,-37.811293],[144.959821,-37.811599],[144.959731,-37.811401],[144.959771,-37.811399],[144.95984,-37.811555],[144.960852,-37.81126]]]]},"properties":{"seg_id":"20341","str_type":"Council Minor","seg_descr":"McLean Alley between Sutherland Street and Guildford Lane","street_id":"860"}},{"type":"Feature","geometry":{"type":"MultiPolygon","coordinates":[[[[144.955502,-37.807299],[144.955498,-37.807321],[144.95529,-37.807299],[144.955279,-37.807307],[144.955269,-37.80737],[144.955242,-37.807368],[144.95526,-37.807264],[144.955285,-37.807266],[144.955293,-37.807277],[144.955502,-37.807299]]]]},"properties":{"seg_id":"21398","str_type":"Council Minor","seg_descr":"Cl1199 from Peel Street","street_id":"194"}},{"type":"Feature","geometry":{"type":"MultiPolygon","coordinates":[[[[144.959554,-37.804021],[144.960067,-37.804078],[144.960106,-37.804356],[144.959685,-37.80431],[144.959554,-37.804021]]]]},"properties":{"seg_id":"20471","str_type":"Council Major","seg_descr":"Queensberry Street between Leicester Street and Berkeley Street","street_id":"1008"}},{"type":"Feature","geometry":{"type":"MultiPolygon","coordinates":[[[[144.947638,-37.80481],[144.947974,-37.804849],[144.948344,-37.805094],[144.948343,-37.805093],[144.948343,-37.805093],[144.948342,-37.805093],[144.948342,-37.805094],[144.948341,-37.805094],[144.948341,-37.805094],[144.948341,-37.805094],[144.94834,-37.805094],[144.94834,-37.805094],[144.948339,-37.805094],[144.948339,-37.805095],[144.948339,-37.805095],[144.948338,-37.805095],[144.948338,-37.805096],[144.948338,-37.805096],[144.948338,-37.805096],[144.948338,-37.805096],[144.948338,-37.805097],[144.948338,-37.805097],[144.948338,-37.805098],[144.948338,-37.805098],[144.948338,-37.805098],[144.948338,-37.805099],[144.948338,-37.805099],[144.948338,-37.805099],[144.948338,-37.8051],[144.948338,-37.8051],[144.947918,-37.805162],[144.947592,-37.805075],[144.947638,-37.80481]]]]},"properties":{"seg_id":"20995","str_type":"Arterial","seg_descr":"Intersection of Victoria Street and Curzon Street","street_id":"0"}},{"type":"Feature","geometry":{"type":"MultiPolygon","coordinates":[[[[144.962365,-37.8036],[144.962398,-37.803424],[144.962412,-37.803426],[144.962382,-37.803602],[144.962365,-37.8036]]]]},"properties":{"seg_id":"20837","str_type":"Council Minor","seg_descr":"Cl1094 from Cumberland Place","street_id":"1567"}},{"type":"Feature","geometry":{"type":"MultiPolygon","coordinates":[[[[144.952826,-37.810511],[144.953152,-37.810416],[144.953547,-37.811269],[144.953227,-37.81136],[144.952826,-37.810511]]]]},"properties":{"seg_id":"21515","str_type":"Arterial","seg_descr":"King Street between Jeffcott Street and Batman Street","street_id":"761"}},{"type":"Feature","geometry":{"type":"MultiPolygon","coordinates":[[[[144.964864,-37.802966],[144.964897,-37.802777],[144.965243,-37.802815],[144.965165,-37.803266],[144.964818,-37.803229],[144.964855,-37.803011],[144.964864,-37.802966]]]]},"properties":{"seg_id":"20508","str_type":"Council Major","seg_descr":"Cardigan Street between Argyle Place South and Pelham Street","street_id":"483"}},{"type":"Feature","geometry":{"type":"MultiPolygon","coordinates":[[[[144.955704,-37.80616],[144.955702,-37.806171],[144.955473,-37.806145],[144.955475,-37.806133],[144.955704,-37.80616]]]]},"properties":{"seg_id":"30498","str_type":"Private","seg_descr":"Pl5225","street_id":"2982"}},{"type":"Feature","geometry":{"type":"MultiPolygon","coordinates":[[[[144.964802,-37.811317],[144.964837,-37.811392],[144.964512,-37.811484],[144.964367,-37.81117],[144.964139,-37.810678],[144.96412,-37.810672],[144.964119,-37.810671],[144.964133,-37.810667],[144.964459,-37.810574],[144.964481,-37.810624],[144.964491,-37.810644],[144.964572,-37.810819],[144.96459,-37.810858],[144.964636,-37.810958],[144.964687,-37.811068],[144.964693,-37.811082],[144.964722,-37.811144],[144.964729,-37.811158],[144.964802,-37.811317]]]]},"properties":{"seg_id":"20160","str_type":"Council Major","seg_descr":"Swanston Street between Lonsdale Street and Little Lonsdale Street","street_id":"1114"}},{"type":"Feature","geometry":{"type":"MultiPolygon","coordinates":[[[[144.95543,-37.807707],[144.955241,-37.807687],[144.955246,-37.807666],[144.955434,-37.807685],[144.95543,-37.807707]]]]},"properties":{"seg_id":"30517","str_type":"Private","seg_descr":"Harbison Lane","street_id":"2876"}},{"type":"Feature","geometry":{"type":"MultiPolygon","coordinates":[[[[144.955284,-37.807507],[144.955281,-37.807507],[144.955259,-37.807504],[144.955263,-37.807481],[144.955288,-37.807484],[144.955284,-37.807507]]]]},"properties":{"seg_id":"30538","str_type":"Private","seg_descr":"Pl5157","street_id":"2902"}},{"type":"Feature","geometry":{"type":"MultiPolygon","coordinates":[[[[144.953819,-37.814568],[144.953458,-37.813792],[144.953444,-37.813762],[144.953512,-37.813742],[144.953519,-37.813757],[144.953704,-37.814159],[144.953677,-37.814167],[144.953854,-37.814554],[144.953819,-37.814568]]]]},"properties":{"seg_id":"20441","str_type":"Council Minor","seg_descr":"Merriman Lane between Little Lonsdale Street and Lonsdale Street","street_id":"893"}},{"type":"Feature","geometry":{"type":"MultiPolygon","coordinates":[[[[144.964995,-37.812538],[144.965324,-37.812458],[144.965362,-37.812543],[144.965042,-37.812635],[144.964995,-37.812538]]]]},"properties":{"seg_id":"20054","str_type":"Council Major","seg_descr":"Intersection of Swanston Street and Little Bourke Street","street_id":"0"}},{"type":"Feature","geometry":{"type":"MultiPolygon","coordinates":[[[[144.948149,-37.803844],[144.948718,-37.803908],[144.948737,-37.803805],[144.948805,-37.803813],[144.948769,-37.804012],[144.948701,-37.804004],[144.948713,-37.803936],[144.948146,-37.803872],[144.948149,-37.803844]]]]},"properties":{"seg_id":"21004","str_type":"Council Minor","seg_descr":"Curzon Place from Curzon Street","street_id":"1228"}},{"type":"Feature","geometry":{"type":"MultiPolygon","coordinates":[[[[144.961589,-37.804525],[144.961632,-37.804249],[144.961976,-37.804291],[144.961933,-37.804561],[144.961589,-37.804525]]]]},"properties":{"seg_id":"20463","str_type":"Council Major","seg_descr":"Intersection of Bouverie Street and Queensberry Street","street_id":"0"}},{"type":"Feature","geometry":{"type":"MultiPolygon","coordinates":[[[[144.966008,-37.807844],[144.966399,-37.808696],[144.966074,-37.808791],[144.965682,-37.807939],[144.966008,-37.807844]]]]},"properties":{"seg_id":"21616","str_type":"Council Major","seg_descr":"Russell Street between La Trobe Street and MacKenzie Street","street_id":"1045"}},{"type":"Feature","geometry":{"type":"MultiPolygon","coordinates":[[[[144.946624,-37.809265],[144.946814,-37.809442],[144.94654,-37.809608],[144.946135,-37.809236],[144.946386,-37.809051],[144.946601,-37.809243],[144.946624,-37.809265]]]]},"properties":{"seg_id":"21468","str_type":"Council Major","seg_descr":"Adderley Street between Stanley Street and Roden Street","street_id":"371"}},{"type":"Feature","geometry":{"type":"MultiPolygon","coordinates":[[[[144.95098,-37.80567],[144.9511,-37.805655],[144.951226,-37.805673],[144.951222,-37.805699],[144.951109,-37.805684],[144.950995,-37.805697],[144.95098,-37.80567]]]]},"properties":{"seg_id":"30513","str_type":"Private","seg_descr":"Pl5150","street_id":"2894"}},{"type":"Feature","geometry":{"type":"MultiPolygon","coordinates":[[[[144.954914,-37.799942],[144.954666,-37.799748],[144.955087,-37.799314],[144.955584,-37.799705],[144.954914,-37.799942]]]]},"properties":{"seg_id":"21131","str_type":"Arterial","seg_descr":"Intersection of Flemington Road and Grattan Street","street_id":"632"}},{"type":"Feature","geometry":{"type":"MultiPolygon","coordinates":[[[[144.960595,-37.808263],[144.960269,-37.808357],[144.960154,-37.808103],[144.960474,-37.808],[144.960595,-37.808263]]]]},"properties":{"seg_id":"21632","str_type":"Council Major","seg_descr":"Intersection of Elizabeth Street and Franklin Street","street_id":"0"}},{"type":"Feature","geometry":{"type":"MultiPolygon","coordinates":[[[[144.961933,-37.804561],[144.961902,-37.804734],[144.961897,-37.804767],[144.961611,-37.806377],[144.961265,-37.806332],[144.961342,-37.8059],[144.961349,-37.805865],[144.961375,-37.805719],[144.961382,-37.805681],[144.961589,-37.804525],[144.961933,-37.804561]]]]},"properties":{"seg_id":"20462","str_type":"Council Major","seg_descr":"Bouverie Street between Victoria Street and Queensberry Street","street_id":"456"}},{"type":"Feature","geometry":{"type":"MultiPolygon","coordinates":[[[[144.962652,-37.800416],[144.962699,-37.800146],[144.963827,-37.80027],[144.96378,-37.800539],[144.963537,-37.800512],[144.963468,-37.800505],[144.962936,-37.800447],[144.962901,-37.800443],[144.962652,-37.800416]]]]},"properties":{"seg_id":"20847","str_type":"Council Major","seg_descr":"Grattan Street between Swanston Street and Bouverie Street","street_id":"674"}},{"type":"Feature","geometry":{"type":"MultiPolygon","coordinates":[[[[144.956767,-37.814012],[144.956928,-37.814359],[144.956881,-37.814372],[144.956722,-37.814026],[144.956767,-37.814012]]]]},"properties":{"seg_id":"20410","str_type":"Council Minor","seg_descr":"Guests Lane between Lonsdale Street and Little Bourke Street","street_id":"681"}},{"type":"Feature","geometry":{"type":"MultiPolygon","coordinates":[[[[144.95852,-37.809827],[144.9586,-37.810001],[144.958275,-37.8101],[144.958201,-37.809917],[144.95852,-37.809827]]]]},"properties":{"seg_id":"21526","str_type":"Council Major","seg_descr":"Intersection of Queen Street and A'Beckett Street","street_id":"0"}},{"type":"Feature","geometry":{"type":"MultiPolygon","coordinates":[[[[144.952172,-37.808272],[144.952253,-37.808454],[144.951783,-37.808658],[144.951585,-37.808371],[144.951863,-37.808233],[144.952102,-37.808114],[144.95216,-37.808245],[144.952172,-37.808272]]]]},"properties":{"seg_id":"22663","str_type":"Arterial","seg_descr":"King Street between Walsh Street and Rosslyn Street","street_id":"761"}},{"type":"Feature","geometry":{"type":"MultiPolygon","coordinates":[[[[144.965788,-37.812322],[144.965752,-37.812332],[144.965564,-37.811925],[144.965548,-37.811891],[144.965452,-37.811684],[144.965438,-37.811653],[144.965377,-37.81152],[144.965412,-37.81151],[144.965788,-37.812322]]]]},"properties":{"seg_id":"20286","str_type":"Council Minor","seg_descr":"Tattersalls Lane between Lonsdale Street and Little Bourke Street","street_id":"1115"}},{"type":"Feature","geometry":{"type":"MultiPolygon","coordinates":[[[[144.958181,-37.805808],[144.958195,-37.805841],[144.957763,-37.805792],[144.957768,-37.80576],[144.958181,-37.805808]]]]},"properties":{"seg_id":"20929","str_type":"Council Minor","seg_descr":"Cl1730 from O'Connell Street","street_id":"115"}},{"type":"Feature","geometry":{"type":"MultiPolygon","coordinates":[[[[144.948145,-37.80816],[144.947904,-37.808322],[144.947871,-37.808327],[144.947883,-37.808301],[144.948122,-37.808139],[144.948133,-37.808149],[144.948145,-37.80816]]]]},"properties":{"seg_id":"30444","str_type":"Private","seg_descr":"Pl5243","street_id":"3006"}},{"type":"Feature","geometry":{"type":"MultiPolygon","coordinates":[[[[144.961291,-37.802913],[144.961294,-37.802896],[144.96136,-37.802904],[144.96133,-37.803078],[144.961537,-37.803102],[144.961565,-37.802928],[144.961635,-37.802937],[144.961576,-37.803284],[144.961798,-37.803306],[144.961783,-37.803396],[144.9615,-37.803366],[144.961508,-37.803315],[144.961222,-37.803283],[144.961286,-37.802941],[144.961291,-37.802913]],[[144.961321,-37.803122],[144.961298,-37.803254],[144.961518,-37.803279],[144.961541,-37.803147],[144.961321,-37.803122]]]]},"properties":{"seg_id":"20869","str_type":"Council Minor","seg_descr":"Barkly Place from Bouverie Street","street_id":"414"}},{"type":"Feature","geometry":{"type":"MultiPolygon","coordinates":[[[[144.962943,-37.814172],[144.962566,-37.81336],[144.962889,-37.813257],[144.96326,-37.814074],[144.962943,-37.814172]]]]},"properties":{"seg_id":"20166","str_type":"Council Major","seg_descr":"Elizabeth Street between Bourke Street and Little Bourke Street","street_id":"599"}},{"type":"Feature","geometry":{"type":"MultiPolygon","coordinates":[[[[144.949011,-37.8067],[144.948768,-37.806518],[144.948887,-37.806418],[144.948897,-37.806425],[144.948822,-37.806489],[144.948802,-37.806505],[144.948815,-37.806542],[144.949018,-37.806694],[144.949011,-37.8067]]]]},"properties":{"seg_id":"30489","str_type":"Private","seg_descr":"Pl5241","street_id":"3001"}},{"type":"Feature","geometry":{"type":"MultiPolygon","coordinates":[[[[144.966731,-37.806599],[144.966734,-37.806571],[144.966911,-37.80659],[144.966907,-37.806616],[144.966731,-37.806599]]]]},"properties":{"seg_id":"20735","str_type":"Council Minor","seg_descr":"Cl1403 from Trades Hall Place","street_id":"319"}},{"type":"Feature","geometry":{"type":"MultiPolygon","coordinates":[[[[144.951858,-37.800489],[144.951732,-37.800388],[144.951978,-37.800195],[144.952218,-37.800389],[144.951967,-37.800583],[144.951858,-37.800489]]]]},"properties":{"seg_id":"20915","str_type":"Council Major","seg_descr":"Intersection of Villiers Street and Courtney Street","street_id":"0"}},{"type":"Feature","geometry":{"type":"MultiPolygon","coordinates":[[[[144.954649,-37.80447],[144.955216,-37.804531],[144.955209,-37.804563],[144.954644,-37.804502],[144.954649,-37.80447]]]]},"properties":{"seg_id":"30410","str_type":"Private","seg_descr":"Little Howard Street","street_id":"821"}},{"type":"Feature","geometry":{"type":"MultiPolygon","coordinates":[[[[144.955856,-37.814276],[144.95591,-37.814261],[144.956011,-37.814483],[144.956283,-37.815071],[144.95623,-37.815083],[144.955856,-37.814276]]]]},"properties":{"seg_id":"20411","str_type":"Council Minor","seg_descr":"Crombie Lane between Lonsdale Street and Little Bourke Street","street_id":"544"}},{"type":"Feature","geometry":{"type":"MultiPolygon","coordinates":[[[[144.956198,-37.811673],[144.956522,-37.81159],[144.956635,-37.811846],[144.956316,-37.811937],[144.956198,-37.811673]]]]},"properties":{"seg_id":"20027","str_type":"Council Major","seg_descr":"Intersection of William Street and La Trobe Street","street_id":"0"}},{"type":"Feature","geometry":{"type":"MultiPolygon","coordinates":[[[[144.945703,-37.806382],[144.945858,-37.806156],[144.945867,-37.806142],[144.945872,-37.806143],[144.945898,-37.80615],[144.945731,-37.806393],[144.945703,-37.806382]]]]},"properties":{"seg_id":"30447","str_type":"Private","seg_descr":"PL5214","street_id":"2971"}},{"type":"Feature","geometry":{"type":"MultiPolygon","coordinates":[[[[144.963151,-37.804212],[144.963145,-37.804247],[144.962789,-37.804206],[144.962578,-37.804182],[144.962585,-37.804139],[144.962586,-37.804131],[144.962933,-37.804169],[144.96293,-37.804187],[144.963151,-37.804212]]]]},"properties":{"seg_id":"20830","str_type":"Council Minor","seg_descr":"Carlton Place from Swanston Street","street_id":"1218"}},{"type":"Feature","geometry":{"type":"MultiPolygon","coordinates":[[[[144.964459,-37.810574],[144.964133,-37.810667],[144.964094,-37.81058],[144.964416,-37.810488],[144.964459,-37.810574]]]]},"properties":{"seg_id":"20039","str_type":"Council Major","seg_descr":"Intersection of Swanston Street and Little Lonsdale Street","street_id":"0"}},{"type":"Feature","geometry":{"type":"MultiPolygon","coordinates":[[[[144.953059,-37.801665],[144.953065,-37.80163],[144.953249,-37.801804],[144.953232,-37.801816],[144.953214,-37.801814],[144.953059,-37.801665]]]]},"properties":{"seg_id":"30401","str_type":"Private","seg_descr":"Pl5168","street_id":"2920"}},{"type":"Feature","geometry":{"type":"MultiPolygon","coordinates":[[[[144.958195,-37.805841],[144.958181,-37.805808],[144.95796,-37.805316],[144.957947,-37.805288],[144.957541,-37.804385],[144.957526,-37.804352],[144.957344,-37.804051],[144.957648,-37.804079],[144.957715,-37.804226],[144.957725,-37.804254],[144.957827,-37.804478],[144.957839,-37.804506],[144.957968,-37.804789],[144.95798,-37.804817],[144.95853,-37.806026],[144.95826,-37.805999],[144.958195,-37.805841]]]]},"properties":{"seg_id":"20928","str_type":"Council Major","seg_descr":"O'Connell Street between Victoria Street and Queensberry Street","street_id":"939"}},{"type":"Feature","geometry":{"type":"MultiPolygon","coordinates":[[[[144.949885,-37.805334],[144.94986,-37.805485],[144.94983,-37.805487],[144.949539,-37.805505],[144.949545,-37.80547],[144.94983,-37.805461],[144.949851,-37.805329],[144.949885,-37.805334]]]]},"properties":{"seg_id":"21372","str_type":"Council Minor","seg_descr":"Cl1215 from Victoria Street","street_id":"192"}},{"type":"Feature","geometry":{"type":"MultiPolygon","coordinates":[[[[144.957021,-37.80586],[144.956975,-37.806127],[144.956176,-37.806039],[144.956234,-37.805772],[144.957021,-37.80586]]]]},"properties":{"seg_id":"22673","str_type":"Arterial","seg_descr":"Victoria Street between Cobden Street and Peel Street","street_id":"1152"}},{"type":"Feature","geometry":{"type":"MultiPolygon","coordinates":[[[[144.953035,-37.810161],[144.952711,-37.810256],[144.952385,-37.809616],[144.952271,-37.80942],[144.952641,-37.809311],[144.953035,-37.810161]]]]},"properties":{"seg_id":"21518","str_type":"Arterial","seg_descr":"King Street between Batman Street and Dudley Street","street_id":"761"}},{"type":"Feature","geometry":{"type":"MultiPolygon","coordinates":[[[[144.961072,-37.80929],[144.961246,-37.809676],[144.960923,-37.809769],[144.960744,-37.80938],[144.961072,-37.80929]]]]},"properties":{"seg_id":"22651","str_type":"Council Major","seg_descr":"Elizabeth Street between Little La Trobe Street and A'Beckett Street","street_id":"599"}},{"type":"Feature","geometry":{"type":"MultiPolygon","coordinates":[[[[144.95354,-37.80547],[144.953492,-37.80574],[144.952355,-37.805614],[144.952399,-37.805345],[144.95354,-37.80547]]]]},"properties":{"seg_id":"20960","str_type":"Council Major","seg_descr":"Victoria Street between Howard Street and Chetwynd Street","street_id":"1152"}},{"type":"Feature","geometry":{"type":"MultiPolygon","coordinates":[[[[144.96563,-37.812464],[144.965801,-37.812834],[144.965774,-37.812842],[144.965603,-37.812472],[144.96563,-37.812464]]]]},"properties":{"seg_id":"20293","str_type":"Council Minor","seg_descr":"Star Alley from Little Bourke Street","street_id":"1091"}},{"type":"Feature","geometry":{"type":"MultiPolygon","coordinates":[[[[144.955631,-37.815773],[144.955828,-37.815716],[144.955825,-37.815709],[144.955676,-37.81538],[144.955725,-37.815366],[144.95571,-37.815333],[144.955725,-37.815329],[144.955909,-37.815734],[144.955648,-37.815809],[144.955631,-37.815773]]]]},"properties":{"seg_id":"30093","str_type":"Private","seg_descr":"Bourke Place","street_id":"454"}},{"type":"Feature","geometry":{"type":"MultiPolygon","coordinates":[[[[144.962037,-37.812202],[144.962153,-37.81246],[144.961293,-37.812709],[144.961255,-37.81272],[144.960899,-37.812822],[144.96083,-37.812845],[144.960813,-37.81285],[144.960432,-37.81296],[144.960389,-37.812973],[144.960247,-37.813014],[144.960183,-37.813033],[144.960008,-37.813084],[144.959889,-37.812821],[144.960715,-37.812584],[144.960782,-37.812566],[144.961746,-37.812286],[144.96179,-37.812273],[144.962037,-37.812202]]]]},"properties":{"seg_id":"20009","str_type":"Council Major","seg_descr":"Lonsdale Street between Elizabeth Street and Queen Street","street_id":"803"}},{"type":"Feature","geometry":{"type":"MultiPolygon","coordinates":[[[[144.95098,-37.80567],[144.950995,-37.805697],[144.951057,-37.805835],[144.951066,-37.805862],[144.951417,-37.806621],[144.951425,-37.80664],[144.951532,-37.806878],[144.951513,-37.806885],[144.951493,-37.80689],[144.951473,-37.806894],[144.951452,-37.806896],[144.951432,-37.806897],[144.951411,-37.806897],[144.95139,-37.806895],[144.951369,-37.806892],[144.951347,-37.806867],[144.951332,-37.806862],[144.951318,-37.806857],[144.951304,-37.80685],[144.951291,-37.806843],[144.951278,-37.806835],[144.951267,-37.806826],[144.951256,-37.806817],[144.951157,-37.806847],[144.95115,-37.806836],[144.951144,-37.806826],[144.951139,-37.806815],[144.950687,-37.805825],[144.950889,-37.805463],[144.95098,-37.80567]]]]},"properties":{"seg_id":"21376","str_type":"Council Major","seg_descr":"Eades Place between Stanley Street and Roden Street","street_id":"589"}},{"type":"Feature","geometry":{"type":"MultiPolygon","coordinates":[[[[144.964773,-37.803498],[144.964207,-37.803435],[144.964213,-37.803394],[144.964779,-37.803456],[144.964773,-37.803498]]]]},"properties":{"seg_id":"20804","str_type":"Council Minor","seg_descr":"Ievers Terrace from Cardigan Street","street_id":"734"}},{"type":"Feature","geometry":{"type":"MultiPolygon","coordinates":[[[[144.963208,-37.803874],[144.9633,-37.803336],[144.963644,-37.803373],[144.963583,-37.80373],[144.963581,-37.803738],[144.963516,-37.804094],[144.963511,-37.804121],[144.963452,-37.80446],[144.963116,-37.804416],[144.963145,-37.804247],[144.963151,-37.804212],[144.963201,-37.803919],[144.963208,-37.803874]]]]},"properties":{"seg_id":"20484","str_type":"Council Major","seg_descr":"Swanston Street between Queensberry Street and Lincoln Square South","street_id":"1114"}},{"type":"Feature","geometry":{"type":"MultiPolygon","coordinates":[[[[144.966195,-37.809048],[144.966516,-37.80895],[144.966883,-37.80975],[144.966889,-37.809763],[144.966564,-37.80986],[144.966195,-37.809048]]]]},"properties":{"seg_id":"20153","str_type":"Council Major","seg_descr":"Russell Street between Little Lonsdale Street and La Trobe Street","street_id":"1045"}},{"type":"Feature","geometry":{"type":"MultiPolygon","coordinates":[[[[144.951296,-37.8031],[144.950953,-37.803062],[144.950978,-37.802923],[144.950982,-37.802899],[144.951011,-37.802738],[144.951016,-37.802703],[144.951089,-37.802296],[144.951104,-37.802203],[144.951178,-37.801807],[144.951187,-37.801764],[144.951279,-37.801252],[144.951616,-37.801285],[144.951629,-37.801287],[144.951615,-37.801296],[144.951526,-37.801806],[144.951515,-37.801867],[144.951381,-37.802627],[144.951375,-37.802659],[144.951327,-37.802913],[144.951321,-37.802951],[144.951296,-37.8031]]]]},"properties":{"seg_id":"21096","str_type":"Council Major","seg_descr":"Leveson Street between Queensberry Street and Arden Street","street_id":"791"}},{"type":"Feature","geometry":{"type":"MultiPolygon","coordinates":[[[[144.949178,-37.810294],[144.949,-37.810361],[144.948947,-37.810286],[144.948942,-37.810288],[144.948908,-37.81024],[144.948913,-37.810238],[144.948751,-37.810012],[144.948611,-37.810065],[144.94857,-37.809998],[144.948577,-37.809994],[144.948487,-37.809878],[144.948532,-37.809855],[144.948647,-37.810003],[144.948794,-37.809948],[144.948872,-37.809912],[144.948754,-37.809747],[144.94879,-37.809729],[144.948934,-37.809931],[144.94886,-37.809964],[144.949008,-37.810172],[144.949071,-37.810144],[144.949178,-37.810294]]]]},"properties":{"seg_id":"30894","str_type":"Private","street_id":"120186"}},{"type":"Feature","geometry":{"type":"MultiPolygon","coordinates":[[[[144.95696,-37.814508],[144.956942,-37.81447],[144.956928,-37.814474],[144.956881,-37.814372],[144.956928,-37.814359],[144.956944,-37.814392],[144.956991,-37.814397],[144.957033,-37.814487],[144.95696,-37.814508]]]]},"properties":{"seg_id":"20410","str_type":"Council Minor","seg_descr":"Guests Lane between Lonsdale Street and Little Bourke Street","street_id":"681"}},{"type":"Feature","geometry":{"type":"MultiPolygon","coordinates":[[[[144.961582,-37.813645],[144.961618,-37.813635],[144.961747,-37.813916],[144.96171,-37.813926],[144.961582,-37.813645]]]]},"properties":{"seg_id":"20377","str_type":"Council Minor","seg_descr":"Racing Club Lane from Little Bourke Street","street_id":"1013"}},{"type":"Feature","geometry":{"type":"MultiPolygon","coordinates":[[[[144.963203,-37.805874],[144.963495,-37.805906],[144.963537,-37.805663],[144.963604,-37.805671],[144.963513,-37.80621],[144.963475,-37.806207],[144.963417,-37.806571],[144.963371,-37.806566],[144.963432,-37.806204],[144.963441,-37.806205],[144.963461,-37.80609],[144.963466,-37.806091],[144.96349,-37.805958],[144.963193,-37.805927],[144.963203,-37.805874]]]]},"properties":{"seg_id":"20795","str_type":"Council Minor","seg_descr":"Cardigan Terrace between Victoria Street and Swanston Street","street_id":"484"}},{"type":"Feature","geometry":{"type":"MultiPolygon","coordinates":[[[[144.945936,-37.807828],[144.94648,-37.807329],[144.946514,-37.807297],[144.94669,-37.807135],[144.947011,-37.807255],[144.946716,-37.80753],[144.946689,-37.807552],[144.946414,-37.807808],[144.946249,-37.807962],[144.945936,-37.807828]]]]},"properties":{"seg_id":"21461","str_type":"Council Major","seg_descr":"Hawke Street between Ireland Street and Spencer Street","street_id":"696"}},{"type":"Feature","geometry":{"type":"MultiPolygon","coordinates":[[[[144.953954,-37.81482],[144.953993,-37.814809],[144.954079,-37.814996],[144.954076,-37.814997],[144.954104,-37.815056],[144.954114,-37.815053],[144.954204,-37.815252],[144.954365,-37.815609],[144.95437,-37.81562],[144.954325,-37.815633],[144.95432,-37.815622],[144.954151,-37.81525],[144.953954,-37.81482]]]]},"properties":{"seg_id":"20439","str_type":"Council Minor","seg_descr":"Rose Lane between Little Bourke Street and Lonsdale Street","street_id":"1037"}},{"type":"Feature","geometry":{"type":"MultiPolygon","coordinates":[[[[144.960145,-37.804086],[144.960234,-37.803649],[144.960376,-37.802839],[144.960382,-37.802814],[144.960479,-37.802252],[144.960812,-37.802324],[144.960778,-37.802513],[144.96077,-37.802556],[144.960495,-37.804121],[144.960145,-37.804086]]]]},"properties":{"seg_id":"20458","str_type":"Council Major","seg_descr":"Leicester Street between Queensberry Street and Pelham Street","street_id":"786"}},{"type":"Feature","geometry":{"type":"MultiPolygon","coordinates":[[[[144.959685,-37.813174],[144.960008,-37.813084],[144.960376,-37.813899],[144.960052,-37.81399],[144.959685,-37.813174]]]]},"properties":{"seg_id":"20175","str_type":"Council Major","seg_descr":"Queen Street between Little Bourke Street and Lonsdale Street","street_id":"1010"}},{"type":"Feature","geometry":{"type":"MultiPolygon","coordinates":[[[[144.95798,-37.804817],[144.957968,-37.804789],[144.958145,-37.804736],[144.958147,-37.804733],[144.958141,-37.80472],[144.958174,-37.804711],[144.958199,-37.804767],[144.958156,-37.804764],[144.95798,-37.804817]]]]},"properties":{"seg_id":"20927","str_type":"Council Minor","seg_descr":"Connors Lane from O'Connell Street","street_id":"1223"}},{"type":"Feature","geometry":{"type":"MultiPolygon","coordinates":[[[[144.947731,-37.811145],[144.947587,-37.810897],[144.947894,-37.81078],[144.948043,-37.811025],[144.947731,-37.811145]]]]},"properties":{"seg_id":"21488","str_type":"Arterial","seg_descr":"Intersection of Dudley Street and Adderley Street","street_id":"0"}},{"type":"Feature","geometry":{"type":"MultiPolygon","coordinates":[[[[144.951803,-37.803776],[144.952024,-37.803801],[144.952047,-37.803667],[144.952021,-37.803664],[144.952023,-37.803656],[144.952061,-37.80366],[144.952088,-37.803663],[144.952088,-37.803661],[144.95211,-37.803662],[144.952218,-37.803673],[144.952217,-37.803684],[144.952123,-37.803674],[144.952086,-37.803694],[144.952058,-37.803846],[144.951797,-37.803817],[144.951803,-37.803776]]]]},"properties":{"seg_id":"20976","str_type":"Council Minor","seg_descr":"Stedeford Lane from Little Leveson Street","street_id":"1288"}},{"type":"Feature","geometry":{"type":"MultiPolygon","coordinates":[[[[144.960008,-37.813084],[144.959685,-37.813174],[144.959553,-37.812919],[144.959889,-37.812821],[144.960008,-37.813084]]]]},"properties":{"seg_id":"20010","str_type":"Council Major","seg_descr":"Intersection of Lonsdale Street and Queen Street","street_id":"0"}},{"type":"Feature","geometry":{"type":"MultiPolygon","coordinates":[[[[144.96137,-37.811478],[144.961417,-37.811463],[144.961603,-37.811867],[144.961418,-37.81192],[144.961495,-37.812088],[144.961454,-37.8121],[144.96138,-37.811931],[144.96131,-37.811779],[144.961351,-37.811768],[144.961399,-37.811871],[144.961466,-37.811851],[144.96147,-37.81186],[144.961537,-37.81184],[144.96137,-37.811478]]]]},"properties":{"seg_id":"20363","str_type":"Council Minor","seg_descr":"Heape Court from Little Lonsdale Street","street_id":"700"}},{"type":"Feature","geometry":{"type":"MultiPolygon","coordinates":[[[[144.958696,-37.815399],[144.958642,-37.815415],[144.958574,-37.815267],[144.958548,-37.81524],[144.958453,-37.815035],[144.958429,-37.814984],[144.958325,-37.81476],[144.958215,-37.814792],[144.958202,-37.814766],[144.958313,-37.814734],[144.958254,-37.814606],[144.958322,-37.814586],[144.958327,-37.814598],[144.958696,-37.815399]]]]},"properties":{"seg_id":"20350","str_type":"Council Minor","seg_descr":"Little William Street between Bourke Street and Little Bourke Street","street_id":"837"}},{"type":"Feature","geometry":{"type":"MultiPolygon","coordinates":[[[[144.955674,-37.805016],[144.95569,-37.804926],[144.955706,-37.804928],[144.95569,-37.805017],[144.955674,-37.805016]]]]},"properties":{"seg_id":"30365","str_type":"Private","seg_descr":"PL5347","street_id":"3146"}},{"type":"Feature","geometry":{"type":"MultiPolygon","coordinates":[[[[144.961597,-37.815073],[144.96161,-37.815101],[144.961455,-37.815146],[144.961473,-37.815108],[144.961597,-37.815073]]]]},"properties":{"seg_id":"30112","str_type":"Private","seg_descr":"Pl5254","street_id":"3017"}},{"type":"Feature","geometry":{"type":"MultiPolygon","coordinates":[[[[144.949208,-37.801301],[144.949318,-37.801314],[144.949312,-37.801349],[144.949149,-37.801331],[144.949156,-37.801295],[144.949208,-37.801301]]]]},"properties":{"seg_id":"30381","str_type":"Private","seg_descr":"Wylies Lane","street_id":"1190"}},{"type":"Feature","geometry":{"type":"MultiPolygon","coordinates":[[[[144.950325,-37.804557],[144.95035,-37.804407],[144.950404,-37.804413],[144.950381,-37.804565],[144.950347,-37.804561],[144.950325,-37.804557]]]]},"properties":{"seg_id":"20987","str_type":"Council Minor","seg_descr":"Cl0235 from Raglan Street","street_id":"1873"}},{"type":"Feature","geometry":{"type":"MultiPolygon","coordinates":[[[[144.960154,-37.812345],[144.960161,-37.812343],[144.960235,-37.812502],[144.959802,-37.812628],[144.959787,-37.812597],[144.960152,-37.812491],[144.96016,-37.812477],[144.960107,-37.812359],[144.960115,-37.812356],[144.960154,-37.812345]]]]},"properties":{"seg_id":"20366","str_type":"Council Minor","seg_descr":"Finlay Alley between Queen Street and Little Lonsdale Street","street_id":"1247"}},{"type":"Feature","geometry":{"type":"MultiPolygon","coordinates":[[[[144.949857,-37.805523],[144.949846,-37.805588],[144.949906,-37.805594],[144.9499,-37.805632],[144.949801,-37.805659],[144.949824,-37.80552],[144.949857,-37.805523]]]]},"properties":{"seg_id":"30496","str_type":"Private","seg_descr":"PL5102","street_id":"2827"}},{"type":"Feature","geometry":{"type":"MultiPolygon","coordinates":[[[[144.952433,-37.803228],[144.952489,-37.802921],[144.952498,-37.802869],[144.952556,-37.802539],[144.952561,-37.802513],[144.952654,-37.80199],[144.952666,-37.801932],[144.952754,-37.801416],[144.953089,-37.801493],[144.953065,-37.80163],[144.953059,-37.801665],[144.952776,-37.803257],[144.952433,-37.803228]]]]},"properties":{"seg_id":"21098","str_type":"Council Major","seg_descr":"Chetwynd Street between Queensberry Street and Courtney Street","street_id":"506"}},{"type":"Feature","geometry":{"type":"MultiPolygon","coordinates":[[[[144.949208,-37.801301],[144.949156,-37.801295],[144.949169,-37.80122],[144.949171,-37.801193],[144.949198,-37.801026],[144.949252,-37.801031],[144.949208,-37.801301]]]]},"properties":{"seg_id":"22829","str_type":"Council Minor","seg_descr":"Wylies Lane from Arden Street","street_id":"1190"}},{"type":"Feature","geometry":{"type":"MultiPolygon","coordinates":[[[[144.951585,-37.808371],[144.951394,-37.808142],[144.951657,-37.807962],[144.951733,-37.807967],[144.952102,-37.808114],[144.951863,-37.808233],[144.951585,-37.808371]]]]},"properties":{"seg_id":"21489","str_type":"Arterial","seg_descr":"Intersection of King Street and Rosslyn Street","street_id":"0"}},{"type":"Feature","geometry":{"type":"MultiPolygon","coordinates":[[[[144.963041,-37.806806],[144.963086,-37.806533],[144.963371,-37.806566],[144.963417,-37.806571],[144.964226,-37.806662],[144.96413,-37.806925],[144.963041,-37.806806]]]]},"properties":{"seg_id":"21607","str_type":"Arterial","seg_descr":"Victoria Street between Cardigan Street and Swanston Street","street_id":"1152"}},{"type":"Feature","geometry":{"type":"MultiPolygon","coordinates":[[[[144.95014,-37.801127],[144.950187,-37.800861],[144.950423,-37.800887],[144.950467,-37.800891],[144.951327,-37.800985],[144.951279,-37.801252],[144.950987,-37.80122],[144.950949,-37.801213],[144.950498,-37.801164],[144.950426,-37.801157],[144.950391,-37.801153],[144.95014,-37.801127]]]]},"properties":{"seg_id":"21085","str_type":"Council Major","seg_descr":"Arden Street between Leveson Street and Errol Street","street_id":"395"}},{"type":"Feature","geometry":{"type":"MultiPolygon","coordinates":[[[[144.959574,-37.814228],[144.959767,-37.81465],[144.95976,-37.814675],[144.959728,-37.814663],[144.959539,-37.814249],[144.959535,-37.81424],[144.959574,-37.814228]]]]},"properties":{"seg_id":"20347","str_type":"Council Minor","seg_descr":"St Patricks Alley from Little Bourke Street","street_id":"1059"}},{"type":"Feature","geometry":{"type":"MultiPolygon","coordinates":[[[[144.958055,-37.808552],[144.958062,-37.808513],[144.958504,-37.808367],[144.95851,-37.808355],[144.95841,-37.808136],[144.958464,-37.808133],[144.958537,-37.808292],[144.958563,-37.808349],[144.958577,-37.80838],[144.95865,-37.808535],[144.958641,-37.808538],[144.958568,-37.808383],[144.958055,-37.808552]]]]},"properties":{"seg_id":"21635","str_type":"Council Minor","seg_descr":"Cl1184 from Queen Street","street_id":"160"}},{"type":"Feature","geometry":{"type":"MultiPolygon","coordinates":[[[[144.948533,-37.80583],[144.948551,-37.805812],[144.94871,-37.805924],[144.94869,-37.805941],[144.948533,-37.80583]]]]},"properties":{"seg_id":"30530","str_type":"Private","seg_descr":"PL5136","street_id":"2880"}},{"type":"Feature","geometry":{"type":"MultiPolygon","coordinates":[[[[144.948107,-37.804099],[144.948097,-37.804158],[144.947974,-37.804849],[144.947638,-37.80481],[144.947597,-37.804806],[144.947645,-37.804777],[144.947713,-37.804403],[144.947715,-37.804389],[144.947717,-37.804375],[144.947789,-37.803971],[144.948122,-37.804012],[144.948107,-37.804099]]]]},"properties":{"seg_id":"20996","str_type":"Arterial","seg_descr":"Curzon Street between Victoria Street and Elm Street","street_id":"552"}},{"type":"Feature","geometry":{"type":"MultiPolygon","coordinates":[[[[144.95122,-37.813085],[144.951541,-37.812994],[144.951658,-37.813248],[144.951333,-37.813344],[144.95122,-37.813085]]]]},"properties":{"seg_id":"20031","str_type":"Arterial","seg_descr":"Intersection of Spencer Street and La Trobe Street","street_id":"0"}},{"type":"Feature","geometry":{"type":"MultiPolygon","coordinates":[[[[144.962585,-37.804139],[144.962578,-37.804182],[144.962576,-37.80419],[144.962449,-37.804176],[144.962414,-37.804173],[144.96229,-37.804159],[144.962299,-37.804108],[144.962585,-37.804139]]]]},"properties":{"seg_id":"20831","str_type":"Council Minor","seg_descr":"Cl1075 from Brompton Place","street_id":"1569"}},{"type":"Feature","geometry":{"type":"MultiPolygon","coordinates":[[[[144.951679,-37.804422],[144.951684,-37.804398],[144.95186,-37.804416],[144.951855,-37.804441],[144.951679,-37.804422]]]]},"properties":{"seg_id":"30833","str_type":"Private","seg_descr":"PL5390","street_id":"120058"}},{"type":"Feature","geometry":{"type":"MultiPolygon","coordinates":[[[[144.958687,-37.799979],[144.958734,-37.799713],[144.958965,-37.799738],[144.958918,-37.800009],[144.958687,-37.799979]]]]},"properties":{"seg_id":"20475","str_type":"Council Major","seg_descr":"Intersection of Berkeley Street and Grattan Street","street_id":"674"}},{"type":"Feature","geometry":{"type":"MultiPolygon","coordinates":[[[[144.954568,-37.813476],[144.954234,-37.813533],[144.954193,-37.813448],[144.954514,-37.813357],[144.954568,-37.813476]]]]},"properties":{"seg_id":"20047","str_type":"Arterial","seg_descr":"Intersection of King Street and Little Lonsdale Street","street_id":"0"}},{"type":"Feature","geometry":{"type":"MultiPolygon","coordinates":[[[[144.946346,-37.809727],[144.946319,-37.809744],[144.946256,-37.809686],[144.946188,-37.809625],[144.946216,-37.809606],[144.946346,-37.809727]]]]},"properties":{"seg_id":"30435","str_type":"Private","seg_descr":"Pl5284","street_id":"3055"}},{"type":"Feature","geometry":{"type":"MultiPolygon","coordinates":[[[[144.956671,-37.812712],[144.956316,-37.811937],[144.956635,-37.811846],[144.957007,-37.812651],[144.956671,-37.812712]]]]},"properties":{"seg_id":"20187","str_type":"Council Major","seg_descr":"William Street between Little Lonsdale Street and La Trobe Street","street_id":"1179"}},{"type":"Feature","geometry":{"type":"MultiPolygon","coordinates":[[[[144.966852,-37.806946],[144.966902,-37.806643],[144.966914,-37.806644],[144.966865,-37.806948],[144.966852,-37.806946]]]]},"properties":{"seg_id":"30215","str_type":"Private","seg_descr":"Pl5082","street_id":"1709"}},{"type":"Feature","geometry":{"type":"MultiPolygon","coordinates":[[[[144.950586,-37.805136],[144.950631,-37.804898],[144.950641,-37.804843],[144.950711,-37.804448],[144.95072,-37.804394],[144.950773,-37.804106],[144.950779,-37.804061],[144.950908,-37.803336],[144.951246,-37.803368],[144.950993,-37.804782],[144.950987,-37.804815],[144.950924,-37.805177],[144.950586,-37.805136]]]]},"properties":{"seg_id":"20980","str_type":"Council Major","seg_descr":"Leveson Street between Victoria Street and Queensberry Street","street_id":"791"}},{"type":"Feature","geometry":{"type":"MultiPolygon","coordinates":[[[[144.967773,-37.808297],[144.968549,-37.80807],[144.968662,-37.808324],[144.968383,-37.808406],[144.968051,-37.808503],[144.967984,-37.808522],[144.966802,-37.808866],[144.966741,-37.808885],[144.966516,-37.80895],[144.966399,-37.808696],[144.967732,-37.808309],[144.967773,-37.808297]]]]},"properties":{"seg_id":"20018","str_type":"Council Major","seg_descr":"La Trobe Street between Exhibition Street and Russell Street","street_id":"780"}},{"type":"Feature","geometry":{"type":"MultiPolygon","coordinates":[[[[144.96044,-37.811983],[144.960428,-37.811951],[144.960344,-37.811771],[144.960409,-37.811754],[144.960782,-37.812566],[144.960715,-37.812584],[144.96044,-37.811983]]]]},"properties":{"seg_id":"20365","str_type":"Council Minor","seg_descr":"Hardware Street between Lonsdale Street and Little Lonsdale Street","street_id":"689"}},{"type":"Feature","geometry":{"type":"MultiPolygon","coordinates":[[[[144.955921,-37.803349],[144.955949,-37.803323],[144.955954,-37.803285],[144.95599,-37.803279],[144.955997,-37.803278],[144.955989,-37.803289],[144.955982,-37.803334],[144.955945,-37.803368],[144.955921,-37.803349]]]]},"properties":{"seg_id":"30385","str_type":"Private","seg_descr":"Pl5194","street_id":"2948"}},{"type":"Feature","geometry":{"type":"MultiPolygon","coordinates":[[[[144.948721,-37.802447],[144.948653,-37.802441],[144.948659,-37.802433],[144.948691,-37.80242],[144.948724,-37.80224],[144.948757,-37.802244],[144.948744,-37.802326],[144.948728,-37.802397],[144.948751,-37.802423],[144.949304,-37.802485],[144.949311,-37.802482],[144.949332,-37.802421],[144.949355,-37.802307],[144.949391,-37.802311],[144.949354,-37.802514],[144.949085,-37.802487],[144.949052,-37.802482],[144.948721,-37.802447]]]]},"properties":{"seg_id":"23337","str_type":"Council Minor","seg_descr":"Dangerfield Lane from Purcell Street","street_id":"2990"}},{"type":"Feature","geometry":{"type":"MultiPolygon","coordinates":[[[[144.958483,-37.806296],[144.95853,-37.806026],[144.958946,-37.805908],[144.958956,-37.80589],[144.958962,-37.805903],[144.959204,-37.806375],[144.958483,-37.806296]]]]},"properties":{"seg_id":"22670","str_type":"Arterial","seg_descr":"Victoria Street between Elizabeth Street and O'Connell Street","street_id":"1152"}},{"type":"Feature","geometry":{"type":"MultiPolygon","coordinates":[[[[144.949774,-37.803209],[144.949823,-37.802936],[144.950062,-37.802963],[144.95013,-37.80297],[144.950953,-37.803062],[144.950908,-37.803336],[144.95068,-37.803311],[144.950639,-37.803306],[144.949774,-37.803209]]]]},"properties":{"seg_id":"20990","str_type":"Council Major","seg_descr":"Queensberry Street between Leveson Street and Errol Street","street_id":"1008"}},{"type":"Feature","geometry":{"type":"MultiPolygon","coordinates":[[[[144.961285,-37.808793],[144.961321,-37.808782],[144.96142,-37.808994],[144.961385,-37.809004],[144.961285,-37.808793]]]]},"properties":{"seg_id":"30471","str_type":"Private","seg_descr":"Pl5220","street_id":"2977"}},{"type":"Feature","geometry":{"type":"MultiPolygon","coordinates":[[[[144.955915,-37.802497],[144.955883,-37.802668],[144.955878,-37.802696],[144.955781,-37.803232],[144.955786,-37.803241],[144.955555,-37.803071],[144.955559,-37.803071],[144.955563,-37.80307],[144.955566,-37.803069],[144.955569,-37.803068],[144.955573,-37.803066],[144.955576,-37.803065],[144.955579,-37.803063],[144.955581,-37.803061],[144.955584,-37.803058],[144.955586,-37.803056],[144.955588,-37.803054],[144.955589,-37.803051],[144.955591,-37.803048],[144.955592,-37.803045],[144.955592,-37.803042],[144.955668,-37.802602],[144.955915,-37.802497]]]]},"properties":{"seg_id":"21118","str_type":"Council Major","seg_descr":"Capel Street between Courtney Street and Bedford Street","street_id":"482"}},{"type":"Feature","geometry":{"type":"MultiPolygon","coordinates":[[[[144.960086,-37.807154],[144.960008,-37.806983],[144.9612,-37.806634],[144.961211,-37.806623],[144.961209,-37.806606],[144.961195,-37.806597],[144.961291,-37.806607],[144.961772,-37.806662],[144.960086,-37.807154]]]]},"properties":{"seg_id":"21626","str_type":"Council Major","seg_descr":"Therry Street between Victoria Street and Elizabeth Street","street_id":"1120"}},{"type":"Feature","geometry":{"type":"MultiPolygon","coordinates":[[[[144.966498,-37.81119],[144.966584,-37.811373],[144.966594,-37.811396],[144.966595,-37.811397],[144.966581,-37.811402],[144.966783,-37.811835],[144.966887,-37.811804],[144.966896,-37.811823],[144.966792,-37.811854],[144.966862,-37.812006],[144.966805,-37.812023],[144.966734,-37.811871],[144.966605,-37.81191],[144.966595,-37.811889],[144.966725,-37.81185],[144.966509,-37.811386],[144.966472,-37.811396],[144.966461,-37.811375],[144.966511,-37.811361],[144.96644,-37.811207],[144.966498,-37.81119]]]]},"properties":{"seg_id":"20284","str_type":"Council Minor","seg_descr":"Heffernan Lane between Lonsdale Street and Little Bourke Street","street_id":"701"}},{"type":"Feature","geometry":{"type":"MultiPolygon","coordinates":[[[[144.950708,-37.799902],[144.951117,-37.800229],[144.951043,-37.800221],[144.950677,-37.799926],[144.950708,-37.799902]]]]},"properties":{"seg_id":"21179","str_type":"Council Minor","seg_descr":"Market Lane between O'Shanassy Street and Harcourt Street","street_id":"875"}},{"type":"Feature","geometry":{"type":"MultiPolygon","coordinates":[[[[144.949022,-37.802847],[144.94899,-37.802845],[144.949052,-37.802482],[144.949085,-37.802487],[144.949022,-37.802847]]]]},"properties":{"seg_id":"23338","str_type":"Council Minor","seg_descr":"Strang Lane between Queensberry Street and Dangerfield Lane","street_id":"2965"}},{"type":"Feature","geometry":{"type":"MultiPolygon","coordinates":[[[[144.951061,-37.811973],[144.951143,-37.81214],[144.950823,-37.812231],[144.950743,-37.812062],[144.951061,-37.811973]]]]},"properties":{"seg_id":"21500","str_type":"Arterial","seg_descr":"Intersection of Spencer Street and Jeffcott Street","street_id":"0"}},{"type":"Feature","geometry":{"type":"MultiPolygon","coordinates":[[[[144.948409,-37.804319],[144.948404,-37.804345],[144.948378,-37.804342],[144.948281,-37.804884],[144.948229,-37.804878],[144.948341,-37.804261],[144.948315,-37.804259],[144.948328,-37.804182],[144.948097,-37.804158],[144.948107,-37.804099],[144.948339,-37.804128],[144.948354,-37.804051],[144.948453,-37.804062],[144.94845,-37.804082],[144.948409,-37.804319]]]]},"properties":{"seg_id":"21005","str_type":"Council Minor","seg_descr":"Little Curzon Street between Curzon Street and Victoria Street","street_id":"814"}},{"type":"Feature","geometry":{"type":"MultiPolygon","coordinates":[[[[144.948982,-37.812128],[144.94894,-37.81209],[144.949194,-37.812018],[144.949246,-37.812004],[144.949706,-37.811876],[144.950161,-37.811747],[144.950178,-37.811785],[144.950175,-37.811785],[144.95014,-37.811796],[144.948982,-37.812128]]]]},"properties":{"seg_id":"21496","str_type":"Council Minor","seg_descr":"McDougall Lane between Adderley Street and Jeffcott Street","street_id":"117840"}},{"type":"Feature","geometry":{"type":"MultiPolygon","coordinates":[[[[144.959443,-37.802725],[144.959227,-37.80279],[144.95922,-37.802775],[144.959184,-37.802786],[144.959108,-37.802619],[144.959128,-37.802613],[144.959146,-37.802608],[144.959213,-37.802761],[144.959429,-37.802696],[144.959443,-37.802725]]]]},"properties":{"seg_id":"20859","str_type":"Council Minor","seg_descr":"Cl1028 from Barry Street","street_id":"277"}},{"type":"Feature","geometry":{"type":"MultiPolygon","coordinates":[[[[144.964351,-37.809299],[144.964287,-37.809318],[144.964095,-37.808903],[144.96416,-37.808884],[144.964351,-37.809299]]]]},"properties":{"seg_id":"30814","str_type":"Private","seg_descr":"Rodda Lane","street_id":"120055"}},{"type":"Feature","geometry":{"type":"MultiPolygon","coordinates":[[[[144.954203,-37.805329],[144.954189,-37.805327],[144.954206,-37.805229],[144.954207,-37.805223],[144.95422,-37.805225],[144.954203,-37.805329]]]]},"properties":{"seg_id":"30368","str_type":"Private","seg_descr":"Pl5346","street_id":"3145"}},{"type":"Feature","geometry":{"type":"MultiPolygon","coordinates":[[[[144.950503,-37.80558],[144.950687,-37.805825],[144.950043,-37.806309],[144.949805,-37.806102],[144.950503,-37.80558]]]]},"properties":{"seg_id":"21373","str_type":"Council Major","seg_descr":"Roden Street between King Street and Eades Place","street_id":"1035"}},{"type":"Feature","geometry":{"type":"MultiPolygon","coordinates":[[[[144.966611,-37.80692],[144.966741,-37.806201],[144.966786,-37.806205],[144.966795,-37.806206],[144.966734,-37.806571],[144.966731,-37.806599],[144.966675,-37.806927],[144.966611,-37.80692]]]]},"properties":{"seg_id":"20734","str_type":"Council Minor","seg_descr":"Trades Hall Place from Victoria Street","street_id":"1128"}},{"type":"Feature","geometry":{"type":"MultiPolygon","coordinates":[[[[144.950054,-37.813415],[144.950303,-37.813634],[144.950331,-37.813626],[144.950338,-37.813642],[144.950305,-37.813651],[144.950293,-37.81364],[144.949895,-37.813756],[144.949667,-37.813544],[144.950062,-37.813429],[144.950047,-37.813415],[144.950018,-37.813414],[144.950037,-37.8134],[144.950054,-37.813415]]]]},"properties":{"seg_id":"22551","str_type":"Council Major","seg_descr":"La Trobe Street between Adderley Street and Wurundjeri Way","street_id":"780"}},{"type":"Feature","geometry":{"type":"MultiPolygon","coordinates":[[[[144.947448,-37.809741],[144.947438,-37.809746],[144.947366,-37.809666],[144.947375,-37.80966],[144.947448,-37.809741]]]]},"properties":{"seg_id":"30454","str_type":"Private","seg_descr":"Pl5110","street_id":"2851"}},{"type":"Feature","geometry":{"type":"MultiPolygon","coordinates":[[[[144.964393,-37.812823],[144.964431,-37.812812],[144.964708,-37.81341],[144.964671,-37.813422],[144.964393,-37.812823]]]]},"properties":{"seg_id":"20325","str_type":"Council Minor","seg_descr":"Albion Alley from Little Bourke Street","street_id":"1196"}},{"type":"Feature","geometry":{"type":"MultiPolygon","coordinates":[[[[144.946811,-37.808731],[144.946791,-37.808746],[144.946386,-37.809051],[144.946144,-37.808853],[144.947646,-37.807725],[144.947882,-37.807923],[144.9477,-37.80806],[144.947687,-37.808071],[144.947406,-37.808281],[144.947383,-37.808298],[144.946978,-37.808604],[144.946959,-37.808619],[144.946811,-37.808731]]]]},"properties":{"seg_id":"21464","str_type":"Council Major","seg_descr":"Roden Street between Adderley Street and Spencer Street","street_id":"1035"}},{"type":"Feature","geometry":{"type":"MultiPolygon","coordinates":[[[[144.958408,-37.802061],[144.958209,-37.802039],[144.958166,-37.802034],[144.957894,-37.802004],[144.957762,-37.801712],[144.958372,-37.801784],[144.958408,-37.802061]]]]},"properties":{"seg_id":"22502","str_type":"Council Major","seg_descr":"Pelham Street between Berkeley Street and Elizabeth Street","street_id":"975"}},{"type":"Feature","geometry":{"type":"MultiPolygon","coordinates":[[[[144.956595,-37.803688],[144.957249,-37.803762],[144.957344,-37.804051],[144.95656,-37.803962],[144.956595,-37.803688]]]]},"properties":{"seg_id":"20925","str_type":"Council Major","seg_descr":"Queensberry Street between Cobden Street and Peel Street","street_id":"1008"}},{"type":"Feature","geometry":{"type":"MultiPolygon","coordinates":[[[[144.962476,-37.812363],[144.962153,-37.81246],[144.962037,-37.812202],[144.962363,-37.812106],[144.962476,-37.812363]]]]},"properties":{"seg_id":"20008","str_type":"Council Major","seg_descr":"Intersection of Lonsdale Street and Elizabeth Street","street_id":"0"}},{"type":"Feature","geometry":{"type":"MultiPolygon","coordinates":[[[[144.952123,-37.815056],[144.952453,-37.814961],[144.952568,-37.815216],[144.952239,-37.815309],[144.952205,-37.815234],[144.952123,-37.815056]]]]},"properties":{"seg_id":"20015","str_type":"Arterial","seg_descr":"Intersection of Lonsdale Street and Spencer Street","street_id":"1086"}},{"type":"Feature","geometry":{"type":"MultiPolygon","coordinates":[[[[144.961616,-37.814557],[144.961693,-37.814535],[144.962943,-37.814172],[144.96306,-37.814431],[144.962531,-37.814584],[144.96247,-37.814601],[144.961805,-37.814793],[144.961567,-37.814862],[144.961509,-37.814879],[144.960909,-37.81505],[144.960785,-37.814796],[144.961616,-37.814557]]]]},"properties":{"seg_id":"20084","str_type":"Council Major","seg_descr":"Bourke Street between Elizabeth Street and Queen Street","street_id":"455"}},{"type":"Feature","geometry":{"type":"MultiPolygon","coordinates":[[[[144.957288,-37.805667],[144.957631,-37.805706],[144.957736,-37.805718],[144.957739,-37.805741],[144.957719,-37.805747],[144.957282,-37.805694],[144.957288,-37.805667]]]]},"properties":{"seg_id":"20930","str_type":"Council Minor","seg_descr":"Cl1730 from Cobden Street","street_id":"115"}},{"type":"Feature","geometry":{"type":"MultiPolygon","coordinates":[[[[144.954516,-37.806124],[144.954502,-37.80622],[144.954514,-37.806324],[144.954541,-37.806542],[144.954541,-37.80655],[144.954551,-37.806625],[144.954515,-37.806635],[144.954492,-37.806447],[144.954204,-37.80653],[144.954191,-37.806505],[144.95449,-37.806419],[144.954478,-37.806326],[144.954467,-37.80623],[144.954428,-37.806094],[144.954516,-37.806124]]]]},"properties":{"seg_id":"21391","str_type":"Council Minor","seg_descr":"San Marco Lane from William Street","street_id":"2895"}},{"type":"Feature","geometry":{"type":"MultiPolygon","coordinates":[[[[144.961712,-37.809636],[144.961284,-37.809762],[144.961246,-37.809676],[144.961675,-37.809553],[144.96174,-37.809535],[144.962893,-37.809195],[144.962959,-37.809176],[144.963385,-37.809054],[144.963421,-37.809138],[144.962999,-37.809262],[144.962934,-37.809278],[144.962633,-37.809366],[144.962585,-37.80938],[144.961778,-37.809615],[144.961712,-37.809636]]]]},"properties":{"seg_id":"21644","str_type":"Council Minor","seg_descr":"Little La Trobe Street between Swanston Street and Elizabeth Street","street_id":"822"}},{"type":"Feature","geometry":{"type":"MultiPolygon","coordinates":[[[[144.960909,-37.81505],[144.960584,-37.815142],[144.960467,-37.814888],[144.960785,-37.814796],[144.960909,-37.81505]]]]},"properties":{"seg_id":"20085","str_type":"Council Major","seg_descr":"Intersection of Queen Street and Bourke Street","street_id":"0"}},{"type":"Feature","geometry":{"type":"MultiPolygon","coordinates":[[[[144.961696,-37.803889],[144.961414,-37.803859],[144.961419,-37.803825],[144.961702,-37.803853],[144.961696,-37.803889]]]]},"properties":{"seg_id":"30243","str_type":"Private","seg_descr":"Pl5084","street_id":"1731"}},{"type":"Feature","geometry":{"type":"MultiPolygon","coordinates":[[[[144.953278,-37.801232],[144.954096,-37.801884],[144.953849,-37.80208],[144.953106,-37.801485],[144.953278,-37.801232]]]]},"properties":{"seg_id":"21107","str_type":"Council Major","seg_descr":"Courtney Street between Blackwood Street and Wreckyn Street","street_id":"541"}},{"type":"Feature","geometry":{"type":"MultiPolygon","coordinates":[[[[144.945944,-37.803556],[144.946613,-37.803637],[144.946735,-37.803656],[144.947821,-37.803781],[144.947789,-37.803971],[144.947379,-37.80392],[144.947343,-37.803915],[144.945949,-37.803746],[144.945912,-37.803742],[144.945503,-37.803689],[144.945537,-37.803507],[144.945885,-37.803549],[144.945944,-37.803556]]]]},"properties":{"seg_id":"21006","str_type":"Council Major","seg_descr":"Elm Street between Curzon Street and Abbotsford Street","street_id":"602"}},{"type":"Feature","geometry":{"type":"MultiPolygon","coordinates":[[[[144.960963,-37.811501],[144.960867,-37.811293],[144.960921,-37.811277],[144.961015,-37.811486],[144.960963,-37.811501]]]]},"properties":{"seg_id":"20337","str_type":"Council Minor","seg_descr":"Sutherland Street between La Trobe Street and Little Lonsdale Street","street_id":"1109"}},{"type":"Feature","geometry":{"type":"MultiPolygon","coordinates":[[[[144.95594,-37.804822],[144.956395,-37.804872],[144.956364,-37.805048],[144.955909,-37.804998],[144.95594,-37.804822]]]]},"properties":{"seg_id":"20936","str_type":"Arterial","seg_descr":"Intersection of Peel Street and Princess Street","street_id":"973"}},{"type":"Feature","geometry":{"type":"MultiPolygon","coordinates":[[[[144.964133,-37.811341],[144.964148,-37.81138],[144.96385,-37.81147],[144.96382,-37.811433],[144.964133,-37.811341]]]]},"properties":{"seg_id":"20331","str_type":"Council Minor","seg_descr":"Sniders Lane from Drewery Lane","street_id":"1080"}},{"type":"Feature","geometry":{"type":"MultiPolygon","coordinates":[[[[144.961928,-37.813022],[144.961819,-37.813053],[144.961807,-37.81303],[144.961906,-37.812999],[144.961928,-37.813022]]]]},"properties":{"seg_id":"30116","str_type":"Private","seg_descr":"White Hart Lane","street_id":"1176"}},{"type":"Feature","geometry":{"type":"MultiPolygon","coordinates":[[[[144.94857,-37.803075],[144.948554,-37.803166],[144.948515,-37.803161],[144.94853,-37.803071],[144.94857,-37.803075]]]]},"properties":{"seg_id":"21003","str_type":"Council Minor","seg_descr":"Kings Arms Lane from Queensberry Street","street_id":"1264"}},{"type":"Feature","geometry":{"type":"MultiPolygon","coordinates":[[[[144.954052,-37.807603],[144.954047,-37.807604],[144.954005,-37.807616],[144.953998,-37.807597],[144.953985,-37.807567],[144.954004,-37.807562],[144.95403,-37.807554],[144.954031,-37.807557],[144.954052,-37.807603]]]]},"properties":{"seg_id":"30494","str_type":"Private","seg_descr":"Pl5148","street_id":"2892"}},{"type":"Feature","geometry":{"type":"MultiPolygon","coordinates":[[[[144.953381,-37.799748],[144.953208,-37.799609],[144.953282,-37.799547],[144.953454,-37.799686],[144.953487,-37.799712],[144.953643,-37.799838],[144.953655,-37.799848],[144.953729,-37.799905],[144.953894,-37.800038],[144.953923,-37.800061],[144.954097,-37.8002],[144.954021,-37.80026],[144.953849,-37.800122],[144.953819,-37.800098],[144.953435,-37.79979],[144.953381,-37.799748]]]]},"properties":{"seg_id":"21136","str_type":"Council Major","seg_descr":"Vale Street between Villiers Street and Wreckyn Street","street_id":"1147"}},{"type":"Feature","geometry":{"type":"MultiPolygon","coordinates":[[[[144.961207,-37.8135],[144.961332,-37.813464],[144.961344,-37.813488],[144.961216,-37.813524],[144.961207,-37.8135]]]]},"properties":{"seg_id":"30117","str_type":"Private","seg_descr":"Pl5108","street_id":"2849"}},{"type":"Feature","geometry":{"type":"MultiPolygon","coordinates":[[[[144.964142,-37.805355],[144.964131,-37.805418],[144.964119,-37.805425],[144.964109,-37.805482],[144.964117,-37.80549],[144.964086,-37.805487],[144.964068,-37.805485],[144.964082,-37.805406],[144.964099,-37.805394],[144.964105,-37.805361],[144.964107,-37.805361],[144.964109,-37.805352],[144.964142,-37.805355]]]]},"properties":{"seg_id":"30218","str_type":"Private","seg_descr":"Pl5283","street_id":"3054"}},{"type":"Feature","geometry":{"type":"MultiPolygon","coordinates":[[[[144.953781,-37.807728],[144.95377,-37.807704],[144.954014,-37.807635],[144.954005,-37.807616],[144.954047,-37.807604],[144.954052,-37.807603],[144.954072,-37.807648],[144.953781,-37.807728]]]]},"properties":{"seg_id":"30711","str_type":"Private","seg_descr":"Pl5148","street_id":"2892"}},{"type":"Feature","geometry":{"type":"MultiPolygon","coordinates":[[[[144.952252,-37.800807],[144.952118,-37.800911],[144.95211,-37.800918],[144.952109,-37.80092],[144.95208,-37.801068],[144.95203,-37.801062],[144.952057,-37.800909],[144.951795,-37.800804],[144.951816,-37.80078],[144.952079,-37.800884],[144.952211,-37.800777],[144.952252,-37.800807]]]]},"properties":{"seg_id":"21142","str_type":"Council Minor","seg_descr":"Munros Lane from Leveson Street","street_id":"1281"}},{"type":"Feature","geometry":{"type":"MultiPolygon","coordinates":[[[[144.963961,-37.801495],[144.963968,-37.801463],[144.964538,-37.801523],[144.964533,-37.801553],[144.963961,-37.801495]]]]},"properties":{"seg_id":"30251","str_type":"Private","seg_descr":"Pl5077","street_id":"1676"}},{"type":"Feature","geometry":{"type":"MultiPolygon","coordinates":[[[[144.955323,-37.809784],[144.955158,-37.809428],[144.955201,-37.809203],[144.955236,-37.809005],[144.955568,-37.809499],[144.955644,-37.80969],[144.955323,-37.809784]]]]},"properties":{"seg_id":"21528","str_type":"Council Major","seg_descr":"Intersection of William Street and Franklin Street","street_id":"1179"}},{"type":"Feature","geometry":{"type":"MultiPolygon","coordinates":[[[[144.957253,-37.814929],[144.957599,-37.815707],[144.957521,-37.815729],[144.957168,-37.814954],[144.957253,-37.814929]]]]},"properties":{"seg_id":"22881","str_type":"Council Minor","seg_descr":"Goldsbrough Lane between Bourke Street and Little Bourke Street","street_id":"664"}},{"type":"Feature","geometry":{"type":"MultiPolygon","coordinates":[[[[144.955199,-37.816394],[144.954826,-37.815583],[144.954874,-37.81557],[144.955246,-37.816382],[144.955199,-37.816394]]]]},"properties":{"seg_id":"20436","str_type":"Council Minor","seg_descr":"Cosgrave Lane between Bourke Street and Little Bourke Street","street_id":"539"}},{"type":"Feature","geometry":{"type":"MultiPolygon","coordinates":[[[[144.95703,-37.816158],[144.95718,-37.816115],[144.95752,-37.816877],[144.957544,-37.81693],[144.957399,-37.816972],[144.957376,-37.81692],[144.95703,-37.816158]]]]},"properties":{"seg_id":"20416","str_type":"Council Minor","seg_descr":"Church Street between Bourke Street and Little Collins Street","street_id":"509"}},{"type":"Feature","geometry":{"type":"MultiPolygon","coordinates":[[[[144.953898,-37.807985],[144.953976,-37.80816],[144.95376,-37.808218],[144.953682,-37.808048],[144.953898,-37.807985]]]]},"properties":{"seg_id":"21401","str_type":"Council Major","seg_descr":"Intersection of Milton Street and Walsh Street","street_id":"0"}},{"type":"Feature","geometry":{"type":"MultiPolygon","coordinates":[[[[144.956036,-37.810538],[144.955716,-37.810631],[144.955323,-37.809784],[144.955644,-37.80969],[144.956036,-37.810538]]]]},"properties":{"seg_id":"21529","str_type":"Council Major","seg_descr":"William Street between A'Beckett Street and Franklin Street","street_id":"1179"}},{"type":"Feature","geometry":{"type":"MultiPolygon","coordinates":[[[[144.946624,-37.809265],[144.946601,-37.809243],[144.946945,-37.809011],[144.946967,-37.809032],[144.946624,-37.809265]]]]},"properties":{"seg_id":"21467","str_type":"Council Minor","seg_descr":"Cl1421 from Adderley Street","street_id":"264"}},{"type":"Feature","geometry":{"type":"MultiPolygon","coordinates":[[[[144.959227,-37.80279],[144.959302,-37.802949],[144.959374,-37.803072],[144.959398,-37.803118],[144.959362,-37.803128],[144.959264,-37.80296],[144.959184,-37.802786],[144.95922,-37.802775],[144.959227,-37.80279]]]]},"properties":{"seg_id":"20860","str_type":"Council Minor","seg_descr":"Cl1381 from Cl1028","street_id":"329"}},{"type":"Feature","geometry":{"type":"MultiPolygon","coordinates":[[[[144.955516,-37.814374],[144.955878,-37.815152],[144.95584,-37.815163],[144.955666,-37.814789],[144.955652,-37.814758],[144.955599,-37.814643],[144.955585,-37.814612],[144.955479,-37.814385],[144.955516,-37.814374]]]]},"properties":{"seg_id":"30094","str_type":"Private","seg_descr":"Merritts Place","street_id":"894"}},{"type":"Feature","geometry":{"type":"MultiPolygon","coordinates":[[[[144.952862,-37.804999],[144.952896,-37.805002],[144.952992,-37.805013],[144.953014,-37.804997],[144.953039,-37.804864],[144.953065,-37.804866],[144.953097,-37.80487],[144.953074,-37.80499],[144.95307,-37.804989],[144.95306,-37.805049],[144.952951,-37.805037],[144.952891,-37.805031],[144.952857,-37.805027],[144.952464,-37.804985],[144.952469,-37.804956],[144.952862,-37.804999]]]]},"properties":{"seg_id":"20972","str_type":"Council Minor","seg_descr":"Gracies Lane from Chetwynd Street","street_id":"1255"}},{"type":"Feature","geometry":{"type":"MultiPolygon","coordinates":[[[[144.959274,-37.802359],[144.959288,-37.80239],[144.959093,-37.802447],[144.959165,-37.802602],[144.959146,-37.802608],[144.959128,-37.802613],[144.95897,-37.802269],[144.959007,-37.802257],[144.959079,-37.802416],[144.959274,-37.802359]]]]},"properties":{"seg_id":"20858","str_type":"Council Minor","seg_descr":"Cl1080 from Barry Street","street_id":"244"}},{"type":"Feature","geometry":{"type":"MultiPolygon","coordinates":[[[[144.962743,-37.803441],[144.962883,-37.803457],[144.962879,-37.803485],[144.962738,-37.803469],[144.962743,-37.803441]]]]},"properties":{"seg_id":"20835","str_type":"Council Minor","seg_descr":"Cl1094 from Cumberland Place","street_id":"1567"}},{"type":"Feature","geometry":{"type":"MultiPolygon","coordinates":[[[[144.964789,-37.810753],[144.964948,-37.810706],[144.965332,-37.81059],[144.965355,-37.810638],[144.964869,-37.810784],[144.964868,-37.810782],[144.964678,-37.810839],[144.964675,-37.810832],[144.96459,-37.810858],[144.964572,-37.810819],[144.964789,-37.810753]]]]},"properties":{"seg_id":"30726","str_type":"Private","seg_descr":"Red Cape Lane","street_id":"117924"}},{"type":"Feature","geometry":{"type":"MultiPolygon","coordinates":[[[[144.965324,-37.812458],[144.964995,-37.812538],[144.964623,-37.811737],[144.964949,-37.811646],[144.965324,-37.812458]]]]},"properties":{"seg_id":"20159","str_type":"Council Major","seg_descr":"Swanston Street between Little Bourke Street and Lonsdale Street","street_id":"1114"}},{"type":"Feature","geometry":{"type":"MultiPolygon","coordinates":[[[[144.95597,-37.800787],[144.955727,-37.800589],[144.956213,-37.800206],[144.956458,-37.800402],[144.95597,-37.800787]]]]},"properties":{"seg_id":"22685","str_type":"Arterial","seg_descr":"Intersection of Flemington Road and Blackwood Street","street_id":"632"}},{"type":"Feature","geometry":{"type":"MultiPolygon","coordinates":[[[[144.952035,-37.814066],[144.95347,-37.813655],[144.953545,-37.813633],[144.95354,-37.813622],[144.953716,-37.813572],[144.953721,-37.813583],[144.953799,-37.813561],[144.954193,-37.813448],[144.954234,-37.813533],[144.954059,-37.813583],[144.954016,-37.813596],[144.953512,-37.813742],[144.953444,-37.813762],[144.953458,-37.813792],[144.952091,-37.81418],[144.952035,-37.814066]]]]},"properties":{"seg_id":"20048","str_type":"Council Major","seg_descr":"Little Lonsdale Street between King Street and Spencer Street","street_id":"825"}},{"type":"Feature","geometry":{"type":"MultiPolygon","coordinates":[[[[144.961342,-37.8059],[144.960775,-37.805839],[144.960782,-37.805802],[144.961349,-37.805865],[144.961342,-37.8059]]]]},"properties":{"seg_id":"23341","str_type":"Council Minor","seg_descr":"Bouverie Place from Bouverie Street","street_id":"2993"}},{"type":"Feature","geometry":{"type":"MultiPolygon","coordinates":[[[[144.960128,-37.806207],[144.961265,-37.806332],[144.961195,-37.806597],[144.960086,-37.806475],[144.960128,-37.806207]]]]},"properties":{"seg_id":"21625","str_type":"Arterial","seg_descr":"Victoria Street between Bouverie Street and Elizabeth Street","street_id":"1152"}},{"type":"Feature","geometry":{"type":"MultiPolygon","coordinates":[[[[144.96352,-37.810507],[144.963435,-37.810532],[144.96342,-37.810497],[144.963504,-37.810472],[144.96352,-37.810507]]]]},"properties":{"seg_id":"20335","str_type":"Council Minor","seg_descr":"McIntyre Alley from Knox Lane","street_id":"855"}},{"type":"Feature","geometry":{"type":"MultiPolygon","coordinates":[[[[144.96306,-37.813107],[144.962923,-37.812811],[144.962951,-37.812803],[144.962951,-37.812803],[144.962977,-37.812796],[144.963117,-37.813102],[144.963065,-37.813118],[144.96306,-37.813107]]]]},"properties":{"seg_id":"20329","str_type":"Council Minor","seg_descr":"Driver Lane from Little Bourke Street","street_id":"581"}},{"type":"Feature","geometry":{"type":"MultiPolygon","coordinates":[[[[144.955025,-37.808337],[144.954709,-37.80843],[144.954575,-37.808142],[144.95451,-37.808004],[144.954927,-37.808115],[144.955025,-37.808337]]]]},"properties":{"seg_id":"21404","str_type":"Council Major","seg_descr":"William Street between Dudley Street and Walsh Street","street_id":"1179"}},{"type":"Feature","geometry":{"type":"MultiPolygon","coordinates":[[[[144.946811,-37.808731],[144.946945,-37.80885],[144.946924,-37.808864],[144.946791,-37.808746],[144.946811,-37.808731]]]]},"properties":{"seg_id":"30443","str_type":"Private","seg_descr":"Pl5244","street_id":"3007"}},{"type":"Feature","geometry":{"type":"MultiPolygon","coordinates":[[[[144.954114,-37.807136],[144.954413,-37.806989],[144.954677,-37.80757],[144.954435,-37.807835],[144.954114,-37.807136]]]]},"properties":{"seg_id":"21385","str_type":"Council Major","seg_descr":"William Street between Capel Street and Rosslyn Street","street_id":"1179"}},{"type":"Feature","geometry":{"type":"MultiPolygon","coordinates":[[[[144.948183,-37.801657],[144.948525,-37.801695],[144.94849,-37.801898],[144.948475,-37.801985],[144.948463,-37.802054],[144.94812,-37.802016],[144.948183,-37.801657]]]]},"properties":{"seg_id":"21073","str_type":"Arterial","seg_descr":"Curzon Street between Baillie Street and Provost Street","street_id":"552"}},{"type":"Feature","geometry":{"type":"MultiPolygon","coordinates":[[[[144.957509,-37.803794],[144.957648,-37.804079],[144.957344,-37.804051],[144.957249,-37.803762],[144.957509,-37.803794]]]]},"properties":{"seg_id":"20924","str_type":"Council Major","seg_descr":"Intersection of Queensberry Street and O'Connell Street","street_id":"0"}},{"type":"Feature","geometry":{"type":"MultiPolygon","coordinates":[[[[144.956643,-37.805081],[144.956587,-37.805396],[144.956553,-37.805393],[144.956577,-37.80526],[144.95657,-37.805259],[144.956603,-37.805076],[144.956643,-37.805081]]]]},"properties":{"seg_id":"20934","str_type":"Council Minor","seg_descr":"Princess Lane from Princess Street","street_id":"1286"}},{"type":"Feature","geometry":{"type":"MultiPolygon","coordinates":[[[[144.95401,-37.804768],[144.954575,-37.804834],[144.954569,-37.804866],[144.954004,-37.804801],[144.95401,-37.804768]]]]},"properties":{"seg_id":"20959","str_type":"Council Minor","seg_descr":"Howard Lane from Howard Street","street_id":"1301"}},{"type":"Feature","geometry":{"type":"MultiPolygon","coordinates":[[[[144.953381,-37.799748],[144.953435,-37.79979],[144.953386,-37.799791],[144.953266,-37.799886],[144.953673,-37.800212],[144.953819,-37.800098],[144.953849,-37.800122],[144.953679,-37.800256],[144.953212,-37.799881],[144.953381,-37.799748]]]]},"properties":{"seg_id":"21135","str_type":"Council Minor","seg_descr":"Vale Place from Vale Street","street_id":"1291"}},{"type":"Feature","geometry":{"type":"MultiPolygon","coordinates":[[[[144.95782,-37.810232],[144.957854,-37.810223],[144.958062,-37.810682],[144.958024,-37.810692],[144.95782,-37.810232]]]]},"properties":{"seg_id":"21522","str_type":"Council Minor","seg_descr":"Cl1611 from A'Beckett Street","street_id":"108"}},{"type":"Feature","geometry":{"type":"MultiPolygon","coordinates":[[[[144.952223,-37.806351],[144.952226,-37.806331],[144.952796,-37.806394],[144.952774,-37.806521],[144.952735,-37.806517],[144.952744,-37.806465],[144.952755,-37.806408],[144.952223,-37.806351]]]]},"properties":{"seg_id":"30523","str_type":"Private","seg_descr":"Pl5124","street_id":"2867"}},{"type":"Feature","geometry":{"type":"MultiPolygon","coordinates":[[[[144.962502,-37.801267],[144.962504,-37.801255],[144.962675,-37.801273],[144.962673,-37.801285],[144.962502,-37.801267]]]]},"properties":{"seg_id":"30256","str_type":"Private","seg_descr":"Pl5063","street_id":"1564"}},{"type":"Feature","geometry":{"type":"MultiPolygon","coordinates":[[[[144.956034,-37.803042],[144.956027,-37.803076],[144.956025,-37.803076],[144.956023,-37.803087],[144.956003,-37.803202],[144.95599,-37.803279],[144.955954,-37.803285],[144.955956,-37.803275],[144.955981,-37.803255],[144.95602,-37.803041],[144.956034,-37.803042]]]]},"properties":{"seg_id":"30363","str_type":"Private","seg_descr":"Pl5349","street_id":"3147"}},{"type":"Feature","geometry":{"type":"MultiPolygon","coordinates":[[[[144.949321,-37.80894],[144.949298,-37.808916],[144.949516,-37.8088],[144.949412,-37.808675],[144.94944,-37.808659],[144.949567,-37.808808],[144.949321,-37.80894]]]]},"properties":{"seg_id":"30528","str_type":"Private","seg_descr":"Pl5163","street_id":"2913"}},{"type":"Feature","geometry":{"type":"MultiPolygon","coordinates":[[[[144.963884,-37.810126],[144.963902,-37.810164],[144.963759,-37.810206],[144.963766,-37.810219],[144.963681,-37.810244],[144.963479,-37.810303],[144.963433,-37.810316],[144.96341,-37.810265],[144.963657,-37.810192],[144.963884,-37.810126]]]]},"properties":{"seg_id":"22831","str_type":"Council Minor","seg_descr":"Knox Place between Knox Lane and Swanston Street","street_id":"766"}},{"type":"Feature","geometry":{"type":"MultiPolygon","coordinates":[[[[144.961779,-37.815278],[144.961957,-37.815667],[144.961878,-37.815689],[144.961862,-37.815694],[144.961872,-37.815677],[144.96161,-37.815101],[144.961597,-37.815073],[144.961509,-37.814879],[144.961567,-37.814862],[144.96166,-37.815056],[144.961787,-37.81502],[144.961799,-37.815047],[144.961688,-37.815079],[144.961766,-37.81525],[144.961779,-37.815278]]]]},"properties":{"seg_id":"20381","str_type":"Council Minor","seg_descr":"McKillop Street between Bourke Street and Little Collins Street","street_id":"859"}},{"type":"Feature","geometry":{"type":"MultiPolygon","coordinates":[[[[144.962321,-37.813431],[144.962387,-37.813412],[144.962674,-37.814038],[144.962608,-37.814057],[144.962321,-37.813431]]]]},"properties":{"seg_id":"20374","str_type":"Council Minor","seg_descr":"Somerset Place from Little Bourke Street","street_id":"1082"}},{"type":"Feature","geometry":{"type":"MultiPolygon","coordinates":[[[[144.949928,-37.804359],[144.949914,-37.804434],[144.949873,-37.80443],[144.949886,-37.804354],[144.949928,-37.804359]]]]},"properties":{"seg_id":"30393","str_type":"Private","seg_descr":"Pl5187","street_id":"2940"}},{"type":"Feature","geometry":{"type":"MultiPolygon","coordinates":[[[[144.949011,-37.8067],[144.949018,-37.806694],[144.949303,-37.806481],[144.949329,-37.806461],[144.94955,-37.806295],[144.949793,-37.806487],[144.948132,-37.807736],[144.947892,-37.807538],[144.949011,-37.8067]]]]},"properties":{"seg_id":"21433","str_type":"Council Major","seg_descr":"Roden Street between Spencer Street and King Street","street_id":"1035"}},{"type":"Feature","geometry":{"type":"MultiPolygon","coordinates":[[[[144.950347,-37.804561],[144.950303,-37.804807],[144.950221,-37.804797],[144.950262,-37.804551],[144.950325,-37.804557],[144.950347,-37.804561]]]]},"properties":{"seg_id":"20986","str_type":"Council Minor","seg_descr":"Victoria Court from Trafalgar Place","street_id":"1150"}},{"type":"Feature","geometry":{"type":"MultiPolygon","coordinates":[[[[144.961693,-37.814535],[144.961616,-37.814557],[144.961243,-37.813743],[144.96132,-37.813721],[144.961693,-37.814535]]]]},"properties":{"seg_id":"20378","str_type":"Council Minor","seg_descr":"Hardware Lane between Bourke Street and Little Bourke Street","street_id":"3226"}},{"type":"Feature","geometry":{"type":"MultiPolygon","coordinates":[[[[144.952104,-37.805079],[144.952099,-37.805107],[144.951813,-37.805073],[144.951817,-37.805048],[144.952104,-37.805079]]]]},"properties":{"seg_id":"20978","str_type":"Council Minor","seg_descr":"Patersons Lane from Chetwynd Street","street_id":"969"}},{"type":"Feature","geometry":{"type":"MultiPolygon","coordinates":[[[[144.961271,-37.80449],[144.961326,-37.804496],[144.96123,-37.805033],[144.961161,-37.805027],[144.961218,-37.804706],[144.961059,-37.804689],[144.961063,-37.804661],[144.961236,-37.80468],[144.961271,-37.80449]]]]},"properties":{"seg_id":"20867","str_type":"Council Minor","seg_descr":"Lansdowne Place from Queensberry Street","street_id":"777"}},{"type":"Feature","geometry":{"type":"MultiPolygon","coordinates":[[[[144.952611,-37.80809],[144.952646,-37.808078],[144.952659,-37.808101],[144.952625,-37.808113],[144.952611,-37.80809]]]]},"properties":{"seg_id":"30008","str_type":"Private","street_id":"0"}},{"type":"Feature","geometry":{"type":"MultiPolygon","coordinates":[[[[144.961271,-37.80449],[144.960445,-37.804398],[144.960495,-37.804121],[144.96135,-37.804217],[144.961632,-37.804249],[144.961589,-37.804525],[144.961326,-37.804496],[144.961271,-37.80449]]]]},"properties":{"seg_id":"20868","str_type":"Council Major","seg_descr":"Queensberry Street between Bouverie Street and Leicester Street","street_id":"1008"}},{"type":"Feature","geometry":{"type":"MultiPolygon","coordinates":[[[[144.954422,-37.800331],[144.954448,-37.800311],[144.954857,-37.800633],[144.954832,-37.800652],[144.954422,-37.800331]]]]},"properties":{"seg_id":"21126","str_type":"Council Minor","seg_descr":"Brightside Place from Wreckyn Street","street_id":"1212"}},{"type":"Feature","geometry":{"type":"MultiPolygon","coordinates":[[[[144.949155,-37.809229],[144.94934,-37.80946],[144.948938,-37.809657],[144.94879,-37.809729],[144.948754,-37.809747],[144.948532,-37.809855],[144.948487,-37.809878],[144.947577,-37.810322],[144.947394,-37.810084],[144.947606,-37.809983],[144.947631,-37.80997],[144.948728,-37.809435],[144.948756,-37.809422],[144.949155,-37.809229]]]]},"properties":{"seg_id":"21479","str_type":"Council Major","seg_descr":"Rosslyn Street between Adderley Street and Spencer Street","street_id":"1038"}},{"type":"Feature","geometry":{"type":"MultiPolygon","coordinates":[[[[144.949252,-37.804171],[144.949247,-37.804199],[144.94887,-37.804155],[144.948892,-37.804026],[144.948927,-37.80403],[144.948909,-37.804132],[144.949252,-37.804171]]]]},"properties":{"seg_id":"30378","str_type":"Private","seg_descr":"Pl5333","street_id":"2883"}},{"type":"Feature","geometry":{"type":"MultiPolygon","coordinates":[[[[144.96017,-37.814973],[144.960123,-37.81487],[144.960116,-37.814871],[144.960007,-37.814629],[144.960047,-37.814617],[144.960138,-37.814819],[144.960165,-37.814858],[144.960212,-37.814961],[144.96017,-37.814973]]]]},"properties":{"seg_id":"20345","str_type":"Council Minor","seg_descr":"Benjamin Lane from Bourke Street","street_id":"435"}},{"type":"Feature","geometry":{"type":"MultiPolygon","coordinates":[[[[144.960993,-37.809115],[144.960666,-37.809209],[144.960509,-37.808873],[144.960269,-37.808357],[144.960595,-37.808263],[144.960993,-37.809115]]]]},"properties":{"seg_id":"21639","str_type":"Council Major","seg_descr":"Elizabeth Street between A'Beckett Street and Franklin Street","street_id":"599"}},{"type":"Feature","geometry":{"type":"MultiPolygon","coordinates":[[[[144.955727,-37.800589],[144.954914,-37.799942],[144.955584,-37.799705],[144.956213,-37.800206],[144.955727,-37.800589]]]]},"properties":{"seg_id":"21123","str_type":"Arterial","seg_descr":"Flemington Road between Blackwood Street and Wreckyn Street","street_id":"632"}},{"type":"Feature","geometry":{"type":"MultiPolygon","coordinates":[[[[144.954114,-37.807136],[144.953622,-37.807377],[144.953487,-37.807125],[144.953995,-37.806879],[144.954114,-37.807136]]]]},"properties":{"seg_id":"21387","str_type":"Council Major","seg_descr":"Rosslyn Street between William Street and Howard Street","street_id":"1038"}},{"type":"Feature","geometry":{"type":"MultiPolygon","coordinates":[[[[144.955488,-37.814093],[144.955476,-37.814096],[144.955397,-37.813926],[144.955286,-37.813958],[144.955001,-37.813355],[144.954987,-37.813323],[144.95503,-37.813311],[144.955303,-37.813904],[144.955389,-37.81388],[144.955488,-37.814093]]]]},"properties":{"seg_id":"20406","str_type":"Council Minor","seg_descr":"Manton Lane between Little Lonsdale Street and Lonsdale Street","street_id":"872"}},{"type":"Feature","geometry":{"type":"MultiPolygon","coordinates":[[[[144.960858,-37.802059],[144.960734,-37.802045],[144.960931,-37.800918],[144.96105,-37.80024],[144.961178,-37.800253],[144.961055,-37.800947],[144.961051,-37.80097],[144.9609,-37.801821],[144.960894,-37.801865],[144.960858,-37.802059]]]]},"properties":{"seg_id":"20460","str_type":"Council Major","seg_descr":"Leicester Street between Pelham Street and Grattan Street","street_id":"786"}},{"type":"Feature","geometry":{"type":"MultiPolygon","coordinates":[[[[144.952167,-37.807763],[144.952139,-37.807776],[144.952095,-37.807716],[144.952105,-37.807711],[144.952109,-37.807698],[144.952119,-37.807693],[144.952127,-37.807703],[144.952124,-37.807704],[144.952167,-37.807763]]]]},"properties":{"seg_id":"30520","str_type":"Private","seg_descr":"Pl5128","street_id":"2872"}},{"type":"Feature","geometry":{"type":"MultiPolygon","coordinates":[[[[144.958408,-37.802061],[144.958665,-37.80209],[144.958692,-37.802093],[144.958675,-37.80211],[144.959211,-37.803276],[144.959225,-37.803306],[144.959554,-37.804021],[144.959294,-37.803991],[144.958796,-37.80291],[144.958784,-37.802885],[144.958408,-37.802061]]]]},"properties":{"seg_id":"20472","str_type":"Council Major","seg_descr":"Berkeley Street between Queensberry Street and Pelham Street","street_id":"441"}},{"type":"Feature","geometry":{"type":"MultiPolygon","coordinates":[[[[144.963519,-37.813075],[144.963559,-37.813063],[144.963569,-37.813088],[144.96353,-37.813098],[144.963519,-37.813075]]]]},"properties":{"seg_id":"22957","str_type":"Council Minor","seg_descr":"Angel Lane from Little Bourke Street","street_id":"387"}},{"type":"Feature","geometry":{"type":"MultiPolygon","coordinates":[[[[144.951375,-37.811594],[144.951297,-37.811427],[144.95133,-37.811418],[144.951408,-37.811584],[144.951375,-37.811594]]]]},"properties":{"seg_id":"30492","str_type":"Private","seg_descr":"Jeffcott Place","street_id":"739"}},{"type":"Feature","geometry":{"type":"MultiPolygon","coordinates":[[[[144.966412,-37.804778],[144.966414,-37.804767],[144.966426,-37.80478],[144.966859,-37.804827],[144.966926,-37.804834],[144.967553,-37.804902],[144.967501,-37.805172],[144.967246,-37.805144],[144.967212,-37.805141],[144.966366,-37.805049],[144.966412,-37.804778]]]]},"properties":{"seg_id":"22498","str_type":"Council Major","seg_descr":"Queensberry Street between Drummond Street and Lygon Street","street_id":"1008"}},{"type":"Feature","geometry":{"type":"MultiPolygon","coordinates":[[[[144.966412,-37.804778],[144.966067,-37.80474],[144.966129,-37.804379],[144.966134,-37.804347],[144.966253,-37.803657],[144.966597,-37.803694],[144.966572,-37.803844],[144.966562,-37.803898],[144.966414,-37.804767],[144.966412,-37.804778]]]]},"properties":{"seg_id":"20524","str_type":"Council Major","seg_descr":"Lygon Street between Queensberry Street and Argyle Place South","street_id":"840"}},{"type":"Feature","geometry":{"type":"MultiPolygon","coordinates":[[[[144.954059,-37.813583],[144.954218,-37.813929],[144.954179,-37.81394],[144.95412,-37.813811],[144.954102,-37.813779],[144.954024,-37.813612],[144.954016,-37.813596],[144.954059,-37.813583]]]]},"properties":{"seg_id":"20443","str_type":"Council Minor","seg_descr":"Altson Lane from Little Lonsdale Street","street_id":"380"}},{"type":"Feature","geometry":{"type":"MultiPolygon","coordinates":[[[[144.95554,-37.807081],[144.955374,-37.807064],[144.955357,-37.807062],[144.955323,-37.807058],[144.955328,-37.807031],[144.955361,-37.807034],[144.955378,-37.807036],[144.955545,-37.807054],[144.95554,-37.807081]]]]},"properties":{"seg_id":"21396","str_type":"Council Minor","seg_descr":"Cl0551 between Peel Street and Capel Street","street_id":"2023"}},{"type":"Feature","geometry":{"type":"MultiPolygon","coordinates":[[[[144.94972,-37.803506],[144.949726,-37.803476],[144.950078,-37.803515],[144.950071,-37.803548],[144.950008,-37.80354],[144.94972,-37.803506]]]]},"properties":{"seg_id":"23268","str_type":"Lease/Reserve","seg_descr":"George Johnson Lane between Errol Street and Little Errol Street","street_id":"118894"}},{"type":"Feature","geometry":{"type":"MultiPolygon","coordinates":[[[[144.947349,-37.802943],[144.947308,-37.803187],[144.947274,-37.803183],[144.947316,-37.80294],[144.947349,-37.802943]]]]},"properties":{"seg_id":"30318","str_type":"Private","seg_descr":"Pl5323","street_id":"3121"}},{"type":"Feature","geometry":{"type":"MultiPolygon","coordinates":[[[[144.955794,-37.804531],[144.955759,-37.804527],[144.955804,-37.804257],[144.955843,-37.80426],[144.955803,-37.804501],[144.955992,-37.804522],[144.955987,-37.804552],[144.955794,-37.804531]]]]},"properties":{"seg_id":"20948","str_type":"Council Minor","seg_descr":"Anderson Lane from Peel Street","street_id":"386"}},{"type":"Feature","geometry":{"type":"MultiPolygon","coordinates":[[[[144.955328,-37.807031],[144.955323,-37.807058],[144.955117,-37.807036],[144.955122,-37.807008],[144.955328,-37.807031]]]]},"properties":{"seg_id":"21396","str_type":"Council Minor","seg_descr":"Cl0551 between Peel Street and Capel Street","street_id":"2023"}},{"type":"Feature","geometry":{"type":"MultiPolygon","coordinates":[[[[144.953641,-37.804883],[144.953637,-37.804928],[144.953361,-37.804898],[144.953299,-37.804892],[144.953208,-37.804882],[144.953207,-37.804882],[144.953215,-37.804838],[144.953333,-37.804851],[144.953351,-37.804749],[144.953383,-37.804753],[144.953368,-37.804856],[144.953641,-37.804883]]]]},"properties":{"seg_id":"20970","str_type":"Council Minor","seg_descr":"Moss Place from Howard Street","street_id":"914"}},{"type":"Feature","geometry":{"type":"MultiPolygon","coordinates":[[[[144.959839,-37.808482],[144.959959,-37.808755],[144.95992,-37.808767],[144.959799,-37.808493],[144.959839,-37.808482]]]]},"properties":{"seg_id":"30508","str_type":"Private","seg_descr":"Pl5217","street_id":"2974"}},{"type":"Feature","geometry":{"type":"MultiPolygon","coordinates":[[[[144.962946,-37.807284],[144.963058,-37.807547],[144.962738,-37.807648],[144.962616,-37.80738],[144.962946,-37.807284]]]]},"properties":{"seg_id":"21620","str_type":"Council Major","seg_descr":"Intersection of Swanston Street and Franklin Street","street_id":"0"}},{"type":"Feature","geometry":{"type":"MultiPolygon","coordinates":[[[[144.952509,-37.801386],[144.952422,-37.801904],[144.952371,-37.8019],[144.952398,-37.80175],[144.952384,-37.801749],[144.952446,-37.801379],[144.952509,-37.801386]]]]},"properties":{"seg_id":"21099","str_type":"Council Minor","seg_descr":"Jacobys Lane between Arden Street and Byron Street","street_id":"738"}},{"type":"Feature","geometry":{"type":"MultiPolygon","coordinates":[[[[144.957947,-37.805288],[144.95796,-37.805316],[144.95766,-37.8054],[144.957658,-37.805382],[144.957656,-37.805371],[144.957947,-37.805288]]]]},"properties":{"seg_id":"30379","str_type":"Private","seg_descr":"Pl5275","street_id":"3041"}},{"type":"Feature","geometry":{"type":"MultiPolygon","coordinates":[[[[144.964137,-37.805113],[144.964126,-37.805175],[144.963619,-37.805117],[144.96362,-37.805115],[144.963342,-37.805084],[144.963351,-37.80503],[144.963609,-37.805058],[144.963637,-37.804894],[144.963688,-37.804899],[144.96366,-37.805059],[144.964137,-37.805113]]]]},"properties":{"seg_id":"20799","str_type":"Council Minor","seg_descr":"Cornell Place between Swanston Street and Queensberry Place","street_id":"534"}},{"type":"Feature","geometry":{"type":"MultiPolygon","coordinates":[[[[144.957121,-37.805306],[144.957119,-37.805321],[144.95677,-37.805281],[144.956773,-37.805266],[144.957121,-37.805306]]]]},"properties":{"seg_id":"30411","str_type":"Private","seg_descr":"Pl5156","street_id":"2901"}},{"type":"Feature","geometry":{"type":"MultiPolygon","coordinates":[[[[144.964687,-37.806017],[144.964567,-37.806697],[144.964226,-37.806662],[144.964279,-37.80635],[144.96437,-37.80583],[144.964541,-37.804849],[144.964884,-37.804889],[144.964791,-37.805402],[144.964703,-37.805927],[144.964687,-37.806017]]]]},"properties":{"seg_id":"20504","str_type":"Council Major","seg_descr":"Cardigan Street between Victoria Street and Queensberry Street","street_id":"483"}},{"type":"Feature","geometry":{"type":"MultiPolygon","coordinates":[[[[144.94648,-37.807329],[144.946207,-37.807209],[144.946195,-37.807212],[144.946081,-37.807382],[144.946051,-37.807363],[144.945774,-37.807758],[144.945736,-37.807742],[144.94598,-37.807392],[144.946122,-37.807186],[144.946143,-37.807195],[144.946177,-37.807147],[144.946514,-37.807297],[144.94648,-37.807329]]]]},"properties":{"seg_id":"21362","str_type":"Council Minor","seg_descr":"Dicks Place between Hawke Street and Ireland Street","street_id":"571"}},{"type":"Feature","geometry":{"type":"MultiPolygon","coordinates":[[[[144.967162,-37.803784],[144.966939,-37.803757],[144.966943,-37.80373],[144.967167,-37.803757],[144.967162,-37.803784]]]]},"properties":{"seg_id":"20729","str_type":"Council Minor","seg_descr":"Drummond Place between Drummond Street and Finlay Place","street_id":"582"}},{"type":"Feature","geometry":{"type":"MultiPolygon","coordinates":[[[[144.95717,-37.814782],[144.957095,-37.814803],[144.95696,-37.814508],[144.957033,-37.814487],[144.95717,-37.814782]]]]},"properties":{"seg_id":"20410","str_type":"Council Minor","seg_descr":"Guests Lane between Lonsdale Street and Little Bourke Street","street_id":"681"}},{"type":"Feature","geometry":{"type":"MultiPolygon","coordinates":[[[[144.966087,-37.811024],[144.966154,-37.811004],[144.966981,-37.81076],[144.967095,-37.811014],[144.966907,-37.811069],[144.966855,-37.811085],[144.966498,-37.81119],[144.96644,-37.811207],[144.965412,-37.81151],[144.965377,-37.81152],[144.964949,-37.811646],[144.964837,-37.811392],[144.964925,-37.811366],[144.964934,-37.811364],[144.965661,-37.811149],[144.965722,-37.811131],[144.966087,-37.811024]]]]},"properties":{"seg_id":"20005","str_type":"Council Major","seg_descr":"Lonsdale Street between Russell Street and Swanston Street","street_id":"803"}},{"type":"Feature","geometry":{"type":"MultiPolygon","coordinates":[[[[144.958166,-37.802034],[144.958209,-37.802039],[144.95825,-37.802129],[144.958214,-37.802139],[144.958166,-37.802034]]]]},"properties":{"seg_id":"20856","str_type":"Council Minor","seg_descr":"Cl1194 from Pelham Street","street_id":"238"}},{"type":"Feature","geometry":{"type":"MultiPolygon","coordinates":[[[[144.951739,-37.80366],[144.951779,-37.803428],[144.95186,-37.803438],[144.951803,-37.803776],[144.951797,-37.803817],[144.951758,-37.804017],[144.951692,-37.80436],[144.951684,-37.804398],[144.951679,-37.804422],[144.951637,-37.804644],[144.951634,-37.804644],[144.951592,-37.804695],[144.951572,-37.804793],[144.951482,-37.804784],[144.951505,-37.80466],[144.951527,-37.804662],[144.951557,-37.804616],[144.951608,-37.804345],[144.95161,-37.804334],[144.951737,-37.803673],[144.951739,-37.80366]]]]},"properties":{"seg_id":"20975","str_type":"Council Minor","seg_descr":"Little Leveson Street between Queensberry Street and Blair Place","street_id":"824"}},{"type":"Feature","geometry":{"type":"MultiPolygon","coordinates":[[[[144.965244,-37.806571],[144.965238,-37.806603],[144.965209,-37.806769],[144.965072,-37.806754],[144.965118,-37.806495],[144.965193,-37.806071],[144.965329,-37.806086],[144.965244,-37.806571]]]]},"properties":{"seg_id":"20739","str_type":"Council Minor","seg_descr":"Orr Street between Victoria Street and Earl Street","street_id":"948"}},{"type":"Feature","geometry":{"type":"MultiPolygon","coordinates":[[[[144.967501,-37.805172],[144.967847,-37.80521],[144.967725,-37.805909],[144.96772,-37.805936],[144.967537,-37.807019],[144.967199,-37.806983],[144.967403,-37.805736],[144.967408,-37.805706],[144.967501,-37.805172]]]]},"properties":{"seg_id":"20542","str_type":"Council Major","seg_descr":"Drummond Street between Victoria Street and Queensberry Street","street_id":"583"}},{"type":"Feature","geometry":{"type":"MultiPolygon","coordinates":[[[[144.952464,-37.804985],[144.952399,-37.805345],[144.952067,-37.8053],[144.952068,-37.805294],[144.952099,-37.805107],[144.952104,-37.805079],[144.952135,-37.804886],[144.952141,-37.804852],[144.952388,-37.803496],[144.952718,-37.803532],[144.952686,-37.803721],[144.952681,-37.803755],[144.952565,-37.804412],[144.952557,-37.804465],[144.952469,-37.804956],[144.952464,-37.804985]]]]},"properties":{"seg_id":"20964","str_type":"Council Major","seg_descr":"Chetwynd Street between Victoria Street and Queensberry Street","street_id":"506"}},{"type":"Feature","geometry":{"type":"MultiPolygon","coordinates":[[[[144.960993,-37.809115],[144.961385,-37.809004],[144.96142,-37.808994],[144.961718,-37.808908],[144.961752,-37.808898],[144.961757,-37.808897],[144.962439,-37.808697],[144.962547,-37.808666],[144.96275,-37.808606],[144.962802,-37.80859],[144.963129,-37.808496],[144.963209,-37.808667],[144.961072,-37.80929],[144.960993,-37.809115]]]]},"properties":{"seg_id":"21643","str_type":"Council Major","seg_descr":"A'Beckett Street between Swanston Street and Elizabeth Street","street_id":"368"}},{"type":"Feature","geometry":{"type":"MultiPolygon","coordinates":[[[[144.948452,-37.805489],[144.948659,-37.805303],[144.948661,-37.805304],[144.948663,-37.805305],[144.948665,-37.805306],[144.948667,-37.805307],[144.948669,-37.805307],[144.948672,-37.805308],[144.948674,-37.805308],[144.948677,-37.805308],[144.948679,-37.805308],[144.948681,-37.805308],[144.948684,-37.805307],[144.948686,-37.805307],[144.948688,-37.805306],[144.94869,-37.805305],[144.948692,-37.805304],[144.948694,-37.805303],[144.948696,-37.805302],[144.948697,-37.8053],[144.948926,-37.805447],[144.948924,-37.805468],[144.948929,-37.805484],[144.948706,-37.805665],[144.948452,-37.805489]]]]},"properties":{"seg_id":"21354","str_type":"Arterial","seg_descr":"Intersection of King Street and Hawke Street","street_id":"0"}},{"type":"Feature","geometry":{"type":"MultiPolygon","coordinates":[[[[144.949087,-37.808401],[144.949119,-37.808382],[144.94926,-37.808527],[144.949227,-37.808546],[144.949087,-37.808401]]]]},"properties":{"seg_id":"21424","str_type":"Council Minor","seg_descr":"Cl1417 from Stanley Street","street_id":"231"}},{"type":"Feature","geometry":{"type":"MultiPolygon","coordinates":[[[[144.950404,-37.804413],[144.95035,-37.804407],[144.949928,-37.804359],[144.949886,-37.804354],[144.949573,-37.804318],[144.949583,-37.804262],[144.95072,-37.804394],[144.950711,-37.804448],[144.950404,-37.804413]]]]},"properties":{"seg_id":"20988","str_type":"Council Minor","seg_descr":"Raglan Street between Errol Street and Leveson Street","street_id":"1015"}},{"type":"Feature","geometry":{"type":"MultiPolygon","coordinates":[[[[144.948198,-37.808596],[144.947998,-37.8084],[144.948028,-37.80838],[144.948229,-37.80858],[144.948198,-37.808596]]]]},"properties":{"seg_id":"21466","str_type":"Council Minor","seg_descr":"Cl1182 from Stanley Street","street_id":"197"}},{"type":"Feature","geometry":{"type":"MultiPolygon","coordinates":[[[[144.948353,-37.802778],[144.948586,-37.802804],[144.948655,-37.802811],[144.94899,-37.802845],[144.949022,-37.802847],[144.949194,-37.802865],[144.949238,-37.80287],[144.949462,-37.802894],[144.949482,-37.80288],[144.949479,-37.802896],[144.949427,-37.803165],[144.949176,-37.80314],[144.949143,-37.803136],[144.948856,-37.803105],[144.948814,-37.8031],[144.94857,-37.803075],[144.94853,-37.803071],[144.94829,-37.803046],[144.948336,-37.802776],[144.948353,-37.802778]]]]},"properties":{"seg_id":"20999","str_type":"Council Major","seg_descr":"Queensberry Street between Errol Street and Curzon Street","street_id":"1008"}},{"type":"Feature","geometry":{"type":"MultiPolygon","coordinates":[[[[144.955345,-37.813122],[144.954972,-37.812314],[144.955039,-37.812295],[144.955328,-37.812925],[144.955513,-37.812871],[144.955524,-37.812897],[144.955341,-37.81295],[144.955412,-37.813104],[144.955345,-37.813122]]]]},"properties":{"seg_id":"20403","str_type":"Council Minor","seg_descr":"Park Street between La Trobe Street and Little Lonsdale Street","street_id":"961"}},{"type":"Feature","geometry":{"type":"MultiPolygon","coordinates":[[[[144.945667,-37.8085],[144.946144,-37.808853],[144.945892,-37.809038],[144.945443,-37.808707],[144.945667,-37.8085]]]]},"properties":{"seg_id":"21462","str_type":"Council Major","seg_descr":"Adderley Street between Roden Street and Hawke Street","street_id":"371"}},{"type":"Feature","geometry":{"type":"MultiPolygon","coordinates":[[[[144.960761,-37.810925],[144.960921,-37.811277],[144.960867,-37.811293],[144.960852,-37.81126],[144.960781,-37.811102],[144.96076,-37.811061],[144.960687,-37.810901],[144.960674,-37.810868],[144.960589,-37.810688],[144.960644,-37.810671],[144.960748,-37.810899],[144.960761,-37.810925]]]]},"properties":{"seg_id":"20337","str_type":"Council Minor","seg_descr":"Sutherland Street between La Trobe Street and Little Lonsdale Street","street_id":"1109"}},{"type":"Feature","geometry":{"type":"MultiPolygon","coordinates":[[[[144.960993,-37.809115],[144.961072,-37.80929],[144.960744,-37.80938],[144.960666,-37.809209],[144.960993,-37.809115]]]]},"properties":{"seg_id":"21648","str_type":"Council Major","seg_descr":"Intersection of Elizabeth Street and A'Beckett Street","street_id":"0"}},{"type":"Feature","geometry":{"type":"MultiPolygon","coordinates":[[[[144.953013,-37.80843],[144.953061,-37.808533],[144.953247,-37.808481],[144.953257,-37.80846],[144.953252,-37.808449],[144.953283,-37.808466],[144.953296,-37.808496],[144.953063,-37.808562],[144.953004,-37.808433],[144.953013,-37.80843]]]]},"properties":{"seg_id":"21408","str_type":"Council Minor","seg_descr":"Cl1651 from Cl1066","street_id":"268"}},{"type":"Feature","geometry":{"type":"MultiPolygon","coordinates":[[[[144.953898,-37.807985],[144.954094,-37.807932],[144.95413,-37.807921],[144.954435,-37.807835],[144.95451,-37.808004],[144.953976,-37.80816],[144.953898,-37.807985]]]]},"properties":{"seg_id":"21400","str_type":"Council Major","seg_descr":"Walsh Street between Milton Street and William Street","street_id":"1156"}},{"type":"Feature","geometry":{"type":"MultiPolygon","coordinates":[[[[144.959483,-37.81192],[144.95916,-37.812022],[144.958797,-37.811217],[144.959117,-37.811123],[144.959284,-37.811482],[144.959303,-37.811524],[144.959483,-37.81192]]]]},"properties":{"seg_id":"20177","str_type":"Council Major","seg_descr":"Queen Street between Little Lonsdale Street and La Trobe Street","street_id":"1010"}},{"type":"Feature","geometry":{"type":"MultiPolygon","coordinates":[[[[144.958448,-37.806292],[144.958241,-37.807491],[144.958034,-37.807551],[144.957951,-37.808028],[144.957733,-37.808004],[144.95804,-37.806244],[144.958214,-37.806263],[144.958449,-37.806289],[144.958448,-37.806292]]]]},"properties":{"seg_id":"23247","str_type":"Road Safety Act","seg_descr":"Queen Street between Therry Street and Victoria Street","street_id":"1010"}},{"type":"Feature","geometry":{"type":"MultiPolygon","coordinates":[[[[144.960346,-37.815211],[144.960473,-37.81548],[144.960426,-37.815493],[144.960302,-37.815223],[144.960346,-37.815211]]]]},"properties":{"seg_id":"20400","str_type":"Council Minor","seg_descr":"Michael Lane from Bourke Street","street_id":"896"}},{"type":"Feature","geometry":{"type":"MultiPolygon","coordinates":[[[[144.955323,-37.807058],[144.955357,-37.807062],[144.955374,-37.807064],[144.955355,-37.807076],[144.955337,-37.807188],[144.955302,-37.807185],[144.955323,-37.807058]]]]},"properties":{"seg_id":"21397","str_type":"Council Minor","seg_descr":"Cl1101 from Cl0551","street_id":"185"}},{"type":"Feature","geometry":{"type":"MultiPolygon","coordinates":[[[[144.959608,-37.813815],[144.959729,-37.814084],[144.959714,-37.814089],[144.959649,-37.813945],[144.95966,-37.813942],[144.95965,-37.813921],[144.959639,-37.813924],[144.959592,-37.813819],[144.959608,-37.813815]]]]},"properties":{"seg_id":"30098","str_type":"Private","seg_descr":"St Johns Lane","street_id":"1054"}},{"type":"Feature","geometry":{"type":"MultiPolygon","coordinates":[[[[144.955014,-37.805638],[144.955356,-37.805674],[144.955311,-37.805942],[144.954974,-37.805907],[144.955014,-37.805638]]]]},"properties":{"seg_id":"20954","str_type":"Council Major","seg_descr":"Intersection of Victoria Street and Capel Street","street_id":"0"}},{"type":"Feature","geometry":{"type":"MultiPolygon","coordinates":[[[[144.947538,-37.807264],[144.947605,-37.80731],[144.947648,-37.807345],[144.947892,-37.807538],[144.947646,-37.807725],[144.947332,-37.807486],[144.947174,-37.807369],[144.947011,-37.807255],[144.947239,-37.807052],[144.947538,-37.807264]]]]},"properties":{"seg_id":"21435","str_type":"Arterial","seg_descr":"Spencer Street between Roden Street and Hawke Street","street_id":"1086"}},{"type":"Feature","geometry":{"type":"MultiPolygon","coordinates":[[[[144.965913,-37.812381],[144.96563,-37.812464],[144.965603,-37.812472],[144.965362,-37.812543],[144.965324,-37.812458],[144.965609,-37.812374],[144.965654,-37.812361],[144.965752,-37.812332],[144.965788,-37.812322],[144.966367,-37.812152],[144.966413,-37.812138],[144.966805,-37.812023],[144.966862,-37.812006],[144.967222,-37.811901],[144.967272,-37.811886],[144.967469,-37.811828],[144.967509,-37.811913],[144.967254,-37.811988],[144.96721,-37.812001],[144.967172,-37.812012],[144.967127,-37.812025],[144.96699,-37.812065],[144.966952,-37.812076],[144.966958,-37.812087],[144.966867,-37.812114],[144.966862,-37.812103],[144.96683,-37.812112],[144.966835,-37.812123],[144.966708,-37.81216],[144.966642,-37.81218],[144.966506,-37.812219],[144.966501,-37.812209],[144.966449,-37.812224],[144.965985,-37.81236],[144.965913,-37.812381]]]]},"properties":{"seg_id":"20053","str_type":"Council Major","seg_descr":"Little Bourke Street between Russell Street and Swanston Street","street_id":"809"}},{"type":"Feature","geometry":{"type":"MultiPolygon","coordinates":[[[[144.954191,-37.806505],[144.954204,-37.80653],[144.954294,-37.806728],[144.954296,-37.806733],[144.953995,-37.806879],[144.953713,-37.806269],[144.953695,-37.806226],[144.953612,-37.806031],[144.953595,-37.80599],[144.95357,-37.805909],[144.95355,-37.805827],[144.953535,-37.805745],[144.953861,-37.805781],[144.953954,-37.805989],[144.95397,-37.806022],[144.954191,-37.806505]]]]},"properties":{"seg_id":"21384","str_type":"Council Major","seg_descr":"William Street between Rosslyn Street and Victoria Street","street_id":"1179"}},{"type":"Feature","geometry":{"type":"MultiPolygon","coordinates":[[[[144.966895,-37.803648],[144.966866,-37.803645],[144.966878,-37.80357],[144.966908,-37.803573],[144.966895,-37.803648]]]]},"properties":{"seg_id":"30298","str_type":"Private","seg_descr":"Pl5060","street_id":"1554"}},{"type":"Feature","geometry":{"type":"MultiPolygon","coordinates":[[[[144.958912,-37.808458],[144.958827,-37.808271],[144.958802,-37.808217],[144.958833,-37.808208],[144.958944,-37.808453],[144.958912,-37.808458]]]]},"properties":{"seg_id":"30476","str_type":"Private","seg_descr":"Pl5287","street_id":"3063"}},{"type":"Feature","geometry":{"type":"MultiPolygon","coordinates":[[[[144.950798,-37.802263],[144.950779,-37.802373],[144.950771,-37.802424],[144.950736,-37.80242],[144.950736,-37.80242],[144.950596,-37.802405],[144.950601,-37.802377],[144.95074,-37.802393],[144.950764,-37.802259],[144.950798,-37.802263]]]]},"properties":{"seg_id":"21090","str_type":"Council Minor","seg_descr":"Cooks Lane from Bendigo Street","street_id":"1224"}},{"type":"Feature","geometry":{"type":"MultiPolygon","coordinates":[[[[144.961541,-37.815787],[144.961474,-37.815808],[144.96128,-37.815375],[144.961346,-37.815357],[144.961541,-37.815787]]]]},"properties":{"seg_id":"20380","str_type":"Council Minor","seg_descr":"Penfold Place from Little Collins Street","street_id":"978"}},{"type":"Feature","geometry":{"type":"MultiPolygon","coordinates":[[[[144.954763,-37.81652],[144.954751,-37.816522],[144.954669,-37.816339],[144.954642,-37.816313],[144.954367,-37.815714],[144.954405,-37.815704],[144.954679,-37.8163],[144.954676,-37.816331],[144.954763,-37.81652]]]]},"properties":{"seg_id":"20435","str_type":"Council Minor","seg_descr":"Langs Lane between Little Bourke Street and Bourke Street","street_id":"776"}},{"type":"Feature","geometry":{"type":"MultiPolygon","coordinates":[[[[144.955782,-37.805721],[144.956234,-37.805772],[144.956176,-37.806039],[144.956154,-37.806037],[144.955735,-37.805988],[144.955782,-37.805721]]]]},"properties":{"seg_id":"20952","str_type":"Arterial","seg_descr":"Intersection of Peel Street and Victoria Street","street_id":"0"}},{"type":"Feature","geometry":{"type":"MultiPolygon","coordinates":[[[[144.95331,-37.806781],[144.953492,-37.80574],[144.953528,-37.805744],[144.953485,-37.805987],[144.953507,-37.80599],[144.953529,-37.805992],[144.953551,-37.805993],[144.953573,-37.805993],[144.953595,-37.80599],[144.953612,-37.806031],[144.953567,-37.80603],[144.953523,-37.806027],[144.953479,-37.806022],[144.953409,-37.806417],[144.953424,-37.806419],[144.953424,-37.806419],[144.953425,-37.806419],[144.953425,-37.806419],[144.953426,-37.806419],[144.953426,-37.806419],[144.953426,-37.806418],[144.953427,-37.806418],[144.953427,-37.806418],[144.953428,-37.806418],[144.953428,-37.806418],[144.953428,-37.806417],[144.953428,-37.806417],[144.953429,-37.806417],[144.953429,-37.806417],[144.953429,-37.806416],[144.953429,-37.806416],[144.953429,-37.806416],[144.95343,-37.806413],[144.95343,-37.806412],[144.95343,-37.806412],[144.95343,-37.806411],[144.953431,-37.806411],[144.953431,-37.80641],[144.953432,-37.806409],[144.953432,-37.806409],[144.953433,-37.806409],[144.953433,-37.806408],[144.953434,-37.806408],[144.953435,-37.806407],[144.953435,-37.806407],[144.953436,-37.806407],[144.953437,-37.806407],[144.953438,-37.806407],[144.953438,-37.806407],[144.953439,-37.806407],[144.95344,-37.806407],[144.953448,-37.806408],[144.953449,-37.806408],[144.95345,-37.806408],[144.953451,-37.806408],[144.953452,-37.806407],[144.953453,-37.806407],[144.953454,-37.806407],[144.953455,-37.806407],[144.953456,-37.806406],[144.953457,-37.806406],[144.953457,-37.806405],[144.953458,-37.806405],[144.953459,-37.806404],[144.953459,-37.806403],[144.95346,-37.806403],[144.95346,-37.806402],[144.953461,-37.806401],[144.953461,-37.8064],[144.953467,-37.806381],[144.953476,-37.806362],[144.953487,-37.806344],[144.9535,-37.806327],[144.953515,-37.806311],[144.953533,-37.806296],[144.953545,-37.806285],[144.953558,-37.806276],[144.953573,-37.806267],[144.953588,-37.806259],[144.953604,-37.806252],[144.953621,-37.806247],[144.953695,-37.806226],[144.953713,-37.806269],[144.953662,-37.806283],[144.953645,-37.806287],[144.953628,-37.806293],[144.953612,-37.806301],[144.953597,-37.806309],[144.953583,-37.806319],[144.953568,-37.80633],[144.953555,-37.806342],[144.953544,-37.806355],[144.953534,-37.806369],[144.953526,-37.806383],[144.95352,-37.806399],[144.953519,-37.8064],[144.953519,-37.806401],[144.953519,-37.806402],[144.953519,-37.806404],[144.953519,-37.806405],[144.953519,-37.806406],[144.95352,-37.806407],[144.95352,-37.806408],[144.953521,-37.80641],[144.953522,-37.806411],[144.953523,-37.806412],[144.953524,-37.806413],[144.953525,-37.806414],[144.953526,-37.806414],[144.953528,-37.806415],[144.953529,-37.806416],[144.953531,-37.806416],[144.953532,-37.806416],[144.953534,-37.806417],[144.953535,-37.806417],[144.953601,-37.806424],[144.953602,-37.806424],[144.953602,-37.806424],[144.953603,-37.806424],[144.953604,-37.806425],[144.953605,-37.806425],[144.953605,-37.806425],[144.953606,-37.806426],[144.953606,-37.806426],[144.953607,-37.806427],[144.953607,-37.806427],[144.953608,-37.806428],[144.953608,-37.806428],[144.953608,-37.806429],[144.953609,-37.806429],[144.953609,-37.80643],[144.953609,-37.80643],[144.953609,-37.806431],[144.953609,-37.806432],[144.953609,-37.806432],[144.953543,-37.806808],[144.953543,-37.806808],[144.953543,-37.806808],[144.953543,-37.806809],[144.953543,-37.806809],[144.953543,-37.806809],[144.953543,-37.80681],[144.953543,-37.80681],[144.953544,-37.80681],[144.953544,-37.80681],[144.953544,-37.806811],[144.953544,-37.806811],[144.953545,-37.806811],[144.953545,-37.806811],[144.953545,-37.806811],[144.953546,-37.806812],[144.953546,-37.806812],[144.953546,-37.806812],[144.953547,-37.806812],[144.953651,-37.806824],[144.953643,-37.806872],[144.953538,-37.806861],[144.953538,-37.806861],[144.953537,-37.806861],[144.953537,-37.806861],[144.953537,-37.806861],[144.953536,-37.806861],[144.953536,-37.806861],[144.953535,-37.806861],[144.953535,-37.806861],[144.953535,-37.806862],[144.953534,-37.806862],[144.953534,-37.806862],[144.953534,-37.806862],[144.953534,-37.806863],[144.953533,-37.806863],[144.953533,-37.806863],[144.953533,-37.806864],[144.953487,-37.807125],[144.953228,-37.807251],[144.953306,-37.806807],[144.95331,-37.806781]]]]},"properties":{"seg_id":"21382","str_type":"Council Major","seg_descr":"Howard Street between Rosslyn Street and William Street","street_id":"726"}},{"type":"Feature","geometry":{"type":"MultiPolygon","coordinates":[[[[144.95005,-37.801646],[144.950256,-37.801667],[144.950294,-37.801672],[144.950615,-37.801705],[144.950616,-37.801698],[144.950856,-37.801723],[144.950891,-37.801731],[144.951187,-37.801764],[144.951178,-37.801807],[144.950917,-37.801779],[144.950902,-37.801778],[144.950682,-37.801754],[144.950649,-37.801778],[144.95004,-37.801716],[144.95005,-37.801646]]]]},"properties":{"seg_id":"21086","str_type":"Council Minor","seg_descr":"Byron Street between Leveson Street and Errol Street","street_id":"474"}},{"type":"Feature","geometry":{"type":"MultiPolygon","coordinates":[[[[144.965353,-37.813321],[144.965124,-37.813387],[144.965107,-37.813354],[144.965337,-37.813288],[144.965353,-37.813321]]]]},"properties":{"seg_id":"20323","str_type":"Council Minor","seg_descr":"Turners Alley from Swanston Street","street_id":"1136"}},{"type":"Feature","geometry":{"type":"MultiPolygon","coordinates":[[[[144.959655,-37.811233],[144.959488,-37.811282],[144.959375,-37.811046],[144.959415,-37.811034],[144.959511,-37.811243],[144.959641,-37.811205],[144.959655,-37.811233]]]]},"properties":{"seg_id":"23362","str_type":"Council Minor","seg_descr":"PT5112 between La Trobe Street and Flanigan Lane","street_id":"2853"}},{"type":"Feature","geometry":{"type":"MultiPolygon","coordinates":[[[[144.949805,-37.806102],[144.950043,-37.806309],[144.949793,-37.806487],[144.94955,-37.806295],[144.949805,-37.806102]]]]},"properties":{"seg_id":"21374","str_type":"Arterial","seg_descr":"Intersection of King Street and Roden Street","street_id":"0"}},{"type":"Feature","geometry":{"type":"MultiPolygon","coordinates":[[[[144.949747,-37.810633],[144.949603,-37.810678],[144.949602,-37.810667],[144.949741,-37.810623],[144.949747,-37.810633]]]]},"properties":{"seg_id":"30469","str_type":"Private","seg_descr":"Pl5319","street_id":"3117"}},{"type":"Feature","geometry":{"type":"MultiPolygon","coordinates":[[[[144.951225,-37.808546],[144.951443,-37.808855],[144.951486,-37.808915],[144.951489,-37.808921],[144.95146,-37.808932],[144.951467,-37.808942],[144.951456,-37.808946],[144.951409,-37.808871],[144.951188,-37.808564],[144.951225,-37.808546]]]]},"properties":{"seg_id":"21419","str_type":"Council Minor","seg_descr":"Cl1181 from Rosslyn Street","street_id":"255"}},{"type":"Feature","geometry":{"type":"MultiPolygon","coordinates":[[[[144.954248,-37.80343],[144.954203,-37.803699],[144.95386,-37.803661],[144.953913,-37.803383],[144.954248,-37.80343]]]]},"properties":{"seg_id":"20962","str_type":"Council Major","seg_descr":"Intersection of Queensberry Street and Howard Street","street_id":"0"}},{"type":"Feature","geometry":{"type":"MultiPolygon","coordinates":[[[[144.957124,-37.815842],[144.956766,-37.815067],[144.956806,-37.815056],[144.957164,-37.815832],[144.957124,-37.815842]]]]},"properties":{"seg_id":"20414","str_type":"Council Minor","seg_descr":"Ramsay Lane between Bourke Street and Little Bourke Street","street_id":"1019"}},{"type":"Feature","geometry":{"type":"MultiPolygon","coordinates":[[[[144.960432,-37.81296],[144.960532,-37.813168],[144.960559,-37.813228],[144.960501,-37.813205],[144.960389,-37.812973],[144.960432,-37.81296]]]]},"properties":{"seg_id":"30118","str_type":"Private","seg_descr":"Goldie Place","street_id":"663"}},{"type":"Feature","geometry":{"type":"MultiPolygon","coordinates":[[[[144.962092,-37.801641],[144.961521,-37.801578],[144.961528,-37.801535],[144.962099,-37.801598],[144.962099,-37.801599],[144.962092,-37.801641]]]]},"properties":{"seg_id":"20875","str_type":"Council Minor","seg_descr":"Scotts Place from Bouverie Street","street_id":"1066"}},{"type":"Feature","geometry":{"type":"MultiPolygon","coordinates":[[[[144.965548,-37.811891],[144.965564,-37.811925],[144.96535,-37.811987],[144.965205,-37.811671],[144.965241,-37.81166],[144.965256,-37.811693],[144.965276,-37.811699],[144.965438,-37.811653],[144.965452,-37.811684],[144.965291,-37.81173],[144.965283,-37.811745],[144.965369,-37.811931],[144.965393,-37.811939],[144.965546,-37.811895],[144.965548,-37.811891]]]]},"properties":{"seg_id":"20287","str_type":"Council Minor","seg_descr":"Stevenson Lane from Tattersalls Lane","street_id":"1097"}},{"type":"Feature","geometry":{"type":"MultiPolygon","coordinates":[[[[144.954709,-37.80843],[144.955025,-37.808337],[144.955142,-37.808598],[144.955042,-37.808605],[144.954943,-37.808619],[144.954847,-37.808641],[144.954815,-37.808688],[144.954709,-37.80843]]]]},"properties":{"seg_id":"21531","str_type":"Arterial","seg_descr":"Intersection of Dudley Street and William Street","street_id":"0"}},{"type":"Feature","geometry":{"type":"MultiPolygon","coordinates":[[[[144.964897,-37.802777],[144.964944,-37.802504],[144.96529,-37.802541],[144.965243,-37.802815],[144.964897,-37.802777]]]]},"properties":{"seg_id":"20510","str_type":"Council Major","seg_descr":"Intersection of Cardigan Street and Pelham Street","street_id":"483"}},{"type":"Feature","geometry":{"type":"MultiPolygon","coordinates":[[[[144.945324,-37.80581],[144.945119,-37.805787],[144.945181,-37.805514],[144.94748,-37.805769],[144.947425,-37.806036],[144.946629,-37.805951],[144.946595,-37.805947],[144.946049,-37.805888],[144.946048,-37.805888],[144.946022,-37.805885],[144.945357,-37.805814],[144.945324,-37.80581]]]]},"properties":{"seg_id":"21348","str_type":"Council Major","seg_descr":"Miller Street between Curzon Street and Abbotsford Street","street_id":"899"}},{"type":"Feature","geometry":{"type":"MultiPolygon","coordinates":[[[[144.951225,-37.808546],[144.951188,-37.808564],[144.950248,-37.809019],[144.950232,-37.809027],[144.950196,-37.809043],[144.94985,-37.809215],[144.949822,-37.809229],[144.949628,-37.809325],[144.949446,-37.809088],[144.950946,-37.808359],[144.951002,-37.808331],[144.951394,-37.808142],[144.951585,-37.808371],[144.951398,-37.808462],[144.951385,-37.808468],[144.951225,-37.808546]]]]},"properties":{"seg_id":"21421","str_type":"Council Major","seg_descr":"Rosslyn Street between King Street and Spencer Street","street_id":"1038"}},{"type":"Feature","geometry":{"type":"MultiPolygon","coordinates":[[[[144.947379,-37.811279],[144.946151,-37.811747],[144.945596,-37.811958],[144.945352,-37.811751],[144.94542,-37.811725],[144.945873,-37.811552],[144.945986,-37.811509],[144.946944,-37.811143],[144.947587,-37.810897],[144.947731,-37.811145],[144.947379,-37.811279]]]]},"properties":{"seg_id":"22544","str_type":"Arterial","seg_descr":"Dudley Street between Wurundjeri Way and Adderley Street","street_id":"586"}},{"type":"Feature","geometry":{"type":"MultiPolygon","coordinates":[[[[144.947105,-37.810226],[144.946747,-37.809828],[144.947026,-37.809656],[144.947394,-37.810084],[144.947105,-37.810226]]]]},"properties":{"seg_id":"21477","str_type":"Council Major","seg_descr":"Adderley Street between Rosslyn Street and Stanley Street","street_id":"371"}},{"type":"Feature","geometry":{"type":"MultiPolygon","coordinates":[[[[144.956039,-37.813935],[144.955995,-37.813947],[144.955889,-37.813717],[144.95576,-37.813755],[144.955747,-37.813726],[144.955855,-37.813694],[144.955602,-37.81315],[144.955665,-37.813132],[144.95568,-37.813164],[144.955683,-37.813163],[144.956039,-37.813935]]]]},"properties":{"seg_id":"20407","str_type":"Council Minor","seg_descr":"Healeys Lane between Little Lonsdale Street and Lonsdale Street","street_id":"699"}},{"type":"Feature","geometry":{"type":"MultiPolygon","coordinates":[[[[144.952711,-37.810256],[144.953035,-37.810161],[144.953152,-37.810416],[144.952826,-37.810511],[144.952711,-37.810256]]]]},"properties":{"seg_id":"21517","str_type":"Arterial","seg_descr":"Intersection of King Street and Batman Street","street_id":"0"}},{"type":"Feature","geometry":{"type":"MultiPolygon","coordinates":[[[[144.956595,-37.803688],[144.95656,-37.803962],[144.956104,-37.80391],[144.956143,-37.803639],[144.956157,-37.803537],[144.956595,-37.803688]]]]},"properties":{"seg_id":"20942","str_type":"Arterial","seg_descr":"Intersection of Queensberry Street and Peel Street","street_id":"0"}},{"type":"Feature","geometry":{"type":"MultiPolygon","coordinates":[[[[144.952641,-37.809311],[144.952271,-37.80942],[144.952123,-37.809172],[144.952531,-37.809054],[144.952641,-37.809311]]]]},"properties":{"seg_id":"21412","str_type":"Arterial","seg_descr":"Intersection of King Street and Dudley Street","street_id":"0"}},{"type":"Feature","geometry":{"type":"MultiPolygon","coordinates":[[[[144.963058,-37.807547],[144.962946,-37.807284],[144.962996,-37.80727],[144.964125,-37.806945],[144.96413,-37.806925],[144.964176,-37.80693],[144.964519,-37.806968],[144.964901,-37.80701],[144.963958,-37.807285],[144.963895,-37.807303],[144.963058,-37.807547]]]]},"properties":{"seg_id":"21622","str_type":"Council Major","seg_descr":"Franklin Street between Victoria Street and Swanston Street","street_id":"644"}},{"type":"Feature","geometry":{"type":"MultiPolygon","coordinates":[[[[144.955834,-37.816215],[144.956649,-37.815982],[144.956745,-37.815952],[144.957124,-37.815842],[144.957164,-37.815832],[144.957196,-37.815823],[144.957521,-37.815729],[144.957599,-37.815707],[144.957983,-37.815598],[144.958103,-37.815853],[144.95718,-37.816115],[144.95703,-37.816158],[144.956382,-37.816344],[144.956319,-37.816362],[144.955946,-37.816468],[144.955834,-37.816215]]]]},"properties":{"seg_id":"20088","str_type":"Council Major","seg_descr":"Bourke Street between William Street and King Street","street_id":"455"}},{"type":"Feature","geometry":{"type":"MultiPolygon","coordinates":[[[[144.959603,-37.815135],[144.959553,-37.81515],[144.959463,-37.814956],[144.959431,-37.814965],[144.959156,-37.814359],[144.959151,-37.814349],[144.95923,-37.814327],[144.959235,-37.814338],[144.959603,-37.815135]]]]},"properties":{"seg_id":"20348","str_type":"Council Minor","seg_descr":"Little Queen Street between Bourke Street and Little Bourke Street","street_id":"833"}},{"type":"Feature","geometry":{"type":"MultiPolygon","coordinates":[[[[144.961702,-37.803853],[144.961783,-37.803396],[144.961798,-37.803306],[144.961821,-37.803172],[144.962161,-37.80321],[144.962099,-37.803571],[144.962093,-37.803604],[144.962009,-37.804097],[144.962004,-37.804127],[144.961976,-37.804291],[144.961632,-37.804249],[144.961696,-37.803889],[144.961702,-37.803853]]]]},"properties":{"seg_id":"20464","str_type":"Council Major","seg_descr":"Bouverie Street between Queensberry Street and Lincoln Square South","street_id":"456"}},{"type":"Feature","geometry":{"type":"MultiPolygon","coordinates":[[[[144.947379,-37.80392],[144.947311,-37.804311],[144.947327,-37.804327],[144.947717,-37.804375],[144.947715,-37.804389],[144.947713,-37.804403],[144.945893,-37.804179],[144.945872,-37.80419],[144.945853,-37.804311],[144.945815,-37.804306],[144.945836,-37.804184],[144.945823,-37.804168],[144.945427,-37.804118],[144.945431,-37.804091],[144.945824,-37.80414],[144.945843,-37.804127],[144.945912,-37.803742],[144.945949,-37.803746],[144.94588,-37.804135],[144.945895,-37.80415],[144.947257,-37.804318],[144.947276,-37.804308],[144.947343,-37.803915],[144.947379,-37.80392]]]]},"properties":{"seg_id":"21016","str_type":"Council Minor","seg_descr":"Cl0405 from Elm Street","street_id":"1892"}},{"type":"Feature","geometry":{"type":"MultiPolygon","coordinates":[[[[144.950209,-37.803995],[144.950165,-37.803991],[144.950191,-37.803866],[144.950187,-37.803861],[144.949952,-37.803834],[144.950008,-37.80354],[144.950071,-37.803548],[144.95006,-37.803605],[144.950058,-37.803615],[144.950028,-37.803777],[144.950053,-37.803804],[144.95024,-37.803827],[144.950209,-37.803995]]]]},"properties":{"seg_id":"23269","str_type":"Council Minor","seg_descr":"Little Errol Street between George Johnson Lane and Little Errol Street","street_id":"818"}},{"type":"Feature","geometry":{"type":"MultiPolygon","coordinates":[[[[144.96077,-37.802556],[144.960778,-37.802513],[144.961349,-37.802579],[144.961339,-37.802632],[144.961056,-37.802601],[144.961057,-37.802592],[144.961014,-37.802586],[144.96077,-37.802556]]]]},"properties":{"seg_id":"20872","str_type":"Council Minor","seg_descr":"Leicester Place from Leicester Street","street_id":"785"}},{"type":"Feature","geometry":{"type":"MultiPolygon","coordinates":[[[[144.961356,-37.799674],[144.961369,-37.799681],[144.961383,-37.799688],[144.961398,-37.799693],[144.961413,-37.799697],[144.961632,-37.79972],[144.961674,-37.799725],[144.961669,-37.799758],[144.961534,-37.799744],[144.961532,-37.799744],[144.961529,-37.799745],[144.961527,-37.799745],[144.961524,-37.799746],[144.961522,-37.799746],[144.961519,-37.799747],[144.961517,-37.799748],[144.961515,-37.79975],[144.961513,-37.799751],[144.961511,-37.799753],[144.961509,-37.799754],[144.961508,-37.799756],[144.961507,-37.799758],[144.961505,-37.79976],[144.961505,-37.799762],[144.961504,-37.799764],[144.9615,-37.799802],[144.961454,-37.799797],[144.961454,-37.799771],[144.961451,-37.799767],[144.961448,-37.799763],[144.961444,-37.79976],[144.96144,-37.799756],[144.961436,-37.799753],[144.961431,-37.799751],[144.961427,-37.799748],[144.961421,-37.799746],[144.961416,-37.799744],[144.961411,-37.799743],[144.960728,-37.799664],[144.960721,-37.799664],[144.960714,-37.799664],[144.960708,-37.799665],[144.960701,-37.799667],[144.960695,-37.799669],[144.960689,-37.799671],[144.960683,-37.799674],[144.960678,-37.799677],[144.960673,-37.79968],[144.960668,-37.799684],[144.960664,-37.799688],[144.96066,-37.799693],[144.960657,-37.799697],[144.960649,-37.799721],[144.960624,-37.799839],[144.96062,-37.799842],[144.960617,-37.799846],[144.960614,-37.79985],[144.960611,-37.799854],[144.960609,-37.799859],[144.960608,-37.799863],[144.960607,-37.799868],[144.960597,-37.799916],[144.960508,-37.799907],[144.960515,-37.799864],[144.960513,-37.799848],[144.960512,-37.799832],[144.960511,-37.799815],[144.960526,-37.799688],[144.960525,-37.799683],[144.960523,-37.799677],[144.960521,-37.799672],[144.960518,-37.799667],[144.960514,-37.799662],[144.96051,-37.799657],[144.960505,-37.799653],[144.9605,-37.799649],[144.960495,-37.799645],[144.960489,-37.799642],[144.960483,-37.799639],[144.960476,-37.799636],[144.96047,-37.799634],[144.960331,-37.799617],[144.960197,-37.799662],[144.95974,-37.799646],[144.959744,-37.799582],[144.9595,-37.799507],[144.95949,-37.799498],[144.959481,-37.79949],[144.959473,-37.799481],[144.959466,-37.799471],[144.959461,-37.799461],[144.959455,-37.799451],[144.959386,-37.799144],[144.959447,-37.799148],[144.959506,-37.799407],[144.959508,-37.799416],[144.959512,-37.799425],[144.959516,-37.799434],[144.959522,-37.799442],[144.959528,-37.799449],[144.959535,-37.799457],[144.959543,-37.799464],[144.959551,-37.79947],[144.95956,-37.799476],[144.95957,-37.799481],[144.95958,-37.799485],[144.959591,-37.799489],[144.959602,-37.799492],[144.959769,-37.799531],[144.959864,-37.799538],[144.960097,-37.79954],[144.960392,-37.799571],[144.961115,-37.799649],[144.961356,-37.799674]]]]},"properties":{"seg_id":"30204","str_type":"Private","seg_descr":"Kernot Road","street_id":"758"}},{"type":"Feature","geometry":{"type":"MultiPolygon","coordinates":[[[[144.964148,-37.81138],[144.964133,-37.811341],[144.964061,-37.811191],[144.964021,-37.811119],[144.963952,-37.810978],[144.963935,-37.810934],[144.96385,-37.810751],[144.963904,-37.810734],[144.964284,-37.811549],[144.964235,-37.811565],[144.964148,-37.81138]]]]},"properties":{"seg_id":"20330","str_type":"Council Minor","seg_descr":"Drewery Lane between Lonsdale Street and Little Lonsdale Street","street_id":"580"}},{"type":"Feature","geometry":{"type":"MultiPolygon","coordinates":[[[[144.959679,-37.807735],[144.959643,-37.807669],[144.959625,-37.807631],[144.959665,-37.807619],[144.959682,-37.807657],[144.959719,-37.807724],[144.959679,-37.807735]]]]},"properties":{"seg_id":"30477","str_type":"Private","seg_descr":"Pl5286","street_id":"3061"}},{"type":"Feature","geometry":{"type":"MultiPolygon","coordinates":[[[[144.948083,-37.805834],[144.948452,-37.805489],[144.948706,-37.805665],[144.948551,-37.805812],[144.948533,-37.80583],[144.948481,-37.805879],[144.948083,-37.805834]]]]},"properties":{"seg_id":"21359","str_type":"Council Major","seg_descr":"Hawke Street between Miller Street and King Street","street_id":"696"}},{"type":"Feature","geometry":{"type":"MultiPolygon","coordinates":[[[[144.95715,-37.805139],[144.957184,-37.80496],[144.957411,-37.804985],[144.957379,-37.805166],[144.95715,-37.805139]]]]},"properties":{"seg_id":"20932","str_type":"Council Major","seg_descr":"Intersection of Cobden Street and Princess Street","street_id":"520"}},{"type":"Feature","geometry":{"type":"MultiPolygon","coordinates":[[[[144.959686,-37.807068],[144.959204,-37.806375],[144.960086,-37.806475],[144.960008,-37.806983],[144.959686,-37.807068]]]]},"properties":{"seg_id":"21628","str_type":"Council Major","seg_descr":"Elizabeth Street between Therry Street and Victoria Street","street_id":"599"}},{"type":"Feature","geometry":{"type":"MultiPolygon","coordinates":[[[[144.965244,-37.806571],[144.965471,-37.806596],[144.965557,-37.806111],[144.965593,-37.806115],[144.965506,-37.806633],[144.965238,-37.806603],[144.965244,-37.806571]]]]},"properties":{"seg_id":"20743","str_type":"Council Minor","seg_descr":"Cl0520 from Orr Street","street_id":"1947"}},{"type":"Feature","geometry":{"type":"MultiPolygon","coordinates":[[[[144.960445,-37.804398],[144.960335,-37.805021],[144.959995,-37.804984],[144.960078,-37.804514],[144.960082,-37.804492],[144.960106,-37.804356],[144.960445,-37.804398]]]]},"properties":{"seg_id":"20455","str_type":"Council Major","seg_descr":"Leicester Street between Berkeley Street and Queensberry Street","street_id":"786"}},{"type":"Feature","geometry":{"type":"MultiPolygon","coordinates":[[[[144.948929,-37.806325],[144.948872,-37.806282],[144.948883,-37.806271],[144.948909,-37.806257],[144.94893,-37.806286],[144.948954,-37.806305],[144.948929,-37.806325]]]]},"properties":{"seg_id":"30016","str_type":"Private","street_id":"0"}},{"type":"Feature","geometry":{"type":"MultiPolygon","coordinates":[[[[144.946689,-37.807552],[144.946716,-37.80753],[144.94699,-37.807698],[144.94699,-37.807697],[144.947028,-37.807724],[144.947041,-37.807733],[144.947189,-37.807844],[144.947163,-37.807866],[144.947011,-37.807754],[144.946894,-37.80785],[144.946854,-37.807886],[144.946722,-37.808037],[144.946451,-37.808262],[144.946426,-37.808243],[144.94642,-37.808248],[144.946403,-37.808236],[144.946445,-37.808201],[144.94646,-37.808213],[144.946468,-37.808206],[144.946703,-37.808012],[144.946828,-37.807869],[144.946946,-37.807766],[144.946947,-37.807741],[144.946689,-37.807552]]]]},"properties":{"seg_id":"21460","str_type":"Council Minor","seg_descr":"Mighty Apollo Lane from Hawke Street","street_id":"3157"}},{"type":"Feature","geometry":{"type":"MultiPolygon","coordinates":[[[[144.961321,-37.808782],[144.961285,-37.808793],[144.96128,-37.808794],[144.961271,-37.808775],[144.96125,-37.80875],[144.961154,-37.80855],[144.961203,-37.808536],[144.961217,-37.808568],[144.961321,-37.808782]]]]},"properties":{"seg_id":"30504","str_type":"Private","seg_descr":"Pl5220","street_id":"2977"}},{"type":"Feature","geometry":{"type":"MultiPolygon","coordinates":[[[[144.952327,-37.801955],[144.952297,-37.80211],[144.952305,-37.802111],[144.952273,-37.80229],[144.952237,-37.802286],[144.952275,-37.802077],[144.95227,-37.802061],[144.952291,-37.801951],[144.952327,-37.801955]]]]},"properties":{"seg_id":"21102","str_type":"Council Minor","seg_descr":"Pearson Place from Byron Street","street_id":"1283"}},{"type":"Feature","geometry":{"type":"MultiPolygon","coordinates":[[[[144.964109,-37.805352],[144.964096,-37.80535],[144.964126,-37.805175],[144.964137,-37.805113],[144.964189,-37.80481],[144.964259,-37.804817],[144.964164,-37.805358],[144.964142,-37.805355],[144.964109,-37.805352]]]]},"properties":{"seg_id":"20798","str_type":"Council Minor","seg_descr":"Queensberry Place from Queensberry Street","street_id":"1006"}},{"type":"Feature","geometry":{"type":"MultiPolygon","coordinates":[[[[144.95597,-37.800787],[144.956458,-37.800402],[144.956868,-37.80073],[144.956556,-37.801257],[144.956414,-37.801143],[144.956378,-37.801113],[144.95597,-37.800787]]]]},"properties":{"seg_id":"22686","str_type":"Arterial","seg_descr":"Flemington Road between Elizabeth Street and Blackwood Street","street_id":"632"}},{"type":"Feature","geometry":{"type":"MultiPolygon","coordinates":[[[[144.954931,-37.814252],[144.955051,-37.814512],[144.954727,-37.8146],[144.954605,-37.814339],[144.954931,-37.814252]]]]},"properties":{"seg_id":"22613","str_type":"Arterial","seg_descr":"Intersection of Lonsdale Street and King Street","street_id":"0"}},{"type":"Feature","geometry":{"type":"MultiPolygon","coordinates":[[[[144.956522,-37.81159],[144.956198,-37.811673],[144.955803,-37.81082],[144.956124,-37.810726],[144.956522,-37.81159]]]]},"properties":{"seg_id":"21519","str_type":"Council Major","seg_descr":"William Street between La Trobe Street and A'Beckett Street","street_id":"1179"}},{"type":"Feature","geometry":{"type":"MultiPolygon","coordinates":[[[[144.953923,-37.800061],[144.953894,-37.800038],[144.954108,-37.799869],[144.954079,-37.799846],[144.954109,-37.799823],[144.954138,-37.799846],[144.954169,-37.799868],[144.953923,-37.800061]]]]},"properties":{"seg_id":"21137","str_type":"Council Minor","seg_descr":"Buncles Place from Vale Street","street_id":"1216"}},{"type":"Feature","geometry":{"type":"MultiPolygon","coordinates":[[[[144.954335,-37.802077],[144.955146,-37.802726],[144.955263,-37.802835],[144.955555,-37.803071],[144.955427,-37.803337],[144.95441,-37.802531],[144.95411,-37.802289],[144.954335,-37.802077]]]]},"properties":{"seg_id":"21108","str_type":"Council Major","seg_descr":"Courtney Street between Queensberry Street and Howard Street","street_id":"541"}},{"type":"Feature","geometry":{"type":"MultiPolygon","coordinates":[[[[144.959193,-37.81212],[144.958376,-37.812357],[144.957931,-37.812486],[144.957922,-37.812488],[144.957907,-37.812493],[144.957038,-37.812745],[144.957034,-37.812735],[144.957007,-37.812651],[144.958085,-37.812337],[144.958079,-37.812325],[144.958304,-37.81226],[144.958309,-37.812272],[144.9585,-37.812217],[144.958539,-37.812204],[144.95916,-37.812022],[144.959193,-37.81212]]]]},"properties":{"seg_id":"20044","str_type":"Council Major","seg_descr":"Little Lonsdale Street between Queen Street and William Street","street_id":"825"}},{"type":"Feature","geometry":{"type":"MultiPolygon","coordinates":[[[[144.96352,-37.810507],[144.963504,-37.810472],[144.963433,-37.810316],[144.963479,-37.810303],[144.963662,-37.810707],[144.963617,-37.81072],[144.96352,-37.810507]]]]},"properties":{"seg_id":"20334","str_type":"Council Minor","seg_descr":"Knox Lane from Little Lonsdale Street","street_id":"765"}},{"type":"Feature","geometry":{"type":"MultiPolygon","coordinates":[[[[144.946182,-37.809828],[144.946319,-37.809744],[144.946346,-37.809727],[144.94654,-37.809608],[144.946747,-37.809828],[144.94534,-37.810683],[144.945158,-37.81045],[144.945956,-37.809966],[144.945985,-37.809949],[144.946172,-37.809835],[144.946182,-37.809828]]]]},"properties":{"seg_id":"21473","str_type":"Council Major","seg_descr":"Stanley Street between Railway Place and Adderley Street","street_id":"1089"}},{"type":"Feature","geometry":{"type":"MultiPolygon","coordinates":[[[[144.962312,-37.800378],[144.962652,-37.800416],[144.962563,-37.800921],[144.962555,-37.800965],[144.96253,-37.80111],[144.962528,-37.80112],[144.962504,-37.801255],[144.962502,-37.801267],[144.962461,-37.801501],[144.962123,-37.801463],[144.962168,-37.801204],[144.962174,-37.801173],[144.962216,-37.800927],[144.962226,-37.800874],[144.962312,-37.800378]]]]},"properties":{"seg_id":"20468","str_type":"Council Major","seg_descr":"Bouverie Street between Lincoln Square North and Grattan Street","street_id":"456"}},{"type":"Feature","geometry":{"type":"MultiPolygon","coordinates":[[[[144.951829,-37.799286],[144.951962,-37.799184],[144.951988,-37.799203],[144.951869,-37.799296],[144.952103,-37.79948],[144.951592,-37.799889],[144.951543,-37.79985],[144.951693,-37.799732],[144.952025,-37.799459],[144.951861,-37.799331],[144.951817,-37.799295],[144.951829,-37.799286]]]]},"properties":{"seg_id":"21183","str_type":"Council Minor","seg_descr":"Courtney Place between Courtney Street and Mary Street","street_id":"540"}},{"type":"Feature","geometry":{"type":"MultiPolygon","coordinates":[[[[144.953217,-37.808372],[144.953249,-37.808363],[144.953278,-37.808428],[144.95331,-37.808449],[144.95335,-37.808532],[144.95337,-37.808537],[144.953471,-37.80851],[144.953487,-37.808548],[144.95334,-37.808588],[144.953296,-37.808496],[144.953283,-37.808466],[144.953252,-37.808449],[144.953217,-37.808372]]]]},"properties":{"seg_id":"21407","str_type":"Council Minor","seg_descr":"Cl1066 from Walsh Street","street_id":"305"}},{"type":"Feature","geometry":{"type":"MultiPolygon","coordinates":[[[[144.96168,-37.800675],[144.961659,-37.800797],[144.961591,-37.80079],[144.961611,-37.800668],[144.96168,-37.800675]]]]},"properties":{"seg_id":"20845","str_type":"Council Minor","seg_descr":"Malvina Place from Grattan Street","street_id":"867"}},{"type":"Feature","geometry":{"type":"MultiPolygon","coordinates":[[[[144.964109,-37.805352],[144.964107,-37.805361],[144.964105,-37.805361],[144.963889,-37.805338],[144.963863,-37.805484],[144.963851,-37.805483],[144.963878,-37.805327],[144.964096,-37.80535],[144.964109,-37.805352]]]]},"properties":{"seg_id":"20800","str_type":"Council Minor","seg_descr":"Cl1327 from Queensberry Place","street_id":"47"}},{"type":"Feature","geometry":{"type":"MultiPolygon","coordinates":[[[[144.962053,-37.813509],[144.962332,-37.814128],[144.962296,-37.814138],[144.962014,-37.81352],[144.962053,-37.813509]]]]},"properties":{"seg_id":"20375","str_type":"Council Minor","seg_descr":"Rankins Lane from Little Bourke Street","street_id":"1021"}},{"type":"Feature","geometry":{"type":"MultiPolygon","coordinates":[[[[144.963069,-37.801179],[144.963096,-37.801026],[144.963153,-37.801033],[144.963122,-37.801207],[144.963065,-37.8012],[144.963069,-37.801179]]]]},"properties":{"seg_id":"20841","str_type":"Council Minor","seg_descr":"Ph8004 from Church Street","street_id":"1566"}},{"type":"Feature","geometry":{"type":"MultiPolygon","coordinates":[[[[144.95195,-37.813168],[144.951987,-37.813156],[144.952115,-37.813427],[144.952075,-37.813438],[144.95195,-37.813168]]]]},"properties":{"seg_id":"20449","str_type":"Council Minor","seg_descr":"Cl1603 from La Trobe Street","street_id":"109"}},{"type":"Feature","geometry":{"type":"MultiPolygon","coordinates":[[[[144.955992,-37.804522],[144.956104,-37.80391],[144.95656,-37.803962],[144.956531,-37.804125],[144.956526,-37.804152],[144.956395,-37.804872],[144.95594,-37.804822],[144.955987,-37.804552],[144.955992,-37.804522]]]]},"properties":{"seg_id":"20938","str_type":"Arterial","seg_descr":"Peel Street between Princess Street and Queensberry Street","street_id":"973"}},{"type":"Feature","geometry":{"type":"MultiPolygon","coordinates":[[[[144.949238,-37.80287],[144.949194,-37.802865],[144.949241,-37.802573],[144.949285,-37.802578],[144.949238,-37.80287]]]]},"properties":{"seg_id":"21081","str_type":"Council Minor","seg_descr":"Mattinglys Lane from Queensberry Street","street_id":"887"}},{"type":"Feature","geometry":{"type":"MultiPolygon","coordinates":[[[[144.958143,-37.804136],[144.957648,-37.804079],[144.957509,-37.803794],[144.958019,-37.803854],[144.958143,-37.804136]]]]},"properties":{"seg_id":"20923","str_type":"Council Major","seg_descr":"Queensberry Street between Elizabeth Street and O'Connell Street","street_id":"1008"}},{"type":"Feature","geometry":{"type":"MultiPolygon","coordinates":[[[[144.967786,-37.807325],[144.967491,-37.807294],[144.967537,-37.807019],[144.968063,-37.807076],[144.968103,-37.80708],[144.968681,-37.807142],[144.968635,-37.807414],[144.9685,-37.8074],[144.968229,-37.807371],[144.967972,-37.807345],[144.967939,-37.807341],[144.967786,-37.807325]]]]},"properties":{"seg_id":"21601","str_type":"Arterial","seg_descr":"Victoria Street between Rathdowne Street and Drummond Street","street_id":"1152"}},{"type":"Feature","geometry":{"type":"MultiPolygon","coordinates":[[[[144.951967,-37.800583],[144.952218,-37.800389],[144.952812,-37.800859],[144.952862,-37.800898],[144.953035,-37.801035],[144.952574,-37.801069],[144.952252,-37.800807],[144.952211,-37.800777],[144.951967,-37.800583]]]]},"properties":{"seg_id":"21132","str_type":"Council Major","seg_descr":"Courtney Street between Wreckyn Street and Villiers Street","street_id":"541"}},{"type":"Feature","geometry":{"type":"MultiPolygon","coordinates":[[[[144.959211,-37.803276],[144.959406,-37.80322],[144.959362,-37.803128],[144.959398,-37.803118],[144.959457,-37.803238],[144.959225,-37.803306],[144.959211,-37.803276]]]]},"properties":{"seg_id":"20861","str_type":"Council Minor","seg_descr":"Cl1026 from Berkeley Street","street_id":"205"}},{"type":"Feature","geometry":{"type":"MultiPolygon","coordinates":[[[[144.967461,-37.80936],[144.967554,-37.809332],[144.967567,-37.80936],[144.967474,-37.809387],[144.967461,-37.80936]]]]},"properties":{"seg_id":"30132","str_type":"Private","seg_descr":"Pl5155","street_id":"2899"}},{"type":"Feature","geometry":{"type":"MultiPolygon","coordinates":[[[[144.956768,-37.804913],[144.956809,-37.804918],[144.957172,-37.804958],[144.957186,-37.80495],[144.957184,-37.80496],[144.95715,-37.805139],[144.957148,-37.805148],[144.957138,-37.805138],[144.956643,-37.805081],[144.956603,-37.805076],[144.956364,-37.805048],[144.956395,-37.804872],[144.956768,-37.804913]]]]},"properties":{"seg_id":"20935","str_type":"Council Major","seg_descr":"Princess Street between Peel Street and Cobden Street","street_id":"1000"}},{"type":"Feature","geometry":{"type":"MultiPolygon","coordinates":[[[[144.951401,-37.809749],[144.951547,-37.810027],[144.951558,-37.810031],[144.951598,-37.810018],[144.951611,-37.810043],[144.951532,-37.81007],[144.95137,-37.809761],[144.951401,-37.809749]]]]},"properties":{"seg_id":"21415","str_type":"Council Minor","seg_descr":"Maloney Lane from Dudley Street","street_id":"3156"}},{"type":"Feature","geometry":{"type":"MultiPolygon","coordinates":[[[[144.965593,-37.806115],[144.965557,-37.806111],[144.965329,-37.806086],[144.965193,-37.806071],[144.964918,-37.806042],[144.964687,-37.806017],[144.964703,-37.805927],[144.965221,-37.805983],[144.965843,-37.806051],[144.965828,-37.80614],[144.965593,-37.806115]]]]},"properties":{"seg_id":"20740","str_type":"Council Minor","seg_descr":"Earl Street between Lygon Street and Cardigan Street","street_id":"592"}},{"type":"Feature","geometry":{"type":"MultiPolygon","coordinates":[[[[144.963065,-37.804689],[144.963116,-37.804416],[144.963452,-37.80446],[144.963405,-37.804723],[144.963065,-37.804689]]]]},"properties":{"seg_id":"20483","str_type":"Council Major","seg_descr":"Intersection of Swanston Street and Queensberry Street","street_id":"0"}},{"type":"Feature","geometry":{"type":"MultiPolygon","coordinates":[[[[144.950953,-37.803062],[144.951296,-37.8031],[144.951246,-37.803368],[144.950908,-37.803336],[144.950953,-37.803062]]]]},"properties":{"seg_id":"20981","str_type":"Council Major","seg_descr":"Intersection of Queensberry Street and Leveson Street","street_id":"0"}},{"type":"Feature","geometry":{"type":"MultiPolygon","coordinates":[[[[144.959553,-37.812919],[144.959685,-37.813174],[144.959494,-37.813229],[144.95946,-37.813239],[144.958594,-37.813489],[144.958541,-37.813504],[144.957534,-37.813796],[144.957404,-37.813543],[144.958275,-37.81329],[144.958299,-37.813283],[144.958799,-37.813138],[144.958858,-37.813121],[144.959553,-37.812919]]]]},"properties":{"seg_id":"20011","str_type":"Council Major","seg_descr":"Lonsdale Street between Queen Street and William Street","street_id":"803"}},{"type":"Feature","geometry":{"type":"MultiPolygon","coordinates":[[[[144.95432,-37.815622],[144.954325,-37.815633],[144.954071,-37.815706],[144.954066,-37.815695],[144.95432,-37.815622]]]]},"properties":{"seg_id":"20063","str_type":"Council Major","seg_descr":"Little Bourke Street between King Street and Spencer Street","street_id":"809"}},{"type":"Feature","geometry":{"type":"MultiPolygon","coordinates":[[[[144.953424,-37.807473],[144.953228,-37.807251],[144.953487,-37.807125],[144.953622,-37.807377],[144.953424,-37.807473]]]]},"properties":{"seg_id":"21383","str_type":"Council Major","seg_descr":"Intersection of Rosslyn Street and Howard Street","street_id":"0"}},{"type":"Feature","geometry":{"type":"MultiPolygon","coordinates":[[[[144.951797,-37.805553],[144.95179,-37.805552],[144.951647,-37.805536],[144.950898,-37.805453],[144.950924,-37.805177],[144.95206,-37.805299],[144.952068,-37.805294],[144.952067,-37.8053],[144.952017,-37.805577],[144.951797,-37.805553]]]]},"properties":{"seg_id":"20979","str_type":"Council Major","seg_descr":"Victoria Street between Chetwynd Street and Leveson Street","street_id":"1152"}},{"type":"Feature","geometry":{"type":"MultiPolygon","coordinates":[[[[144.961512,-37.80029],[144.961455,-37.800603],[144.961465,-37.80062],[144.961579,-37.800632],[144.961574,-37.800664],[144.961417,-37.800646],[144.96148,-37.800287],[144.961512,-37.80029]]]]},"properties":{"seg_id":"23359","str_type":"Council Minor","seg_descr":"PT5086 between Grattan Street and Malvina Place","street_id":"1737"}},{"type":"Feature","geometry":{"type":"MultiPolygon","coordinates":[[[[144.947577,-37.810322],[144.947894,-37.81078],[144.947587,-37.810897],[144.94739,-37.810607],[144.947283,-37.810459],[144.947577,-37.810322]]]]},"properties":{"seg_id":"21482","str_type":"Council Major","seg_descr":"Adderley Street between Dudley Street and Rosslyn Street","street_id":"371"}},{"type":"Feature","geometry":{"type":"MultiPolygon","coordinates":[[[[144.964949,-37.811646],[144.964623,-37.811737],[144.964512,-37.811484],[144.964837,-37.811392],[144.964949,-37.811646]]]]},"properties":{"seg_id":"20006","str_type":"Council Major","seg_descr":"Intersection of Swanston Street and Lonsdale Street","street_id":"0"}},{"type":"Feature","geometry":{"type":"MultiPolygon","coordinates":[[[[144.967291,-37.807988],[144.967339,-37.808093],[144.967236,-37.808124],[144.967237,-37.808126],[144.967123,-37.808159],[144.967109,-37.808129],[144.967287,-37.808077],[144.96704,-37.807544],[144.96708,-37.807532],[144.9671,-37.807527],[144.967295,-37.807952],[144.967275,-37.807957],[144.967291,-37.807988]]]]},"properties":{"seg_id":"21612","str_type":"Council Minor","seg_descr":"Bell Place from MacKenzie Street","street_id":"429"}},{"type":"Feature","geometry":{"type":"MultiPolygon","coordinates":[[[[144.961746,-37.812286],[144.961742,-37.812276],[144.96174,-37.812277],[144.961706,-37.812203],[144.961717,-37.8122],[144.961707,-37.812177],[144.961696,-37.81218],[144.961632,-37.812039],[144.961658,-37.812032],[144.961634,-37.81198],[144.961653,-37.811975],[144.961683,-37.812041],[144.96179,-37.812273],[144.961746,-37.812286]]]]},"properties":{"seg_id":"30119","str_type":"Private","seg_descr":"Mitchell Lane","street_id":"903"}},{"type":"Feature","geometry":{"type":"MultiPolygon","coordinates":[[[[144.964692,-37.80396],[144.964688,-37.803985],[144.96443,-37.803958],[144.964421,-37.804008],[144.964408,-37.804007],[144.964416,-37.803957],[144.964326,-37.803947],[144.964331,-37.80392],[144.964339,-37.803879],[144.964391,-37.803885],[144.964383,-37.803926],[144.964692,-37.80396]]]]},"properties":{"seg_id":"20802","str_type":"Council Minor","seg_descr":"Gibbons Place from Cardigan Street","street_id":"3042"}},{"type":"Feature","geometry":{"type":"MultiPolygon","coordinates":[[[[144.946093,-37.808106],[144.945667,-37.8085],[144.945355,-37.808367],[144.945784,-37.807971],[144.946093,-37.808106]]]]},"properties":{"seg_id":"22665","str_type":"Council Major","seg_descr":"Hawke Street between Ireland Street and Adderley Street","street_id":"696"}},{"type":"Feature","geometry":{"type":"MultiPolygon","coordinates":[[[[144.952241,-37.802841],[144.952498,-37.802869],[144.952489,-37.802921],[144.951923,-37.802857],[144.951931,-37.802819],[144.951933,-37.802806],[144.951933,-37.802806],[144.952176,-37.802834],[144.952241,-37.802841]]]]},"properties":{"seg_id":"21103","str_type":"Council Minor","seg_descr":"Temperance Hall Lane from Chetwynd Street","street_id":"1117"}},{"type":"Feature","geometry":{"type":"MultiPolygon","coordinates":[[[[144.955328,-37.807031],[144.955381,-37.80673],[144.955419,-37.806734],[144.955364,-37.807021],[144.955378,-37.807036],[144.955361,-37.807034],[144.955328,-37.807031]]]]},"properties":{"seg_id":"21395","str_type":"Council Minor","seg_descr":"Cl1037 from Cl0551","street_id":"355"}},{"type":"Feature","geometry":{"type":"MultiPolygon","coordinates":[[[[144.960082,-37.804492],[144.960078,-37.804514],[144.959763,-37.804479],[144.959753,-37.804456],[144.960082,-37.804492]]]]},"properties":{"seg_id":"20866","str_type":"Council Minor","seg_descr":"Austral Place between Leicester Street and Berkeley Street","street_id":"1204"}},{"type":"Feature","geometry":{"type":"MultiPolygon","coordinates":[[[[144.95331,-37.806781],[144.953306,-37.806807],[144.952925,-37.806764],[144.952929,-37.806738],[144.95331,-37.806781]]]]},"properties":{"seg_id":"30467","str_type":"Private","seg_descr":"Victoria Place","street_id":"2832"}},{"type":"Feature","geometry":{"type":"MultiPolygon","coordinates":[[[[144.955217,-37.808281],[144.955179,-37.808293],[144.955128,-37.808173],[144.955171,-37.808171],[144.955217,-37.808281]]]]},"properties":{"seg_id":"21533","str_type":"Council Minor","seg_descr":"Cl1507 from Dudley Street","street_id":"228"}},{"type":"Feature","geometry":{"type":"MultiPolygon","coordinates":[[[[144.955466,-37.807503],[144.955498,-37.807321],[144.955502,-37.807299],[144.95554,-37.807081],[144.955545,-37.807054],[144.955637,-37.806529],[144.955653,-37.806442],[144.955658,-37.806418],[144.955702,-37.806171],[144.955704,-37.80616],[144.955735,-37.805988],[144.956154,-37.806037],[144.955847,-37.807786],[144.955869,-37.807788],[144.95578,-37.808296],[144.955335,-37.808247],[144.95543,-37.807707],[144.955434,-37.807685],[144.955462,-37.807526],[144.955466,-37.807503]]]]},"properties":{"seg_id":"22659","str_type":"Arterial","seg_descr":"Peel Street between Dudley Street and Victoria Street","street_id":"973"}},{"type":"Feature","geometry":{"type":"MultiPolygon","coordinates":[[[[144.953468,-37.803618],[144.953432,-37.803821],[144.953427,-37.80385],[144.953406,-37.803961],[144.953429,-37.804053],[144.953349,-37.8045],[144.953281,-37.804492],[144.953355,-37.804047],[144.953338,-37.803971],[144.953362,-37.803844],[144.953367,-37.803816],[144.953402,-37.803621],[144.953389,-37.803609],[144.953468,-37.803618]]]]},"properties":{"seg_id":"20967","str_type":"Council Minor","seg_descr":"Warwick Street between Queensberry Street and Gardiner Street","street_id":"1163"}},{"type":"Feature","geometry":{"type":"MultiPolygon","coordinates":[[[[144.948453,-37.804062],[144.948613,-37.80408],[144.948611,-37.80409],[144.948684,-37.804099],[144.948683,-37.804105],[144.94845,-37.804082],[144.948453,-37.804062]]]]},"properties":{"seg_id":"30425","str_type":"Private","seg_descr":"Pl5208","street_id":"2963"}},{"type":"Feature","geometry":{"type":"MultiPolygon","coordinates":[[[[144.949466,-37.811464],[144.949509,-37.811452],[144.949633,-37.811718],[144.949284,-37.811817],[144.949271,-37.811787],[144.949163,-37.811817],[144.949139,-37.811765],[144.94955,-37.81165],[144.949466,-37.811464]]]]},"properties":{"seg_id":"21495","str_type":"Council Minor","seg_descr":"Franklin Place from Batman Street","street_id":"643"}},{"type":"Feature","geometry":{"type":"MultiPolygon","coordinates":[[[[144.966285,-37.805503],[144.966687,-37.805546],[144.966646,-37.805786],[144.966606,-37.805782],[144.96664,-37.805587],[144.96662,-37.805567],[144.966282,-37.80553],[144.966285,-37.805503]]]]},"properties":{"seg_id":"20737","str_type":"Council Minor","seg_descr":"Cl1315 from Lygon Street","street_id":"54"}},{"type":"Feature","geometry":{"type":"MultiPolygon","coordinates":[[[[144.964773,-37.803498],[144.964779,-37.803456],[144.964818,-37.803229],[144.965165,-37.803266],[144.965116,-37.803537],[144.964773,-37.803498]]]]},"properties":{"seg_id":"20507","str_type":"Council Major","seg_descr":"Intersection of Cardigan Street and Argyle Place South","street_id":"483"}},{"type":"Feature","geometry":{"type":"MultiPolygon","coordinates":[[[[144.95636,-37.810449],[144.956204,-37.810107],[144.956208,-37.810106],[144.956241,-37.810097],[144.956241,-37.810098],[144.956397,-37.810438],[144.95636,-37.810449]]]]},"properties":{"seg_id":"30473","str_type":"Private","seg_descr":"Pl5289","street_id":"3065"}},{"type":"Feature","geometry":{"type":"MultiPolygon","coordinates":[[[[144.966087,-37.811024],[144.966053,-37.810952],[144.966075,-37.810945],[144.965947,-37.810674],[144.96599,-37.810661],[144.966154,-37.811004],[144.966087,-37.811024]]]]},"properties":{"seg_id":"30729","str_type":"Private","seg_descr":"Constance Stone Lane","street_id":"117921"}},{"type":"Feature","geometry":{"type":"MultiPolygon","coordinates":[[[[144.960008,-37.806983],[144.960086,-37.807154],[144.95976,-37.807242],[144.959686,-37.807068],[144.960008,-37.806983]]]]},"properties":{"seg_id":"21627","str_type":"Council Major","seg_descr":"Intersection of Elizabeth Street and Therry Street","street_id":"0"}},{"type":"Feature","geometry":{"type":"MultiPolygon","coordinates":[[[[144.961652,-37.809849],[144.961727,-37.809828],[144.96174,-37.809857],[144.961739,-37.809857],[144.96166,-37.80988],[144.961646,-37.809851],[144.961652,-37.809849]]]]},"properties":{"seg_id":"30020","str_type":"Private","street_id":"0"}},{"type":"Feature","geometry":{"type":"MultiPolygon","coordinates":[[[[144.964021,-37.811119],[144.964061,-37.811191],[144.963692,-37.811299],[144.963656,-37.811227],[144.964021,-37.811119]]]]},"properties":{"seg_id":"20332","str_type":"Council Minor","seg_descr":"Drewery Place from Drewery Lane","street_id":"579"}},{"type":"Feature","geometry":{"type":"MultiPolygon","coordinates":[[[[144.954022,-37.812294],[144.956198,-37.811673],[144.956316,-37.811937],[144.955039,-37.812295],[144.954972,-37.812314],[144.954356,-37.812488],[144.954322,-37.812496],[144.954141,-37.812547],[144.954022,-37.812294]]]]},"properties":{"seg_id":"20028","str_type":"Council Major","seg_descr":"La Trobe Street between William Street and King Street","street_id":"780"}},{"type":"Feature","geometry":{"type":"MultiPolygon","coordinates":[[[[144.95004,-37.801716],[144.949975,-37.802081],[144.94996,-37.802172],[144.949823,-37.802936],[144.949479,-37.802896],[144.949482,-37.80288],[144.94958,-37.802331],[144.949597,-37.80224],[144.949619,-37.802104],[144.949636,-37.802016],[144.949714,-37.801563],[144.94972,-37.801527],[144.949795,-37.80109],[144.95014,-37.801127],[144.95005,-37.801646],[144.95004,-37.801716]]]]},"properties":{"seg_id":"21082","str_type":"Council Major","seg_descr":"Errol Street between Queensberry Street and Arden Street","street_id":"607"}},{"type":"Feature","geometry":{"type":"MultiPolygon","coordinates":[[[[144.950054,-37.813415],[144.950037,-37.8134],[144.949223,-37.812684],[144.949522,-37.812599],[144.949526,-37.812607],[144.950354,-37.81333],[144.950054,-37.813415]]]]},"properties":{"seg_id":"21504","str_type":"Council Major","seg_descr":"Adderley Street between La Trobe Street and Jeffcott Street","street_id":"371"}},{"type":"Feature","geometry":{"type":"MultiPolygon","coordinates":[[[[144.960776,-37.811657],[144.960815,-37.811646],[144.960919,-37.811881],[144.961061,-37.812192],[144.96097,-37.812218],[144.960956,-37.812188],[144.96101,-37.812173],[144.960776,-37.811657]]]]},"properties":{"seg_id":"20364","str_type":"Council Minor","seg_descr":"Timothy Lane from Little Lonsdale Street","street_id":"1124"}},{"type":"Feature","geometry":{"type":"MultiPolygon","coordinates":[[[[144.958915,-37.804224],[144.958143,-37.804136],[144.958019,-37.803854],[144.958785,-37.803937],[144.958915,-37.804224]]]]},"properties":{"seg_id":"21114","str_type":"Arterial","seg_descr":"Intersection of Elizabeth Street and Queensberry Street","street_id":"0"}},{"type":"Feature","geometry":{"type":"MultiPolygon","coordinates":[[[[144.95597,-37.800787],[144.954531,-37.801923],[144.954507,-37.801942],[144.954335,-37.802077],[144.954096,-37.801884],[144.954722,-37.801389],[144.954767,-37.801348],[144.955045,-37.801131],[144.955096,-37.801088],[144.955727,-37.800589],[144.95597,-37.800787]]]]},"properties":{"seg_id":"21122","str_type":"Council Major","seg_descr":"Blackwood Street between Flemington Road and Courtney Street","street_id":"446"}},{"type":"Feature","geometry":{"type":"MultiPolygon","coordinates":[[[[144.951572,-37.804793],[144.952141,-37.804852],[144.952135,-37.804886],[144.951564,-37.804825],[144.951554,-37.804877],[144.951749,-37.804898],[144.951742,-37.804933],[144.951567,-37.804914],[144.951349,-37.804886],[144.951314,-37.804878],[144.951271,-37.804873],[144.951276,-37.804845],[144.950987,-37.804815],[144.950993,-37.804782],[144.951268,-37.804813],[144.951305,-37.804817],[144.951473,-37.804835],[144.951482,-37.804784],[144.951572,-37.804793]]]]},"properties":{"seg_id":"20977","str_type":"Council Minor","seg_descr":"Blair Place between Chetwynd Street and Leveson Street","street_id":"447"}},{"type":"Feature","geometry":{"type":"MultiPolygon","coordinates":[[[[144.948229,-37.804878],[144.948281,-37.804884],[144.948824,-37.804942],[144.949093,-37.80497],[144.94887,-37.805152],[144.948344,-37.805094],[144.947974,-37.804849],[144.948229,-37.804878]]]]},"properties":{"seg_id":"20994","str_type":"Council Major","seg_descr":"Victoria Street between Errol Street and Curzon Street","street_id":"1152"}},{"type":"Feature","geometry":{"type":"MultiPolygon","coordinates":[[[[144.946978,-37.808604],[144.947112,-37.808728],[144.947091,-37.808743],[144.946959,-37.808619],[144.946978,-37.808604]]]]},"properties":{"seg_id":"30453","str_type":"Private","seg_descr":"Pl5134","street_id":"2878"}},{"type":"Feature","geometry":{"type":"MultiPolygon","coordinates":[[[[144.957164,-37.815832],[144.956806,-37.815056],[144.956838,-37.815047],[144.957196,-37.815823],[144.957164,-37.815832]]]]},"properties":{"seg_id":"20414","str_type":"Council Minor","seg_descr":"Ramsay Lane between Bourke Street and Little Bourke Street","street_id":"1019"}},{"type":"Feature","geometry":{"type":"MultiPolygon","coordinates":[[[[144.953487,-37.799712],[144.953454,-37.799686],[144.953702,-37.799494],[144.953732,-37.799518],[144.953487,-37.799712]]]]},"properties":{"seg_id":"21140","str_type":"Council Minor","seg_descr":"Parkside Lane from Vale Street","street_id":"1282"}},{"type":"Feature","geometry":{"type":"MultiPolygon","coordinates":[[[[144.950248,-37.802203],[144.950283,-37.802207],[144.950265,-37.802301],[144.950232,-37.802297],[144.950248,-37.802203]]]]},"properties":{"seg_id":"21089","str_type":"Council Minor","seg_descr":"Cl0219 from Bendigo Street","street_id":"1860"}},{"type":"Feature","geometry":{"type":"MultiPolygon","coordinates":[[[[144.960386,-37.809289],[144.960238,-37.808971],[144.960221,-37.808936],[144.960267,-37.808922],[144.960428,-37.809275],[144.960386,-37.809289]]]]},"properties":{"seg_id":"23333","str_type":"Council Minor","seg_descr":"PH8043 from A'Beckett Street","street_id":"2884"}},{"type":"Feature","geometry":{"type":"MultiPolygon","coordinates":[[[[144.961346,-37.815357],[144.96128,-37.815375],[144.9612,-37.815197],[144.961265,-37.815178],[144.961346,-37.815357]]]]},"properties":{"seg_id":"30113","str_type":"Private","seg_descr":"Penfold Place","street_id":"978"}},{"type":"Feature","geometry":{"type":"MultiPolygon","coordinates":[[[[144.961712,-37.800496],[144.961941,-37.800521],[144.961915,-37.800672],[144.961903,-37.80067],[144.961928,-37.800529],[144.961711,-37.800505],[144.961712,-37.800496]]]]},"properties":{"seg_id":"30236","str_type":"Private","seg_descr":"Pl5120","street_id":"2861"}},{"type":"Feature","geometry":{"type":"MultiPolygon","coordinates":[[[[144.954189,-37.805327],[144.954203,-37.805329],[144.954198,-37.805355],[144.953913,-37.805323],[144.953917,-37.805296],[144.954189,-37.805327]]]]},"properties":{"seg_id":"30407","str_type":"Private","seg_descr":"Pl5161","street_id":"2909"}},{"type":"Feature","geometry":{"type":"MultiPolygon","coordinates":[[[[144.959627,-37.815419],[144.959717,-37.815393],[144.960095,-37.816202],[144.960004,-37.816228],[144.959627,-37.815419]]]]},"properties":{"seg_id":"30744","str_type":"Private","seg_descr":"New Chancery Lane","street_id":"118671"}},{"type":"Feature","geometry":{"type":"MultiPolygon","coordinates":[[[[144.961285,-37.815852],[144.960929,-37.815949],[144.960584,-37.815142],[144.960909,-37.81505],[144.961285,-37.815852]]]]},"properties":{"seg_id":"20173","str_type":"Council Major","seg_descr":"Queen Street between Little Collins Street and Bourke Street","street_id":"1010"}},{"type":"Feature","geometry":{"type":"MultiPolygon","coordinates":[[[[144.948475,-37.801985],[144.94849,-37.801898],[144.948686,-37.801918],[144.94872,-37.80192],[144.94941,-37.801992],[144.949443,-37.801995],[144.949636,-37.802016],[144.949619,-37.802104],[144.948475,-37.801985]]]]},"properties":{"seg_id":"21077","str_type":"Council Minor","seg_descr":"Glass Street between Curzon Street and Errol Street","street_id":"659"}},{"type":"Feature","geometry":{"type":"MultiPolygon","coordinates":[[[[144.9627,-37.812853],[144.962845,-37.81317],[144.962529,-37.813259],[144.962153,-37.81246],[144.962476,-37.812363],[144.962668,-37.812782],[144.9627,-37.812853]]]]},"properties":{"seg_id":"20167","str_type":"Council Major","seg_descr":"Elizabeth Street between Little Bourke Street and Lonsdale Street","street_id":"599"}},{"type":"Feature","geometry":{"type":"MultiPolygon","coordinates":[[[[144.951541,-37.812994],[144.9537,-37.812384],[144.953816,-37.812638],[144.951987,-37.813156],[144.95195,-37.813168],[144.951658,-37.813248],[144.951541,-37.812994]]]]},"properties":{"seg_id":"20030","str_type":"Council Major","seg_descr":"La Trobe Street between King Street and Spencer Street","street_id":"780"}},{"type":"Feature","geometry":{"type":"MultiPolygon","coordinates":[[[[144.954507,-37.801942],[144.954531,-37.801923],[144.954737,-37.802084],[144.954711,-37.802105],[144.954507,-37.801942]]]]},"properties":{"seg_id":"30383","str_type":"Private","seg_descr":"Pl5197","street_id":"2952"}},{"type":"Feature","geometry":{"type":"MultiPolygon","coordinates":[[[[144.95993,-37.805365],[144.960269,-37.805402],[144.960128,-37.806207],[144.95982,-37.806173],[144.959796,-37.806122],[144.95993,-37.805365]]]]},"properties":{"seg_id":"20453","str_type":"Council Major","seg_descr":"Leicester Street between Victoria Street and Berkeley Street","street_id":"786"}},{"type":"Feature","geometry":{"type":"MultiPolygon","coordinates":[[[[144.9568,-37.804735],[144.956894,-37.804204],[144.956934,-37.804214],[144.956809,-37.804918],[144.956768,-37.804913],[144.956797,-37.804751],[144.9568,-37.804735]]]]},"properties":{"seg_id":"20941","str_type":"Council Minor","seg_descr":"Little Cobden Street between Princess Street and Meeks Lane","street_id":"811"}},{"type":"Feature","geometry":{"type":"MultiPolygon","coordinates":[[[[144.952779,-37.804491],[144.952756,-37.804616],[144.953032,-37.804647],[144.953026,-37.804674],[144.952717,-37.804642],[144.952744,-37.804487],[144.952779,-37.804491]]]]},"properties":{"seg_id":"30369","str_type":"Private","seg_descr":"Pl5345","street_id":"3144"}},{"type":"Feature","geometry":{"type":"MultiPolygon","coordinates":[[[[144.960761,-37.810925],[144.960748,-37.810899],[144.961085,-37.810802],[144.96098,-37.810574],[144.961022,-37.810562],[144.961139,-37.810815],[144.961097,-37.810827],[144.960761,-37.810925]]]]},"properties":{"seg_id":"22775","str_type":"Council Minor","seg_descr":"St Bishoy Lane between La Trobe Street and Sutherland Street","street_id":"117898"}},{"type":"Feature","geometry":{"type":"MultiPolygon","coordinates":[[[[144.966607,-37.809945],[144.966564,-37.80986],[144.966889,-37.809763],[144.966925,-37.80985],[144.966931,-37.809862],[144.966607,-37.809945]]]]},"properties":{"seg_id":"20037","str_type":"Council Major","seg_descr":"Intersection of Russell Street and Little Lonsdale Street","street_id":"0"}},{"type":"Feature","geometry":{"type":"MultiPolygon","coordinates":[[[[144.967291,-37.807988],[144.967275,-37.807957],[144.967295,-37.807952],[144.967578,-37.807871],[144.967773,-37.808297],[144.967732,-37.808309],[144.967551,-37.807913],[144.967291,-37.807988]]]]},"properties":{"seg_id":"21611","str_type":"Council Minor","seg_descr":"Cl1266 from La Trobe Street","street_id":"98"}},{"type":"Feature","geometry":{"type":"MultiPolygon","coordinates":[[[[144.95584,-37.815163],[144.955878,-37.815152],[144.955892,-37.815181],[144.955853,-37.815192],[144.95584,-37.815163]]]]},"properties":{"seg_id":"20061","str_type":"Council Minor","seg_descr":"Little Bourke Street between William Street and King Street","street_id":"894"}},{"type":"Feature","geometry":{"type":"MultiPolygon","coordinates":[[[[144.951305,-37.804817],[144.951268,-37.804813],[144.951304,-37.804614],[144.951341,-37.804617],[144.951305,-37.804817]]]]},"properties":{"seg_id":"30390","str_type":"Private","seg_descr":"Pl5190","street_id":"2943"}},{"type":"Feature","geometry":{"type":"MultiPolygon","coordinates":[[[[144.96396,-37.812982],[144.963999,-37.812971],[144.964173,-37.813358],[144.964154,-37.813363],[144.964134,-37.813369],[144.96396,-37.812982]]]]},"properties":{"seg_id":"30134","str_type":"Private","seg_descr":"Staughton Place","street_id":"1094"}},{"type":"Feature","geometry":{"type":"MultiPolygon","coordinates":[[[[144.963923,-37.809426],[144.964044,-37.809682],[144.963721,-37.809771],[144.963597,-37.809521],[144.963923,-37.809426]]]]},"properties":{"seg_id":"20021","str_type":"Council Major","seg_descr":"Intersection of Swanston Street and La Trobe Street","street_id":"0"}},{"type":"Feature","geometry":{"type":"MultiPolygon","coordinates":[[[[144.952253,-37.808454],[144.952332,-37.808624],[144.951891,-37.808815],[144.951783,-37.808658],[144.952253,-37.808454]]]]},"properties":{"seg_id":"22662","str_type":"Arterial","seg_descr":"Intersection of King Street and Walsh Street","street_id":"761"}},{"type":"Feature","geometry":{"type":"MultiPolygon","coordinates":[[[[144.966741,-37.808885],[144.966802,-37.808866],[144.966888,-37.809052],[144.966877,-37.809055],[144.967167,-37.809681],[144.967115,-37.809698],[144.966741,-37.808885]]]]},"properties":{"seg_id":"20282","str_type":"Council Minor","seg_descr":"Hayward Lane between Little Lonsdale Street and La Trobe Street","street_id":"698"}},{"type":"Feature","geometry":{"type":"MultiPolygon","coordinates":[[[[144.958073,-37.80964],[144.958392,-37.809548],[144.95852,-37.809827],[144.958201,-37.809917],[144.958073,-37.80964]]]]},"properties":{"seg_id":"21636","str_type":"Council Major","seg_descr":"Queen Street between A'Beckett Street and Franklin Street","street_id":"1010"}},{"type":"Feature","geometry":{"type":"MultiPolygon","coordinates":[[[[144.953954,-37.805989],[144.954056,-37.805999],[144.954052,-37.806027],[144.95397,-37.806022],[144.953954,-37.805989]]]]},"properties":{"seg_id":"30470","str_type":"Private","seg_descr":"Pl5267","street_id":"3032"}},{"type":"Feature","geometry":{"type":"MultiPolygon","coordinates":[[[[144.9572,-37.799816],[144.95788,-37.799893],[144.957842,-37.800194],[144.957792,-37.800588],[144.957785,-37.800643],[144.957761,-37.800834],[144.957101,-37.80065],[144.9572,-37.799816]]]]},"properties":{"seg_id":"21551","str_type":"Arterial","seg_descr":"Elizabeth Street between Flemington Road and Grattan Street","street_id":"599"}},{"type":"Feature","geometry":{"type":"MultiPolygon","coordinates":[[[[144.950413,-37.810555],[144.950399,-37.810531],[144.950396,-37.810526],[144.950405,-37.810528],[144.951015,-37.810324],[144.951032,-37.810357],[144.950697,-37.810468],[144.950666,-37.810478],[144.950651,-37.810475],[144.950413,-37.810555]]]]},"properties":{"seg_id":"21487","str_type":"Council Minor","seg_descr":"Cl1284 from Spencer Street","street_id":"181"}},{"type":"Feature","geometry":{"type":"MultiPolygon","coordinates":[[[[144.95993,-37.805365],[144.959995,-37.804984],[144.960335,-37.805021],[144.960269,-37.805402],[144.95993,-37.805365]]]]},"properties":{"seg_id":"20454","str_type":"Council Major","seg_descr":"Intersection of Leicester Street and Berkeley Street","street_id":"786"}}]}